Type,Key,Summary,Resolution Date,Open,Ready for Refinement,Investigation,Reopened,In Development,Refined,Ready for test,In Testing,Blocked,Waiting for acceptance,Done,Abandoned,,,,,,
,,Average time taken (from table),,731.38h,190.29h,1333.36h,329.43h,292.78h,215.16h,618.02h,325.84h,200.57h,1283.27h,4195.47h,4316.60h,,,,,,
,SOL-1757,[Booking automation] create BOOKING-PODM automated tests for podm_return_from_investigation return scenario when OPAY do not match the original payment,,0.00h,,,,0.27h,,,,,,,,,,,,,
,SOL-1756,[TPH] [CORE DB] Select historical data for incoming payments,,0.30h,,,,,,,,,,,,,,,,,
,SOL-1755,[TPH][ISOX] Enable TPH listener in ISOX PROD,,0.00h,2.97h,,,,,,,,,,,,,,,,
,SOL-1754,Add Spacetime management access to Correspondent Accounts API,,19.15h,,,,,,,,,,,,,,,,,
,SOL-1753,Monitor appearance of ISO messages with system code TPH in production before go-live,,19.87h,,,,,,,,,,,,,,,,,
,SOL-1752,"[MVP][Report] Create Agent Charges CSV Report for Payment Operations; Generated by Sterling, Access via agreed location",,0.10h,,22.85h,,,,,,,,,,,,,,,
,SOL-1751,[TPH] Adjust TPH DB session/pool settings,,23.38h,,,,,,,,,,,,,,,,,
,SOL-1749,Migrate Correspondent Accounts API to Spring Boot 4,,24.50h,,,,,,,,,,,,,,,,,
,SOL-1748,Migrate Payment Initiator to Spring Boot 4,,24.55h,,,,,,,,,,,,,,,,,
,SOL-1747,Migrate PRDM to Spring Boot 4,,24.57h,,,,,,,,,,,,,,,,,
,SOL-1746,Migrate State Sync to Spring Boot 4,,24.57h,,,,,,,,,,,,,,,,,
,SOL-1745,Migrate Booking Service to Spring Boot 4,,24.58h,,,,,,,,,,,,,,,,,
,SOL-1744,Migrate Funds Update API to Spring Boot 4,,24.60h,,,,,,,,,,,,,,,,,
,SOL-1743,Migrate Namecheck API to Spring Boot 4,,24.60h,,,,,,,,,,,,,,,,,
,SOL-1742,Migrate Account Check API to Spring Boot 4,,24.62h,,,,,,,,,,,,,,,,,
,SOL-1741,[Booking automation] create BOOKING-PODM automated tests for podm_to_investigation scenario when there is NO PODM INSERT,,0.02h,,,0.00h,,27.25h,,,,,,,,,,,,
,SOL-1740,[Booking automation] create BOOKING-PODM automated tests fix rtrId part for all the tests,4/28/26,0.00h,,,,22.80h,,,,,,20.55h,,,,,,,
,SOL-1739,[Booking automation] create BOOKING-PODM automated tests for podm_to_investigation scenario when there is no initial insert (no return),4/28/26,0.00h,,,,25.65h,,,,,,19.23h,,,,,,,
,SOL-1737,[Booking-PODM] podm_reversed_from_investigation podm scenario not resolving to correct field values when there is no initial payment,,0.10h,25.48h,,,,20.67h,,,,,,,,,,,,
,SOL-1735,[Booking automation] create BOOKING-PODM automated tests for podm_reversed_from_investigation scenario when there is no initial insert (no return),4/27/26,0.00h,,,,1.98h,,,,,,44.90h,,,,,,,
,SOL-1734,[Booking-PODM] podm_credited podm scenario not resolving to correct field values when there is no initial payment,,1.03h,25.60h,,,0.00h,20.67h,,,,,,,,,,,,
,SOL-1733,[Booking automation] create BOOKING-PODM automated tests for podm_credited scenario when there is no initial insert (only return),,116.03h,,,,,,,,,,,,,,,,,
,SOL-1732,[MVP][PODM] /getSinglePayment should return data in 'rtrId' only for Return payment,,0.12h,0.00h,,,2.65h,65.57h,47.75h,,,,,,,,,,,
,SOL-1731,[Booking automation] create BOOKING-PODM automated tests for podm_credited scenario when there is no initial insert (no return),4/27/26,0.07h,,,,71.13h,,,,,,44.90h,,,,,,,
,SOL-1730,[Funds Update automation] Change all Annika's user accounts to TPH1/2/3 accounts from FU automation code,,0.03h,,1.30h,,115.38h,,,,,,,,,,,,,
,SOL-1729,[Booking automation] create BOOKING-PODM automated tests for podm_cancelled scenario when there is no initial insert,4/27/26,0.00h,,,,69.70h,,,,,,50.77h,,,,,,,
,SOL-1728,"[Booking automation] fix BOOKING-PODM automated tests UC3c-UC3d, UC3e return scenarios where OPAY is connected",4/24/26,0.43h,,,,22.80h,,,,,,120.63h,,,,,,,
,SOL-1727,[Booking automation] create BOOKING-PODM automated tests for podm_freezed_benef_trn_updated scenario when initial podm entry is not found,4/23/26,0.00h,,,,24.90h,,,,,,143.88h,,,,,,,
,SOL-1726,[Booking automation] create BOOKING-PODM automated tests for podm_credited_benef_trn_updated scenario when initial podm entry is not found,4/22/26,0.02h,,,,19.13h,,,,,,168.82h,,,,,,,
,SOL-1725,[Booking automation] create BOOKING-PODM automated tests for podm_credited_remit_trn_updated scenario when there is NO PODM INSERT,,0.00h,,,,,188.27h,,,,,,,,,,,,
,SOL-1723,[Booking-PODM] podm_credited_remit_trn_updated podm scenario not resolving to correct field values when initial payment not found,,0.35h,0.67h,,,,188.05h,,,,,,,,,,,,
,SOL-1722,Tieto package installment (TPH Delivery 2.5.24 Patch 01),4/27/26,67.95h,,,,72.10h,,,,,,50.37h,,,,,,,
,SOL-1721,[Booking automation] create BOOKING-PODM automated tests for podm_credited_remit_trn_updated scenario when there is NO PODM INSERT,4/22/26,0.02h,,,,22.05h,,,,,,170.75h,,,,,,,
,SOL-1720,[Booking-PODM] podm_credited_account_number_updated podm scenario not resolving to correct field values when initial payment not found,,4.62h,0.67h,,,,188.05h,0.00h,,,,,,,,,,,
,SOL-1718,[Booking automation] create BOOKING-PODM automated tests for podm_credited_account_number_updated scenario when there is NO PODM INSERT,4/21/26,0.17h,,,,28.83h,,,,,,189.10h,,,,,,,
,SOL-1717,[Booking-PODM] podm_credited_benef_trn_account_number_updated podm scenario not resolving to correct field values when initial payment not found,,29.70h,0.67h,,,,188.05h,,,,,,,,,,,,
,SOL-1716,[Booking-PODM] when OPAY and PAYM found Bookings updates OPAY payment,,0.10h,64.55h,,,3.93h,23.18h,190.30h,,,,,,,,,,,
,SOL-1715,[TPH DB] Update drop-downs in TPH under Transactions and Messages menu items,,0.00h,,288.00h,,,,,,,,,,,,,,,
,SOL-1714,[Booking automation] create BOOKING-PODM automated tests for podm_credited_benef_trn_account_number_updated scenario when there is NO PODM INSERT,4/21/26,0.00h,,,,113.80h,,,,,,193.27h,,,,,,,
,SOL-1713,[Booking] [PODM] Map CREDIT date for outgoing transactions,,4.92h,90.80h,,,27.37h,22.90h,166.85h,,,,,,,,,,,
,SOL-1711,[TPH] [EndToEnd] - Incoming customer pacs.009/008 payment Happy Path flow Automation (some more test cases added),,332.68h,,,,,,,,,,,,,,,,,
,SOL-1710,[Booking automation] create BOOKING-PODM automated tests for podm_credited_benef_trn_updated scenario when initial podm entry is not found,,0.00h,,,,25.00h,307.97h,,,,,,,,,,,,
,SOL-1709,[MVP][Funds Update] Implement additional scenario for op_id resolver (TRANCI IN to 7LS),,0.03h,146.40h,,,25.83h,41.75h,120.60h,,,,,,,,,,,
,SOL-1708,[Funds Update automation] UC6C case automation LV & LT,4/16/26,0.58h,,,,45.97h,,,,,,307.73h,,,,,,,
,SOL-1707,"[Funds Update automation] RE-WRITE UC2B case automation EE, LV, LT",4/24/26,167.90h,,,,65.98h,,,,,,120.92h,,,,,,,
,SOL-1706,"[Funds Update automation] RE-WRITE UC2A case automation EE, LV, LT",4/21/26,141.03h,,,,26.42h,,,,,,187.38h,,,,,,,
,SOL-1705,[Funds Update automation] RE-WRITE UC1A case automation LV & LT,4/20/26,48.43h,,,,92.67h,,,,,,213.92h,,,,,,,
,SOL-1701,[PODM] Implement RETURN creation logic in Booking-PODM integration mapping,,50.02h,22.62h,,,94.98h,,190.32h,,,,,,,,,,,
,SOL-1700,[Booking automation] create BOOKING-PODM automated tests for podm_return_from_investigation return scenario when OPAY matches original payment,4/14/26,0.03h,,,,42.00h,,,,,,356.95h,,,,,,,
,SOL-1699,FU test ID conflict - provided TPH transaction id already exists,4/10/26,0.15h,,,,0.25h,,,,,,450.32h,,,,,,,
,SOL-1698,[Booking automation] Improve API framework with removing duplicate functions and moving all constants to enums from BookingServiceTemplateProcessor,,453.37h,,,,,,,,,,,,,,,,,
,SOL-1697,[Booking automation] Improve API framework with removing duplicate functions and moving all constants to enums from BookingServiceTemplateProcessor,4/14/26,0.05h,,,,41.53h,52.97h,,,,,358.80h,,,,,,,
,SOL-1696,[TPH] [EndToEnd] Update tests to have <BizSvc>swift.cbprplus.03</BizSvc>,4/20/26,0.00h,,,,237.92h,,,,,,218.42h,,,,,,,
,SOL-1695,Delete payments with PROD data from TPH,,481.93h,,,,,,,,,,,,,,,,,
,SOL-1694,Upload PROD payment messages to TPH,,482.08h,,,,,,,,,,,,,,,,,
,SOL-1693,Create functionality for creating MT910 PROD messages to TPH,,6.00h,119.83h,,,,356.32h,,,,,,,,,,,,
,SOL-1692,Create SQL script to get overview of transactions in TPH,,482.23h,,,,,,,,,,,,,,,,,
,SOL-1691,Create SQL script to enable messages reprocessing in ISOX,,4.43h,,0.02h,,,,477.97h,,,,,,,,,,,
,SOL-1689,[TPH DB][2 weeks before] Create script for value dates and cut-off times rules,,501.48h,,,,,,,,,,,,,,,,,
,SOL-1688,[KAFKA] Deploy Kafka pipeline to PROD,,502.27h,,,,,,,,,,,,,,,,,
,SOL-1687,[TPH][BALTICS] Booking-Podm PODM_RETURN_FROM_INVESTIGATION scenario do not resolve to correct values,4/9/26,1.10h,,,,27.22h,,0.27h,0.20h,,,474.82h,,,,,,,
,SOL-1686,Service account issues in PROD,4/16/26,192.07h,,,,,,,,,,312.55h,,,,,,,
,SOL-1685,Create Kafka Gate env resources,,210.72h,125.67h,,,,188.25h,,,,,,,,,,,,
,SOL-1683,"[TPH DB][2 weeks before] Create script for agent charges (prices, agreements) based on FP setup",,0.02h,0.73h,,,,524.57h,,,,,,,,,,,,
,SOL-1682,[TPH DB][2 weeks before][Bank corr types] SSI export from FP to TPH,,0.10h,1.03h,,,,524.57h,,,,,,,,,,,,
,SOL-1681,[Funds Update automation] UC5B REMOVAL of LT & LV support for Outgoing Return from Vostro account via Vostro,4/7/26,0.05h,,,,2.70h,,,,,,527.62h,,,,,,,
,SOL-1679,INITGPTY party does not map postal address,,620.57h,,,,,,,,,,,,,,,,,
,SOL-1678,[TPH] [EndToEnd] - Incoming customer pacs.008 payment agent charges Automation,,648.08h,,,,,,,,,,,,,,,,,
,SOL-1677,Tieto package installment (TPH Delivery 2.5.24),4/14/26,289.65h,,,,,,,,,,360.92h,,,,,,,
,SOL-1676,[Booking automation] BOOKING-PODM automated tests create possibility to process return flows in automation framework,4/10/26,0.00h,,,,197.25h,,,,,,453.38h,,,,,,,
,SOL-1675,FU test account switch to not cross-use same IBAN with Account check API tests,4/2/26,0.10h,,,,20.33h,,,,,,647.82h,,,,,,,
,SOL-1674,Migrate RTGS head.001.001.01 (V01) to head.001.001.04 (V04) with T2 R2026.JUN,,694.57h,,,,,,,,,,,,,,,,,
,SOL-1673,Renew certificates for TPHB,,696.78h,,,,,,,,,,,,,,,,,
,SOL-1704,CVUL0134665 - GO,4/17/26,219.85h,,,,46.40h,19.50h,,,120.47h,,291.30h,,,,,,,
,SOL-1703,CVUL0120896 - GO,4/17/26,218.68h,0.00h,,,65.40h,1.68h,,,120.47h,,291.30h,,,,,,,
,SOL-1738,CVUL0135947,,651.25h,,,,46.35h,,,,,,,,,,,,,
,SOL-1672,[Booking-PODM] podm_return_to_investigation INSERT podm scenario not resolving to correct field values (debtor assertion fields fails),,274.33h,,,,75.60h,,430.72h,,,,,,,,,,,
,SOL-1671,[Booking-PODM] podm_return_to_investigation INSERT podm scenario not resolving to correct field values,4/15/26,303.12h,,,,22.67h,,122.48h,,,,335.60h,,,,,,,
,SOL-1670,[Booking-PODM] podm_credited_remit_trn_updated podm scenario not resolving to correct field values,,325.88h,,,,458.07h,,,,,,,,,,,,,
,SOL-1669,[Booking-PODM] podm_cancelled podm scenario not resolving to correct field values,4/15/26,328.15h,,,,,,121.48h,0.20h,,,334.60h,,,,,,,
,SOL-1668,[Booking-PODM] podm_credited_benef_trn_account_number_updated podm scenario not resolving to correct field value,4/15/26,327.00h,,,,1.05h,,119.17h,,,,337.38h,,,,,,,
,SOL-1667,"[Booking-PODM] podm_credited podm scenario not resolving to correct field value (id.iban, othr.id only)",,331.38h,,312.33h,,141.22h,,,,,,,,,,,,,
,SOL-1666,DEBTOR party: iban is not mapped correctly,,406.07h,,,,,,,,,,,379.88h,,,,,,
,SOL-1665,[Booking-PODM] podm_credited podm scenario not resolving to correct field values,,408.85h,,312.30h,,66.72h,,,,,,,,,,,,,
,SOL-1664,[Booking-PODM] podm_credited_benef_trn_updated podm scenario not resolving to correct field values,,788.05h,,,,,,,,,,,,,,,,,
,SOL-1663,[Booking-PODM] podm_benef_trn_updated_if_entry_exists podm scenario not resolving to correct field values,,348.33h,,,,456.53h,,,,,,,,,,,,,
,SOL-1662,"[Booking automation] Update booking-podm automated test assertion fields crspdtAcctCd, cdtrAgtBkCd, cstmrId, prscnSts when they resolve to null",3/27/26,6.17h,,,,21.47h,,,,,,783.85h,,,,,,,
,SOL-1661,[TPH][BALTICS] Booking-Podm PODM_RETURN_FROM_INVESTIGATION scenario not updating original transaction and not inserting return transaction,,20.33h,,,,528.32h,263.20h,,,,,,,,,,,,
,SOL-1648,[Funds Update automation] UC34 Incoming Return of Transit Bank to Bank payment from Nostro to Vostro,3/27/26,0.13h,,,,72.55h,,,,,,791.20h,,,,,,,
,SOL-1647,Remove not needed DB users from Core DB,,0.00h,,879.00h,,,,,,,,,,,,,,,
,SOL-1646,Migrate Correspondent Accounts API to PRDM,,0.00h,19.48h,,,,859.58h,,,,,,,,,,,,
,SOL-1644,Migrate TPH Kafka repository to Github,4/15/26,0.00h,24.58h,,,311.80h,210.60h,,,,,337.27h,,,,,,,
,SOL-1641,[Booking automation] Automate booking-corrrespondent payment when settlement date is in the past,3/30/26,0.00h,,,,140.95h,27.72h,,,,,716.68h,,,,,,,
,SOL-1638,[Booking automation] Change all customer/Annika accounts to Giedrius personal Accounts for booking test autoamtion,4/15/26,0.02h,,,,95.78h,454.60h,,,,,338.47h,,,,,,,
,SOL-1635,[Funds Update automation] UC5B Outgoing Return from Vostro account via Vostro,3/23/26,0.02h,,,,73.27h,,,,,,882.45h,,,,,,,
,SOL-1626,[Booking automation] create BOOKING automated tests for UC11b scenario,3/20/26,0.00h,,,,27.63h,,,,,,954.70h,,,,,,,
,SOL-1619,Add all devs and Jaan to spacetime authorized users list for all andromeda services,,0.00h,,,,,1002.83h,,,,,,,,,,,,
,SOL-1618,Configure TPH to use Funds Update API in PROD,,0.00h,0.00h,,,,1002.93h,,,,,,,,,,,,
,SOL-1617,[Booking automation] fix booking-podm assertion IBANS for UC2a-UC3a test cases,3/18/26,0.00h,,,,2.83h,,,,,,1001.58h,,,,,,,
,SOL-1616,FU makes a bad request archival code is null,,0.13h,,,,,,,,,,674.00h,357.03h,,,,,,
,SOL-1614,[Funds Update automation] UC4B Outgoing Return from Vostro account via Nostro,3/19/26,0.02h,,,,69.68h,,,,,,980.70h,,,,,,,
,SOL-1613,Switch TPH Load balancers to Greenfield,,0.00h,24.93h,,,,43.38h,,,,,,983.95h,,,,,,
,SOL-1612,Namecheck API migration to PRDM,,0.00h,25.05h,,,50.47h,976.92h,,,,,,,,,,,,
,SOL-1611,Funds update API migration to PRDM,,0.02h,25.03h,,,311.73h,209.18h,506.47h,,,,,,,,,,,
,SOL-1609,[CORE DB] Create DB dump from PPTE to PROD,4/14/26,189.08h,,,,605.80h,,,,,,356.08h,,,,,,,
,SOL-1608,Tieto package installment (TPH Delivery 2.5.23 patch 02),3/13/26,0.00h,,,,24.10h,,,,,,1129.43h,,,,,,,
,SOL-1607,PODM changes caused failures for Tphbil-Api autotests requiring CD to be OTHR when PRTRY was present,3/11/26,0.18h,,,,0.65h,,,,,,1169.73h,,,,,,,
,SOL-1606,[Booking automation] create BOOKING-PODM automated tests for podm_return_from_investigation return scenario,3/18/26,0.17h,,,,168.45h,,,,,,1004.58h,,,,,,,
,SOL-1605,[CORR ACC API] Update scenario solver rule nostro_to_ledger,3/20/26,0.00h,4.48h,,,0.00h,48.43h,161.52h,28.52h,,,956.88h,,,,,,,
,SOL-1604,Add additional tables to replica dump,,0.27h,,,,,,1217.92h,,,,,,,,,,,
,SOL-1603,SNAP integration url update,3/13/26,0.00h,24.98h,,,67.22h,,,,,,1128.12h,,,,,,,
,SOL-1602,[Booking automation] create BOOKING-PODM automated tests for podm_return_to_investigation return scenario,,0.00h,,,811.57h,413.33h,,,,,,,,,,,,,
,SOL-1601,[Booking automation] create BOOKING-PODM automated tests for podm_return_to_investigation insert scenario,3/11/26,0.27h,,,,51.03h,,,,,,1174.02h,,,,,,,
,SOL-1600,PODM changes caused Get payment ID failures for Tphbil-Api autotests,3/9/26,0.00h,,,,66.85h,,,,,,1222.85h,,,,,,,
,SOL-1599,ISOX changes for Gate,3/24/26,0.00h,67.73h,,,362.00h,,,,,,862.93h,,,,,,,
,SOL-1598,[Booking automation] edit BOOKING-PODM automated tests to have a valid iban creation/assertion,3/9/26,0.00h,,,,69.75h,,,,,,1222.98h,,,,,,,
,SOL-1596,[TPH] [EndaToEnd] Add payment rescheduling verification in E2E framework (cut-off / currency holiday),3/20/26,0.00h,100.18h,,,97.83h,137.47h,,,,,959.73h,,,,,,,
,SOL-1595,[TPH] [EndaToEnd] Add account top-up functionality to E2E framework,3/17/26,0.02h,100.17h,,,144.28h,20.02h,,,,,1030.82h,,,,,,,
,SOL-1594,[TPH] [EndaToEnd] Add ISOX API integration in E2E framework to retrieve outgoing pacs.009 messages,3/18/26,0.05h,100.07h,,,144.20h,40.98h,,,,,1010.02h,,,,,,,
,SOL-1593,[TPH] [EndaToEnd] Extend E2E framework to transform MT910 message and send as connected message,,0.05h,100.17h,,,,1195.25h,,,,,,,,,,,,
,SOL-1592,[TPH] [EndaToEnd] Implement MT910 queue support in E2E framework,3/18/26,0.07h,100.20h,,,183.55h,1.27h,,,,,1010.45h,,,,,,,
,SOL-1591,[MVP] Set Payment State Sync job start time to 23:01,3/11/26,0.18h,,,,0.00h,98.93h,0.15h,20.92h,,,1177.25h,,,,,,,
,SOL-1589,[MVP][PODM Mapping] FU. Update fallback for Debtor/ Creditor Agent BIC and NAME mapping from TPH payload,4/14/26,0.02h,,,,100.95h,21.15h,831.50h,0.00h,,,362.58h,,,,,,,
,SOL-1588,[TPH] [BB TPH IL] - PODM API Automation - Extend coverage to full spec (Create/GET/PATCH/Return),,1.02h,,832.97h,,458.57h,,24.42h,,,,,,,,,,,
,SOL-1587,Scenario is considered Successfull even if payment update in PODM fails,3/13/26,120.93h,,31.85h,,19.50h,,0.45h,18.87h,,,1127.62h,,,,,,,
,SOL-1586,Configure auto tests to run on Gate env,3/27/26,0.00h,0.40h,,,526.00h,,,,,,793.80h,,,,,,,
,SOL-1585,[MVP][PODM Mapping] Bookings. Update fallback for Debtor/ Creditor Agent BIC & NAME and Debtor/ Creditor Account Number mapping from TPH payload,,25.03h,,,,103.47h,19.27h,1194.08h,,,,,,,,,,,
,SOL-1584,[Booking automation] create BOOKING-PODM automated tests for multiple update scenarios when there is no inserted payment,3/6/26,0.03h,,,,49.17h,,,,,,1292.77h,,,,,,,
,SOL-1583,[TPH] [EndToEnd] Implement possibility to put fixed amount of messages into the queue,3/5/26,27.07h,,,,21.57h,,,,,,1316.85h,,,,,,,
,SOL-1582,Switch traffic to Greenfield,3/9/26,0.00h,3.23h,,,4.63h,140.78h,,,,,1218.18h,,,,,,,
,SOL-1581,[TPH] [BB TPH IL] - Booking service API automation - extend test coverage,,3.45h,0.42h,,,,1363.32h,,,,,,,,,,,,
,SOL-1580,[TPH] [BB TPH IL] - Funds Update service API automation - extend test coverage,,3.52h,0.42h,,,,407.07h,,956.23h,,,,,,,,,,
,SOL-1579,[TPH] [BB TPH IL] - Funds Update/Booking service API automation - extend functionality,,0.00h,4.17h,,673.50h,25.88h,17.63h,,,,,646.33h,,,,,,,
,SOL-1578,[MVP][PODM Mapping] Update mapping rule for debtor and creditor name,3/3/26,0.05h,,,,0.70h,0.07h,0.02h,20.93h,,,1365.02h,,,,,,,
,SOL-1577,[Booking automation] Fix proscan test logic for booking podm automated tests,3/2/26,0.00h,,,,4.33h,,,,,,1387.07h,,,,,,,
,SOL-1576,"[Booking automation] create BOOKING-PODM, BOOKING-CORRESPONDENT automated tests for podm_remit_trn_updated_if_entry_exists scenario for nostro account",3/2/26,0.73h,,,,6.98h,,,,,,1385.97h,,,,,,,
,SOL-1575,Switch to PWH SpringBoot version,4/14/26,0.00h,96.05h,,,957.65h,48.98h,,,,,356.93h,,,,,,,
,SOL-1574,[Booking automation] create BOOKING-PODM automated tests for podm_cancelled scenario + framework improvements,3/5/26,0.07h,,,,145.52h,,,,,,1314.97h,,,,,,,
,SOL-1573,State Sync Job Scenario 3 is not working - uses wrong criteria,,21.02h,,70.87h,,,,,,,,,1391.20h,,,,,,
,SOL-1572,[PODM] PODM Insert not performed after getPaymentReferenceOpay failure (Return logic),3/3/26,0.13h,18.15h,,,6.68h,,72.47h,17.87h,,,1368.08h,,,,,,,
,SOL-1571,"[Booking automation] create BOOKING-PODM, BOOKING-CORRESPONDENT automated tests for podm_remit_trn_updated_if_entry_exists scenario",2/27/26,0.00h,,,,26.15h,,,,,,1460.58h,,,,,,,
,SOL-1570,Remove/fix failing FU automation test,2/26/26,0.37h,,,,0.08h,,,,,,1486.93h,,,,,,,
,SOL-1569,[TPH] [EndaToEnd] Position keeping transactions - check transactions for both CRE and DEB accounts,2/27/26,0.03h,,,,26.40h,,,,,,1463.25h,,,,,,,
,SOL-1568,Payment update (PATCH) in PODM fails with Error 400,2/26/26,18.55h,,,,0.47h,,0.65h,2.18h,,,1485.32h,,,,,,,
,SOL-1567,[CORE DB][TPH DB] TPH GATE replica for Tieto,4/14/26,142.98h,,,,1014.58h,,,,,,355.38h,,,,,,,
,SOL-1566,Performance testing framework,,1529.55h,,,,,,,,,,,,,,,,,
,SOL-1565,Migrate from CasC to Sealed secrets,3/16/26,0.00h,142.85h,,,331.58h,,,,,,1056.47h,,,,,,,
,SOL-1564,[Booking automation] create BOOKING-PODM automated tests update iban/id fields for all tests,2/25/26,0.00h,,,,45.03h,,,,,,1510.73h,,,,,,,
,SOL-1563,Update TPH Cipher,3/2/26,0.00h,25.02h,,,90.55h,47.35h,,,,,1393.73h,,,,,,,
,SOL-1562,[PODM] PODM Insert not performed after failure from getLedgerAccountInfo,2/24/26,0.05h,,,,,0.57h,0.13h,21.60h,,,1534.57h,,,,,,,
,SOL-1561,Investigate PODM update race condition,3/26/26,0.00h,27.08h,,,384.50h,331.92h,,,,,815.27h,,,,,,,
,SOL-1560,"[TPH] Set up post sync build installation in PPTE, GATE",,0.08h,,1649.63h,,,,,,,,,,,,,,,
,SOL-1559,"[TPH] Set up post sync scripts in PPTE, GATE",,0.23h,,1650.27h,,,,,,,,,,,,,,,
,SOL-1558,"[TPH] Enable TUMS process in PPTE, GATE",,0.25h,,1650.27h,,,,,,,,,,,,,,,
,SOL-1557,Align TPH Helm charts values between environments,3/2/26,0.00h,147.32h,,,115.12h,22.70h,,,,,1393.73h,,,,,,,
,SOL-1556,[Booking automation] create BOOKING-PODM automated tests for podm_benef_trn_updated_if_entry_exists scenario,2/26/26,0.18h,,,,194.53h,,,,,,1486.78h,,,,,,,
,SOL-1555,[Booking automation] create BOOKING-PODM automated tests for podm_updated_if_entry_exists scenario,2/17/26,0.00h,,,,2.57h,,,,,,1698.42h,,,,,,,
,SOL-1554,[Booking automation] create BOOKING-PODM automated tests for podm_to_investigation scenario,2/17/26,0.10h,,,,4.78h,,,,,,1701.00h,,,,,,,
,SOL-1553,Tieto package installment (TPH Delivery 2.5.23),2/19/26,62.33h,,,,,,,,,,1657.03h,,,,,,,
,SOL-1552,[TPH] [EndToEnd] - Create possibility to see payment references of tests in report,2/17/26,0.00h,,,,27.55h,,,,,,1701.10h,,,,,,,
,SOL-1551,[TPH] [EndToEnd] - Incoming customer pacs.009 payment HAPPY PATH Automation - priority 1 part2,4/7/26,115.20h,,,,1150.82h,,,,,,530.60h,,,,,,,
,SOL-1550,[Booking automation] create BOOKING-PODM automated tests for podm_reversed_from_investigation scenario,2/13/26,0.05h,,,,1.55h,,,,,,1795.05h,,,,,,,
,SOL-1549,[Booking automation] create BOOKING-PODM automated tests for podm_credited scenario,2/13/26,0.02h,,,,3.42h,,,,,,1797.03h,,,,,,,
,SOL-1548,[Booking automation] create BOOKING-PODM automated tests for podm_cancelled scenario,2/13/26,17.92h,,,,1.05h,,,,,,1800.45h,,,,,,,
,SOL-1547,[MVP][MT991] [EndToEnd] Test of MT991 End-to-End journey from TPH PPTE env to SAA TEST env,3/17/26,2.23h,,,,,,16.72h,774.17h,,,1027.35h,,,,,,,
,SOL-1546,Connect TPH test to IL gate,3/9/26,454.35h,,,,145.65h,,,,,,1223.20h,,,,,,,
,SOL-1545,Point test ROMA to test SAA queue,3/20/26,0.00h,123.80h,,,167.58h,186.13h,318.63h,69.07h,,,958.20h,,,,,,,
,SOL-1544,Migrate PROD,2/25/26,173.32h,115.85h,,,21.98h,,,,,,1512.78h,,,,,,,
,SOL-1530,[Booking automation] create BOOKING-PODM automated tests for podm_freezed_benef_trn_updated scenario,2/12/26,0.02h,,,,26.53h,,,,,,1819.48h,,,,,,,
,SOL-1529,[Booking] Verify and update scenario solver rules table,3/19/26,0.88h,,,,552.78h,,308.93h,0.65h,,,985.45h,,,,,,,
,SOL-1528,[Funds Update automation] UC4A Outgoing Return from Customer account via Nostro,3/16/26,573.65h,,,,235.92h,,,,,,1055.65h,,,,,,,
,SOL-1527,[Kafka][MVP]Investigate what messages and why end up in Kafka topic w670.tphb.iwh.raw_rejected,2/24/26,0.00h,1.55h,,,24.98h,307.38h,,,,,1534.85h,,,,,,,
,SOL-1526,[IT Maintenance] DRT testing,,1890.72h,,,,,,,,,,,,,,,,,
,SOL-1525,[IT Maintenance] Container vulnerabilities,,0.00h,,20.52h,,1870.22h,,,,,,,,,,,,,
,SOL-1524,[IT Maintenance] Review system documentation,,1890.90h,,,,,,,,,,,,,,,,,
,SOL-1523,[Booking automation] create BOOKING-PODM automated tests for podm_credited_remit_trn_updated scenario,2/11/26,0.00h,,,,46.08h,,,,,,1846.40h,,,,,,,
,SOL-1522,[MVP][API] Develop Error Code lookup API,3/20/26,21.28h,2.95h,1.18h,,270.62h,233.98h,355.87h,47.60h,,,959.27h,,,,,,,
,SOL-1521,[Booking automation] create BOOKING-PODM automated tests for podm_credited_account_number_updated scenario,2/9/26,0.03h,,,,5.50h,,,,,,1892.55h,,,,,,,
,SOL-1520,"When FNDS received for outgoing payment, pass the value in SUCCESS response to TPH",,1962.37h,,,,,,,,,,,,,,,,,
,SOL-1519,[Booking automation] create ability for BOOKING-PODM automation to insert creditor iban and id,2/9/26,0.00h,,,,65.57h,,,,,,1897.47h,,,,,,,
,SOL-1517,[TPH] [EndaToEnd] Agent charges - possibility to take FX Rates from BD,3/4/26,0.07h,267.35h,,,142.47h,214.45h,,,,,1342.43h,,,,,,,
,SOL-1516,[TPH] [EndaToEnd] Agent charges - implement to run triggers manually on demand,2/25/26,0.02h,267.60h,,,17.95h,167.62h,,,,,1513.82h,,,,,,,
,SOL-1515,[TPH] [EndToEnd] - Incoming customer pacs.008 payment AGENT CHARGES camt.106 Automation,,1967.22h,,,,,,,,,,,,,,,,,
,SOL-1513,[Booking automation] create BOOKING-PODM automated tests for podm_credited_benef_trn_account_number_updated scenario,2/6/26,0.00h,,,,8.25h,,,,,,1962.37h,,,,,,,
,SOL-1512,[MVP][IT Maintenance] Onboard IT maintenance team,,498.82h,,1489.45h,,,,,,,,,,,,,,,
,SOL-1511,[MVP][IT Maintenance] Create system recovery plan,,864.45h,,2.75h,,1121.13h,,,0.00h,,,,,,,,,,
,SOL-1503,[Funds Update automation] UC6B case automation EE,3/4/26,333.70h,,,,336.55h,,,,,,1339.95h,,,,,,,
,SOL-1502,[Funds Update automation] UC5A case automation EE & LV & LT,2/18/26,167.83h,,,,165.87h,,,,,,1676.58h,,,,,,,
,SOL-1501,[Funds Update automation] UC10 case automation LV & LT,2/9/26,46.52h,,,,74.80h,,,,,,1889.02h,,,,,,,
,SOL-1500,[Funds Update automation] UC21 case automation LT,2/10/26,137.05h,,,,6.43h,,,,,,1866.85h,,,,,,,
,SOL-1499,[Funds Update automation] UC1C case automation LV & LT,2/5/26,0.27h,,,,22.05h,,,,,,1988.15h,,,,,,,
,SOL-1498,[Funds Update automation] UC6A case automation LV & LT,2/6/26,22.37h,,,,24.28h,,,,,,1963.83h,,,,,,,
,SOL-1497,[Funds Update automation] UC1B case automation LV & LT,2/4/26,0.00h,,,,1.45h,,,,,,2010.85h,,,,,,,
,SOL-1495,[Booking automation] create BOOKING-PODM automated tests for podm_credited_benef_trn_updated scenario,2/5/26,0.02h,,,,54.00h,,,,,,1981.82h,,,,,,,
,SOL-1494,[API] Develop Account Alias name lookup API,3/24/26,21.95h,0.82h,,,144.03h,689.83h,242.12h,94.63h,,,864.62h,,,,,,,
,SOL-1493,[API] Develop Payments Exclusions List lookup API,3/27/26,22.32h,0.75h,,,162.92h,311.90h,719.58h,47.12h,,,793.78h,,,,,,,
,SOL-1492,[TPH] [EndToEnd] Clean up test payments in TPH UI after execution,,0.00h,359.58h,,,6.02h,521.13h,,,,,,1172.13h,,,,,,
,SOL-1491,[CORR_ACC API] Replace settlement date with current banking date in case settlement date is in the past,3/25/26,0.20h,26.05h,,,119.03h,355.58h,604.62h,114.10h,,,842.23h,,,,,,,
,SOL-1490,[TPH] [EndToEnd] - Incoming customer pacs.008 payment EXCEPTIONAL flow Automation,,766.30h,,,,458.55h,837.08h,,,,,,,,,,,,
,SOL-1489,[TPH] [EndToEnd] - Incoming customer pacs.009 payment EXCEPTIONAL flow Automation,,767.12h,,,,,1295.62h,,,,,,,,,,,,
,SOL-1488,[TPH] [EndToEnd] - Incoming customer pacs.009 payment HAPPY PATH Automation - priority 1 part 1,2/25/26,361.62h,,,,189.38h,,,,,0.00h,1511.75h,,,,,,,
,SOL-1487,[Funds Update] Position Keeping transactionDate mapping improvement,3/20/26,0.00h,26.32h,0.85h,,118.38h,355.63h,603.27h,,,,958.35h,,,,,,,
,SOL-1486,[Booking automation] Add/edit missing standard value for dummy podm request,2/3/26,21.33h,,,,6.25h,,,,,,2035.68h,,,,,,,
,SOL-1485,Improve e2e framework to send connected isox messages,2/6/26,0.53h,,,,95.87h,,,,,,1969.47h,,,,,,,
,SOL-1484,Improve e2e performance,2/3/26,92.28h,,,,24.88h,,,,,,2040.57h,,,,,,,
,SOL-1483,Verify Sterling jobs successful file drop in EAP for Report Reconciliation,,315.28h,0.00h,,1868.80h,,,,,,,,,,,,,,
,SOL-1476,[MVP][Payments Operations ] TPH UI Trainings & UAT Testing,,0.08h,,,,2253.75h,,,,,,,,,,,,,
,SOL-1475,Gate env setup for TPH integration layer,3/9/26,0.00h,234.22h,,,841.87h,,,,,,1223.20h,,,,,,,
,SOL-1474,Add additional pipeline step for our/Tieto SQL scripts,,0.00h,600.85h,,,551.08h,1147.90h,,,,,,,,,,,,
,SOL-1472,Migrate from CasC to SealedSecrets in app repo,3/3/26,0.00h,238.80h,,,190.87h,0.00h,509.85h,,,,1363.68h,,,,,,,
,SOL-1469,[Funds Update automation] UC35 case automation EE,,151.65h,,71.85h,,18.23h,,,,,,,2063.02h,,,,,,
,SOL-1468,[Funds Update automation] UC33 case automation EE,1/29/26,126.22h,,,,25.40h,,,,,,2153.17h,,,,,,,
,SOL-1467,[Funds Update automation] UC10 case automation EE,1/27/26,75.53h,,,,22.68h,,,,,,2206.57h,,,,,,,
,SOL-1466,[Funds Update automation] UC21 case automation EE,1/28/26,98.27h,,,,27.95h,,,,,,2178.60h,,,,,,,
,SOL-1464,[MVP][CORE DB] Change comparison report data preparation procedure to include incoming TPH payments use cases,2/20/26,110.13h,207.13h,,,44.78h,,79.17h,258.05h,,,1631.57h,,,,,,,
,SOL-1463,[API] Analyze and Define Payment Reference Data API Model and Endpoints,2/4/26,14.45h,,313.08h,,,,,,,,2015.15h,,,,,,,
,SOL-1462,[API] Develop Global Properties lookup API,3/20/26,306.75h,0.73h,,,246.77h,70.47h,714.17h,44.52h,,,959.43h,,,,,,,
,SOL-1461,[API] Develop Payment ISO Reason Code Name Lookup API,3/25/26,306.72h,0.63h,,,164.07h,24.90h,981.92h,23.12h,,,841.48h,,,,,,,
,SOL-1460,[Funds Update automation] UC1C case automation EE,1/26/26,0.00h,,,,113.98h,,,,,,2231.38h,,,,,,,
,SOL-1458,Improve FU Pricing API mapping (channelCode),,0.05h,168.15h,2040.78h,,92.27h,23.92h,22.85h,,,,,,,,,,,
,SOL-1457,Create a pipeline to deploy TPH to all environments,,45.77h,605.15h,,,1057.53h,641.33h,,,,,,,,,,,,
,SOL-1456,Create a pipeline to get TPH release artifacts,,46.03h,605.18h,,,1177.18h,521.77h,,,,,,,,,,,,
,SOL-1455,Migrate TPH repositories to Github for development,3/6/26,0.02h,271.67h,44.02h,,336.08h,401.13h,,,,,1297.55h,,,,,,,
,SOL-1453,[Funds Update automation] UC1B case automation EE,1/21/26,0.00h,,,,6.68h,,,,,,2345.38h,,,,,,,
,SOL-1452,[Funds Update automation] UC6A case automation EE,1/21/26,0.15h,,,,0.18h,,,,,,2352.35h,,,,,,,
,SOL-1449,[Booking automation] Automate 34a test cases for booking,1/22/26,3.07h,,,,44.72h,,,,,,2327.75h,,,,,,,
,SOL-1448,[TPH] [EndToEnd] - Incoming customer pacs.008 payment HAPPY PATH Automation,2/17/26,0.03h,,,,676.55h,,,0.05h,,0.00h,1699.90h,,,,,,,
,SOL-1447,[Booking automation] Automate UC5b test cases for booking,1/20/26,0.00h,,,,1.10h,,,,,,2375.58h,,,,,,,
,SOL-1446,"[IT Maintenance] grants for TPH DB pwhdb.tpwsearchq configuration PPTE, PROD",1/23/26,0.10h,115.50h,,,0.23h,,24.45h,0.03h,,,2302.92h,,,,,,,
,SOL-1442,"[Booking automation] Automate 13d, 13e test cases for booking",1/20/26,0.00h,,,,18.73h,75.28h,,,,,2375.58h,,,,,,,
,SOL-1441,"[Booking automation] Automate 13b, 13c test cases for booking",1/19/26,0.05h,,,,75.28h,,,,,,2394.33h,,,,,,,
,SOL-1439,[Booking automation] Automate 46b test cases for booking,1/16/26,0.02h,,,,2.47h,,,,,,2470.77h,,,,,,,
,SOL-1438,Update payment type resolver for FT,1/26/26,0.00h,,4.88h,,,,236.10h,0.02h,,,2232.38h,,,,,,,
,SOL-1435,[Booking automation] Rename UC24b to UC40a test cases for booking,1/15/26,0.00h,,,,1.70h,,,,,,2489.55h,,,,,,,
,SOL-1433,[MVP][TPH DB] Create script to set up Control Switches,4/21/26,1.92h,310.73h,147.48h,,,313.10h,1532.70h,,,,189.02h,,,,,,,
,SOL-1432,[Position Keeping] counterpartyAccountIban mapping improvement,1/17/26,0.17h,0.92h,,,26.38h,2.12h,3.20h,22.48h,,,2441.82h,,,,,,,
,SOL-1429,[ROMA CONF][MVP] Configure RoMa and RoMa Spring to route the message MT991 from TPH to SAA,2/13/26,1.43h,33.78h,1.05h,,189.00h,444.42h,1.12h,49.62h,,,1799.18h,,,,,,,
,SOL-1427,DP.RETURN_CHARGES_AMOUNT is not mapped,1/14/26,0.00h,,0.75h,,3.92h,1.48h,,,,,2513.80h,,,,,,,
,SOL-1425,"[Booking automation] Automate 6a,b test cases for booking",1/14/26,0.02h,,,,1.27h,,,,,,2519.78h,,,,,,,
,SOL-1424,[PODM Mapping] Update mapping rule for debtor and creditor name,1/21/26,0.00h,0.20h,,,3.40h,3.32h,166.07h,0.02h,,,2348.22h,,,,,,,
,SOL-1423,[MQ][MVP] Order and configure MQ: TPH -> SAA (SWIFT Alliance Access),2/13/26,21.47h,22.10h,,,550.82h,95.25h,1.22h,49.63h,,,1799.18h,,,,,,,
,SOL-1421,[Booking automation] fix UC2c automated booking test cases,1/13/26,0.02h,,,,23.27h,,,,,,2538.88h,,,,,,,
,SOL-1420,[MVP] Booking service error handling,,0.00h,216.00h,,,461.90h,185.85h,1699.77h,,,,,,,,,,,
,SOL-1418,Booking Non-STP from Nostro to Customer (INVA-VOST/CUST) resolves to incorrect transcation events,1/13/26,2.13h,,,,19.70h,,1.42h,2.43h,,,2538.88h,,,,,,,
,SOL-1415,"[Booking automation] Automate 48a,b,c,d test cases for booking",1/12/26,0.02h,,,,4.60h,,,,,,2563.37h,,,,,,,
,SOL-1412,Business Continuity Plan review and update,,2635.57h,,,,,,,,,,,,,,,,,
,SOL-1410,"[TPH DB] Update user roles descriptions in GATE (TEST), PPTE, PROD",1/16/26,0.00h,101.50h,,,28.03h,44.37h,0.27h,0.00h,,,2466.87h,,,,,,,
,SOL-1409,Sync test framework functionality across apps,1/14/26,0.00h,,,,141.68h,,,,,,2516.20h,,,,,,,
,SOL-1408,[PODM Mappings Update] docDt not mapping during Return payment,1/13/26,0.00h,,0.33h,,0.22h,24.18h,88.55h,0.07h,,,2544.73h,,,,,,,
,SOL-1407,"[Booking automation] Automate 47a,b,c,d test cases for booking",1/9/26,0.02h,,,,23.40h,,,,,,2636.17h,,,,,,,
,SOL-1406,Fix SonarQube issues in TPHBIL-API-TESTS repository,1/9/26,0.02h,,,,18.43h,,,,,,2641.32h,,,,,,,
,SOL-1405,[TPH DB][Valid values] script overall valid values,,1654.27h,,,,,,,,,,,1006.37h,,,,,,
,SOL-1403,"[Booking automation] Fix failing booking test cases UC16, UC17",1/8/26,0.00h,,,,1.95h,,,,,,2661.03h,,,,,,,
,SOL-1402,[Booking automation] Automate 42b test cases for booking,1/15/26,0.02h,,,,11.45h,161.78h,,,,,2491.27h,,,,,,,
,SOL-1401,[PODM Mappings Update] UNSTRUCTURED_REMITTANCE_INFO mapping decision sequence,1/21/26,0.00h,23.62h,0.52h,,4.28h,16.48h,287.63h,0.02h,,,2349.33h,,,,,,,
,SOL-1399,[Booking automation] Automate 46a test cases for booking,1/7/26,0.00h,,,,3.15h,,,,,,2682.47h,,,,,,,
,SOL-1397,[TPH] [BB TPH IL] - FU integration with PODM Automation,4/24/26,119.85h,,,5.45h,2325.38h,,,,,,238.53h,,,,,,,
,SOL-1395,[Booking automation] Automate 43ab test cases for booking,1/7/26,0.03h,,,,24.73h,,,,,,2685.65h,,,,,,,
,SOL-1394,[MVP][PODM Mappings] Implement new design for mapping Correspondent account scenarios to PODM,,17.40h,6.18h,,,2602.20h,73.68h,31.15h,,,,,,,,,,,
,SOL-1393,[MVP][Funds Update] FU to PODM UPDATE endpoint call when Position Keeping fails to provide error code in DP,,0.02h,863.28h,842.72h,,64.53h,145.62h,817.28h,,,,,,,,,,,
,SOL-1392,Tieto package installment (TPH Delivery 2.5.22 Patch 01),1/15/26,0.05h,,,,306.82h,,,,,,2496.42h,,,,,,,
,SOL-1391,[MVP][PODM Mappings] Remove unused parts of old correspondent account to PODM mapping design,2/19/26,75.65h,25.30h,,,,1025.57h,31.20h,,,,1650.27h,,,,,,,
,SOL-1390,[Booking automation] Automate 30a test cases for booking,1/6/26,0.02h,,,,146.13h,,,,,,2710.43h,,,,,,,
,SOL-1389,[TPH DB] Create script for adding Transaction queues to all TPH bankids,,433.20h,,832.67h,,1296.47h,,314.08h,,,,,,,,,,,
,SOL-1388,[Booking automation] Automate 29b test cases for booking,12/30/25,0.00h,,,,1.00h,,,,,,2875.85h,,,,,,,
,SOL-1387,[MVP][TPH DB] Create a script to clean-up currency list and fix currency for BG,4/22/26,2496.70h,5.27h,45.25h,,142.62h,21.02h,0.88h,,,,165.95h,,,,,,,
,SOL-1384,[TPH DB][2 weeks before] Update script with newest list of countries for Unions,,0.15h,,,,,,,,,2880.70h,,,,,,,,
,SOL-1383,[TPH DB][2 weeks before] Update script with default nostro accounts,,0.02h,,,,,,,,,2880.93h,,,,,,,,
,SOL-1382,[TPH DB][2 weeks before] Update script with newest list of Bank Accounts,,0.22h,,0.05h,,,,,,,2897.90h,,,,,,,,
,SOL-1381,[TPH DB][Valid values] Update scripts with return and reject codes,,1894.20h,,,,,,,,,,,1005.08h,,,,,,
,SOL-1380,Tieto package installment (TPH Delivery 2.5.22),1/15/26,0.17h,,,,408.37h,,,,,,2496.42h,,,,,,,
,SOL-1379,[CORR ACC API] Update scenario solver rules relation to PODM actions,1/20/26,192.00h,6.37h,,,125.28h,17.37h,49.62h,138.93h,,,2375.60h,,,,,,,
,SOL-1378,[MVP][TPH DB][Bank corr types] Import default nostro accounts from FP,4/21/26,0.07h,2.02h,,,,647.58h,2203.80h,,,,190.33h,,,,,,,
,SOL-1374,[MVP][TPH DB] Apply various production values,4/21/26,2210.15h,1.30h,0.17h,,,647.67h,22.67h,,,,188.78h,,,,,,,
,SOL-1373,[CORE DB] Increase minimum amount threshold for LT Namecheck,1/16/26,1.03h,355.55h,,,6.52h,,243.10h,,,,2464.92h,,,,,,,
,SOL-1372,[Booking automation] Automate 29a test cases for booking,12/22/25,0.00h,,,,3.52h,,,,,,3068.10h,,,,,,,
,SOL-1371,[TPH] [BALTICS] Create a happy path test for FU integration with PODM,1/7/26,0.00h,,,,361.73h,27.63h,,,,,2682.40h,,,,,,,
,SOL-1366,[Booking automation] Automate 24b test cases for booking,12/22/25,0.02h,,,,69.12h,,,,,,3073.67h,,,,,,,
,SOL-1365,[PODM Mapping] mapping for default scenario,,0.05h,,,,4.32h,0.05h,259.65h,,,,,2879.27h,,,,,,
,SOL-1362,PODM api '../payments-archive/search' is not searching by ID only,12/22/25,21.23h,,,,,,68.97h,0.00h,,,3071.85h,,,,,,,
,SOL-1361,TPHBIL-API-Autotests accountcheck test account closed issue,4/15/26,2830.53h,,,,,,,,,,331.58h,,,,,,,
,SOL-1360,[Booking automation] Automate 16B test cases for booking,12/19/25,0.00h,,,,23.18h,,,,,,3142.27h,,,,,,,
,SOL-1357,"[Booking automation] Automate 15A,B test cases for booking",12/18/25,19.72h,,,,2.27h,,,,,,3165.57h,,,,,,,
,SOL-1356,[Booking automation] Automate 14B test cases for booking,12/18/25,0.02h,,,,20.25h,,,,,,3168.05h,,,,,,,
,SOL-1355,[Booking automation] Automate 14A test cases for booking,12/18/25,0.00h,,,,22.00h,,,,,,3168.05h,,,,,,,
,SOL-1350,"[Booking automation] Automate 13a,b test cases for booking",12/17/25,0.25h,,,,5.27h,,,,,,3188.52h,,,,,,,
,SOL-1348,[CORR ACC API] replace last 'default' rule to error exception in scenario solver,1/26/26,0.32h,1.67h,,,333.28h,146.23h,379.75h,123.78h,,,2228.48h,,,,,,,
,SOL-1347,AML HOLD(inva) to AML Freeze(invf) booking scenarios are not resolving in LT/EE,12/16/25,0.33h,,,,,,,,,,3215.03h,,,,,,,
,SOL-1346,[Booking automation] Automate 11a test cases for booking,12/16/25,0.00h,,,,8.03h,,,,,,3208.45h,,,,,,,
,SOL-1345,Booking service passed incorrect processed date of the payment to correspondent API,12/19/25,7.90h,,,44.90h,,,,,,,3140.77h,,,,,,,
,SOL-1339,[Booking automation] Add debit klk assertions to booking UC10,12/12/25,0.07h,,,,1.65h,,,,,,3308.40h,,,,,,,
,SOL-1337,createTransactions request 'customerCode' mapped with 'accountId' value,12/15/25,0.00h,,0.07h,,67.07h,5.18h,0.00h,0.00h,,,3240.53h,,,,,,,
,SOL-1336,"[TPH] Enable DB sync in PPTE, GATE",,71.83h,142.97h,3074.42h,,24.05h,0.00h,,,,,,,,,,,,
,SOL-1335,[CORE DB] Create and update correspondent transactions events for TPH payments,1/14/26,117.80h,499.32h,,,2.87h,,188.62h,7.28h,,,2514.37h,,,,,,,
,SOL-1334,[CORR ACC API] Update scenario solver rules and map new event tpopc,1/14/26,117.85h,1.15h,,,360.87h,167.30h,20.55h,148.18h,,,2514.38h,,,,,,,
,SOL-1333,[ISOX] configuration (swift.cbprplus.03) is missing pacs.009 for TPH,12/16/25,0.32h,0.00h,,,1.53h,0.00h,116.97h,0.00h,,,3214.70h,,,,,,,
,SOL-1331,Remove PODM test API,12/11/25,0.70h,0.52h,,,3.12h,,,,,,3331.90h,,,,,,,
,SOL-1330,Setup for Home profile,,0.03h,138.42h,,,2544.45h,666.73h,,,,,,,,,,,,
,SOL-1329,[CORRESPONDENT to PODM RESOLVER] Proceed from correspondent resolver to PODM resolver only if correspondent flow is contained in PODM resolver first column,,21.27h,,,,0.12h,401.28h,290.75h,,,,,2640.40h,,,,,,
,SOL-1328,[PODM Mappings] Improve FU CRE-side UPDATE endpoint mappings of AMOUNT and CURRENCY fields,1/2/26,0.18h,,,,2.38h,161.28h,386.48h,0.33h,,,2803.82h,,,,,,,
,SOL-1326,Add deployment readme file to TPH repository,12/19/25,0.02h,,,,,221.27h,,,,,3138.30h,,,,,,,
,SOL-1325,Integration to PODM to create fake payment,12/15/25,0.00h,,,,78.63h,47.35h,,,,,3233.65h,,,,,,,
,SOL-1323,DP_ISO.SERVICE_LEVEL_CODE is not mapped correctly,1/6/26,0.62h,165.88h,0.00h,,89.35h,73.77h,340.05h,0.00h,,,2708.47h,,,,,,,
,SOL-1322,TPH RoMa 3.x upgrade,2/9/26,168.82h,0.45h,,,768.58h,547.25h,,,,,1895.25h,,,,,,,
,SOL-1496,[IBANK LT/EE] Not possible to open payment in transaction details screen,,3385.32h,,,,,,,,,,,,,,,,,
,SOL-1319,[Payments Operations] TPH UI user role for Homeprofile,,0.02h,,1131.77h,,2254.12h,0.00h,,0.00h,,,,,,,,,,
,SOL-1318,CPU don't show any values in PROD dashboard,1/23/26,0.00h,25.07h,,,1053.55h,22.08h,,,,,2303.98h,,,,,,,
,SOL-1316,Automated DB scripts migration PPTE -> PROD,,2375.08h,,,,,,,,,,,1031.70h,,,,,,
,SOL-1315,[PODM Mapping] Update PODM JSON VALUE_DATE mapping path in Bookings; all endpoints,12/10/25,3.08h,,,,,42.60h,,,,,3361.38h,,,,,,,
,SOL-1314,Setup Sterling transfer for replica,1/22/26,0.00h,0.03h,,,1079.37h,,,,,,2327.80h,,,,,,,
,SOL-1312,Integration with Accounts APIs,12/19/25,28.47h,0.17h,,,218.17h,18.92h,,,,,3142.35h,,,,,,,
,SOL-1311,Integration with ISOX API,12/19/25,28.47h,0.08h,,,217.27h,19.02h,,,,,3143.25h,,,,,,,
,SOL-1310,Tieto package installment (TPH Delivery 2.5.21 Patch 18),12/8/25,0.02h,,,,3.32h,,,,,,3404.87h,,,,,,,
,SOL-1307,[Booking automation] Automate 6a test cases for booking,12/8/25,0.00h,,,,64.10h,,,,,,3409.38h,,,,,,,
,SOL-1306,[PODM Mapping] Find the solution how PODM can update DB fields to NULL,12/11/25,0.00h,,,,,146.38h,,,,,3333.40h,,,,,,,
,SOL-1305,[Booking automation] Automate 5a test cases for booking,12/5/25,0.02h,,,,8.13h,0.00h,,,,,3473.50h,,,,,,,
,SOL-1303,[PODM Mapping] Update PODM mappings default rule for field CORRESP_ACCOUNT_CODE (crspdtAcctCd),1/5/26,0.02h,,,,1.18h,1.22h,647.62h,139.20h,,,2735.85h,,,,,,,
,SOL-1302,[Booking automation] Automate 12ABFGH test cases for booking,12/3/25,0.03h,,,,3.80h,,,0.00h,,,3522.05h,,,,,,,
,SOL-1301,Booking transaction is not resolving to TPOC for tranft vostro to nostro payments,12/4/25,42.72h,,,,,,,,,,3505.22h,,,,,,,
,SOL-1300,Enable Async logging in TPH,,168.28h,0.90h,1775.85h,,20.47h,22.88h,,,,,,1560.37h,,,,,,
,SOL-1299,[Booking automation] Automate 17A test cases for booking,12/3/25,0.25h,,,,22.63h,,,,,,3525.92h,,,,,,,
,SOL-1297,[MVP][TPH DB][Schemes] Update scripts for Payment processing schemes,4/21/26,2689.05h,1.70h,,,,647.98h,21.10h,,,,190.35h,,,,,,,
,SOL-1296,[Booking automation] Automate 10A test cases for booking,12/4/25,0.02h,,,,55.33h,,,,,,3498.17h,,,,,,,
,SOL-1294,[MVP] Logs - change log level from WARN to ERROR in case of exception processing,,23.63h,0.57h,3547.37h,,,,,,,,,,,,,,,
,SOL-1293,"[PODM Mapping] Fix VALUE_DATE mapping for INSERT, UPDATE, RETURN endpoints",12/1/25,0.00h,0.45h,,,4.15h,,,,,,3571.22h,,,,,,,
,SOL-1292,[Booking automation] Automate 4b test cases for booking with charges,12/1/25,0.00h,,,,7.48h,,,,,,3568.33h,,,,,,,
,SOL-1291,[PODM Mapping] Add rule to Agent Clearing System Code and MemberID mapping,,0.00h,95.60h,,,39.27h,343.07h,285.65h,,,,,2879.27h,,,,,,
,SOL-1370,Update W670 Service Offering description in SNAP,,3643.25h,,,,,,,,,,,,,,,,,
,SOL-1289,[PODM Mapping] Add rule to Agent Clearing System Code and MemberID mapping,1/7/26,0.58h,95.65h,,,17.60h,481.22h,341.62h,17.30h,,,2689.50h,,,,,,,
,SOL-1287,[Booking automation] Automate 4a test cases for booking,12/1/25,0.02h,,,,69.60h,,,,,,3575.85h,,,,,,,
,SOL-1285,[Booking automation] Automate 3E test cases for booking,11/28/25,75.25h,,,,20.57h,,,,,,3645.25h,,,,,,,
,SOL-1284,[Booking automation] Automate 3CD test cases for booking,11/27/25,0.02h,,,,75.57h,,,,,,3665.85h,,,,,,,
,SOL-1283,[CORR ACC API] Parameter Suund value for event tpntl is incorrect,12/8/25,0.00h,25.88h,,,,79.28h,227.03h,1.13h,,,3408.08h,,,,,,,
,SOL-1282,Tieto package installment (TPH Delivery 2.5.21 Patch 10),12/1/25,238.15h,,,,,,,,,,3578.22h,,,,,,,
,SOL-1281,[Booking automation] Automate 2c test cases for booking,11/21/25,0.08h,,,,19.55h,,,,,,3814.80h,,,,,,,
,SOL-1280,[MVP][TPH DB] Create replica for MVP business configuration,3/31/26,0.20h,,3142.83h,,,,,,,,694.30h,,,,,,,
,SOL-1279,[PODM Mapping] Add new OUT_CHANNEL_CODE mapping to TPHFT,12/11/25,0.02h,144.52h,,,4.60h,18.17h,361.22h,,,,3331.67h,,,,,,,
,SOL-1278,"[PODM Mapping] Add new OUT_CHANNEL_CODE mapping to TPHFI, TPHFO",12/11/25,0.02h,144.57h,,,4.60h,18.17h,357.55h,,,,3335.32h,,,,,,,
,SOL-1277,[CORR ACC API] Update scenario solver rules and add back tpito event,12/15/25,24.03h,0.25h,,,71.53h,115.67h,364.60h,71.10h,,,3237.30h,,,,,,,
,SOL-1275,Update daily CSV report trigger script in PPTE for skipping PARAM file,12/2/25,0.22h,194.67h,,,0.00h,70.47h,1.37h,94.72h,,,3548.83h,,,,,,,
,SOL-1269,dbtrAgt mapping to PODM,12/23/25,934.33h,,0.00h,,,,,,,,3044.40h,,,,,,,
,SOL-1267,"[PODM Mapping] Add new OUT_CHANNEL_CODE mapping to TPHFI, TPHFO",12/11/25,0.03h,144.68h,120.68h,,4.60h,18.08h,357.55h,,,,3335.32h,,,,,,,
,SOL-1263,"Accounts API exception processing, Closed account response ignored",11/21/25,0.37h,42.92h,122.05h,,1.68h,,6.80h,,,,3809.70h,,,,,,,
,SOL-1262,Setup Andromeda application,2/9/26,0.00h,287.38h,,,881.10h,144.75h,799.88h,,,,1889.57h,,,,,,,
,SOL-1261,[MVP][Access Management] TPH IBM MQ,,0.02h,,2351.90h,,1657.22h,,,,,,,,,,,,,
,SOL-1260,[TPH][DEV] TPH RoMa monitoring cases,,0.00h,,4025.37h,,,,,,,,,,,,,,,
,SOL-1259,[PODM Mapping] Add new OUT_CHANNEL_CODE mapping to TPHFT,12/11/25,24.47h,266.27h,19.87h,,4.60h,18.08h,357.55h,,,,3335.33h,,,,,,,
,SOL-1258,[Booking automation] Automate 2b test cases for booking,11/17/25,0.02h,,,,124.80h,,,0.00h,,,3905.87h,,,,,,,
,SOL-1257,[PODM Scenarios][PODM Mappings] Add new PODM Scenarios and PODM Mappings,,0.00h,0.22h,1.13h,,815.28h,23.75h,314.25h,,,,,2879.23h,,,,,,
,SOL-1256,REMIT_ACC_IS_OURS wrong value assigned for VOST account,12/11/25,0.15h,,,,66.15h,,649.32h,,,,3335.50h,,,,,,,
,SOL-1255,PODM deployment to prod fails,,0.02h,,,,,379.22h,,,,,,3672.27h,,,,,,
,SOL-1254,Update FU to TPH response mapping - Position Keeping response code: 91,,0.57h,694.10h,1249.80h,,17.13h,145.27h,865.12h,,,,,1081.83h,,,,,,
,SOL-1253,unstructuredTransactionDetails construction using 'description' instead of 'details' value from Position Keeping API response,11/13/25,0.02h,5.10h,,,18.93h,24.50h,1.72h,,,,4005.95h,,,,,,,
,SOL-1252,Sterling is moving from IP to instead use DNS,,0.00h,24.82h,0.43h,0.12h,,,,,,,,4032.03h,,,,,,
,SOL-1251,[End-to-End testing] Transaction details contains excessive data,12/5/25,0.25h,42.52h,,,166.05h,122.05h,263.27h,4.82h,,,3476.47h,,,,,,,
,SOL-1750,Migrate Solaris team repositories,,0.10h,4078.10h,,,,,,,,,,,,,,,,
,SOL-1250,Migrate API tests to Github,2/24/26,0.00h,46.72h,,,975.73h,1518.20h,,,,,1538.18h,,,,,,,
,SOL-1249,Move properties classes to API clients packages,12/2/25,0.00h,27.48h,,,190.20h,43.77h,264.33h,,,,3553.10h,,,,,,,
,SOL-1248,Booking service is throwing Rest client exception,11/12/25,33.27h,,,,,,,14.92h,,,4031.02h,,,,,,,
,SOL-1244,[Booking automation] Automate 2a test cases for booking,11/12/25,0.00h,,,,136.47h,,,,,,4033.40h,,,,,,,
,SOL-1243,THP/Integration layer experiencing timeouts,11/11/25,94.27h,,,,,,,36.05h,,,4045.90h,,,,,,,
,SOL-1242,[Booking automation] Change customer data to be test customer data,,0.00h,,,,,,,,,,,4196.52h,,,,,,
,SOL-1241,[Booking automation] change all booking customer data to be test customer data,11/6/25,0.20h,,,,24.43h,,,,,,4172.03h,,,,,,,
,SOL-1240,[Booking automation] Change customer data to be test customer data,,0.20h,,,,,,,,,,,4196.50h,,,,,,
,SOL-1239,Tidy up all 18 booking tests for better maintainability/readability and link to the scenario excel,11/5/25,0.00h,,,,18.73h,,,,,,4200.60h,,,,,,,
,SOL-1288,[ISOX] local_system_reference coming from TPH is overwritten by ISO Exchange,,22.18h,680.63h,3331.93h,,2.70h,185.60h,,,,,,,,,,,,
,SOL-1238,Remove test coverage in code for getPaymentId,12/29/25,0.02h,6.17h,,,58.68h,6.38h,1253.02h,,,,2901.23h,,,,,,,
,SOL-1237,"unstructuredTransactionDetails - returns, update input to PODM: getArchivalCode",11/13/25,0.00h,21.30h,0.03h,,0.00h,167.82h,46.83h,,,,4004.93h,,,,,,,
,SOL-1236,Automate booking scenario STP flow NOSTRO to VOSTRO + Charges LT/LV/EE,11/4/25,0.00h,,,,22.07h,,,0.00h,,,4219.60h,,,,,,,
,SOL-1235,Automate booking scenario STP flow NOSTRO to VOSTRO LV,11/4/25,0.00h,,,,23.45h,,,,,,4219.60h,,,,,,,
,SOL-1234,"[Helmchart] SDTPS-6166: TPH internal values, add VOST account for cover check",12/11/25,2.40h,192.80h,17.23h,,1.18h,288.17h,408.67h,,,,3334.05h,,,,,,,
,SOL-1233,Add new FU DEB INSERT use-case: Outgoing Bank to Bank payment,1/21/26,0.00h,266.27h,334.02h,,882.57h,193.05h,290.67h,0.00h,,,2349.32h,,,,,,,
,SOL-1232,Automate booking scenario STP flow NOSTRO to customer LT/EE,11/3/25,0.00h,,,,73.90h,,,0.00h,,,4243.08h,,,,,,,
,SOL-1245,[ISOX] NACK response from SAA is failing in ISOX,11/10/25,68.37h,0.00h,,,26.65h,48.87h,50.78h,42.67h,,,4080.27h,,,,,,,
,SOL-1231,Change integrations from OS service name to DNS,12/5/25,0.00h,74.03h,,,747.80h,19.08h,,,,,3478.12h,,,,,,,
,SOL-1229,[TPH][DEV] Archiving and retention policy of TPH generated files,,0.48h,,487.50h,,,,,,,,,3857.15h,,,,,,
,SOL-1227,New NFS for test Kafka cluster,12/8/25,0.00h,13.52h,,,936.45h,,,,,,3407.50h,,,,,,,
,SOL-1226,Store translations locally and remove Core DB query for Funds Update,,0.00h,140.07h,,,46.37h,0.58h,4177.25h,,,,,,,,,,,
,SOL-1225,Create new Kafka DLQ topic for connectors,,0.00h,145.52h,4219.08h,,,,,,,,,,,,,,,
,SOL-1224,Automate booking scenario STP flow NOSTRO to customer LV,10/31/25,0.00h,,,,,,,48.93h,,,4317.35h,,,,,,,
,SOL-1222,[MVP][TPH DB] Create script for setting up jobs triggers,,3581.42h,260.17h,23.15h,,166.82h,357.52h,,,,,,,,,,,,
,SOL-1221,[MVP][TPH DB] Create script for value dates and cut-off times rules,4/21/26,1490.37h,,2591.38h,,,96.15h,21.13h,,,,190.32h,,,,,,,
,SOL-1220,[TPH DB] Create script for setting up BankId and Org units,,3384.12h,,,,,,,,,,,1005.35h,,,,,,
,SOL-1219,[TPH DB] Create script to setup FX rate parameters,,3384.37h,,,,,,,,,,,1005.47h,,,,,,
,SOL-1218,[PODM Mapping] Add fallback mapping for TxDtls,11/14/25,0.02h,119.40h,51.83h,,173.82h,66.10h,,,,,3979.60h,,,,,,,
,SOL-1217,[TPH] [BB TPH IL] - PODM API automation Choice between... validation do not catch changes in error messages,12/8/25,0.02h,,,,29.28h,353.27h,617.87h,0.00h,,,3408.90h,,,,,,,
,SOL-1216,"Payment Order Data Manager & API: ""One of chooses is mandatory to use"" if both are empty gives an error",11/3/25,64.03h,,,,97.07h,,6.92h,0.13h,,,4241.32h,,,,,,,
,SOL-1214,Remove deprecated feature flag in FU service,10/24/25,0.10h,,,,1.53h,,,,,,4484.03h,,,,,,,
,SOL-1213,[PODM Mappings] Update FundsUpdate OUT_CHANNEL_CODE PODM mapping logic,12/11/25,0.12h,100.42h,,,77.73h,65.85h,908.72h,,,,3335.35h,,,,,,,
,SOL-1212,[PODM API] Develop Bookings Return Scenario and mappings to PODM JSON,11/3/25,1.00h,,,,74.78h,168.30h,,,,,4245.10h,,,,,,,
,SOL-1211,fallback for charge bearer value when TxDtls missing,12/15/25,0.10h,,,,1.97h,17.55h,1252.85h,,,,3235.85h,,,,,,,
,SOL-1209,Skyvault Core Regression Testing: Phase 3 – Migration Rehearsal & Transition Validation (20–26 November),12/17/25,1324.10h,,,,,,,,,,3187.22h,,,,,,,
,SOL-1208,Skyvault Core Regression Testing: Phase 2 – Full Target State Validation (10–12 November),11/26/25,820.53h,,,,,,,0.00h,,,3690.82h,,,,,,,
,SOL-1207,Skyvault Core Regression Testing: Phase 1 - Core Services Validation (27-29 October),,4511.37h,,,,,,,,,,,,,,,,,
,SOL-1206,Mount NFS to store test results,1/29/26,0.00h,125.17h,,,1919.95h,306.00h,,,,,2161.67h,,,,,,,
,SOL-1205,[TPH] [BB TPH IL] -Fix Funds Update tests - create 1 correct positive test and rebuild all negative tests,11/6/25,0.22h,,,,76.75h,,283.43h,0.00h,,,4174.70h,,,,,,,
,SOL-1204,[CORE DB] Update ledger for op_id 6LV,11/7/25,0.07h,189.42h,,,1.08h,,31.12h,184.22h,,,4151.65h,,,,,,,
,SOL-1203,[CORR ACC API] align FU op_id 6LV ledger in booking scenario solver,11/13/25,0.35h,1.18h,,,187.75h,194.43h,5.63h,162.08h,,,4006.50h,,,,,,,
,SOL-1202,Implement additional scenario for op_id resolver,12/11/25,0.88h,,,,67.42h,0.15h,1155.38h,,,,3335.32h,,,,,,,
,SOL-1200,Integration with Correspondent Accounts API,11/3/25,0.00h,26.92h,,,261.53h,43.98h,,,,,4250.38h,,,,,,,
,SOL-1197,Funds Update to Pricing API mapping improvements,1/26/26,0.03h,25.65h,,,136.80h,149.52h,1925.28h,209.30h,,,2232.43h,,,,,,,
,SOL-1194,[TPH][EndToEnd] Some returns do not respect cut-off times,,4680.45h,,,,,,,,,,,,,,,,,
,SOL-1193,Tieto package installment (TPH Delivery 2.5.21 Patch 03),10/24/25,0.02h,,,,208.25h,,,,,,4490.73h,,,,,,,
,SOL-1188,Bookings Service flow processing,11/3/25,0.00h,0.30h,74.88h,,341.30h,67.05h,,,,,4245.12h,,,,,,,
,SOL-1187,[MVP][Access Management] TPH DB PROD,,0.30h,5.77h,4717.33h,,,,,,,,,,,,,,,
,SOL-1185,Improve test scenarios input and output format,11/10/25,0.00h,195.35h,,,264.57h,211.78h,,,,,4079.50h,,,,,,,
,SOL-1184,"[CORE DB] Update report 'inserted_not_debeted' (EE, LV, LT)",11/13/25,0.50h,337.85h,,,20.52h,,339.97h,0.00h,,43.43h,4009.53h,,,,,,,
,SOL-1183,[MVP][IT Maintenance] TPH UI user role,4/6/26,2833.13h,,,,,,,1438.52h,,,550.13h,,,,,,,
,SOL-1182,[PODM mapping] Update FU CRE PODM Service Level Code mapping: use NURG if element <ExternalCode> not found,12/11/25,0.33h,98.52h,,,5.25h,65.08h,1318.27h,,,,3335.58h,,,,,,,
,SOL-1181,'SvcLvl/cd' from PODM contains wrong value,1/16/26,2359.35h,,,,,,,,,,2464.62h,,,,,,,
,SOL-1180,Funds Update Cancel flow attempting to Insert payment to DP when not found,11/3/25,0.02h,3.15h,,,74.32h,,501.37h,0.00h,,,4245.47h,,,,,,,
,SOL-1179,'rtrId' from PODM contains value when there is no return,,2360.85h,,,,,,,,,,,2464.58h,,,,,,
,SOL-1178,"[CORE DB] Update report 'Domestic future value date' (EE, LV, LT)",,44.23h,,0.00h,,,,,,,,,4820.62h,,,,,,
,SOL-1177,Enable Spacetime Management for IL apps,11/11/25,0.00h,309.72h,,,108.37h,224.35h,168.17h,,,,4055.43h,,,,,,,
,SOL-1176,Fix Idempotency after failed processing in PODM,11/14/25,0.50h,39.65h,,,312.13h,,535.58h,1.17h,,,3977.53h,,,,,,,
,SOL-1175,[CORE DB] Update report 'own_payments' (LV),11/13/25,1.43h,338.00h,112.77h,,1.07h,0.00h,286.32h,1.12h,,116.38h,4009.55h,,,,,,,
,SOL-1173,[CORE DB] Update report 'BOD operation statistics2' (LT),11/13/25,0.03h,474.38h,,,53.68h,329.70h,,,,,4009.55h,,,,,,,
,SOL-1172,[TPH][BALTICS] Bulk transaction data modification after service restore,,0.13h,21.62h,290.23h,,98.15h,479.72h,0.18h,3977.93h,,,,,,,,,,
,SOL-1171,'feeAcctId' from PODM contains value when 'feeAmt' is 0,,478.77h,,1851.78h,,,,,,,,,2537.70h,,,,,,
,SOL-1168,[CORR ACC API] undo Returns from AML Freeze - revert SOL-1027 changes,11/10/25,0.60h,236.72h,,,162.28h,291.33h,117.93h,,,,4081.75h,,,,,,,
,SOL-1163,HTTP 425 from PODM in case of duplicate requests,,0.97h,,2568.10h,,,,,,,,,2348.18h,,,,,,
,SOL-1162,Payment do not process with FU in case when payment is done to closed account,,2479.13h,,,,,,,,,,,2441.85h,,,,,,
,SOL-1160,[CORE DB] Update CORE Report 'LV big international OUT pmts' (LV),,0.03h,285.67h,,,45.60h,,2139.72h,570.90h,,1969.05h,,,,,,,,
,SOL-1159,[TPH] [BB TPH IL] - Disabling MessageSenderTest,11/13/25,1003.37h,,,,,,,,,,4009.02h,,,,,,,
,SOL-1158,"[Maintenance] Set VALID_INDICATOR ='N' for reports EE: ID '111', '112' and LT: ID '64', '65' to prevent incorrect data display",,5016.22h,,,,,,,,,,,,,,,,,
,SOL-1157,TPH shows payment incorrect payment status in case FU CANCEL failed,10/9/25,0.07h,,,,,,168.62h,0.00h,,,4847.67h,,,,,,,
,SOL-1154,Upgrade to Java 25,11/10/25,0.00h,167.72h,,,333.68h,479.23h,,,,,4079.47h,,,,,,,
,SOL-1153,Review Agent Charges report in Qlik,,5063.62h,,,,,,,,,,,,,,,,,
,SOL-1152,Review ILM reports for TPH pending payments in Qlik,,5063.67h,,,,,,,,,,,,,,,,,
,SOL-1151,Review Benchmark report in Qlik,,5063.73h,,,,,,,,,,,,,,,,,
,SOL-1149,Implement operationId (op_id) resolver,12/18/25,0.18h,21.62h,,,280.75h,25.25h,1589.92h,,,,3164.58h,,,,,,,
,SOL-1148,"[PODM Mappings Update] PODM mapping for FU CRE UPDATE (""status"")",12/11/25,1.17h,68.60h,20.10h,,,2.15h,1656.12h,,,,3335.43h,,,,,,,
,SOL-1147,[CORE DB] Update report 'LV big international IN pmts' (LV),11/13/25,72.82h,286.80h,332.25h,,1.60h,,337.25h,1.02h,,42.35h,4009.60h,,,,,,,
,SOL-1145,Integration with Correspondent Accounts API,11/5/25,884.48h,,,,,,,,,,4202.45h,,,,,,,
,SOL-1144,Integration with Position Keeping transactions API,12/4/25,863.38h,4.50h,,,691.47h,22.27h,,,,,3505.42h,,,,,,,
,SOL-1143,"Change in PROD yaml file, appid - TPHBALTICDEV to TPHBALTIC",10/10/25,0.00h,194.72h,,,8.22h,17.47h,42.00h,0.00h,,,4824.97h,,,,,,,
,SOL-1142,Add Renovate plugin to E2E tests,1/28/26,0.00h,531.30h,1990.25h,,50.35h,332.68h,0.00h,,,,2183.00h,,,,,,,
,SOL-1141,Add Renovate plugin to API tests,,0.28h,195.07h,,,905.58h,0.80h,,,,,,3986.12h,,,,,,
,SOL-1140,[TPH] [BB TPH IL] - Payment Order Data Manager & API automation fix,9/29/25,66.42h,,,,,,,,,,5088.07h,,,,,,,
,SOL-1139,"[PODM API] Remove validation from Nm attributes, update PODM mapping",12/11/25,0.30h,,,,20.97h,118.50h,1681.68h,,,,3335.45h,,,,,,,
,SOL-1132,Logging improvements,11/14/25,22.05h,,,,71.65h,264.37h,846.70h,0.88h,,,3978.70h,,,,,,,
,SOL-1131,Use Hazelcast leader election functionality for scheduler,11/11/25,22.08h,,,,336.05h,,770.80h,,,,4055.50h,,,,,,,
,SOL-1130,Return/Reject/Book an incoming unmatched MT202COV/Pacs009COV message,,0.03h,5181.03h,4.72h,,,,,,,,,,,,,,,
,SOL-1128,[TPH][PPTE][PROD] Valid values in TPH DB to use payment xsd 010 version,11/28/25,0.08h,317.35h,21.77h,,505.05h,717.35h,,0.07h,,,3648.47h,,,,,,,
,SOL-1127,"[TPH][IL] Upgrade applications (AC,FU,Booking) to new payment xsd 010 version",12/11/25,0.15h,149.88h,,,213.53h,190.02h,1321.43h,5.43h,,,3329.77h,,,,,,,
,SOL-1125,[TPH][IL] Upgrade Kafka applications to new payment xsd 010 version,12/8/25,0.65h,150.35h,,,1341.52h,310.72h,,,,,3407.47h,,,,,,,
,SOL-1124,Change account check request DTO caching property,9/25/25,0.42h,,,,35.62h,,,,,,5190.85h,,,,,,,
,SOL-1123,Tieto package installment (TPH Delivery 2.5.21),9/29/25,29.40h,,,,117.20h,,,,,,5086.43h,,,,,,,
,SOL-1122,[Payments Operations] TPH UI user role Outgoing flow,,5255.55h,,,,,,,,,,,,,,,,,
,SOL-1120,"[CORE DB] Update report 'PROD EE/LV/LT cust pmts inc out' (EE, LV, LT)",11/13/25,141.50h,,332.60h,,68.37h,457.60h,194.70h,2.05h,,115.45h,4009.62h,0.02h,,,,,,
,SOL-1119,[CORR ACC API] tpins - mapping updates,10/2/25,0.03h,1.32h,,,22.35h,289.43h,20.15h,3.62h,,,5011.92h,,,,,,,
,SOL-1117,[CORE DB] Add uniqueness constraint on PAYMENT_REFERENCE table for TPH-related records,10/1/25,190.72h,,,,1.80h,0.00h,71.23h,51.25h,,,5037.90h,,,,,,,
,SOL-1116,[PODM API] Mapping PODM Scenarios to PODM JSON,10/20/25,1.12h,0.00h,,,503.87h,305.45h,,,,,4585.62h,,,,,,,
,SOL-1115,Bookings service to Account Info API getAccount integration,12/22/25,643.95h,,,21.83h,197.98h,,628.63h,186.93h,,,3694.92h,,,,,,,
,SOL-1114,[CORR ACC API] tpoc - mapping updates,10/7/25,0.12h,2.82h,,,4.97h,356.07h,138.57h,0.45h,,,4895.98h,,,,,,,
,SOL-1113,[CORR ACC API] tpic - mapping updates,10/7/25,0.05h,2.98h,,,4.82h,356.07h,118.08h,20.62h,,,4896.45h,,,,,,,
,SOL-1112,[CORR ACC API] tpinv - mapping updates,10/6/25,0.27h,3.08h,,,20.60h,335.33h,29.12h,92.62h,,,4918.37h,,,,,,,
,SOL-1111,[PODM API] Bookings service to Position Keeping API GET ledgerAccount integration,11/10/25,0.00h,404.72h,2.37h,,221.12h,73.97h,,,,,4698.72h,,,,,,,
,SOL-1109,Fix vulnerability for Namecheck API,9/29/25,0.00h,27.73h,,,284.87h,22.63h,,,,,5088.40h,,,,,,,
,SOL-1108,Production environment setup for State Sync,12/2/25,0.00h,27.68h,,,826.45h,20.28h,996.13h,,,,3553.12h,,,,,,,
,SOL-1106,"PODM swagger improvements - enabling X-Country-ISO for ""Return payment"" and ""Payment search""",9/12/25,0.28h,16.57h,0.47h,,0.32h,,,,,,5497.68h,,,,,,,
,SOL-1105,Show test results in Github using plug-in,11/21/25,0.03h,963.58h,,,168.42h,569.82h,,,,,3817.47h,,,,,,,
,SOL-1104,Get back result from Openshift,9/29/25,0.00h,291.35h,,,115.08h,24.57h,,,,,5088.42h,,,,,,,
,SOL-1102,Deploy container using OC,9/23/25,0.08h,123.73h,,,,167.07h,,,,,5228.72h,,,,,,,
,SOL-1101,Build application docker image,9/23/25,0.18h,118.42h,,,172.37h,,,,,,5228.72h,,,,,,,
,SOL-1100,Request service account and firewall openings,9/16/25,0.25h,3.40h,,,114.27h,,,,,,5401.85h,,,,,,,
,SOL-1099,[PODM API] Map REMIT_ACC_IS_OURS and BENEF_ACC_IS_OURS,10/20/25,0.18h,526.25h,,,65.80h,341.57h,,,,,4562.42h,,,,,,,
,SOL-1097,[TEST ENV]Conduct a risk assessment (and full NPAP and/or DPIA if needed),12/18/25,407.68h,,,,1990.12h,,,,,,3167.13h,,,,,,,
,SOL-1096,[TEST ENV]Get first approval from Portfolio Owner or other relevant decision forum in PA/GF,12/18/25,2397.85h,,,,,,,,,,3167.12h,,,,,,,
,SOL-1095,[TEST ENV]Send in General VPN Request via SNAP,12/18/25,2397.88h,,,,,,,,,,3167.10h,,,,,,,
,SOL-1094,[TEST ENV]Participate in a whitelisting meeting and get approval from the BARCC group,12/18/25,2397.90h,,,,,,,,,,3167.08h,,,,,,,
,SOL-1093,[TEST ENV] Register SRA NPAP in SNAP and screen it for NPAP,12/18/25,407.75h,,,,1990.12h,,,,,,3167.15h,,,,,,,
,SOL-1092,Create Correspondent Accounts POST Search endpoint,10/24/25,839.67h,1.17h,0.50h,,208.73h,24.80h,,,,,4490.48h,,,,,,,
,SOL-1091,[MVP] End-to-End testing,3/13/26,405.52h,,2999.07h,,,,695.27h,337.93h,,,1127.60h,,,,,,,
,SOL-1089,"[CORE DB] Update report 'debited_not_credited_LV' (EE, LV, LT)",11/13/25,5.37h,,523.25h,,0.35h,459.93h,429.27h,1.52h,,140.85h,4009.63h,,,,,,,
,SOL-1088,[CORE DB] Update report 'Difference in ledger 220006' (LV),11/13/25,5.37h,,523.23h,,1.57h,626.52h,261.47h,,,142.40h,4009.63h,,,,,,,
,SOL-1087,[CORE DB] Update report 'Pmts inc out special BIC list' (LV),11/13/25,5.38h,,524.02h,,197.18h,500.65h,169.43h,24.40h,,139.47h,4009.65h,,,,,,,
,SOL-1086,[CORE DB] Add new payment product to several PSD2 reports and to TryDig payouts monthly report,,5.38h,,673.10h,,147.90h,17.75h,2283.95h,476.43h,,1965.72h,,,,,,,,
,SOL-1085,[TPH] [BB TPH IL] - Payment Order Data Manager & API automation fix,9/9/25,5.68h,,,,,,,0.00h,,,5566.57h,,,,,,,
,SOL-1084,Copy MQ integration to e2e tests,9/25/25,1.58h,,,,400.67h,,,,,,5186.13h,,,,,,,
,SOL-1083,Funds update API validation error messages should return also fields,,5588.45h,,,,,,,,,,,,,,,,,
,SOL-1082,[CORE DB] Update TPH_FUNDS_UPDATE_OP_TYYP table - DEBIT_ACCOUNT_TYPE and CREDIT_ACCOUNT_TYPE columns and new configuaration rule,10/3/25,0.00h,0.02h,191.23h,,19.50h,2.82h,391.70h,1.03h,,,4986.73h,,,,,,,
,SOL-1079,Tieto package installment (TPH Delivery 2.5.20-06),9/9/25,2.32h,,,,26.18h,,,,,,5565.87h,,,,,,,
,SOL-1080,[ISO EXCHANGE] JAVA code cleanup from not used sysglobal parameters,9/15/25,0.80h,0.00h,,,0.57h,0.18h,172.68h,0.00h,,,5421.10h,,,,,,,
,SOL-1077,"[CORE DB] Update report 'local_benchmark_%' (EE, LV, LT)",10/16/25,96.25h,0.05h,523.12h,,166.70h,0.98h,49.87h,97.72h,,48.00h,4678.37h,,,,,,,
,SOL-1076,[CORE DB] Update report 'pensions payments in EE' (EE),,981.95h,97.42h,,,0.08h,,2038.52h,574.28h,,1968.92h,,,,,,,,
,SOL-1075,[CORE DB] Update report 'PROD LV big INCOMING dom pmts' (LV),10/16/25,96.35h,0.00h,523.18h,,165.50h,2.20h,49.85h,96.70h,,49.05h,4678.35h,,,,,,,
,SOL-1074,"[CORE DB] Update report 'PROD EE/LV/LT big dom pmts' (EE, LV, LT)",11/13/25,96.43h,,523.22h,,234.03h,52.53h,579.48h,2.00h,,163.88h,4009.67h,,,,,,,
,SOL-1073,Production environment setup for Booking Service,11/10/25,167.28h,,,,457.40h,,,,,955.57h,4081.33h,,,,,,,
,SOL-1070,VOSTRO->VOSTRO return is throwing UPDATEPAYM DB issue and it is not possible to do the return,11/10/25,0.05h,,,1342.32h,22.75h,,,176.02h,,,4073.52h,71.30h,,,,,,
,SOL-1068,Update Funds Update Service's OP_ID SQL query,,0.00h,292.95h,0.02h,,,361.35h,,,,,,5034.95h,,,,,,
,SOL-1066,[PODM Integration] Map decommissioned attributes 'intrBkSttlmDt' and 'reqdExctnDt' to use new attribute /bkIntPrtryInf/procgInf/valDt (DP.VALUE_DATE),9/9/25,118.80h,,,,,26.40h,,,,,5566.07h,,,,,,,
,SOL-1065,"[CORR ACC API] Add INVF, out_transit_to_return_charges and out_transit_to_in_transit% to scenario solver",12/10/25,1.13h,311.53h,2.88h,,288.30h,46.95h,1626.20h,102.48h,,,3332.25h,,,,,,,
,SOL-1064,[CORE DB] Update CORE DB procedures for TPH payments,,0.03h,453.30h,1056.23h,,,,,,,,,4221.00h,,,,,,
,SOL-1063,Definition of booking transaction types for VOST->INVF and return INVF->VOST are missing,4/16/26,5419.35h,,,,,,,,,,311.77h,,,,,,,
,SOL-1060,Enabling productions system monitoring,,0.35h,,5732.38h,,,,,,,,,,,,,,,
,SOL-1059,[CORE DB] Add indexes to table PAYMENTS.PAYMENT_REFERENCE_ARH to allow PODM Search to be performed on archive table,10/3/25,356.23h,,,,0.45h,,388.27h,1.03h,,,4986.73h,,,,,,,
,SOL-1057,"Agent charges (prices, agreements) import from FP to TPH",,2600.62h,,2444.80h,,,,,,,,,693.05h,,,,,,
,SOL-1056,"BOOKING transactions tpinr, tpoc, tporc are not made in case of return with charges from INVF (AML FREEZE)",,42.92h,,,,,,,,,,,5714.63h,,,,,,
,SOL-1055,[CORR ACC API] add From INVS/INVA to NOST/SUSP reversal booking to scenario solver,12/29/25,0.27h,46.12h,,,21.17h,27.65h,2065.02h,648.13h,,,2903.42h,,,,,,,
,SOL-1054,[CORR ACC API] Update scenario resolver,9/15/25,0.30h,91.58h,,,44.77h,,260.40h,2.05h,,,5423.60h,,,,,,,
,SOL-1053,[CORE DB] New transaction event types for TPH,9/29/25,0.13h,425.83h,1.50h,,2.67h,,244.62h,66.48h,,,5090.22h,,,,,,,
,SOL-1052,[CORR ACC API] Resolve booking for TRANFT (Vostro 6LV ->Nostro) in scenario solver,10/2/25,22.42h,113.43h,4.38h,,191.55h,74.12h,407.15h,25.12h,,,5015.57h,,,,,,,
,SOL-1047,Create Agent Charges report in Qlik,,0.00h,,3674.58h,,2184.28h,,,,,,,,,,,,,
,SOL-1046,Create Benchmark report with Qlik,,18.47h,,1856.90h,,4002.13h,,,,,,,,,,,,,
,SOL-1045,DP.BENEF_ACC_IS_OURS is not mapped correctly,12/11/25,0.02h,0.15h,,,3.92h,,2542.45h,,,,3335.53h,,,,,,,
,SOL-1044,[TPH][IL] Upgrade applications to new payment xsd 010 version (Kafka) PROD,11/10/25,0.02h,5.58h,,,508.85h,1315.97h,,,,,4075.22h,,,,,,,
,SOL-1043,Booking service TPOC transaction does not pick up the InstructionID from accounting request,9/12/25,194.82h,,,,0.57h,,212.78h,20.43h,,,5497.82h,,,,,,,
,SOL-1042,Tieto package installment (TPH patch Delivery 2.5.20-03),8/25/25,0.03h,,,,2.12h,,,,,,5926.28h,,,,,,,
,SOL-1058,[SEPA EXCHANGE] JAVA code cleanup from not used sysglobal parameters,9/15/25,0.00h,2.20h,,,3.28h,166.28h,336.52h,0.00h,,,5421.10h,,,,,,,
,SOL-1040,[TPH] [DEV] Kafka Connector and related MQ channel monitoring,2/10/26,0.18h,93.73h,,,1424.32h,2034.62h,,519.77h,,,1873.32h,,,,,,,
,SOL-1039,Booking service create a 0 transaction when AGNTIN_DEB has 0 amount in accounting message,9/12/25,65.72h,,,,0.53h,1.47h,412.17h,22.13h,,,5494.27h,,,,,,,
,SOL-1038,[PPTE] [PROD] Monitoring for Reference files upload to TPH,2/17/26,3605.78h,,,,,,,687.63h,,,1705.25h,,,,,,,
,SOL-1035,For multiple transactions vm.korresp_toiming OP_LOIGE transaction numbers are always market as 1,,121.57h,,,,115.88h,1030.52h,,,,,,4751.93h,,,,,,
,SOL-1034,[TPH] [BB TPH IL] - Funds Update API automation - Fix test response,8/22/25,20.23h,,,,,,,0.00h,,,6002.40h,,,,,,,
,SOL-1032,[SDTPS-....] [TPH] [BALTIC] Broken payments screening functionality towards Proscan,4/16/26,5714.13h,,,,,,,,,,311.75h,,,,,,,
,SOL-1029,API Tests Pipeline improvements,,6095.60h,,,,,,,,,,,,,,,,,
,SOL-1028,[TPH] [BB TPH IL] - Create Test Automation Documentation in Wiki,10/2/25,0.07h,,,,,,1126.82h,,,,5012.40h,,,,,,,
,SOL-1027,[CORR ACC API] Identify AML Freeze booking scenario based on received payment message,10/7/25,0.00h,6.22h,86.77h,,250.98h,137.25h,784.00h,0.83h,,,4895.13h,,,,,,,
,SOL-1026,Insert a return payment when original payment was not found,11/8/25,0.30h,0.00h,93.00h,,311.47h,382.18h,1251.93h,,,,4122.73h,,,,,,,
,SOL-1025,[TPH] [DEV] introduce additional monitoring cases in Booking API application,,0.00h,,6163.22h,,,,,,,,,,,,,,,
,SOL-1022,[ROMA][ROUTING] Update Roma routing to Sanction screen ALL pacs.009,8/19/25,0.10h,95.97h,,,0.03h,,,,,,6074.27h,,,,,,,
,SOL-1019,"[MVP][Access Management] TPH UI SNAP form in GATE, PPTE, PROD",2/6/26,483.33h,,1316.93h,,1252.48h,,91.32h,1084.07h,,,1965.95h,,,,,,,
,SOL-1018,[PODM API] Improve PODM GET DP.ID and POST Search APIs to search from archive table payments.payment_reference_arh. Improve Search endpoint: add query parameters,12/29/25,0.10h,126.25h,,,101.27h,304.83h,2518.83h,238.88h,,,2904.40h,,,,,,,
,SOL-1011,[MVP] Add State Synchronization Rules table,3/4/26,0.07h,,,,193.32h,360.13h,4325.15h,0.00h,,,1339.90h,,,,,,,
,SOL-1010,"[MVP] Add Scheduled runs, easily configurable by maintenance. Current decision: to keep inside application",3/5/26,0.82h,,,,263.90h,527.50h,4106.05h,0.00h,,,1320.32h,,,,,,,
,SOL-1009,[MVP][API integration] Payment Status Synchronization Application Integration with PODM search and update APIs,3/4/26,0.00h,,,,197.50h,160.17h,4489.02h,0.00h,,,1339.90h,,,,,,,
,SOL-1008,[API integration] Payment Status Synchronization Application Integration with TPH Full Payload API,9/2/25,0.02h,,,,364.87h,137.40h,,,,,5732.60h,,,,,,,
,SOL-1007,[MVP][Payments Operations] TPH UI user role OfficeProfile,3/16/26,524.55h,,2470.63h,,574.80h,,,1610.15h,,,1055.17h,,,,,,,
,SOL-1003,[CORE DB] Create DELETE and INSERT scripts for Risk rules migration to Proscan,8/22/25,0.03h,71.80h,0.00h,,91.48h,,31.55h,42.30h,,,6002.63h,,,,,,,
,SOL-1002,Tieto package installment (TPH Delivery 2.5.20),8/18/25,46.27h,,,,96.48h,,,,,,6098.63h,,,,,,,
,SOL-1001,"[KAFKA][TPH][BALTICS] Kafka stopped working, networking issue",8/14/25,17.65h,,26.97h,,,,29.20h,,,,6186.35h,,,,,,,
,SOL-1000,API tests integration to IBM MQ,10/16/25,0.02h,195.32h,,,506.00h,47.28h,,,,,5514.88h,,,,,,,
,SOL-996,[TPH][BALTICS] Incorrect PRODUCT REFERENCE (PRRF) ID for Outgoing Return from Customer Account,9/4/25,74.22h,19.23h,0.00h,,530.77h,17.18h,,,,,5689.22h,,,,,,,
,SOL-982,[CORE DB] investigate vm.va_toiming.get_lorotoim_liik,,312.88h,,,,,,,,,,,6071.72h,,,,,,
,SOL-975,Improve validation errors response message in case of HTTP status 400,12/1/25,0.00h,0.93h,4.93h,,343.80h,17.77h,2465.60h,2.15h,,,3574.90h,,,,,,,
,SOL-974,[TPH] [BB TPH IL] - PODM API automation - Update related system name,8/5/25,0.15h,,,,,0.00h,0.27h,,,,6409.98h,,,,,,,
,SOL-973,[MVP][TPH DB][Triggers] Create daily CSV report trigger in PROD for EAP report reconciliation purposes,3/24/26,24.10h,5.67h,,,146.32h,739.88h,163.93h,0.12h,,4488.63h,865.13h,,,,,,,
,SOL-981,[ISOX] Support addition date format for SWIFT Tracker CreDt,9/5/25,0.38h,65.53h,,,27.35h,0.02h,1.42h,745.40h,,,5660.22h,,,,,,,
,SOL-971,[MVP] Develop DP status synchronization flow logic (process DP entries based on Scenarios table and trigger corresponding API calls),3/13/26,0.00h,18.87h,292.10h,,47.98h,791.62h,4224.82h,26.72h,,,1126.83h,,,,,,,
,SOL-970,Remove pre-generated transaction number usage from create transaction,11/8/25,0.12h,1.08h,,,4.08h,0.00h,2427.78h,,,,4122.17h,,,,,,,
,SOL-969,Create TPH PROD DB user for Julija and assign roles,7/29/25,0.02h,0.02h,0.00h,,0.38h,,,,,,6573.57h,,,,,,,
,SOL-968,Fix for PODM production deployment random failures,10/7/25,0.00h,,357.68h,,1293.20h,28.60h,,,,,4896.20h,,,,,,,
,SOL-967,[PODM Mappings] Update Position Keeping API transaction details mappings in PODM,,0.62h,3.83h,,,18.12h,,2265.22h,1337.77h,,,,2879.27h,,,,,,
,SOL-966,FU API to NOT return FAILURE in case position_keeping succeeds,11/8/25,0.77h,,,,21.33h,,1882.20h,548.72h,,,4124.27h,,,,,,,
,SOL-965,Tieto package installment (TPH Delivery 2.5.19 Patch 06),7/29/25,0.05h,,,,8.53h,,,,,,6570.85h,,,,,,,
,SOL-964,[PODM Mappings Update] Update FU/ Bookings mappings to PODM (unstructured remit info and payment party IDs),8/25/25,17.98h,0.05h,,,448.78h,198.67h,,,,,5930.97h,,,,,,,
,SOL-963,Payment processing is failed with UPDTPAYM exception,1/13/26,1.17h,,4133.20h,,,,,0.02h,,,2537.92h,,,,,,,
,SOL-962,Booking service is not resolving Customer->Vostro return transaction,4/16/26,6407.20h,,,,,,,,,,311.73h,,,,,,,
,SOL-961,FU and Bookings Mapping to PODM: add mapping to field /pmtInf/cdtTrfTxInf/rmtInf/strd/cdtrRefInf/tp/issr,,2928.57h,,,,,,,,,,,3812.78h,,,,,,
,SOL-959,TEST TEST,7/17/25,0.00h,,,,,,,,,,6860.57h,,,,,,,
,SOL-958,[Funds Update] Wrong value added to crebit.dp.remit_trn_id,7/22/25,118.53h,,,,,,0.17h,,,,6742.43h,,,,,,,
,SOL-945,[CORE DB] Update SFI service limitations,9/9/25,0.03h,27.37h,67.13h,,0.40h,0.00h,1274.10h,,,,5564.62h,,,,,,,
,SOL-944,Update Funds Update response to TPH - 'additionalResultInf',12/11/25,0.22h,66.83h,,,22.43h,,3577.80h,,,,3335.53h,,,,,,,
,SOL-943,[PODM endpoint] Add New POST Search Endpoint to PODM REST API for Filtering by Null or Specific Parameters,2/6/26,498.67h,5.82h,,,168.90h,0.12h,4366.78h,22.50h,,,1965.57h,,,,,,,
,SOL-942,[TPH] [BB TPH IL] - Payment Order Data Manager & API automation - Update mappings,7/10/25,0.00h,,,,,,4.63h,0.00h,,,7029.20h,,,,,,,
,SOL-941,Remove TPH prod access before roll out from development team,,7055.00h,,,,,,,,,,,,,,,,,
,SOL-940,[TPH] [BB TPH IL] - Funds Update API automation - Implement positive test cases,12/23/25,0.03h,,,,1297.60h,0.00h,2716.07h,,,,3042.58h,,,,,,,
,SOL-933,[TPH] [BB TPH IL] - Booking service automation,11/3/25,0.00h,,,,,,2707.50h,120.13h,,,4249.43h,,,,,,,
,SOL-932,[CORE DB] Update TPH_FUNDS_UPDATE_OP_TYYP table,7/11/25,91.00h,2.03h,,,1.52h,0.17h,71.90h,0.03h,,,7005.88h,,,,,,,
,SOL-931,Funds update issues,8/18/25,0.00h,,524.72h,,573.02h,,,,,,6097.58h,,,,,,,
,SOL-930,Enable TPH message listener for Production,,0.02h,7198.95h,,,,0.03h,,,,,,,,,,,,
,SOL-929,[TPH] [BB TPH IL] - Funds Update API automation update certificate,7/3/25,3.15h,,,,,,,,,,7198.37h,,,,,,,
,SOL-927,Funds Update API to PODM mapping/rules updates,9/4/25,0.68h,0.02h,,,1550.40h,6.25h,,,,,5687.38h,,,,,,,
,SOL-926,Remove Archive Code from incoming payment's fee transaction unstructuredTransactionDetails,11/8/25,0.20h,2.00h,,,23.87h,167.87h,2931.02h,,,,4121.80h,,,,,,,
,SOL-925,Create a happy path test,10/13/25,0.03h,2020.72h,,,266.53h,208.82h,,,,,4728.63h,,,,,,,
,SOL-924,Integration with PODM,10/10/25,0.00h,2020.87h,,,238.72h,168.93h,,,,,4820.30h,,,,,,,
,SOL-923,Integration with TPH Payment API Gateway,10/10/25,0.10h,2020.88h,,,359.23h,48.40h,,,,,4820.32h,,,,,,,
,SOL-922,Onboard to Github,8/6/25,0.00h,5.38h,,,815.12h,49.57h,,,,,6379.77h,,,,,,,
,SOL-921,[CORR ACC API] Map and form a request based on correspondent accounting scenarios,10/7/25,0.07h,190.63h,0.28h,,386.30h,22.63h,160.60h,1560.35h,,,4898.23h,,,,,,,
,SOL-909,Risk Rules Migration,8/22/25,0.18h,160.77h,1182.72h,,,,,24.23h,,,6002.62h,,,,,,,
,SOL-904,[TPH] [BALTICS] Review possibility to check payment data on backend,7/9/25,0.02h,22.83h,,0.02h,,,,454.53h,,,7056.35h,,,,,,,
,SOL-903,Connection to MQ,,0.00h,486.17h,139.62h,,1244.50h,162.82h,,,,,,5476.97h,,,,,,
,SOL-902,Using production like data in non production environments,9/8/25,1.47h,,1939.88h,,,,,,,,5594.25h,,,,,,,
,SOL-901,[MVP] Support TPH->EAP->Qlik E2E testing,,5662.98h,,,,,,,1873.35h,,,,,,,,,,
,SOL-900,[MVP] Support TPH->EAP->GDW E2E testing,,1971.57h,,,,,,,5564.78h,,,,,,,,,,
,SOL-899,[MVP][TPH] [CONFIG] TPH log (data) retention policy and archiving,,0.20h,,7536.32h,,,,,,,,,,,,,,,
,SOL-892,[Testing] - Funds Update improvements,1/27/26,5114.98h,,232.90h,,,,,25.25h,,,2207.08h,,,,,,,
,SOL-891,update Returns to use pmtVrsn and chnlPmtVrsn,6/20/25,0.17h,1.85h,63.77h,,29.70h,,,,,,7506.92h,,,,,,,
,SOL-890,Sync FU - PODM payment object mappers,6/30/25,0.05h,,88.72h,,248.78h,,,,,,7264.97h,,,,,,,
,SOL-888,Funds Update tp PODM mapping cleanup,,5137.78h,,2465.20h,,,,,,,,,,,,,,,
,SOL-887,[CORE DB] [CORR ACC API] DB table for TPH ACCOUNTING message to transactionEventType mapping config,,0.08h,,884.58h,,,,,,,,,6718.42h,,,,,,
,SOL-886,FU PODM 404 response status processing,6/19/25,1.20h,,,,65.68h,,,,,,7538.37h,,,,,,,
,SOL-956,[ISO Exchange] Receive and store outgoing multiple camt.106.001.02 from TPH (p1),7/23/25,0.07h,743.72h,,,,0.13h,149.37h,0.00h,,,6717.07h,,,,,,,
,SOL-884,[TPH] [BB TPH IL] - Payment Order Data Manager & API automation fix,6/20/25,0.15h,,,0.00h,,,,95.80h,,,7514.62h,,,,,,,
,SOL-883,Funds Update API service Return flow update,12/30/25,2216.25h,10.12h,780.13h,,146.70h,233.62h,1008.28h,,,460.52h,2875.12h,,,,,,,
,SOL-882,[PODM API] Add new field for DP.RETURN_INDICATOR to PODM,7/8/25,258.53h,,,,154.68h,,,,,,7333.82h,,,,,,,
,SOL-881,[PODM API] Map use cases to PODM Insert / Update/ Return endpoints,,1338.40h,,1829.98h,,,,,,,,,4603.18h,,,,,,
,SOL-878,Tieto package installment (TPH Delivery 2.5.19),6/20/25,359.48h,,,,,,,,,,7510.43h,,,,,,,
,SOL-877,Fix PODM mTLS certificate DNS names in dev and test,6/5/25,0.00h,,,,16.70h,0.00h,,,,,7874.12h,,,,,,,
,SOL-876,[TPH DB] Scripted changes for valid values and schemes setup,6/9/25,0.50h,,,,111.45h,,,,,,7779.08h,,,,,,,
,SOL-875,Update FU mappings to PODM,,5429.58h,,,,,,,,,,,2465.22h,,,,,,
,SOL-874,Remove BankApp from PPTE environment,6/30/25,0.00h,522.23h,,,66.55h,48.43h,,,,,7273.25h,,,,,,,
,SOL-873,[TPH] [DEV] TPH Module availability monitoring,9/2/25,0.03h,42.83h,145.15h,,71.43h,811.48h,170.67h,937.85h,,,5734.12h,,,,,,,
,SOL-872,Remove unused Sonarqube projects,6/5/25,0.00h,5.42h,,,4.47h,44.90h,,,,,7866.68h,,,,,,,
,SOL-871,Sonarqube findings for core-payment-order-data-manager,6/13/25,0.00h,5.45h,,,162.12h,71.18h,,,,,7682.78h,,,,,,,
,SOL-870,Sonarqube findings for core-funds-update,6/6/25,0.00h,5.48h,,,20.95h,45.80h,,,,,7849.38h,,,,,,,
,SOL-868,[TPH] [DEV] TPH Module resource monitoring,9/2/25,0.13h,43.15h,269.97h,,522.43h,264.90h,74.37h,1129.98h,,,5734.17h,,,,,,,
,SOL-867,[End-to-End testing] - Bookings Service,,24.00h,,8015.32h,,,,,,,,,,,,,,,
,SOL-866,Create State Sync andromeda application in TPHB IL,6/11/25,0.13h,124.83h,,,147.18h,45.32h,,,,,7723.68h,,,,,,,
,SOL-865,[PODM API RETURN] Add new status requirement to PODM API Return endpoint,7/1/25,0.00h,262.70h,,,432.15h,233.72h,,,,,7250.37h,,,,,,,
,SOL-864,[TPH] [BB TPH IL] - Funds Update API automation - Initial setup,7/9/25,66.48h,,,,,,,934.18h,,,7156.72h,,,,,,,
,SOL-863,Payment API Gateway cannot connect to DB on Prod,,0.00h,289.07h,,,1.35h,377.85h,,,,,,7537.12h,,,,,,
,SOL-861,Remove bankapp from production,6/5/25,0.50h,291.83h,,,2.68h,45.20h,,,,,7868.53h,,,,,,,
,SOL-960,[ISO-exchange] Incoming camt.056 is not related to original message when received via another service,7/28/25,0.13h,1364.87h,,,24.72h,0.22h,124.60h,116.95h,,,6600.03h,,,,,,,
,SOL-859,Tieto package installment (TPH Delivery 2.5.18 Patch 02),5/21/25,0.02h,,,,4.73h,,,,,,8229.30h,,,,,,,
,SOL-858,[TPH] Disable user creation through Flyway,,0.00h,0.23h,,,0.37h,161.88h,,,,,,8089.75h,,,,,,
,SOL-857,[CORE DB] Add new ERROR_CODE to CORE DB,6/19/25,242.88h,0.00h,,,0.10h,264.55h,190.35h,24.22h,,,7534.15h,,,,,,,
,SOL-856,Add Incoming and Outgoing Return payment types for Transit Bank to Bank,5/20/25,0.12h,,19.42h,,,,,,,,8256.13h,,,,,,,
,SOL-855,[TPH] add additional information to TPH prod Jenkins pipeline,5/23/25,0.00h,25.38h,,,5.73h,65.45h,,,,,8181.15h,,,,,,,
,SOL-854,Make IWH data mapping for Qlik to consume,1/28/26,581.60h,,2514.97h,,192.60h,,,2879.60h,,,2184.27h,,,,,,,
,SOL-853,[TPH] [DEV] develop worker-tphb-monitoring-b app,,0.00h,,671.30h,,,,,,,,,7701.37h,,,,,,
,SOL-852,Customer Payment Initiation (Outward Credit Transfer) V2 API - Raw Message data serialization bug,,8373.90h,,,,,,,,,,,,,,,,,
,SOL-850,Bookings service web client for exception case processing,11/11/25,1969.33h,,2352.85h,,,,,,,,4056.45h,,,,,,,
,SOL-849,Funds Update API service to consume Accounts API getAccountBalance endpoint,5/29/25,0.00h,126.50h,0.20h,,141.12h,71.50h,,,,,8039.57h,,,,,,,
,SOL-848,"When Funds Update CRE, set forceDebitAllowed to TRUE for fee transaction",5/15/25,0.17h,,,,2.77h,19.03h,0.07h,,,,8376.58h,,,,,,,
,SOL-847,bpcs/core-namecheck vulnerabilities,5/21/25,2.75h,0.00h,,,163.33h,22.57h,,,,,8233.80h,,,,,,,
,SOL-846,[CORE DB] SYSGLOBAL parameter PROSCAN_NEW_APPID_STAR change to past date,6/25/25,0.03h,1034.62h,0.00h,,,,,0.00h,,,7391.42h,,,,,,,
,SOL-845,Funds Update API service is able to consume Position Keeping API getTransaction endpoint,12/23/25,0.03h,4.83h,3625.37h,,217.28h,18.22h,1323.85h,119.50h,,,3045.60h,,,,,,,
,SOL-844,[PPTE] [PROD] Change configuration for reference data upload to TPH,8/22/25,0.00h,,,,2115.20h,18.35h,,264.97h,,,5998.65h,,,,,,,
,SOL-842,Tieto package installment (TPH Delivery 2.5.18 Patch 01.1),5/8/25,2.77h,,,,,,,,,,8538.63h,,,,,,,
,SOL-839,PODM: remove update endpoint idempotency,,0.00h,0.45h,,,,220.00h,,,,,,8349.53h,,,,,,
,SOL-838,Funds update: remove MDM account,12/29/25,0.00h,1.10h,,,,5665.70h,,,,,2903.25h,,,,,,,
,SOL-837,Funds update: remove MDM client,5/8/25,0.07h,0.98h,,,21.73h,,,,,,8547.33h,,,,,,,
,SOL-833,[TPH DB] Script for tsp_valid_value and tsp_bank_valid_value full set-up,,8613.88h,,,,,,,,,,,,,,,,,
,SOL-831,PODM hazelcast configuration for prod,5/14/25,142.12h,,,,28.25h,,164.47h,,,,8401.60h,,,,,,,
,SOL-828,[TPH] Valid values in TPH to use payment xsd 009 version,5/15/25,0.02h,0.10h,,,73.22h,308.20h,,,,,8374.67h,,,,,,,
,SOL-827,[TPH][IL] Upgrade applications to new payment xsd 009 version (Kafka),6/2/25,0.00h,0.20h,,,221.48h,163.00h,361.32h,71.93h,,,7938.42h,,,,,,,
,SOL-826,Add feature flags to payment types,5/6/25,0.28h,4.90h,,,144.83h,17.27h,,,,,8594.40h,,,,,,,
,SOL-824,Tieto package installment (TPH Delivery 2.5.18 Patch 01),4/28/25,0.02h,,,,3.58h,,,,,,8780.40h,,,,,,,
,SOL-1135,[CORE DB] Archiving improvement for TPH payments records in table CREBIT.DP,,3666.40h,1.27h,,,100.00h,0.00h,,,,,,5083.03h,,,,,,
,SOL-806,[TPH][IL]Migrate Funds Update call from XML payload to JSON,,0.02h,125.65h,,,,307.15h,,,,,,8448.55h,,,,,,
,SOL-805,[TPH DB] Scripted changes to scheme set-up,5/7/25,0.28h,,,,312.95h,,,,,,8568.15h,,,,,,,
,SOL-804,[TPH][IL]Migrate Account Check call from XML payload to JSON,,0.00h,125.67h,,,,307.13h,,,,,,8448.55h,,,,,,
,SOL-803,[TPH][IL] Upgrade applications to new payment xsd 009 version,5/30/25,0.07h,125.53h,,,0.00h,218.47h,139.58h,0.00h,,383.50h,8014.37h,,,,,,,
,SOL-802,[CORE DB] Update OP_MAKSUAINE for OP_ID 6TPR and 7TPR,5/15/25,0.63h,,,,1.35h,0.00h,520.50h,0.00h,,,8354.30h,,,,,,,
,SOL-801,Rollover ADFS certificates in PROD,5/13/25,121.57h,,,,28.87h,333.87h,,,,,8396.43h,,,,,,,
,SOL-800,Tieto package installment (TPH Delivery 2.5.18),5/6/25,42.45h,,,,293.32h,,,,,,8588.47h,,,,,,,
,SOL-798,[TPH] [PODM] [Enhancement]Please add error message to response of the endpoints,5/26/25,166.57h,0.23h,,,19.67h,,744.65h,4.67h,,,8109.07h,,,,,,,
,SOL-832,[CORE DB] Provide TPH payment reversal information in MT950,2/3/26,0.08h,163.88h,,,167.75h,0.13h,1292.03h,428.95h,,,7013.30h,,,,,,,
,SOL-795,Use available balance for Vostro account if Force Fund functionality used,4/22/25,0.33h,,0.25h,,117.23h,19.67h,,,,,8930.52h,,,,,,,
,SOL-793,Secure Access to TPH DB,4/15/26,8086.07h,,699.50h,,,,,,,,332.13h,,,,,,,
,SOL-792,update models for PODM GET DP.ID response and PODM Update payment request,6/30/25,20.22h,54.65h,1272.93h,,497.93h,0.33h,,,,,7272.88h,,,,,,,
,SOL-791,[TPH] [CONFIG] Production TPH module loglevel,5/14/25,72.18h,72.17h,,,215.05h,263.03h,,165.82h,,0.00h,8399.77h,,,,,,,
,SOL-790,getBalanceInfo endpoint,4/14/25,0.00h,0.62h,,,80.43h,17.38h,,,,,9114.25h,,,,,,,
,SOL-789,Testing instructions for Swedbank Gateway team,7/21/25,2446.93h,,,,,,,,,,6769.78h,,,,,,,
,SOL-788,Testing instructions for OpenBank team,7/21/25,2446.93h,,,,,,,,,,6769.80h,,,,,,,
,SOL-786,[PODM Scenarios] Service is able to identify payment scenario based on received payment message,10/20/25,0.03h,7.52h,3840.70h,,503.90h,305.28h,,,,,4585.58h,,,,,,,
,SOL-784,Position Keeping API - unstructuredTransactionDetails – repeals,4/16/25,0.32h,,50.72h,,124.05h,18.87h,,,,,9069.85h,,,,,,,
,SOL-783,Restrict using Credit line on Vostro account,4/22/25,0.05h,51.17h,1.03h,,260.90h,20.38h,,,,,8931.33h,,,,,,,
,SOL-782,[TPH] [DEV] introduce additional monitoring cases in Funds update API application,,0.00h,,9279.97h,,,,,,,,,,,,,,,
,SOL-781,Implement processing flow for Funds Update service Cancel flow,5/8/25,0.18h,143.52h,16.85h,,191.47h,198.58h,185.18h,,,,8546.15h,,,,,,,
,SOL-780,[PODM API] Service is able to consume PODM Return a Payment endpoint,7/2/25,0.00h,120.18h,1890.95h,,1.37h,5.13h,,,,,7219.28h,,,,,,,
,SOL-779,[PODM API] Service is able to consume PODM Update Payment endpoint,7/2/25,0.02h,120.18h,1890.98h,,1.62h,3.50h,,,,,7220.67h,,,,,,,
,SOL-778,[API integration] FundsUpdate - PODM RETURN request integration,6/20/25,1558.48h,0.50h,,,205.12h,2.87h,,,,,7518.15h,,,,,,,
,SOL-777,[API integration] FundsUpdate - PODM UPDATE request integration,6/19/25,1558.48h,20.20h,,,169.13h,,,,,,7537.30h,,,,,,,
,SOL-776,[API integration] FundsUpdate - PODM CANCEL request integration,6/12/25,1534.77h,0.00h,,,48.23h,,,,,,7702.15h,,,,,,,
,SOL-775,[PODM API] Service is able to consume PODM Insert new payment endpoint,7/2/25,0.03h,120.18h,1891.47h,,3.93h,0.02h,,,,,7221.82h,,,,,,,
,SOL-774,[PODM API] Service is able to consume PODM GET DP.ID endpoint,5/29/25,0.22h,161.65h,746.20h,,1.07h,361.02h,,,,,8039.53h,,,,,,,
,SOL-773,[CORR ACC API] Service is able to consume Correspondent Accounts API reverse transactions endpoint,,0.00h,1.95h,858.88h,,,,,,,,,8425.15h,,,,,,
,SOL-771,[Onboarding] BPAY developers into TPH release procedures,,9356.07h,,,,,,,,,,,,,,,,,
,SOL-770,"[Onboarding] IT Maintenance team - TPH UI, TPH DB",,4866.97h,,2880.75h,16.70h,,,,,,,1591.80h,,,,,,,
,SOL-767,Decommissioning of M disk,7/28/25,1480.92h,149.18h,384.00h,,669.60h,116.08h,0.30h,,,,6602.25h,,,,,,,
,SOL-766,[MVP] Create ILM reports for TPH pending payments in Qlik,,1728.57h,,3097.55h,,4510.52h,,,0.00h,,,,,,,,,,
,SOL-765,ECP Reports for payments processed in TPH in Qlik,9/29/25,1683.47h,,2636.43h,,,,,,,,5088.80h,,,,,,,
,SOL-764,Replacing Core reports for payment operations in Qlik,9/30/25,1683.55h,,2661.28h,,,,,,,,5063.92h,,,,,,,
,SOL-762,Synchronized TPH configuration from PROD to PPTE,,8397.97h,,1031.73h,,,,,,,,,,,,,,,
,SOL-1098,[CORE DB] Cleanup from not used sysglobal parameters,10/1/25,71.80h,71.60h,3359.17h,,6.98h,398.25h,480.07h,2.13h,,,5039.77h,,,,,,,
,SOL-794,[SEPA EXCHANGE] Use new appid in ProScan request for cross-border SEPA,5/12/25,72.40h,96.57h,0.00h,0.73h,164.27h,25.33h,313.47h,0.12h,,,8733.18h,,,,,,,
,SOL-787,[CORE DB] Introduce PROSCAN_NEW_APPID_START to sysglobal,4/17/25,6.43h,162.65h,,,1.17h,41.55h,168.95h,0.00h,,,9049.47h,,,,,,,
,SOL-758,[Pre-Prod] Work transformation - Duties Handower,,26.88h,,9404.92h,,,,,,,,,,,,,,,
,SOL-757,Onboard into github actions,,9432.67h,,,,,,,,,,,,,,,,,
,SOL-756,Analyse enabling daily transaction report in TPH PROD,9/29/25,3026.75h,,1055.82h,,,,,,,263.03h,5088.25h,,,,,,,
,SOL-755,Order the Sterling job for PROD,1/28/26,3173.00h,,499.95h,,,,,3576.83h,,,2184.08h,,,,,,,
,SOL-754,Order the Sterling job for PPTE,9/18/25,0.97h,,1456.85h,,631.22h,,,2015.30h,,0.00h,5353.50h,,,,,,,
,SOL-752,[CONF] TPH to FU configuration path update,5/9/25,0.00h,,192.42h,,719.05h,,,,,,8522.68h,,,,,,,
,SOL-825,[ISO EXCHANGE] Use new appid in ProScan request for cross-border payments,6/3/25,9.03h,96.85h,67.70h,,289.15h,189.63h,745.50h,114.37h,,,7922.47h,,,,,,,
,SOL-750,"Payment Order Data Manager & API - update, conditions are not implemented",4/24/25,370.98h,,,,159.98h,,21.25h,25.32h,,,8876.23h,,,,,,,
,SOL-749,"Wow: TPH Integration layer maintenance (APIs, MQ, SSL cert, password mngmnt in cyberark, url path updates)",3/17/26,8422.45h,,,,,,,,,,1031.42h,,,,,,,
,SOL-748,"Payment Order Data Manager & API - update, some fields are mandatory, but should not to be",4/22/25,371.05h,,,,10.83h,,144.32h,0.02h,,,8927.63h,,,,,,,
,SOL-746,Wow: TPH patches/ packages & configuration deployment (installation in all env),3/17/26,8422.45h,,,,,,,,,,1031.53h,,,,,,,
,SOL-745,[TPH DB] Scripted changes to scheme set-up and valid values,4/1/25,28.67h,,,,0.72h,,,,,,9429.60h,,,,,,,
,SOL-744,[SmartPay][CORE DB] New transaction event types for TPH accounting transactions,6/23/25,115.30h,171.43h,1680.77h,,44.02h,0.00h,6.82h,89.63h,,,7442.28h,,,,,,,
,SOL-735,[MVP][TPH DB][Unions] Update scripts for Unions in TPH,12/10/25,5126.48h,194.47h,,,24.75h,833.73h,3.88h,0.32h,,,3356.52h,,,,,,,
,SOL-734,Add API documentation to wiki,4/10/25,0.00h,138.42h,,,,199.37h,,,,,9210.17h,,,,,,,
,SOL-733,"Payment Order Data Manager & API - Return payment, do not update data",4/17/25,186.93h,,,,,,316.03h,0.00h,,,9046.43h,,,,,,,
,SOL-732,[TPH] [CONFIG] GDPR compliant logging in TPH,,4.53h,,790.18h,,,,,,,,,8756.45h,,,,,,
,SOL-729,[CypressHill] [TEST SAA] [PROD SAA] Create message partner in SAA for Incoming MT910 copy routing to TPH],5/20/25,1128.45h,,,,,,168.05h,,,,8258.38h,,,,,,,
,SOL-727,Set additional JSON fields Mandatory,4/23/25,16.52h,0.00h,,,,486.90h,162.47h,0.00h,,,8904.38h,,,,,,,
,SOL-726,[MVP][TPH DB] Execute script for adding Bank Accounts to TPH from FP app,4/21/26,5757.57h,501.08h,3.55h,,915.58h,145.15h,21.10h,2036.93h,,,190.35h,,,,,,,
,SOL-725,"[MVP] [TPH DB] Create script for agent charges (prices, agreements) based on FP setup",4/21/26,5850.08h,263.38h,1997.42h,,,313.10h,1029.10h,,,,190.33h,,,,,,,
,SOL-724,Payment Order Data Manager & API - mandatory/optional fields and tags not as requested,4/23/25,145.93h,,,,320.37h,,205.03h,,,,8904.47h,,,,,,,
,SOL-723,[TPH DB] Scripted changes to scheme and NOBOOK mechanism set-up,3/26/25,0.00h,,,,4.43h,,,,,,9574.47h,,,,,,,
,SOL-722,[TPH] [DEV] introduce additional monitoring cases in Namecheck API application,,0.03h,,9592.62h,,,,,,,,,,,,,,,
,SOL-721,[TPH] [DEV] introduce additional monitoring cases in AccountCheck API application,,0.00h,,9594.67h,,,,,,,,,,,,,,,
,SOL-720,Create payment in TPH using PAGW Payment Initiation endpoint,4/7/25,18.68h,5.13h,,,240.10h,71.65h,,,,,9283.55h,,,,,,,
,SOL-719,Authorization: Integrate Payment initiator with TPH PAGW Access Token endpoint,4/7/25,18.72h,4.90h,,,311.47h,0.50h,0.00h,,,,9283.55h,,,,,,,
,SOL-717,[CypressHill] [PROD] Activate message partner in SAA for Incoming MT910 copy routing to TPH,,9696.32h,,,,,,,,,,,,,,,,,
,SOL-713,"[TPH] [BB TPH IL] - Analyses, possibility to get payments to TPH",5/14/25,1002.70h,,0.00h,,335.90h,,,,,,8402.52h,,,,,,,
,SOL-712,[TPH] [BB TPH IL] - Payment Order Data Manager & API automation,6/11/25,150.53h,,,,,,,1859.60h,,,7731.10h,,,,,,,
,SOL-711,[TPH] [BB TPH IL] - Scheduling automation to run in Jenkins and adding reporting,3/25/25,116.80h,,,,,,,25.38h,,,9599.12h,,,,,,,
,SOL-710,[MVP][TPH DB][Bank corr types] SSI export from FP to TPH,4/21/26,5429.67h,311.10h,1097.15h,,120.73h,192.37h,21.05h,2381.62h,,,190.37h,,,,,,,
,SOL-709,[SDTPS-5305] [TPH][BALTICS] Sanction screening of incoming pacs.009COV to own BIC,12/11/25,1751.40h,,1816.73h,,,,965.83h,45.42h,,1847.18h,3335.82h,,,,,,,
,SOL-708,[SDTPS-5300] [TPH][BALTICS] Avoid FundsUpdate with future value date,,9765.40h,,,,,,,,,,,,,,,,,
,SOL-707,Payment Order Data Manager & API Testing preparation,4/23/25,0.03h,,,,26.17h,69.50h,862.85h,,,,8904.35h,,,,,,,
,SOL-705,[APIs] Funds Update API and Account check API has increased number of errors,3/18/25,0.12h,,1.42h,,141.82h,,,,,,9769.32h,,,,,,,
,SOL-704,[MVP][TPH][DEV] TPH Operation monitoring cases,,0.12h,,6885.87h,,2374.78h,,,,,,,719.07h,,,,,,
,SOL-695,Tieto package installment (TPH Delivery 2.5.17),3/14/25,0.08h,,,,175.55h,,,0.00h,,,9857.12h,,,,,,,
,SOL-736,Update IT Recovery Plan (W670),12/19/25,2348.12h,,,,4565.07h,,,,,,3139.10h,,,,,,,
,SOL-1133,[CORE DB][TPH DB] Create roll-back solution,3/5/26,163.63h,938.42h,1873.33h,,5203.42h,71.40h,55.67h,,360.78h,,1314.48h,,,,,,,
,SOL-692,Move PODM to w991 Service offering,1/27/26,7847.07h,,,,,,,,,,2207.23h,,,,,,,
,SOL-691,[SDTPS-4553] [TPH][BALTIC][OUT] Payment initiation raw-message API request's attributes,,10077.12h,,,,,,,,,,,,,,,,,
,SOL-690,[SDTPS-4617] [TPH][BALTICS][OUT]Distributed tracing support in TPH,,10077.13h,,,,,,,,,,,,,,,,,
,SOL-689,[SDTPS-4882] [TPH][BALTICS][OUT] Use original debit date for outgoing customer payment value date calculation,,10077.15h,,,,,,,,,,,,,,,,,
,SOL-688,[2][SDTPS-4233] [TPH][BALTICS] Incoming Return to use FundsUpdate CRE,,1126.03h,26.08h,1.17h,,,,378.25h,1208.92h,,7336.73h,,,,,,,,
,SOL-687,[SDTPS-4981] [TPH][BALTICS] Retain NOST/SUSP used in ACCOUNTING Payload,,1126.95h,,,,,,,,,,,8950.30h,,,,,,
,SOL-686,[SDTPS-5064] [TPH] [BALTICS] Use externalCustomerReference (TRAN reference) from FundsUpdate response,6/27/25,2497.02h,26.52h,41.85h,,18.77h,147.85h,,,,,7345.25h,,,,,,,
,SOL-685,Dashboards improvements for TPH integration layer applications,3/24/25,0.77h,314.17h,,,143.50h,0.18h,,,,,9619.70h,,,,,,,
,SOL-684,"[IT Maintenance] Additional grants for TPH DB configuration PPTE, PROD",10/20/25,0.03h,626.47h,4582.42h,,1.92h,215.75h,94.05h,0.13h,,,4580.68h,,,,,,,
,SOL-683,PODM API Responses Review,4/25/25,0.58h,5.88h,,,28.60h,41.83h,1176.67h,,,,8852.37h,,,,,,,
,SOL-682,Implement idempotency in PODM to prevent multiple records creation due to retries,4/3/25,1.07h,5.78h,,,459.52h,210.02h,25.43h,22.70h,,,9381.87h,,,,,,,
,SOL-681,"Stop forwarding pacs.009 in favor of us, in case of remittance info",3/17/25,0.08h,0.92h,,,1.45h,,210.58h,124.75h,,,9787.42h,,,,,,,
,SOL-696,[MVP][TPH][CONFIG] Onboarding to LMI,,0.07h,,10195.60h,,,,,,,,,,,,,,,
,SOL-680,[NoTesting] Develop Payment Order Data Manager client and model,3/4/25,0.20h,,,,92.02h,,,,,,10105.53h,,,,,,,
,SOL-679,Rollover ADFS certificates in test environments,3/6/25,0.00h,99.77h,,,23.30h,22.93h,,,,,10053.40h,,,,,,,
,SOL-678,[TPH] [BB TPH IL] - Namecheck Check REST API Test automation,3/20/25,0.00h,,,,,,308.58h,192.63h,,,9719.48h,,,,,,,
,SOL-677,Setup PROD environment for Payment Order Data Manager,3/24/25,0.02h,24.48h,,,648.43h,0.97h,,,,,9617.93h,,,,,,,
,SOL-676,Setup PROD environment for Funds Update API,3/6/25,0.07h,24.45h,,,207.87h,0.98h,,,,,10058.48h,,,,,,,
,SOL-674,[TPH] [BB TPH IL] - Account Check REST API Test automation,3/12/25,0.02h,17.07h,,,,0.03h,220.92h,283.60h,,,9912.12h,,,,,,,
,SOL-673,[TPH] Sonar fixes/improvements,2/24/25,0.00h,4.23h,,,71.22h,70.62h,,,,,10293.30h,,,,,,,
,SOL-672,[PODM POST] Add value to CREBIT.DP.COMPANY_CODE when inserting new payment by POST endpoint (insert and return endpoints),4/25/25,17.30h,6.23h,,,112.98h,25.67h,1444.23h,,,,8852.38h,,,,,,,
,SOL-697,[TPH] [DEV] TPH MQ monitoring,8/14/25,0.02h,697.48h,3045.47h,,487.50h,65.70h,0.00h,1.67h,,,6185.23h,,,,,,,
,SOL-671,[PODM JSON] Make PODM JSON changes,4/25/25,17.83h,6.15h,,,407.85h,137.83h,1037.23h,,,,8852.33h,,,,,,,
,SOL-670,[TPH] Update TPH configuration - error channel,7/11/25,0.02h,97.60h,,,24.77h,24.47h,3377.32h,,,,7008.63h,,,,,,,
,SOL-743,Participate in a whitelisting meeting and get approval from the BARCC group,,10536.85h,,,,,,,,,,,,,,,,,
,SOL-742,Send in General VPN Request via SNAP,,10536.85h,,,,,,,,,,,,,,,,,
,SOL-741,Get first approval from Portfolio Owner or other relevant decision forum in PA/GF,,10536.87h,,,,,,,,,,,,,,,,,
,SOL-740,Conduct a risk assessment (and full NPAP and/or DPIA if needed),,10536.87h,,,,,,,,,,,,,,,,,
,SOL-731,Register SRA NPAP in SNAP and screen it for NPAP,,1012.10h,,,,9524.77h,,,,,,,,,,,,,
,SOL-835,[FT] Include TPH payments into Foreign payments transit ledgers reports in Forms Teller,5/15/25,1079.48h,788.85h,,,95.82h,0.02h,212.67h,0.32h,,,8376.70h,,,,,,,
,SOL-829,[CORE DB] Changes in comparison report source data procedures to include TPH payments,6/4/25,1364.10h,0.13h,,,435.75h,0.42h,158.15h,705.42h,,,7890.15h,0.00h,,,,,,
,SOL-843,[CORE DB] Exclude TPH payments from intrabank and SEPA payments comparison report (source data),5/16/25,1079.82h,881.57h,,,49.77h,3.30h,20.25h,166.40h,,,8353.07h,,,,,,,
,SOL-657,Payment Order Data Manager API response mapping for Funds Update to TPH response,7/3/25,0.00h,,,,3336.75h,65.43h,,,,,7173.85h,,,,,,,
,SOL-656,[NoTesting] Position Keeping API response mapping to TPH Funds Update response,2/19/25,0.02h,,,,43.77h,141.35h,,,,,10415.00h,,,,,,,
,SOL-655,[NoTesting] Pricing API response mapping to TPH Funds Update response,2/19/25,0.00h,,,,6.50h,183.60h,,,,,10410.03h,,,,,,,
,SOL-654,[NoTesting] MDM API response mapping to TPH Funds Update response,2/18/25,0.07h,,,,89.62h,69.40h,,,,,10441.17h,,,,,,,
,SOL-653,[SDTPS-3596] [TPH][BALTICS][OUT] TPH API to use idempotency design,,10608.12h,,,,,,,,,,,,,,,,,
,SOL-652,[TPH CONF] Disable AML re-scanning,2/14/25,0.62h,5.15h,,,17.05h,0.57h,48.17h,1.08h,,,10536.32h,,,,,,,
,SOL-651,Implement processing flow for Funds Update service Return flow,5/6/25,0.00h,94.53h,1542.70h,,449.33h,1.20h,,,,,8593.85h,,,,,,,
,SOL-644,[CORE DB] Create LOG tables for PAYMENTS.PAYMENT_REFERENCE and PAYMENTS.PAYMENT_PARTY_IDENTIFIER,2/14/25,0.38h,,,,0.37h,142.38h,3.03h,42.18h,,,10536.45h,,,,,,,
,SOL-642,Change TPH conf in all env (PPTE is priority),2/7/25,0.95h,,,,44.32h,,,,,,10704.77h,,,,,,,
,SOL-640,Set up SIAM/SNAP integration PROD,4/7/25,1344.65h,,,,141.83h,,,,,,9288.73h,,,,,,,
,SOL-639,Set up SIAM/SNAP integration PREPROD,4/1/25,506.00h,,,,673.43h,,165.22h,1.10h,,,9429.47h,,,,,,,
,SOL-635,Mapping IWH event payload to GDW requirements,2/10/26,0.00h,,3471.67h,,1829.80h,,,3691.42h,,,1873.38h,,,,,,,
,SOL-634,[3][SDTPS-4543] [TPH][BALTICS] Force Return of outgoing payment,,1851.38h,26.12h,0.23h,,,,377.20h,1997.05h,,6549.67h,,,,,,,,
,SOL-633,[5][SDTPS-3588] [TPH] [BALTICS] Extend Scheme validation with additional tags and inclusion/exclusion lists,,10801.75h,,,,,,,,,,,,,,,,,
,SOL-631,Tieto package installment (TPH Delivery 2.5.16),2/5/25,97.62h,,,,,23.27h,26.30h,0.02h,,,10749.80h,,,,,,,
,SOL-630,TPH changes propagation from PRE-PROD to PROD,4/4/25,736.30h,,,,839.23h,,,,,,9361.68h,,,,,,,
,SOL-1134,[CORE DB][TPH DB] TPH Pre-prod replica for Tieto,3/5/26,3930.87h,,2443.67h,,2064.53h,,1183.68h,,,,1314.48h,,,,,,,
,SOL-628,[Prod] Rollback from TPH to FP Dinasty,,10101.58h,,,,,,,,,,,836.22h,,,,,,
,SOL-627,Define what support needed from Tieto,,10937.83h,,,,,,,,,,,,,,,,,
,SOL-626,"Detailed day plan, hourly activities for Piloting",,10937.85h,,,,,,,,,,,,,,,,,
,SOL-625,[Onboarding] Payments Operations - TPH UI Access,,8057.08h,,2880.78h,,,,,,,,,,,,,,,
,SOL-624,Implement needed configuration changes from Pre-production Go-live activities page in PROD environment,,10937.90h,,,,,,,,,,,,,,,,,
,SOL-623,Update WIKI page that stores Pre-production & Go Live activities,,9906.23h,,1031.73h,,,,,,,,,,,,,,,
,SOL-622,Rehearsal in PPTE,,10578.68h,,,,359.30h,0.00h,,,,,,,,,,,,
,SOL-621,Position Keeping API - unstructuredTransactionDetails - returns,5/12/25,0.22h,69.32h,1660.33h,,623.35h,142.80h,,,,,8446.48h,,,,,,,
,SOL-620,[NoTesting] Position Keeping API - unstructuredTransactionDetails - to/from Loro,2/25/25,0.00h,19.80h,153.68h,,193.62h,304.45h,,,,,10273.45h,,,,,,,
,SOL-619,[NoTesting] Implement processing flow for Funds Update service integrations,4/2/25,0.12h,76.60h,417.00h,,978.07h,75.08h,,,,,9408.22h,,,,,,,
,SOL-618,[API endpoint] Add new PODM API endpoint to retrieve payment archival code,4/17/25,1681.57h,163.17h,,,65.35h,6.92h,,,,,9048.87h,,,,,,,
,SOL-617,[API] Update Payment Order Data Manager API field names and structure,,531.28h,,,,,,,,,,,10434.63h,,,,,,
,SOL-616,[API] Add new Payment Order Data Manager API fields,,531.30h,,,,,,,,,,,10434.63h,,,,,,
,SOL-615,APIs logging improvements,7/18/25,1.08h,221.58h,3833.50h,,29.43h,69.42h,,,,,6834.93h,,,,,,,
,SOL-613,Change configuration in TPH yaml files (for both zones),1/27/25,0.42h,,,,1.43h,,69.75h,0.63h,,1.25h,10967.53h,,,,,,,
,SOL-611,Tieto package installment (TPH Delivery 2.5.15-07),1/23/25,20.30h,,,,2.17h,22.05h,,,,,11063.72h,,,,,,,
,SOL-605,Implement possibility to run tests on local environment,2/7/25,45.82h,,,,356.83h,3.22h,,,,,10705.77h,,,,,,,
,SOL-603,[NoTesting] Funds Update API service is able to consume MDM API,1/27/25,0.13h,54.42h,,,96.95h,18.22h,,,,,10967.40h,,,,,,,
,SOL-632,[ISOX] SWIFT Tracker message report delivery optimization,2/5/25,0.00h,34.35h,23.35h,,23.88h,291.05h,99.87h,31.15h,,,10745.15h,,,,,,,
,SOL-693,[core-payment-order-initiator] create andromeda base application,3/21/25,1199.08h,,,,355.23h,,,,,,9698.00h,,,,,,,
,SOL-601,Manage ROMA MQ as STREAMING for IWH into Kafka,3/7/25,125.05h,,,,1099.25h,,,,,,10030.88h,,,,,,,
,SOL-600,Create CMDB items,1/30/25,385.23h,,,,,,,,,,10895.87h,,,,,,,
,SOL-715,[MVP][Payment Operations] Create TPH UI Instructions / user manual,,6478.15h,,1581.83h,,3240.12h,,,,,,,,,,,,,
,SOL-597,Tieto package installment (TPH Delivery 2.5.15-05),1/15/25,6.53h,,,,1.20h,,40.87h,0.00h,,,11256.53h,,,,,,,
,SOL-588,Extend Funds Update Pricing API FeeInfo model with priceListCode,,0.03h,122.05h,2.43h,,,833.38h,,,,,,10441.57h,,,,,,
,SOL-587,[TPH] [BALTICS] During the several times resending the Tracker outgoing message an error appears in ISOX,,232.87h,,7.22h,,,,,,,,355.87h,11109.12h,,,,,,
,SOL-564,"Store Payments API secrets in AAS DB and CyberArk DEV, TEST, PRE-PROD",2/3/25,0.05h,267.20h,,,71.37h,404.32h,172.55h,,,,10795.23h,,,,,,,
,SOL-563,[CORE DB] Insert configuration data to TPH_FUNDS_UPDATE_OP_TYYP,1/2/25,0.00h,,41.22h,,7.78h,,306.58h,,,,11566.65h,,,,,,,
,SOL-562,[PPTE][PROD] RMA files upload to TPH,8/22/25,2810.93h,,,88.48h,316.55h,,,2687.72h,,,5998.67h,,,,,,,
,SOL-561,[PPTE] [PROD] RTGS Directory files upload to TPH,7/7/25,2812.50h,,,,257.65h,,,1779.97h,,,7100.43h,,,,,,,
,SOL-560,[PPTE] [PROD] ECB and national CB FX rate upload to TPH,7/11/25,2846.75h,,258.68h,67.03h,338.05h,,,780.30h,,647.57h,7006.57h,,,,,,,
,SOL-559,Setup API Test Automation / Sample Test Case,1/24/25,0.27h,,,,651.77h,258.15h,,,,,11037.07h,,,,,,,
,SOL-558,Send TPH Production logs to Grafana,,0.02h,23.62h,,,,,,,,,,11927.65h,,,,,,
,SOL-557,Funds update API request objects generation from XSD,2/20/25,0.05h,3.72h,,,20.75h,22.42h,1512.28h,,,,10392.03h,,,,,,,
,SOL-556,[Cypress Hill] configure tracker message delivery notification routing in SAA,,695.83h,,43.70h,,,,,,,,,11230.58h,,,,,,
,SOL-555,Account check API request objects generation from XSD,5/7/25,2.17h,24.37h,,,21.53h,0.90h,3358.78h,,,,8566.35h,,,,,,,
,SOL-549,Create job for manual file upload,,12119.63h,,,,,,,,,,,,,,,,,
,SOL-548,DTOs to DB model mapping,2/25/25,23.80h,1.78h,,,264.90h,905.27h,670.92h,,,,10273.60h,,,,,,,
,SOL-547,DB Model(JPA) creation,1/24/25,23.80h,1.50h,,,911.97h,165.80h,,,,,11037.18h,,,,,,,
,SOL-546,Tieto package installment (TPH Delivery 2.5.15) + (TPH Delivery 2.5.15 Patch 02),12/13/24,0.00h,0.00h,,,92.95h,2.53h,95.80h,,,,12048.97h,,,,,,,
,SOL-545,"[CORE DB] add new column/attribute to TPH_FUNDS_UPDATE_OP_TYYP table, change PAYMENT_TYPE to Optional",12/18/24,0.00h,123.30h,,,0.47h,,21.70h,170.12h,,,11925.25h,,,,,,,
,,,,,,,,,,,,,,,,,,,,,
,,,,,,,,,,,,,,,,,,,,,
,,,,,,,,,,,,,,,,,,,,,
,,,,,,,,,,,,,,,,,,,,,
,,,,,,,,,,,,,,,,,,,,,
,,,,,,,,,,,,,,,,,,,,,
,,,,,,,,,,,,,,,,,,,,,
,,,,,,,,,,,,,,,,,,,,,
,,,,,,,,,,,,,,,,,,,,,
,,,,,,,,,,,,,,,,,,,,,
,,,,,,,,,,,,,,,,,,,,,
,,,,,,,,,,,,,,,,,,,,,
,,,,,,,,,,,,,,,,,,,,,
,,,,,,,,,,,,,,,,,,,,,
,,,,,,,,,,,,,,,,,,,,,
,,,,,,,,,,,,,,,,,,,,,
,,,,,,,,,,,,,,,,,,,,,
,,,,,,,,,,,,,,,,,,,,,
,,,,,,,,,,,,,,,,,,,,,
,,,,,,,,,,,,,,,,,,,,,
,,,,,,,,,,,,,,,,,,,,,
,,,,,,,,,,,,,,,,,,,,,
,,,,,,,,,,,,,,,,,,,,,
,,,,,,,,,,,,,,,,,,,,,
,,,,,,,,,,,,,,,,,,,,,
,,,,,,,,,,,,,,,,,,,,,
,,,,,,,,,,,,,,,,,,,,,
,,,,,,,,,,,,,,,,,,,,,
,,,,,,,,,,,,,,,,,,,,,
,,,,,,,,,,,,,,,,,,,,,
,,,,,,,,,,,,,,,,,,,,,
,,,,,,,,,,,,,,,,,,,,,
,,,,,,,,,,,,,,,,,,,,,
,,,,,,,,,,,,,,,,,,,,,
,,,,,,,,,,,,,,,,,,,,,
,,,,,,,,,,,,,,,,,,,,,
,,,,,,,,,,,,,,,,,,,,,
,,,,,,,,,,,,,,,,,,,,,
,,,,,,,,,,,,,,,,,,,,,
,,,,,,,,,,,,,,,,,,,,,
,,,,,,,,,,,,,,,,,,,,,
,,,,,,,,,,,,,,,,,,,,,
,,,,,,,,,,,,,,,,,,,,,
,,,,,,,,,,,,,,,,,,,,,
,,,,,,,,,,,,,,,,,,,,,
,,,,,,,,,,,,,,,,,,,,,
,,,,,,,,,,,,,,,,,,,,,
,,,,,,,,,,,,,,,,,,,,,
,,,,,,,,,,,,,,,,,,,,,
,,,,,,,,,,,,,,,,,,,,,
,,,,,,,,,,,,,,,,,,,,,
,,,,,,,,,,,,,,,,,,,,,
,,,,,,,,,,,,,,,,,,,,,
,,,,,,,,,,,,,,,,,,,,,
,,,,,,,,,,,,,,,,,,,,,
,,,,,,,,,,,,,,,,,,,,,
,,,,,,,,,,,,,,,,,,,,,
,,,,,,,,,,,,,,,,,,,,,
,,,,,,,,,,,,,,,,,,,,,
,,,,,,,,,,,,,,,,,,,,,
,,,,,,,,,,,,,,,,,,,,,
,,,,,,,,,,,,,,,,,,,,,
,,,,,,,,,,,,,,,,,,,,,
,,,,,,,,,,,,,,,,,,,,,
,,,,,,,,,,,,,,,,,,,,,
,,,,,,,,,,,,,,,,,,,,,
,,,,,,,,,,,,,,,,,,,,,
,,,,,,,,,,,,,,,,,,,,,
,,,,,,,,,,,,,,,,,,,,,
,,,,,,,,,,,,,,,,,,,,,
,,,,,,,,,,,,,,,,,,,,,
,,,,,,,,,,,,,,,,,,,,,
,,,,,,,,,,,,,,,,,,,,,
,,,,,,,,,,,,,,,,,,,,,
,,,,,,,,,,,,,,,,,,,,,
,,,,,,,,,,,,,,,,,,,,,
,,,,,,,,,,,,,,,,,,,,,
,,,,,,,,,,,,,,,,,,,,,
,,,,,,,,,,,,,,,,,,,,,
,,,,,,,,,,,,,,,,,,,,,
,,,,,,,,,,,,,,,,,,,,,
,,,,,,,,,,,,,,,,,,,,,
,,,,,,,,,,,,,,,,,,,,,
,,,,,,,,,,,,,,,,,,,,,
,,,,,,,,,,,,,,,,,,,,,
,,,,,,,,,,,,,,,,,,,,,
,,,,,,,,,,,,,,,,,,,,,
,,,,,,,,,,,,,,,,,,,,,
,,,,,,,,,,,,,,,,,,,,,
,,,,,,,,,,,,,,,,,,,,,
,,,,,,,,,,,,,,,,,,,,,
,,,,,,,,,,,,,,,,,,,,,
,,,,,,,,,,,,,,,,,,,,,
,,,,,,,,,,,,,,,,,,,,,
,,,,,,,,,,,,,,,,,,,,,
,,,,,,,,,,,,,,,,,,,,,
,,,,,,,,,,,,,,,,,,,,,
,,,,,,,,,,,,,,,,,,,,,
,,,,,,,,,,,,,,,,,,,,,
,,,,,,,,,,,,,,,,,,,,,
,,,,,,,,,,,,,,,,,,,,,
,,,,,,,,,,,,,,,,,,,,,
,,,,,,,,,,,,,,,,,,,,,
,,,,,,,,,,,,,,,,,,,,,
,,,,,,,,,,,,,,,,,,,,,
,,,,,,,,,,,,,,,,,,,,,
,,,,,,,,,,,,,,,,,,,,,
,,,,,,,,,,,,,,,,,,,,,
,,,,,,,,,,,,,,,,,,,,,
,,,,,,,,,,,,,,,,,,,,,
,,,,,,,,,,,,,,,,,,,,,
,,,,,,,,,,,,,,,,,,,,,
,,,,,,,,,,,,,,,,,,,,,
,,,,,,,,,,,,,,,,,,,,,
,,,,,,,,,,,,,,,,,,,,,
,,,,,,,,,,,,,,,,,,,,,
,,,,,,,,,,,,,,,,,,,,,
,,,,,,,,,,,,,,,,,,,,,
,,,,,,,,,,,,,,,,,,,,,
,,,,,,,,,,,,,,,,,,,,,
,,,,,,,,,,,,,,,,,,,,,
,,,,,,,,,,,,,,,,,,,,,
,,,,,,,,,,,,,,,,,,,,,
,,,,,,,,,,,,,,,,,,,,,
,,,,,,,,,,,,,,,,,,,,,
,,,,,,,,,,,,,,,,,,,,,
,,,,,,,,,,,,,,,,,,,,,
,,,,,,,,,,,,,,,,,,,,,
,,,,,,,,,,,,,,,,,,,,,
,,,,,,,,,,,,,,,,,,,,,
,,,,,,,,,,,,,,,,,,,,,
,,,,,,,,,,,,,,,,,,,,,
,,,,,,,,,,,,,,,,,,,,,
,,,,,,,,,,,,,,,,,,,,,
,,,,,,,,,,,,,,,,,,,,,
,,,,,,,,,,,,,,,,,,,,,
,,,,,,,,,,,,,,,,,,,,,
,,,,,,,,,,,,,,,,,,,,,
,,,,,,,,,,,,,,,,,,,,,
,,,,,,,,,,,,,,,,,,,,,
,,,,,,,,,,,,,,,,,,,,,
,,,,,,,,,,,,,,,,,,,,,
,,,,,,,,,,,,,,,,,,,,,
,,,,,,,,,,,,,,,,,,,,,
,,,,,,,,,,,,,,,,,,,,,
,,,,,,,,,,,,,,,,,,,,,
,,,,,,,,,,,,,,,,,,,,,
,,,,,,,,,,,,,,,,,,,,,
,,,,,,,,,,,,,,,,,,,,,
,,,,,,,,,,,,,,,,,,,,,
,,,,,,,,,,,,,,,,,,,,,
,,,,,,,,,,,,,,,,,,,,,
,,,,,,,,,,,,,,,,,,,,,
,,,,,,,,,,,,,,,,,,,,,
,,,,,,,,,,,,,,,,,,,,,
,,,,,,,,,,,,,,,,,,,,,
,,,,,,,,,,,,,,,,,,,,,
,,,,,,,,,,,,,,,,,,,,,
,,,,,,,,,,,,,,,,,,,,,
,,,,,,,,,,,,,,,,,,,,,
,,,,,,,,,,,,,,,,,,,,,
,,,,,,,,,,,,,,,,,,,,,
,,,,,,,,,,,,,,,,,,,,,
,,,,,,,,,,,,,,,,,,,,,
,,,,,,,,,,,,,,,,,,,,,
,,,,,,,,,,,,,,,,,,,,,
,,,,,,,,,,,,,,,,,,,,,
,,,,,,,,,,,,,,,,,,,,,
,,,,,,,,,,,,,,,,,,,,,
,,,,,,,,,,,,,,,,,,,,,
,,,,,,,,,,,,,,,,,,,,,
,,,,,,,,,,,,,,,,,,,,,
,,,,,,,,,,,,,,,,,,,,,
,,,,,,,,,,,,,,,,,,,,,
,,,,,,,,,,,,,,,,,,,,,
,,,,,,,,,,,,,,,,,,,,,
,,,,,,,,,,,,,,,,,,,,,
,,,,,,,,,,,,,,,,,,,,,
,,,,,,,,,,,,,,,,,,,,,
,,,,,,,,,,,,,,,,,,,,,
,,,,,,,,,,,,,,,,,,,,,
,,,,,,,,,,,,,,,,,,,,,
,,,,,,,,,,,,,,,,,,,,,
,,,,,,,,,,,,,,,,,,,,,
,,,,,,,,,,,,,,,,,,,,,
,,,,,,,,,,,,,,,,,,,,,
,,,,,,,,,,,,,,,,,,,,,
,,,,,,,,,,,,,,,,,,,,,
,,,,,,,,,,,,,,,,,,,,,
,,,,,,,,,,,,,,,,,,,,,
,,,,,,,,,,,,,,,,,,,,,
,,,,,,,,,,,,,,,,,,,,,
,,,,,,,,,,,,,,,,,,,,,
,,,,,,,,,,,,,,,,,,,,,
,,,,,,,,,,,,,,,,,,,,,
,,,,,,,,,,,,,,,,,,,,,
,,,,,,,,,,,,,,,,,,,,,
,,,,,,,,,,,,,,,,,,,,,
,,,,,,,,,,,,,,,,,,,,,
,,,,,,,,,,,,,,,,,,,,,
,,,,,,,,,,,,,,,,,,,,,
,,,,,,,,,,,,,,,,,,,,,
,,,,,,,,,,,,,,,,,,,,,
,,,,,,,,,,,,,,,,,,,,,
,,,,,,,,,,,,,,,,,,,,,
,,,,,,,,,,,,,,,,,,,,,
,,,,,,,,,,,,,,,,,,,,,
,,,,,,,,,,,,,,,,,,,,,
,,,,,,,,,,,,,,,,,,,,,
,,,,,,,,,,,,,,,,,,,,,
,,,,,,,,,,,,,,,,,,,,,
,,,,,,,,,,,,,,,,,,,,,
,,,,,,,,,,,,,,,,,,,,,
,,,,,,,,,,,,,,,,,,,,,
,,,,,,,,,,,,,,,,,,,,,
,,,,,,,,,,,,,,,,,,,,,
,,,,,,,,,,,,,,,,,,,,,
,,,,,,,,,,,,,,,,,,,,,
,,,,,,,,,,,,,,,,,,,,,
,,,,,,,,,,,,,,,,,,,,,
,,,,,,,,,,,,,,,,,,,,,
,,,,,,,,,,,,,,,,,,,,,
,,,,,,,,,,,,,,,,,,,,,
,,,,,,,,,,,,,,,,,,,,,
,,,,,,,,,,,,,,,,,,,,,
,,,,,,,,,,,,,,,,,,,,,
,,,,,,,,,,,,,,,,,,,,,
,,,,,,,,,,,,,,,,,,,,,
,,,,,,,,,,,,,,,,,,,,,
,,,,,,,,,,,,,,,,,,,,,
,,,,,,,,,,,,,,,,,,,,,
,,,,,,,,,,,,,,,,,,,,,
,,,,,,,,,,,,,,,,,,,,,
,,,,,,,,,,,,,,,,,,,,,
,,,,,,,,,,,,,,,,,,,,,
,,,,,,,,,,,,,,,,,,,,,
,,,,,,,,,,,,,,,,,,,,,
,,,,,,,,,,,,,,,,,,,,,
,,,,,,,,,,,,,,,,,,,,,
,,,,,,,,,,,,,,,,,,,,,
,,,,,,,,,,,,,,,,,,,,,
,,,,,,,,,,,,,,,,,,,,,
,,,,,,,,,,,,,,,,,,,,,
,,,,,,,,,,,,,,,,,,,,,
,,,,,,,,,,,,,,,,,,,,,
,,,,,,,,,,,,,,,,,,,,,
,,,,,,,,,,,,,,,,,,,,,
,,,,,,,,,,,,,,,,,,,,,
,,,,,,,,,,,,,,,,,,,,,
,,,,,,,,,,,,,,,,,,,,,
,,,,,,,,,,,,,,,,,,,,,
,,,,,,,,,,,,,,,,,,,,,
,,,,,,,,,,,,,,,,,,,,,
,,,,,,,,,,,,,,,,,,,,,
,,,,,,,,,,,,,,,,,,,,,
,,,,,,,,,,,,,,,,,,,,,
,,,,,,,,,,,,,,,,,,,,,
,,,,,,,,,,,,,,,,,,,,,
,,,,,,,,,,,,,,,,,,,,,
,,,,,,,,,,,,,,,,,,,,,
,,,,,,,,,,,,,,,,,,,,,
,,,,,,,,,,,,,,,,,,,,,
,,,,,,,,,,,,,,,,,,,,,
,,,,,,,,,,,,,,,,,,,,,
,,,,,,,,,,,,,,,,,,,,,
,,,,,,,,,,,,,,,,,,,,,
,,,,,,,,,,,,,,,,,,,,,
,,,,,,,,,,,,,,,,,,,,,
,,,,,,,,,,,,,,,,,,,,,
,,,,,,,,,,,,,,,,,,,,,
,,,,,,,,,,,,,,,,,,,,,
,,,,,,,,,,,,,,,,,,,,,
,,,,,,,,,,,,,,,,,,,,,
,,,,,,,,,,,,,,,,,,,,,
,,,,,,,,,,,,,,,,,,,,,
,,,,,,,,,,,,,,,,,,,,,
,,,,,,,,,,,,,,,,,,,,,
,,,,,,,,,,,,,,,,,,,,,
,,,,,,,,,,,,,,,,,,,,,
,,,,,,,,,,,,,,,,,,,,,
,,,,,,,,,,,,,,,,,,,,,
,,,,,,,,,,,,,,,,,,,,,
,,,,,,,,,,,,,,,,,,,,,
,,,,,,,,,,,,,,,,,,,,,
,,,,,,,,,,,,,,,,,,,,,
,,,,,,,,,,,,,,,,,,,,,
,,,,,,,,,,,,,,,,,,,,,
,,,,,,,,,,,,,,,,,,,,,
,,,,,,,,,,,,,,,,,,,,,
,,,,,,,,,,,,,,,,,,,,,
,,,,,,,,,,,,,,,,,,,,,
,,,,,,,,,,,,,,,,,,,,,
,,,,,,,,,,,,,,,,,,,,,
,,,,,,,,,,,,,,,,,,,,,
,,,,,,,,,,,,,,,,,,,,,
,,,,,,,,,,,,,,,,,,,,,
,,,,,,,,,,,,,,,,,,,,,
,,,,,,,,,,,,,,,,,,,,,
,,,,,,,,,,,,,,,,,,,,,
,,,,,,,,,,,,,,,,,,,,,
,,,,,,,,,,,,,,,,,,,,,
,,,,,,,,,,,,,,,,,,,,,
,,,,,,,,,,,,,,,,,,,,,
,,,,,,,,,,,,,,,,,,,,,
,,,,,,,,,,,,,,,,,,,,,
,,,,,,,,,,,,,,,,,,,,,
,,,,,,,,,,,,,,,,,,,,,
,,,,,,,,,,,,,,,,,,,,,
,,,,,,,,,,,,,,,,,,,,,
,,,,,,,,,,,,,,,,,,,,,
,,,,,,,,,,,,,,,,,,,,,
,,,,,,,,,,,,,,,,,,,,,
,,,,,,,,,,,,,,,,,,,,,
,,,,,,,,,,,,,,,,,,,,,
,,,,,,,,,,,,,,,,,,,,,
,,,,,,,,,,,,,,,,,,,,,
,,,,,,,,,,,,,,,,,,,,,
,,,,,,,,,,,,,,,,,,,,,
,,,,,,,,,,,,,,,,,,,,,
,,,,,,,,,,,,,,,,,,,,,
,,,,,,,,,,,,,,,,,,,,,
,,,,,,,,,,,,,,,,,,,,,
,,,,,,,,,,,,,,,,,,,,,
,,,,,,,,,,,,,,,,,,,,,
,,,,,,,,,,,,,,,,,,,,,
,,,,,,,,,,,,,,,,,,,,,
,,,,,,,,,,,,,,,,,,,,,
,,,,,,,,,,,,,,,,,,,,,
,,,,,,,,,,,,,,,,,,,,,
,,,,,,,,,,,,,,,,,,,,,
,,,,,,,,,,,,,,,,,,,,,
,,,,,,,,,,,,,,,,,,,,,
,,,,,,,,,,,,,,,,,,,,,
,,,,,,,,,,,,,,,,,,,,,
,,,,,,,,,,,,,,,,,,,,,
,,,,,,,,,,,,,,,,,,,,,
,,,,,,,,,,,,,,,,,,,,,
,,,,,,,,,,,,,,,,,,,,,
,,,,,,,,,,,,,,,,,,,,,
,,,,,,,,,,,,,,,,,,,,,
,,,,,,,,,,,,,,,,,,,,,
,,,,,,,,,,,,,,,,,,,,,
,,,,,,,,,,,,,,,,,,,,,
,,,,,,,,,,,,,,,,,,,,,
,,,,,,,,,,,,,,,,,,,,,
,,,,,,,,,,,,,,,,,,,,,
,,,,,,,,,,,,,,,,,,,,,
,,,,,,,,,,,,,,,,,,,,,
,,,,,,,,,,,,,,,,,,,,,
,,,,,,,,,,,,,,,,,,,,,
,,,,,,,,,,,,,,,,,,,,,
,,,,,,,,,,,,,,,,,,,,,
,,,,,,,,,,,,,,,,,,,,,
,,,,,,,,,,,,,,,,,,,,,
,,,,,,,,,,,,,,,,,,,,,
,,,,,,,,,,,,,,,,,,,,,
,,,,,,,,,,,,,,,,,,,,,
,,,,,,,,,,,,,,,,,,,,,
,,,,,,,,,,,,,,,,,,,,,
,,,,,,,,,,,,,,,,,,,,,
,,,,,,,,,,,,,,,,,,,,,
,,,,,,,,,,,,,,,,,,,,,
,,,,,,,,,,,,,,,,,,,,,
,,,,,,,,,,,,,,,,,,,,,
,,,,,,,,,,,,,,,,,,,,,
,,,,,,,,,,,,,,,,,,,,,
,,,,,,,,,,,,,,,,,,,,,
,,,,,,,,,,,,,,,,,,,,,
,,,,,,,,,,,,,,,,,,,,,
,,,,,,,,,,,,,,,,,,,,,
,,,,,,,,,,,,,,,,,,,,,
,,,,,,,,,,,,,,,,,,,,,
,,,,,,,,,,,,,,,,,,,,,
,,,,,,,,,,,,,,,,,,,,,
,,,,,,,,,,,,,,,,,,,,,
,,,,,,,,,,,,,,,,,,,,,
,,,,,,,,,,,,,,,,,,,,,
,,,,,,,,,,,,,,,,,,,,,
,,,,,,,,,,,,,,,,,,,,,
,,,,,,,,,,,,,,,,,,,,,
,,,,,,,,,,,,,,,,,,,,,
,,,,,,,,,,,,,,,,,,,,,
,,,,,,,,,,,,,,,,,,,,,
,,,,,,,,,,,,,,,,,,,,,
,,,,,,,,,,,,,,,,,,,,,
,,,,,,,,,,,,,,,,,,,,,
,,,,,,,,,,,,,,,,,,,,,
,,,,,,,,,,,,,,,,,,,,,
,,,,,,,,,,,,,,,,,,,,,
,,,,,,,,,,,,,,,,,,,,,
,,,,,,,,,,,,,,,,,,,,,
,,,,,,,,,,,,,,,,,,,,,
,,,,,,,,,,,,,,,,,,,,,
,,,,,,,,,,,,,,,,,,,,,
,,,,,,,,,,,,,,,,,,,,,
,,,,,,,,,,,,,,,,,,,,,
,,,,,,,,,,,,,,,,,,,,,
,,,,,,,,,,,,,,,,,,,,,
,,,,,,,,,,,,,,,,,,,,,
,,,,,,,,,,,,,,,,,,,,,
,,,,,,,,,,,,,,,,,,,,,
,,,,,,,,,,,,,,,,,,,,,
,,,,,,,,,,,,,,,,,,,,,
,,,,,,,,,,,,,,,,,,,,,
,,,,,,,,,,,,,,,,,,,,,
,,,,,,,,,,,,,,,,,,,,,
,,,,,,,,,,,,,,,,,,,,,
,,,,,,,,,,,,,,,,,,,,,
,,,,,,,,,,,,,,,,,,,,,
,,,,,,,,,,,,,,,,,,,,,
,,,,,,,,,,,,,,,,,,,,,
,,,,,,,,,,,,,,,,,,,,,
,,,,,,,,,,,,,,,,,,,,,
,,,,,,,,,,,,,,,,,,,,,
,,,,,,,,,,,,,,,,,,,,,
,,,,,,,,,,,,,,,,,,,,,
,,,,,,,,,,,,,,,,,,,,,
,,,,,,,,,,,,,,,,,,,,,
,,,,,,,,,,,,,,,,,,,,,
,,,,,,,,,,,,,,,,,,,,,
,,,,,,,,,,,,,,,,,,,,,
,,,,,,,,,,,,,,,,,,,,,
,,,,,,,,,,,,,,,,,,,,,
,,,,,,,,,,,,,,,,,,,,,
,,,,,,,,,,,,,,,,,,,,,
,,,,,,,,,,,,,,,,,,,,,
,,,,,,,,,,,,,,,,,,,,,
,,,,,,,,,,,,,,,,,,,,,
,,,,,,,,,,,,,,,,,,,,,
,,,,,,,,,,,,,,,,,,,,,
,,,,,,,,,,,,,,,,,,,,,
,,,,,,,,,,,,,,,,,,,,,
,,,,,,,,,,,,,,,,,,,,,
,,,,,,,,,,,,,,,,,,,,,
,,,,,,,,,,,,,,,,,,,,,
,,,,,,,,,,,,,,,,,,,,,
,,,,,,,,,,,,,,,,,,,,,
,,,,,,,,,,,,,,,,,,,,,
,,,,,,,,,,,,,,,,,,,,,
,,,,,,,,,,,,,,,,,,,,,
,,,,,,,,,,,,,,,,,,,,,
,,,,,,,,,,,,,,,,,,,,,
,,,,,,,,,,,,,,,,,,,,,
,,,,,,,,,,,,,,,,,,,,,
,,,,,,,,,,,,,,,,,,,,,
,,,,,,,,,,,,,,,,,,,,,
,,,,,,,,,,,,,,,,,,,,,
,,,,,,,,,,,,,,,,,,,,,
,,,,,,,,,,,,,,,,,,,,,
,,,,,,,,,,,,,,,,,,,,,
,,,,,,,,,,,,,,,,,,,,,
,,,,,,,,,,,,,,,,,,,,,
,,,,,,,,,,,,,,,,,,,,,
,,,,,,,,,,,,,,,,,,,,,
,,,,,,,,,,,,,,,,,,,,,
,,,,,,,,,,,,,,,,,,,,,
,,,,,,,,,,,,,,,,,,,,,
,,,,,,,,,,,,,,,,,,,,,
,,,,,,,,,,,,,,,,,,,,,
,,,,,,,,,,,,,,,,,,,,,
,,,,,,,,,,,,,,,,,,,,,
,,,,,,,,,,,,,,,,,,,,,
,,,,,,,,,,,,,,,,,,,,,
,,,,,,,,,,,,,,,,,,,,,
,,,,,,,,,,,,,,,,,,,,,
,,,,,,,,,,,,,,,,,,,,,
,,,,,,,,,,,,,,,,,,,,,
,,,,,,,,,,,,,,,,,,,,,
,,,,,,,,,,,,,,,,,,,,,
,,,,,,,,,,,,,,,,,,,,,
,,,,,,,,,,,,,,,,,,,,,
,,,,,,,,,,,,,,,,,,,,,
,,,,,,,,,,,,,,,,,,,,,
,,,,,,,,,,,,,,,,,,,,,
,,,,,,,,,,,,,,,,,,,,,
,,,,,,,,,,,,,,,,,,,,,
,,,,,,,,,,,,,,,,,,,,,
,,,,,,,,,,,,,,,,,,,,,
,,,,,,,,,,,,,,,,,,,,,
,,,,,,,,,,,,,,,,,,,,,
,,,,,,,,,,,,,,,,,,,,,
,,,,,,,,,,,,,,,,,,,,,
,,,,,,,,,,,,,,,,,,,,,
,,,,,,,,,,,,,,,,,,,,,
,,,,,,,,,,,,,,,,,,,,,
,,,,,,,,,,,,,,,,,,,,,
,,,,,,,,,,,,,,,,,,,,,
,,,,,,,,,,,,,,,,,,,,,
,,,,,,,,,,,,,,,,,,,,,
,,,,,,,,,,,,,,,,,,,,,
,,,,,,,,,,,,,,,,,,,,,
,,,,,,,,,,,,,,,,,,,,,
,,,,,,,,,,,,,,,,,,,,,
,,,,,,,,,,,,,,,,,,,,,
,,,,,,,,,,,,,,,,,,,,,
,,,,,,,,,,,,,,,,,,,,,
,,,,,,,,,,,,,,,,,,,,,
,,,,,,,,,,,,,,,,,,,,,
,,,,,,,,,,,,,,,,,,,,,
,,,,,,,,,,,,,,,,,,,,,
,,,,,,,,,,,,,,,,,,,,,
,,,,,,,,,,,,,,,,,,,,,
,,,,,,,,,,,,,,,,,,,,,
,,,,,,,,,,,,,,,,,,,,,
,,,,,,,,,,,,,,,,,,,,,
,,,,,,,,,,,,,,,,,,,,,
,,,,,,,,,,,,,,,,,,,,,
,,,,,,,,,,,,,,,,,,,,,
,,,,,,,,,,,,,,,,,,,,,
,,,,,,,,,,,,,,,,,,,,,
,,,,,,,,,,,,,,,,,,,,,
,,,,,,,,,,,,,,,,,,,,,
,,,,,,,,,,,,,,,,,,,,,
,,,,,,,,,,,,,,,,,,,,,
,,,,,,,,,,,,,,,,,,,,,
,,,,,,,,,,,,,,,,,,,,,
,,,,,,,,,,,,,,,,,,,,,
,,,,,,,,,,,,,,,,,,,,,
,,,,,,,,,,,,,,,,,,,,,
,,,,,,,,,,,,,,,,,,,,,
,,,,,,,,,,,,,,,,,,,,,
,,,,,,,,,,,,,,,,,,,,,
,,,,,,,,,,,,,,,,,,,,,
,,,,,,,,,,,,,,,,,,,,,
,,,,,,,,,,,,,,,,,,,,,
,,,,,,,,,,,,,,,,,,,,,
,,,,,,,,,,,,,,,,,,,,,
,,,,,,,,,,,,,,,,,,,,,
,,,,,,,,,,,,,,,,,,,,,
,,,,,,,,,,,,,,,,,,,,,
,,,,,,,,,,,,,,,,,,,,,
,,,,,,,,,,,,,,,,,,,,,
,,,,,,,,,,,,,,,,,,,,,
,,,,,,,,,,,,,,,,,,,,,
,,,,,,,,,,,,,,,,,,,,,
,,,,,,,,,,,,,,,,,,,,,
,,,,,,,,,,,,,,,,,,,,,
,,,,,,,,,,,,,,,,,,,,,
,,,,,,,,,,,,,,,,,,,,,
,,,,,,,,,,,,,,,,,,,,,
,,,,,,,,,,,,,,,,,,,,,
,,,,,,,,,,,,,,,,,,,,,
,,,,,,,,,,,,,,,,,,,,,
,,,,,,,,,,,,,,,,,,,,,
,,,,,,,,,,,,,,,,,,,,,
,,,,,,,,,,,,,,,,,,,,,
,,,,,,,,,,,,,,,,,,,,,
,,,,,,,,,,,,,,,,,,,,,
,,,,,,,,,,,,,,,,,,,,,
,,,,,,,,,,,,,,,,,,,,,
,,,,,,,,,,,,,,,,,,,,,
,,,,,,,,,,,,,,,,,,,,,
,,,,,,,,,,,,,,,,,,,,,
,,,,,,,,,,,,,,,,,,,,,
,,,,,,,,,,,,,,,,,,,,,
,,,,,,,,,,,,,,,,,,,,,
,,,,,,,,,,,,,,,,,,,,,
,,,,,,,,,,,,,,,,,,,,,
,,,,,,,,,,,,,,,,,,,,,
,,,,,,,,,,,,,,,,,,,,,
,,,,,,,,,,,,,,,,,,,,,
,,,,,,,,,,,,,,,,,,,,,
,,,,,,,,,,,,,,,,,,,,,
,,,,,,,,,,,,,,,,,,,,,
,,,,,,,,,,,,,,,,,,,,,
,,,,,,,,,,,,,,,,,,,,,
,,,,,,,,,,,,,,,,,,,,,
,,,,,,,,,,,,,,,,,,,,,
,,,,,,,,,,,,,,,,,,,,,
,,,,,,,,,,,,,,,,,,,,,
,,,,,,,,,,,,,,,,,,,,,
,,,,,,,,,,,,,,,,,,,,,
,,,,,,,,,,,,,,,,,,,,,
,,,,,,,,,,,,,,,,,,,,,
,,,,,,,,,,,,,,,,,,,,,
,,,,,,,,,,,,,,,,,,,,,
,,,,,,,,,,,,,,,,,,,,,
,,,,,,,,,,,,,,,,,,,,,
,,,,,,,,,,,,,,,,,,,,,
,,,,,,,,,,,,,,,,,,,,,
,,,,,,,,,,,,,,,,,,,,,
,,,,,,,,,,,,,,,,,,,,,
,,,,,,,,,,,,,,,,,,,,,
,,,,,,,,,,,,,,,,,,,,,
,,,,,,,,,,,,,,,,,,,,,
,,,,,,,,,,,,,,,,,,,,,
,,,,,,,,,,,,,,,,,,,,,
,,,,,,,,,,,,,,,,,,,,,
,,,,,,,,,,,,,,,,,,,,,
,,,,,,,,,,,,,,,,,,,,,
,,,,,,,,,,,,,,,,,,,,,
,,,,,,,,,,,,,,,,,,,,,
,,,,,,,,,,,,,,,,,,,,,
,,,,,,,,,,,,,,,,,,,,,
,,,,,,,,,,,,,,,,,,,,,
,,,,,,,,,,,,,,,,,,,,,
,,,,,,,,,,,,,,,,,,,,,
,,,,,,,,,,,,,,,,,,,,,
,,,,,,,,,,,,,,,,,,,,,
,,,,,,,,,,,,,,,,,,,,,
,,,,,,,,,,,,,,,,,,,,,
,,,,,,,,,,,,,,,,,,,,,
,,,,,,,,,,,,,,,,,,,,,
,,,,,,,,,,,,,,,,,,,,,
,,,,,,,,,,,,,,,,,,,,,
,,,,,,,,,,,,,,,,,,,,,
,,,,,,,,,,,,,,,,,,,,,
,,,,,,,,,,,,,,,,,,,,,