Type,Key,Summary,Resolution Date,Open,NEW!,Investigation,Ready for Refinement,On Hold,Waiting for Answer,In Progress,Code review,Ready for Testing,In Testing,Pending,Canceled,Done,,,,,,
,,Average time taken (from table),,976.10h,32.18h,82.05h,2990.53h,72.02h,386.92h,167.56h,44.03h,29.02h,40.70h,271.90h,3291.96h,4149.23h,,,,,,
,PAYLYNX-1450,Unify data structure in core db for agreement tables,,1.20h,,,,,,,,,,,,,,,,,,
,PAYLYNX-1449,E-Invoice - drop usage of EMAIL schema and it's references,,20.13h,,,,,,,,,,,,,,,,,,
,PAYLYNX-1448,E-Invoice - investigate and remove grants to EMAIL schema,,20.28h,,,,,,,,,,,,,,,,,,
,PAYLYNX-1447,Upgrade to SPRING BOOT 4 remaining projects,,20.40h,,,,,,,,,,,,,,,,,,
,PAYLYNX-1446,SkyVault performance testing on 29 April,,24.98h,,,,,,,,,,,,,,,,,,
,PAYLYNX-1445,Report for PW,,,20.72h,,,,,,,,,,20.10h,,,,,,,
,PAYLYNX-1444,V009 or API?,,,0.37h,,,,46.65h,,,,,,,,,,,,,
,PAYLYNX-1443,MB Core: Upgrade to SPRING BOOT 4,,49.75h,,,,,,,,,,,,,,,,,,
,PAYLYNX-1442,test,,87.48h,,,,,,,,,,,,,,,,,,
,PAYLYNX-1441,Payers code migration (E.invoice),,66.77h,,,,,,50.80h,,,,,,,,,,,,
,PAYLYNX-1440,Payment settlement takes too long and the payment type is wrong,,,4.73h,,,,,,,,,,,117.27h,,,,,,
,PAYLYNX-1439,MB: Remove warning messages,,0.00h,,,,,,92.98h,20.28h,26.77h,,,,,,,,,,
Spike,PAYLYNX-1438,Double ckicks propagated though system introduce processing overhead,,140.42h,,,,,,,,,,,,,,,,,,
Spike,PAYLYNX-1437,Proposals how to improve robots alerts,4/24/26,3.07h,,,,,,17.77h,,,,,,122.75h,,,,,,
,PAYLYNX-1436,Disable logread for Prod,4/24/26,0.92h,,,,,,0.00h,24.87h,0.00h,0.00h,,,119.82h,,,,,,
,PAYLYNX-1435,Fix NFS permission conflict across P01/P02 clusters during Greenfield Migration,,146.28h,,,,,,,,,,,,,,,,,,
,PAYLYNX-1434,ATTOLLO_cannot forward customers to checkout,,,26.30h,0.02h,,,0.72h,,,,,,,139.40h,,,,,,
,PAYLYNX-1433,MB EXP: Shop -> Notifications -> Run Query button not working,,1.67h,,,,,,0.00h,2.45h,0.37h,0.00h,,,165.63h,,,,,,
,PAYLYNX-1432,MB EXP: Broken UI,,188.43h,,,,,,,,,,,,,,,,,,
,PAYLYNX-1431,EPS_Increase timeout for BL payment status callbacks,,,72.58h,,,,,,,,,,,116.25h,,,,,,
,PAYLYNX-1430,E-invoice notifications to customers,,,139.18h,50.90h,,,,,,,,,,,,,,,,
,PAYLYNX-1429,E-invoice (Core): Check Kafka configuration for test and dev,,193.62h,,,,,,,,,,,,,,,,,,
,PAYLYNX-1428,Automate incident report numbers,,213.90h,,,,,,,,,,,,,,,,,,
,PAYLYNX-1427,Need to check version of auth service usage,,,0.55h,3.32h,,,,,,,,,,283.38h,,,,,,
,PAYLYNX-1426,"Ibank: On E-invoice Seller agreement concluding page, channel options from dropdown is not visible",4/20/26,70.37h,,,,,,,,,,,,217.50h,,,,,,
,PAYLYNX-1425,Investigate and fix Daily MBBL Regression tests,,72.50h,,,,,,217.53h,,,,,,,,,,,,
,PAYLYNX-1424,MIG_BALTIC_PIS montly fee,,,0.10h,2.08h,,,,,,,,,,305.60h,,,,,,
Production bug,PAYLYNX-1423,MB CORE + Warden missing hikari pool dashboard,4/22/26,125.30h,,,,,,13.70h,5.98h,1.25h,0.02h,,,169.78h,,,,,,
,PAYLYNX-1422,MBBL: payment status handling improvement,,330.57h,,,,,,,,,,,,,,,,,,
,PAYLYNX-1421,MBBL UI-test improvement by adding all field validations,,333.08h,,,,,,,,,,,,,,,,,,
,PAYLYNX-1420,Add e-invoices prod namespace to andromeda portal,4/20/26,118.05h,,,,,,0.00h,,,,,,216.00h,,,,,,
,PAYLYNX-1419,EPLV_BILETES; EPLV_STAVV_WEB; EPLV_STAVV_APP,,,22.45h,24.47h,,,,,,,,,,307.70h,,,,,,
,PAYLYNX-1418,MBBL: DB change of execution plan,,307.75h,,,,,,48.58h,,,,,,,,,,,,
Test,PAYLYNX-1417,MBBL UI-test add all fields validations,,23.33h,,,,,,,,,,,333.08h,,,,,,,
Production bug,PAYLYNX-1416,MB CORE Weekly report cannot be triggered,4/22/26,141.62h,,,,,,23.10h,22.98h,,,,,169.62h,,,,,,
,PAYLYNX-1415,PIS service complaint - RĪGAS SATIKSME info needed,,,1.28h,0.00h,,,358.60h,,,,,,,,,,,,,
,PAYLYNX-1414,report for Tpilet,,,0.35h,,,,,,,,,,,361.75h,,,,,,
,PAYLYNX-1413,EINVOICE not possible to nullify field,,362.12h,,,,,,,,,,,,,,,,,,
,PAYLYNX-1412,EINVOICE not possible to nullify field,,362.15h,,,,,,,,,,,,,,,,,,
,PAYLYNX-1411,STAR: failing envoiced in star-insurance,,0.00h,,,,,,163.63h,,0.00h,0.00h,,,217.03h,,,,,,
,PAYLYNX-1410,MEDON_Delayed/missing callbacks from Swedbank Banklink integration,,,0.43h,,,,,,,,,,,384.05h,,,,,,
,PAYLYNX-1409,Merchant ID_SSSIA_not receiving background (backend) confirmations from bank side,,,3.03h,,,,23.25h,,,,,,,360.55h,,,,,,
,PAYLYNX-1408,ETOIMIK missing debtor name payments,,,0.77h,,,,,,,,,,,453.13h,,,,,,
,PAYLYNX-1407,E-Invoice - ibank cleanup from EMAIL schema and it's references,,458.27h,,,,,,,,,,,,,,,,,,
,PAYLYNX-1406,WARDEN: payment status not updated to SETTLED,,2.05h,,,,,,1.08h,0.00h,117.10h,29.43h,,,309.27h,,,,,,
,PAYLYNX-1405,shopify plugin data,,,0.45h,,,,259.18h,,,,,,,218.10h,,,,,,
,PAYLYNX-1404,ANDPAY_problem with VK_MAC,,,2.33h,,,,,,,,,,,477.47h,,,,,,
,PAYLYNX-1403,label changes,,481.98h,,,,,,,,,,,,,,,,,,
,PAYLYNX-1402,VK_SND_NAME_different information,,,1.22h,,,,,,,,,,,499.62h,,,,,,
,PAYLYNX-1401,ANDPAY_ we are no longer receiving the debtor field even for Swedbank payments,,,1.37h,,,,,,,,,,,499.58h,,,,,,
Spike,PAYLYNX-1400,E-invoice application & Automated Payment Agreement via API,4/13/26,0.50h,,,,,,120.98h,,,,,,379.85h,,,,,,
,PAYLYNX-1399,ResponsePayloadV3 errorMessage should include rejectionReason if available for REJECTED status,4/15/26,0.35h,,,,,,20.33h,4.70h,115.82h,25.07h,,,335.17h,,,,,,
Production bug,PAYLYNX-1398,E-invoice SGW failing on delivery report xml,,0.00h,,,,,,1.02h,3.63h,189.13h,119.40h,,,189.12h,,,,,,
,PAYLYNX-1397,last time used,,,3.18h,0.00h,,,,,,,,,,501.83h,,,,,,
,PAYLYNX-1396,Authentication error_GS_CORE,,,27.83h,,,,,,,,,,,477.42h,,,,,,
,PAYLYNX-1395,EI CORE: create manual trigger API,,505.62h,,,,,,,,,,,,,,,,,,
Production bug,PAYLYNX-1394,"E-Invoice - ""seller reports"" under-performing report functionality",,506.55h,,,,,,,,,,,,,,,,,,
Production bug,PAYLYNX-1393,"E-Invoice - ""list of payments"" payment update not reflected in e-invoice table",,2.33h,,,,,,,,,,,504.75h,,,,,,,
,PAYLYNX-1392,special price,,,0.58h,0.90h,,,22.18h,,,,,,,500.92h,,,,,,
,PAYLYNX-1391,E-invoice: Regression testing Sprint 5,4/7/26,0.07h,,,,,,,,,,,525.73h,,,,,,,
,PAYLYNX-1390,E-invoice: Regression testing Sprint 5,,525.80h,,,,,,,,,,,,,,,,,,
,PAYLYNX-1389,E-invoice: Regression testing Sprint 3,,525.82h,,,,,,,,,,,,,,,,,,
,PAYLYNX-1388,E-invoice: Regression testing Sprint 2,,523.43h,,,,,,2.37h,,,,,,,,,,,,
,PAYLYNX-1387,E-invoice: Regression testing Sprint 1,4/16/26,187.78h,,,,,,27.23h,90.67h,0.00h,,0.85h,,219.25h,,,,,,
,PAYLYNX-1386,E-invoice: Procurement number (placeholder),,527.98h,,,,,,,,,,,,,,,,,,
,PAYLYNX-1385,last time used?,,,5.72h,20.93h,,,,,,,,,,501.87h,,,,,,
,PAYLYNX-1384,Banklink payment error,,,0.75h,384.18h,,,216.23h,,,,,,,25.85h,,,,,,
,PAYLYNX-1383,E-invoice: in LT add additional reference number validation pattern option,4/2/26,3.67h,,,,,,0.00h,,0.00h,,,,642.83h,,,,,,
,PAYLYNX-1382,MB EXP: RU removal from pi.swedbank.com - 21st of May,,649.17h,,,,,,,,,,,,,,,,,,
,PAYLYNX-1381,Prestashop 9,,,17.68h,0.07h,,,119.50h,,,,,,,530.18h,,,,,,
,PAYLYNX-1380,STAR: no error visible in open model bic validation ,,692.88h,,,,,,,,,,,,,,,,,,
,PAYLYNX-1379,E-invoice: Add Alerts,,709.83h,,,,,,,,,,,,,,,,,,
,PAYLYNX-1378,E-invoice: Configure Helm profile for prod,,709.92h,,,,,,,,,,,,,,,,,,
,PAYLYNX-1377,E-invoice: Order firewalls for prod,,709.98h,,,,,,,,,,,,,,,,,,
,PAYLYNX-1376,E-invoice: Configure a dashboard in Andromeda portal,,710.05h,,,,,,,,,,,,,,,,,,
,PAYLYNX-1375,E-invoice: Order load balancer for prod,,591.08h,,,,,,119.00h,,,,,,,,,,,,
,PAYLYNX-1374,E-invoice: Order namespace for prod,4/15/26,345.55h,,,,,,7.28h,,17.98h,5.22h,,,334.05h,,,,,,
,PAYLYNX-1373,E-invoice (LT): update service id on 7th of April (INC08686275),4/7/26,210.47h,,,,,,0.00h,,0.00h,0.00h,,,528.67h,,,,,,
,PAYLYNX-1372,"CORE: create alert for increasing ""no answer"" metric",4/1/26,138.08h,,,,,,,,,,,672.32h,,,,,,,
,PAYLYNX-1369,E-invoice: endpoint for mass automated payment agreement creation,,671.55h,,,,,,166.25h,,,,,,,,,,,,
,PAYLYNX-1368,E-invoice: finalize configuration of mTLS by ordering firewall from SGW,,840.92h,,,,,,,,,,,,,,,,,,
Production bug,PAYLYNX-1367,Failing UI tests,4/6/26,0.00h,,,,,,299.10h,,1.88h,4.55h,,,547.80h,,,,,,
,PAYLYNX-1366,EINVOICE CORE no examples in swagger,,0.00h,,,,,,0.10h,15.05h,0.08h,0.00h,,,843.02h,,,,,,
,PAYLYNX-1365,MBBL system documentation improvements at the end of PI:2 2026,,859.22h,,,,,,,,,,,,,,,,,,
,PAYLYNX-1364,Merchant ID - BITFLAKE,,,18.93h,,,,341.08h,,,,,,,500.90h,,,,,,
,PAYLYNX-1363,test for RUS removal in LV,,,25.48h,170.72h,,,159.43h,,,,,,,506.58h,,,,,,
,PAYLYNX-1362,Assign ownership of e-invoices packages in ibank repo,,864.07h,,,,,,,,,,,,,,,,,,
,PAYLYNX-1361,E-invoice: SkyVault common performance testing on 25th of March,3/25/26,30.00h,,,,,,0.00h,,0.00h,,,,835.93h,,,,,,
,PAYLYNX-1360,E-invoice: test out all the connections for autotests,,879.35h,,,,,,,,,,,,,,,,,,
,PAYLYNX-1357,e-invoice: replace old library with new one Vol3,4/7/26,0.00h,,,,,,0.00h,6.23h,346.88h,,,,530.03h,,,,,,
,PAYLYNX-1355,E-invoice: Docker-in-Docker runner for autotests,,884.92h,,,,,,,,,,,,,,,,,,
,PAYLYNX-1354,E-invoice: 02.04 run performance tests in part of common REL292 performance testing,4/2/26,238.55h,,,,,,1.13h,,0.00h,,,,645.98h,,,,,,
,PAYLYNX-1353,"E-invoice: Regression testing, needs to be done before 03.04",4/3/26,266.27h,,,,,,0.00h,,,,,,619.48h,,,,,,
,PAYLYNX-1352,Sandbox: Jenkins migration,,888.08h,,,,,,,,,,,,,,,,,,
,PAYLYNX-1351,E-invoice: SkyVault regression testing on PI2,,888.10h,,,,,,,,,,,,,,,,,,
,PAYLYNX-1350,Regression testing for Skyvault (E-commerce PIS),,888.17h,,,,,,,,,,,,,,,,,,
,PAYLYNX-1349,E-invoice: SkyVault common performance testing on PI2 (date not clear yet),,888.33h,,,,,,,,,,,,,,,,,,
,PAYLYNX-1348,E-invoice: Implement AgreementSummary sending in case of agreement creation and change (Automated payment agreement),,721.68h,,,,,,0.00h,1.22h,165.65h,,,,,,,,,,
,PAYLYNX-1347,MBBL Worker: Authentication usage cleanup,,890.92h,,,,,,,,,,,,,,,,,,
,PAYLYNX-1346,Statement API cant handle load,,0.17h,,,,,,5.37h,60.97h,5.90h,25.17h,,,858.30h,,,,,,
,PAYLYNX-1371,E-Invoice Applications and Agreements Details - After logged out/login returns to unfunctional view,3/18/26,1003.50h,,,,,,,,,,,,,,,,,,
,PAYLYNX-1345,EINVOICE LIB Failing bean creation,3/23/26,0.00h,,,,,,73.95h,0.25h,54.43h,,,,876.93h,,,,,,
,PAYLYNX-1344,Update RC signup packet to support 009,,510.28h,,,,,,305.45h,143.23h,48.57h,,,,,,,,,,
,PAYLYNX-1343,Over 1200 new home insurance contracts don't have SOA.,,,244.03h,,,,,,,,,,,786.47h,,,,,,
,PAYLYNX-1342,E-invoice: SkyVault common performance testing on 18th March,3/19/26,22.50h,,,,,,27.48h,,,,,,981.32h,,,,,,
,PAYLYNX-1341,everypay is not getting status CANCELLED_BY_USER,,,165.93h,,,,866.40h,,,,,,,,,,,,,
,PAYLYNX-1340,Sharecapital data received from Registry Centre via sign-up LT,,,90.70h,,,,960.47h,,,,,,,,,,,,,
,PAYLYNX-1359,E-Invoice Application Page - Error with Ecoservice provider,3/16/26,1052.55h,,,,,,,,,,,,,,,,,,
,PAYLYNX-1339,E-invoice: create swic endpoint,,1052.60h,,,,,,,,,,,,,,,,,,
,PAYLYNX-1338,E-invoice: Implement AgreementSummary sending in case of agreement creation and change for Operator agreement,,744.33h,,,,,,139.85h,2.78h,18.18h,147.47h,,,,,,,,,
,PAYLYNX-1337,E-invoice: Implement AgreementSummary sending in case of agreement creation and change,4/8/26,215.00h,,,,,,330.95h,1.07h,,,,,505.63h,,,,,,
,PAYLYNX-1336,when client used this ID last time?,,,1.93h,,,,189.48h,,,,,,,862.12h,,,,,,
,PAYLYNX-1335,identification transactions month by month is needed for the period 2025 August – 2026 January,,,5.33h,0.08h,,,,,,,,,,1050.85h,,,,,,
Production bug,PAYLYNX-1334,EXP DEMO non-valid iban,3/20/26,2.32h,,,,,,4.05h,100.05h,,,,,950.35h,,,,,,
,PAYLYNX-1333,Bankl link paymens does not work since Friday,,,2.70h,20.42h,,,0.00h,,,,,,,1035.15h,,,,,,
,PAYLYNX-1332,Merchant ZZDATS,,,1.47h,,,,261.02h,,,,,,,862.12h,,,,,,
,PAYLYNX-1331,ATTOLLO_No payment status updates are being returned from Swedbank,,,0.60h,94.52h,,,15.60h,,,,,,,1035.15h,,,,,,
,PAYLYNX-1330,3003 auth failing,3/16/26,0.00h,,,,,,4.87h,84.30h,0.97h,0.02h,,,1055.72h,,,,,,
,PAYLYNX-1329,please check this payment,,,2.38h,22.05h,,,261.13h,,,,,,,862.08h,,,,,,
,PAYLYNX-1328,ERGOAP_we are not receiving the client’s name and surname from the web service,,,4.28h,23.45h,,,259.70h,,,,,,,862.12h,,,,,,
,PAYLYNX-1327,E-invoice: 19th March run performance tests in part of common REL291 performance testing,3/19/26,170.58h,,,,,,0.85h,,,,,,980.95h,,,,,,
,PAYLYNX-1326,failed payment,,,7.20h,22.07h,,,260.97h,,,,,,,862.25h,,,,,,
,PAYLYNX-1325,Create new Operator using PAYWERK merchant public key,,,295.20h,,,,189.48h,,,,,,,693.88h,,,,,,
,PAYLYNX-1324,Improve integration tests run time,,0.00h,,,,,,187.20h,,,0.00h,,,1008.28h,,,,,,
,PAYLYNX-1323,POstconstruct stop DEMO from starting,,18.50h,,,,,,55.82h,,67.73h,78.57h,,,975.88h,,,,,,
,PAYLYNX-1358,E-Invoices: Insecure Direct Object Reference (IDOR),,0.00h,,,46.18h,,,1153.38h,,,,,,,,,,,,
,PAYLYNX-1322,E-invoice: create Oracle DB user for core-e-invoice-baltic (TEST),4/21/26,0.03h,,,,,,11.70h,49.45h,150.93h,473.55h,338.92h,,191.80h,,,,,,
,PAYLYNX-1321,"E-invoice: Regression testing, needs to be done before 23.03",3/23/26,66.77h,,,,,,129.48h,,,,140.98h,,883.25h,,,,,,
,PAYLYNX-1320,Core: implement possibility to delete Operators public key,,1319.65h,,,,,,,,,,,,,,,,,,
,PAYLYNX-1319,DZELZCEL_V008 or V009?,,,1.52h,0.00h,,,195.28h,,,,,,,1123.28h,,,,,,
,PAYLYNX-1318,when client using authentication service last time,,,20.17h,0.00h,,,195.30h,,,,,,,1123.23h,,,,,,
,PAYLYNX-1317,MBCORE demo not starting,3/10/26,0.00h,,,,,,142.48h,,,,,,1196.52h,,,,,,
,PAYLYNX-1316,when was done last payment,,,22.53h,0.00h,,,195.27h,,,,,,,1123.28h,,,,,,
Spike,PAYLYNX-1315,Investigate for MBBL to migrate to OffsetDateTime,,1343.63h,,,,,,,,,,,,,,,,,,
,PAYLYNX-1314,company PIS payment received to private customer account,,,25.12h,0.00h,,,195.30h,,,,,,,1123.25h,,,,,,
,PAYLYNX-1313,Order new terminal server to Azure,,508.48h,,,,,,338.48h,,,,499.98h,,,,,,,,
,PAYLYNX-1312,E-invoice: Add additional Service id label to Star LV,4/2/26,703.75h,,,,,,,,,,,643.48h,,,,,,,
,PAYLYNX-1311,E-invoice: use Client for automated payment agreement endpoint in lib-e-invoice-baltic library,,1363.87h,,,,,,,,,,,,,,,,,,
,PAYLYNX-1310,E-invoice: use Client for operator endpoint in lib-e-invoice-baltic library,,1363.98h,,,,,,,,,,,,,,,,,,
,PAYLYNX-1309,E-invoice: configure mTLS for all environments,3/25/26,233.83h,,,,,,287.72h,0.02h,2.23h,,,,840.70h,,,,,,
,PAYLYNX-1308,E-invoice: create client for local seller endpoint in lib-e-invoice-baltic library,4/15/26,526.57h,,,,,,314.55h,66.45h,96.55h,27.87h,,,332.53h,,,,,,
,PAYLYNX-1307,MCORE failing ui tests,3/5/26,9.07h,,,,,,46.15h,0.15h,0.00h,1.42h,,,1321.15h,,,,,,
,PAYLYNX-1306,e-invoice: replace old library with new one Vol2,3/23/26,5.87h,,,,,,68.82h,480.28h,192.73h,91.47h,327.00h,,217.07h,,,,,,
,PAYLYNX-1305,Core contract tests no validation,3/6/26,7.77h,,,,,,5.38h,12.63h,49.30h,18.73h,,,1297.25h,,,,,,
,PAYLYNX-1304,Refund testing in Everypay - failed payment,,1.75h,9.20h,0.00h,,,521.17h,,,,,,,862.13h,,,,,,
Production bug,PAYLYNX-1303,"E-invoice: in Ibank LV, Automatic payment agreement pdf wrong language is used in some fields",,1427.22h,,,,,,,,,,,,,,,,,,
,PAYLYNX-1302,POS application update in iBank,3/25/26,619.98h,,,,,,,,,,,841.60h,,,,,,,
,PAYLYNX-1301,CORE: change officer email,2/27/26,0.28h,,,,,,0.00h,17.00h,,,,,1465.25h,,,,,,
,PAYLYNX-1300,Onboard to Greenfield,,2.17h,,,,,,1482.32h,,2.10h,,,,,,,,,,
Spike,PAYLYNX-1299,E-invoice: Preparation for meeting with Rasa,4/2/26,866.68h,,,,,,,,,,,642.90h,,,,,,,
,PAYLYNX-1298,e-invoice: replace old library with new one Vol1,3/23/26,0.22h,,,,,,46.93h,500.05h,,,80.77h,,883.18h,,,,,,
,PAYLYNX-1297,why PIS payment do not working?,,,3.63h,,,,19.80h,,,,,,,1488.83h,,,,,,
,PAYLYNX-1296,E-invoice: follow-up finalization of Onboarding to needed applications,3/7/26,3.45h,,,,,,43.83h,0.32h,11.93h,92.92h,96.12h,,1264.00h,,,,,,
,PAYLYNX-1295,E-invoice: Regression testing towards SkyVault,,315.33h,,,,,,1130.95h,67.42h,,,,,,,,,,,
,PAYLYNX-1294,INBOKSS_not receiving a callback from the client,,,31.80h,60.52h,,,577.70h,,,,,,,862.13h,,,,,,
,PAYLYNX-1370,E-Invoice Automated Payment History - cancel button not working,,1485.85h,,,,72.02h,,,,,,,,,,,,,,
,PAYLYNX-1356,E-invoice Application Page - agreement name issue,,1561.78h,,,,,,,,,,,,,,,,,,
,PAYLYNX-1293,WARDEN: add Operator based pricing support to fee engine,,1625.98h,,,,,,,,,,,,,,,,,,
,PAYLYNX-1292,STAR: add support for Operator pricing to agreement management,,1626.08h,,,,,,,,,,,,,,,,,,
,PAYLYNX-1291,E-Invoice: improving autotests with Baltic data model library,,1626.35h,,,,,,,,,,,,,,,,,,
,PAYLYNX-1290,E-Invoice: make new autotests functioning,,1626.42h,,,,,,,,,,,,,,,,,,
,PAYLYNX-1289,E-Invoice: create Star users for autotests,3/20/26,288.23h,,,,,,353.88h,0.25h,22.78h,,,,961.30h,,,,,,
,PAYLYNX-1288,E-Invoice: create project in GitHub,3/9/26,280.90h,,,,,,120.07h,,2.17h,6.20h,,,1217.22h,,,,,,
,PAYLYNX-1287,E-invoice lib feature flag,3/16/26,119.83h,,,,,,284.73h,48.87h,120.88h,5.30h,,,1051.05h,,,,,,
,PAYLYNX-1286,E-invoice: endpoint for automated payment agreement creation,,1128.38h,,,,,,163.32h,123.13h,1.53h,214.80h,,,,,,,,,
,PAYLYNX-1285,E-invoice: endpoint for Operator agreement creation,3/24/26,583.08h,,,,,,76.53h,21.25h,60.87h,23.17h,,,866.28h,,,,,,
,PAYLYNX-1284,E-invoice: endpoint for LocalSeller agreement creation,3/23/26,266.77h,,,,,,224.28h,84.88h,98.33h,74.23h,,,883.55h,,,,,,
,PAYLYNX-1283,Closed firewall to openbanking Greenfield,2/23/26,19.22h,,,,,,69.28h,,,,,,1561.38h,,,,,,
,PAYLYNX-1282,authentication service ,,,153.53h,0.00h,,,377.07h,,,,,,,1123.27h,,,,,,
,PAYLYNX-1281,how many payments was done in february,,,156.50h,,,,12.65h,,,,,,,1487.68h,,,,,,
,PAYLYNX-1280,E-invoice: SkyVault performance testing in GATE - middle of March,3/23/26,790.75h,,,,,,,,,,,884.90h,,,,,,,
,PAYLYNX-1279,used last time?,,,10.58h,158.88h,,,,,,,,,,1508.60h,,,,,,
,PAYLYNX-1278,last time used?,,,10.62h,158.88h,,,,,,,,,,1508.58h,,,,,,
Production bug,PAYLYNX-1277,"When the details/message is too long, the view is broken",2/19/26,21.10h,,,,,,5.13h,0.77h,0.02h,0.15h,,,1651.88h,,,,,,
Spike,PAYLYNX-1276,E-invoice: List down all the places where agreement is changed,,1680.95h,,,,,,,,,,,,,,,,,,
,PAYLYNX-1275,EPS_LOG files for the payments,,,29.87h,158.92h,,,,,,,,,,1508.55h,,,,,,
,PAYLYNX-1274,E-invoice: preparation to Perform SkyVault performance tests,2/25/26,44.27h,,,,,,148.03h,,21.12h,22.92h,,,1513.27h,,,,,,
,PAYLYNX-1273,merchant cannot pay 10k - pis payment dont go,,,77.93h,214.87h,,,646.25h,,,,,,,862.30h,,,,,,
,PAYLYNX-1272,CORE: Implement support for operator based standard prices,,1801.60h,,,,,,,,,,,,,,,,,,
Production bug,PAYLYNX-1271,Ibank Auth 3003 Missing name,,0.00h,,,,,,0.22h,1.93h,0.00h,0.00h,,,1822.57h,,,,,,
,PAYLYNX-1270,COMPENSA_The VK_INFO field is missing the customer's name and surname,,,4.25h,312.35h,,,,,,,,,,1508.53h,,,,,,
,PAYLYNX-1269,VK_INFO field is missing the customer's NAME and SURNAME,,,4.67h,312.33h,,,,,,,,,,1508.53h,,,,,,
Production bug,PAYLYNX-1268,CORE/EXp logread qouta exceeded,3/16/26,0.00h,,,,,,34.22h,,,,754.65h,,1056.68h,,,,,,
,PAYLYNX-1267,problems with payments,,,2.97h,334.72h,,,646.38h,,,,,,,862.13h,,,,,,
,PAYLYNX-1266,Banklink test migrate stub tabs creation to github,2/13/26,3.08h,,,,,,33.17h,11.30h,1.18h,1.48h,,,1797.37h,,,,,,
,PAYLYNX-1265,E-invoice: Filebarn integration,,1848.17h,,,,,,,,,,,,,,,,,,
,PAYLYNX-1264,CORE merchantid generator exclude common parts,,1848.28h,,,,,,,,,,,,,,,,,,
,PAYLYNX-1263,E-invoice: create Oracle DB user for core-e-invoice-baltic,3/9/26,344.28h,,,,,,183.13h,95.98h,8.80h,0.17h,,,1216.28h,,,,,,
,PAYLYNX-1262,E-invoice: Create roles for einvoices schema data access,3/10/26,402.68h,,,,,,150.62h,88.80h,8.58h,14.87h,,,1201.40h,,,,,,
,PAYLYNX-1261,CORE: errors in test environment,,22.67h,,,,,,26.52h,18.70h,0.63h,0.65h,,,1798.70h,,,,,,
,PAYLYNX-1260,Find out how to fix LV client EPS expiring special price issue,,,27.85h,719.95h,,,,,,,,,,1123.28h,,,,,,
,PAYLYNX-1259,iBank: send authentication metadata to mbbl-core API (step 2),3/2/26,361.02h,,,,,,116.95h,,1.98h,4.58h,,,1387.10h,,,,,,
,PAYLYNX-1258,E-invoice: Onboard to needed applications,2/25/26,91.37h,,,,,,283.83h,,0.00h,,,,1513.20h,,,,,,
,PAYLYNX-1257,last usage,,,0.37h,0.00h,,,1027.55h,,,,,,,862.32h,,,,,,
,PAYLYNX-1256,FONDS_PLECS3,,,1.28h,0.00h,,,406.85h,,,,,,,1487.67h,,,,,,
,PAYLYNX-1255,Prod: expiring certificate prod-worker-mbbl-warden.w863.sb,2/11/26,0.07h,,,,,,46.33h,0.70h,,,,,1849.05h,,,,,,
,PAYLYNX-1254,CORE no validation for operator id,2/9/26,66.82h,,,,,,0.03h,1.25h,4.03h,0.02h,,,1892.00h,,,,,,
,PAYLYNX-1253,E-invoice: Increase duplicate e-invoice check for the e-invoice sent by Operator,4/2/26,1340.02h,,,,,,,,,,,643.32h,,,,,,,
Production bug,PAYLYNX-1252,E-invoice: Star - Update Seller Elisa additional information,,136.67h,,,,,,75.43h,0.23h,140.47h,0.12h,,,1630.52h,,,,,,
,PAYLYNX-1251,E-invoice: Create AD amendment for W712 project,2/25/26,138.67h,,,,,,331.53h,,,,,,1513.42h,,,,,,
,PAYLYNX-1250,E-invoice: create new application in Andromeda,2/11/26,21.25h,,,,,,117.38h,,,,,,1848.20h,,,,,,
,PAYLYNX-1249,Spring Boot Admin 403 TEST/PROD,2/6/26,0.00h,,,,,,0.32h,23.37h,0.00h,1.33h,,,1962.42h,,,,,,
,PAYLYNX-1248,Warden: Update mTLS DEV certificate,2/6/26,0.05h,,,,,,0.77h,,23.82h,1.65h,0.62h,,1962.37h,,,,,,
,PAYLYNX-1247,CORE: Access denied for Mac users locally,,1705.52h,,,,,,283.90h,,,,,,,,,,,,
,PAYLYNX-1246,Core: implement usage of new limits table,,1991.17h,,,,,,,,,,,,,,,,,,
,PAYLYNX-1245,LT inactive PIS agreements (EP solution) closing,,,92.55h,0.00h,,,428.88h,,,,,,,1487.67h,,,,,,
,PAYLYNX-1244,E-invoice: GitHub migration - switching and archiving,,2010.25h,,,,,,,,,,,,,,,,,,
,PAYLYNX-1243,Warden: Update replica set to 2,2/4/26,0.00h,,,,,,0.02h,0.97h,,,,,2011.75h,,,,,,
,PAYLYNX-1242,E-invoice: Regression testing,3/4/26,625.03h,,,,,,44.73h,,,,,,1345.72h,,,,,,
,PAYLYNX-1241,E-invoice: GitHub migration (einvoice-generator),3/11/26,852.45h,,,,,,,,,,,1176.90h,,,,,,,
,PAYLYNX-1240,E-invoice: GitHub migration (einvoice-payments-machine),,2029.60h,,,,,,,,,,,,,,,,,,
,PAYLYNX-1239,E-invoice: GitHub migration (einvoice-components),2/25/26,218.32h,,,,,,299.52h,,,,,,1511.82h,,,,,,
,PAYLYNX-1238,Needed to check what version is used for customer authentication service,,,117.62h,0.00h,,,428.85h,,,,,,,1487.70h,,,,,,
,PAYLYNX-1237,when this ID was used last time,,,3.93h,0.05h,,,568.52h,,,,,,,1487.67h,,,,,,
,PAYLYNX-1236,Update standard inquiry template to adapt to E-Invoice,,2060.22h,,,,,,,,,,,,,,,,,,
,PAYLYNX-1235,PIS does not work (seems like this affects all merchants),,,49.02h,0.00h,,,568.55h,,,,,,,1487.70h,,,,,,
,PAYLYNX-1234,Review & Improve existing Grafana alerts,,2008.35h,,,,,,120.60h,2.75h,,,,,,,,,,,
Production bug,PAYLYNX-1233,Warden: refund xml,,2.87h,,,,,,66.73h,,,52.87h,,,2012.25h,,,,,,
,PAYLYNX-1232,Failed PIS payments,,,0.28h,0.00h,,,2134.85h,,,,,,,,,,,,,
,PAYLYNX-1214,E-invoices: SkyVault testing,,2172.77h,,,,,,,,,,,,,,,,,,
,PAYLYNX-1213,E-invoices: Update Recovery plan,,2173.38h,,,,,,,,,,,,,,,,,,
,PAYLYNX-1212,INBOKSS_continuation PAYLYNX-1151,,,5.18h,0.77h,,,686.18h,,,,,,,1487.72h,,,,,,
,PAYLYNX-1211,CORE Deletion constrain violation,2/9/26,52.35h,,,,,,75.97h,19.08h,115.53h,25.13h,,,1896.45h,,,,,,
,PAYLYNX-1210,TESTING - adding Procurement number to CREBIT.PF_ENTRY,2/6/26,180.78h,,,,,,0.00h,,0.00h,39.97h,,,1964.05h,,,,,,
,PAYLYNX-1209,last log from ID EER,,,0.78h,27.52h,,,686.97h,,,,,,,1487.72h,,,,,,
,PAYLYNX-1208,Has there been no contact with the bank at all using those ID?,,,1.68h,0.00h,,,714.48h,,,,,,,1487.72h,,,,,,
,PAYLYNX-1207,E-invoices: placeholder,3/23/26,1343.60h,,,,,,,,,,,884.85h,,,,,,,
,PAYLYNX-1206,E-invoices: placeholder,3/9/26,1007.75h,,,,,,,,,,,1220.72h,,,,,,,
,PAYLYNX-1205,E-invoices: placeholder,2/24/26,696.68h,,,,,,,,,,,1531.78h,,,,,,,
,PAYLYNX-1204,E-invoices: placeholder for whatever is next,2/6/26,259.97h,,,,,,,,,,,1968.52h,,,,,,,
,PAYLYNX-1203,E-invoices: get AD amendments approved,3/9/26,1007.88h,,,,,,,,,,,1220.67h,,,,,,,
,PAYLYNX-1202,CORE notification sent to local adress,2/4/26,12.05h,,,,,,160.63h,48.02h,3.32h,0.00h,,,2005.77h,,,,,,
,PAYLYNX-1201,E-invoices: Map all the dependencies with einvoices component,2/3/26,56.00h,,,,,,138.92h,,,,,,2035.80h,,,,,,
,PAYLYNX-1200,MUDIA_Issue with the New API v3,,,26.67h,0.00h,,,716.38h,,,,,,,1488.83h,,,,,,
,PAYLYNX-1199,Closure of passive MBBL EE agreements,,117.05h,0.72h,0.62h,,,488.03h,,,,,,,1695.90h,,,,,,
,PAYLYNX-1198,when those ID was used last time,,,47.00h,0.07h,,,0.02h,,,,,,,2255.98h,,,,,,
,PAYLYNX-1197,IBANK 4001 packets errors,,0.00h,,,,,,2.07h,3.30h,3.70h,0.00h,,,2296.02h,,,,,,
,PAYLYNX-1196,when this ID was used last time,,,49.25h,0.00h,,,0.08h,,,,,,,2255.98h,,,,,,
,PAYLYNX-1195,CORE - cache not cleared automatically after release,,0.23h,,,,,,96.77h,8.40h,23.77h,0.00h,,,2185.58h,,,,,,
,PAYLYNX-1194,STAR change enum to OPERATOR,2/9/26,280.63h,,,,,,27.85h,,0.73h,0.78h,119.53h,,1892.33h,,,,,,
,PAYLYNX-1193,CORE Merchant Id suggestion take too long for LT,2/4/26,95.62h,,,,,,95.38h,97.30h,23.88h,5.23h,,,2005.73h,,,,,,
,PAYLYNX-1192,MBBL agreement in STAR label updates,,2325.43h,0.08h,,,,,,,,,,,,,,,,,
,PAYLYNX-1191,when those ID was used last time?,,,4.18h,0.08h,,,17.38h,,,,,,,2324.27h,,,,,,
,PAYLYNX-1190,Add Procurement Numbers to db in PROD,1/26/26,141.82h,,,,,,,,,,,2228.05h,,,,,,,
,PAYLYNX-1189,problem with payments,,,33.50h,0.00h,,,17.38h,,,,,,,2324.27h,,,,,,
,PAYLYNX-1188,Prepare AD amendment for Unity Portfolio Epic,,2396.03h,,,,,,,,,,,,,,,,,,
,PAYLYNX-1187,WORKER statement recheck,,0.72h,,,,,,19.18h,52.75h,69.00h,70.75h,,,2184.72h,,,,,,
,PAYLYNX-1186,Warden: certificates expired and certificate expiration not visable in grafana,,72.10h,,,,,,96.40h,,13.67h,0.00h,,,2219.25h,,,,,,
,PAYLYNX-1185,CORE: Separate Agreement and Refund limits in db to avoid concurrency gaps,,0.02h,,,,,,264.67h,267.80h,1.80h,24.22h,,,1843.00h,,,,,,
,PAYLYNX-1184,"MUDIA, not ANDPAY_iPhone users problem",,,65.73h,0.00h,,,76.42h,,,,,,,2324.27h,,,,,,
,PAYLYNX-1183,Worker: start using Andromeda CA truststore,,2469.20h,,,,,,,,,,,,,,,,,,
,PAYLYNX-1182,Urgent!!! MELYNAIRGELTONA; MELYNAIRGELTON2,,,68.83h,75.42h,,,0.98h,,,,,,,2324.27h,,,,,,
Production bug,PAYLYNX-1181,pi.swedbank.com - V2 is not visible from menu,,72.10h,,,,,,2.08h,,0.68h,0.00h,,,2396.43h,,,,,,
,PAYLYNX-1180,E-INVOICE Autotest modernization,,2472.75h,,,,,,,,,,,,,,,,,,
,PAYLYNX-1179,CORE failing Ui tests,1/20/26,0.00h,,,,,,106.72h,,,,,,2377.25h,,,,,,
,PAYLYNX-1178,Start using Core db in SkyVault for TEST,,2492.47h,,,,,,,,,,,,,,,,,,
,PAYLYNX-1177,Start using new runner for MBBL,2/9/26,432.93h,,,,,,162.20h,1.47h,0.58h,0.00h,,,1895.45h,,,,,,
,PAYLYNX-1176,Change PIS agreement statuss for ID: EPLV_ZURAVSKA-R,,,1.67h,0.00h,,,167.57h,,,,,,,2324.27h,,,,,,
,PAYLYNX-1175,CORE: Low performance of 90 days turnover calculation,,1992.63h,,,,,,284.32h,201.30h,14.62h,3.33h,,,,,,,,,
,PAYLYNX-1174,CORE: Merchant turnover calculation does not include all successful finished payments,,17.98h,,,,,,,,,,,2496.15h,,,,,,,
,PAYLYNX-1173,MBBL system documentation improvements at the end of PI:2 2026,,2514.83h,,,,,,,,,,,,,,,,,,
,PAYLYNX-1172,False alerts for warden and experience applications,1/19/26,0.00h,,,,,,48.52h,64.18h,0.00h,0.10h,,,2402.17h,,,,,,
,PAYLYNX-1171,MBBL agreement printing in STAR label updates in EE,,,25.42h,166.30h,,,68.20h,,,,,,,2256.07h,,,,,,
,PAYLYNX-1170,Provide Procurement number to CREBIT.PF_ENTRY,1/28/26,26.05h,,,,,,217.68h,,91.05h,0.00h,,,2184.83h,,,,,,
,PAYLYNX-1169,MBBL system documentation improvements,1/28/26,5.97h,,,,,,190.27h,139.75h,,,,,2184.75h,,,,,,
,PAYLYNX-1168,New team members onboarding,1/14/26,19.85h,,,,,,,,,,,,2520.90h,,,,,,
,PAYLYNX-1167,Refund is duplicated and client gets misleading error 400 when core API call lasts longer than 30 seconds,1/27/26,0.62h,,,,,,50.35h,166.50h,21.35h,100.67h,,,2203.15h,,,,,,
,PAYLYNX-1166,Need to check version of used auth service,,,0.73h,0.00h,,,218.03h,,,,,,,2324.27h,,,,,,
,PAYLYNX-1165,Close PIS agreements in PB level due the inactivity,,,21.37h,143.92h,,,0.00h,,,,,,,2400.23h,,,,,,
,PAYLYNX-1164,when this ID was used last time?,,,1.23h,71.13h,,,,,,,,,,2563.63h,,,,,,
Production bug,PAYLYNX-1163,Fix email list for fees,1/13/26,0.00h,,,,,,4.92h,72.33h,19.38h,1.42h,,,2543.47h,,,,,,
,PAYLYNX-1162,Change Artea bank logo before end of Jan Y26,2/3/26,475.08h,,,,,,49.13h,76.13h,26.98h,0.00h,,,2030.12h,,,,,,
Production bug,PAYLYNX-1161,Refund issues with multiplication and limit applicability,,20.98h,,,,,,9.33h,15.07h,97.38h,141.95h,,,2402.15h,,,,,,
,PAYLYNX-1160,Sandbox error showing during Failed payment,,2687.88h,,,,,,,,,,,,,,,,,,
,PAYLYNX-1159,Close 276 LV agreements due to inactivity,,2.43h,1.57h,20.15h,,,,,,,,,,2708.87h,,,,,,
,PAYLYNX-1157,"False monitoring alerts due to changed ""job"" label value",,0.08h,,,,,,0.35h,66.45h,25.52h,0.18h,,,2711.87h,,,,,,
,PAYLYNX-1155,WORKER,1/2/26,0.52h,,,,,,0.00h,0.00h,2.85h,0.00h,,,2805.90h,,,,,,
,PAYLYNX-1154,update worker cert in test env,1/7/26,17.65h,,,,,,3.90h,48.77h,0.00h,118.02h,,,2687.12h,,,,,,
,PAYLYNX-1153,Telia informed us that they are not receiving payments from Atea and Luminor,,,0.73h,,,,,,,,,,,2877.05h,,,,,,
,PAYLYNX-1152,Implement MBBL Andromeda logs to Logread in PROD,1/25/26,387.58h,,,,,,199.38h,0.00h,59.03h,0.00h,,,2255.50h,,,,,,
,PAYLYNX-1151,Merchant does not receive a callback,,,19.95h,0.15h,,,,,,,,,,3045.83h,,,,,,
,PAYLYNX-1150,commision fee from another client's account,,,576.30h,,,,0.07h,,,,,,,2491.52h,,,,,,
,PAYLYNX-1149,when this ID was used last time,,,64.85h,0.02h,,,167.68h,,,,,,,2905.53h,,,,,,
,PAYLYNX-1148,Test: Invalid certificate,12/19/25,0.00h,,,,,,19.42h,0.58h,0.47h,0.47h,,,3143.67h,,,,,,
,PAYLYNX-1147,when this ID was used last time,,,18.48h,0.00h,,,263.40h,,,,,,,2905.53h,,,,,,
Production bug,PAYLYNX-1146,"WARDEN Statements polling, missing data",12/29/25,0.00h,,,,,,4.72h,0.00h,0.37h,287.92h,,,2904.02h,,,,,,
Production bug,PAYLYNX-1145,WORKER no logs,12/17/25,15.92h,,,,,,0.00h,0.00h,,,,,3197.10h,,,,,,
Production bug,PAYLYNX-1144,Static resources spamming logs,1/2/26,0.00h,,,,,,220.63h,107.20h,1.80h,98.25h,,,2804.42h,,,,,,
Production bug,PAYLYNX-1143,EXP missing mapping for error in swagger,12/16/25,2.12h,,,,,,0.05h,1.20h,3.42h,15.22h,,,3215.60h,,,,,,
,PAYLYNX-1142,"Login to Citadele page ,refundScenario=SANDBOX_REFUND  ",,95.52h,,,,,,342.35h,0.35h,89.62h,1.58h,,,2712.07h,,,,,,
,PAYLYNX-1141,downgrade spring boot version,,0.00h,,,,,,0.15h,1.82h,5.23h,43.60h,,,3192.33h,,,,,,
,PAYLYNX-1140,Check banklink-common and ibank for needed changes due to Operator,2/2/26,1248.05h,,,,,,,,,,,0.03h,2060.80h,,,,,,
,PAYLYNX-1139,Core: Assure backward compatibility for AgreementSummary,3/9/26,1743.72h,,,,,,0.63h,0.00h,0.72h,94.33h,172.10h,,1225.35h,,,,,,
Spike,PAYLYNX-1138,Find a solution how to support Operator based standard prices,2/18/26,1321.03h,,,,,,186.30h,122.72h,,,,,1678.87h,,,,,,
,PAYLYNX-1137,Show the operator agreement,1/2/26,502.08h,,,,,,,,,,,2806.87h,,,,,,,
,PAYLYNX-1136,STAR: show in star the list of operators and agreements,4/22/26,2472.17h,,,,,,361.43h,165.90h,90.53h,49.92h,,,169.02h,,,,,,
,PAYLYNX-1135,Core: test updates of merchant id suggestion endpoint,3/5/26,1991.70h,,,,,,0.00h,,0.00h,0.02h,,,1317.28h,,,,,,
,PAYLYNX-1134,Core: Attach Operator to existing Merchant agreement,3/16/26,2109.90h,,,,,,147.03h,,,,,1052.10h,,,,,,,
,PAYLYNX-1133,Core: Operator agreement - create agreement editing endpoints,3/5/26,1992.00h,,,,,,,,,,,1317.17h,,,,,,,
,PAYLYNX-1132,Review & update Service Offering dependency components in SNAP,,3354.45h,,,,,,,,,,,,,,,,,,
,PAYLYNX-1131,API v2 swagger improvement,1/14/26,455.58h,,,,,,185.27h,193.33h,0.02h,0.00h,,,2520.77h,,,,,,
,PAYLYNX-1130,009 or API,,,0.72h,0.02h,,,,,,,,,,3383.93h,,,,,,
,PAYLYNX-1129,problem with the payment,,,0.45h,0.43h,,,,,,,,,,3404.15h,,,,,,
,PAYLYNX-1128,Callback incident Diginet,12/9/25,,0.20h,19.15h,,,0.15h,,,,,,,3361.73h,,,,,,
,PAYLYNX-1127,Notification incident 2nd December,,,0.98h,,,,,,,,,,,3408.13h,,,,,,
,PAYLYNX-1126,LT Merchant BIOSALA can not make refund,12/9/25,,0.00h,2.63h,,,91.67h,,,,,,,3361.67h,,,,,,
,PAYLYNX-1125,Fee debiting: Unable to debit fee,12/5/25,5.98h,,,,,,,,0.00h,,,,3475.77h,,,,,,
,PAYLYNX-1124,Response of PIS payment about refund functionality availability,1/20/26,1123.20h,,,,,,,,,,,2375.83h,,,,,,,
,PAYLYNX-1123,Request to resend notifications,,,2.60h,,,,591.37h,,,,,,,2905.53h,,,,,,
,PAYLYNX-1122,Claims from the customers related to MIP incident on the 2 nd December,,,4.87h,,,,591.38h,,,,,,,2905.52h,,,,,,
,PAYLYNX-1121,WARDEN: fix trace logging,12/10/25,167.33h,,,,,,,,,,,,3332.67h,,,,,,
,PAYLYNX-1120,Merchant ID: UZDEV1,,,27.68h,,,,591.38h,,,,,,,2905.50h,,,,,,
,PAYLYNX-1119,"Autotests are failing, check instant limits, SSL error",12/24/25,0.85h,,,,,,20.13h,0.00h,,,493.00h,,3013.13h,,,,,,
,PAYLYNX-1118,last time used,,,54.28h,,,,591.37h,,,,,,,2905.52h,,,,,,
,PAYLYNX-1231,"[DB] Add ""Procurement number"" field to E-invoice related Periodical Fees",,0.00h,,378.17h,3194.98h,,,,,,,,,,,,,,,
,PAYLYNX-1117,LT Merchant SEESAM complaining that they don't get from us final status notifications,,,1.85h,49.15h,,,42.18h,,,,,,,3480.08h,,,,,,
Production bug,PAYLYNX-1116,WARDEN restclient using small connection timeout,12/2/25,3.70h,,,,,,17.18h,0.02h,3.88h,,,,3549.25h,,,,,,
Production bug,PAYLYNX-1115,Missing Index in SQL,12/3/25,4.40h,,,,,,2.10h,0.00h,20.93h,19.52h,,,3529.90h,,,,,,
Production bug,PAYLYNX-1114,Worker failed to send report about calculation,,0.28h,,,,,,0.10h,4.12h,20.73h,22.30h,,,3529.33h,,,,,,
,PAYLYNX-1113,new special price,,,0.05h,,,,119.27h,,,,,,,3549.57h,,,,,,
Production bug,PAYLYNX-1112,"MBBL CORE: Errors in logs , unable to fetch user info ,service stable up and running , just logs are polluted with errors",12/1/25,83.22h,,,,,,13.70h,0.72h,,,,,3572.37h,,,,,,
,PAYLYNX-1227,"[STAR] Add ""Procurement number"" field to ""View/change seller agreement"" page",,0.00h,,22.70h,3668.45h,,,,,,,,,,,,,,,
,PAYLYNX-1228,"[STAR] Add ""Procurement number"" field to ""Seller agreement details"" page",,0.03h,,22.33h,3668.92h,,,,,,,,,,,,,,,
,PAYLYNX-1229,"[STAR] Add ""Procurement number"" field to ""New seller sgreement"" page",,0.00h,,19.23h,3672.08h,,,,,,,,,,,,,,,
,PAYLYNX-1230,[DB] Create new attribute for Procurement Number in einvoices.local_seller_agreement,,0.02h,,0.28h,3692.55h,,,,,,,,,,,,,,,
,PAYLYNX-1111,Core:Disable fees debiting and calculation before 28.11,11/27/25,24.22h,,,,,,2.63h,0.00h,1.63h,,,,3668.53h,,,,,,
,PAYLYNX-1110,Worker: cleanup job improvements,,3716.27h,,,,,,,,,,,,,,,,,,
,PAYLYNX-1109,STAR: adding non customer IBAN for fee debiting,,3739.65h,,,,,,,,,,,,,,,,,,
,PAYLYNX-1108,Payment collection account changes after agreement version update,,,72.83h,,,,,,,,,,,3746.27h,,,,,,
,PAYLYNX-1107,payment problems,,,26.93h,,,,65.00h,,,,,,,3746.23h,,,,,,
,PAYLYNX-1106,Add Merchant key downloading to sandbox,12/16/25,362.73h,,,,,,240.12h,18.50h,1.55h,0.25h,,,3215.33h,,,,,,
,PAYLYNX-1105,SANDBOX: when refreshing payment page status gets initial,,266.82h,,,,,,390.52h,36.37h,0.00h,72.53h,,,3073.40h,,,,,,
,PAYLYNX-1104,Clean-up of remaining 008 legacy - Part2,12/17/25,335.88h,,,,,,291.72h,18.88h,0.02h,23.17h,,,3193.88h,,,,,,
Production bug,PAYLYNX-1103,EXP Refund not visible in sandbox environment,11/19/25,0.00h,,,,,,0.07h,2.92h,,,,,3860.82h,,,,,,
,PAYLYNX-1102,Payment initiation service usage,,,9.45h,,,,,,,,,,,3858.57h,,,,,,
,PAYLYNX-1101,Test robots: add login-preprod.swedbank.ee to the list of allowed domains,11/18/25,2.42h,,,,,,0.00h,,,,,,3885.70h,,,,,,
,PAYLYNX-1100,SANDBOX: error on changing state,,2.17h,,,,,,3.47h,1.53h,4.63h,14.22h,,,3863.75h,,,,,,
,PAYLYNX-1099,AUTOSOIT question about stopped 7.11 payment,12/9/25,,93.57h,,,,431.82h,,,,,,,3356.77h,,,,,,
,PAYLYNX-1098,when this ID was used last time?,,,1.27h,,,,,,,,,,,3906.50h,,,,,,
,PAYLYNX-1097,"SkyVault testing, Core DB in TEST, LT / LV / EE - W4",1/25/26,1652.70h,,,,,,,,,,,2255.50h,,,,,,,
,PAYLYNX-1096,The version of the query being used is not allowed.,,,1.98h,,,,,,,,,,,3909.13h,,,,,,
,PAYLYNX-1095,Order firewalls for MBBL Github test,1/14/26,748.75h,,,,,,527.82h,,,,114.35h,,2520.82h,,,,,,
,PAYLYNX-1094,Andromeda applications migration to github,,3911.82h,,,,,,,,,,,,,,,,,,
,PAYLYNX-1093,"SkyVault testing, TEST Core DB: 24-26 NOV",11/26/25,194.02h,,,,,,0.00h,0.02h,0.00h,22.80h,,,3696.45h,,,,,,
,PAYLYNX-1092,Create details message for refund fee debiting transactions,12/3/25,168.95h,,,,,,2.48h,27.23h,19.83h,166.50h,,,3529.93h,,,,,,
,PAYLYNX-1091,WARDEN: cleanup job takes only 1 batch with 4500 rows,,16.95h,,,,,,,,,,,3914.90h,,,,,,,
Spike,PAYLYNX-1090,Procurement number for Governmental company's VAT invoices in LT,12/29/25,736.40h,,,,,,338.22h,,,,,,2905.07h,,,,,,
,PAYLYNX-1089,Fees: disable calculation and debiting jobs in core,12/3/25,451.93h,,,,,,,,,,,3503.87h,,,,,,,
,PAYLYNX-1088,failed payment status,,,1.52h,0.00h,,,282.37h,,,,,,,3696.20h,,,,,,
Spike,PAYLYNX-1087,Investigate solution for Open packet users in MBBL API,,3981.48h,,,,,,,,,,,,,,,,,,
,PAYLYNX-1086,autentification service,,,4.42h,282.33h,,,0.02h,,,,,,,3696.20h,,,,,,
,PAYLYNX-1085,Add party name in to MDM SWIC endpoint,12/29/25,1102.27h,,,,,,,,,,,2903.10h,,,,,,,
Production bug,PAYLYNX-1084,CORE MTLS for HUB,11/13/25,0.00h,,,,,,4.68h,0.00h,0.18h,,,,4002.43h,,,,,,
,PAYLYNX-1083,Inactive Customers BL/PIS/Auth,,,144.40h,0.00h,,,,,,,,,,3883.23h,,,,,,
,PAYLYNX-1082,The client says the issue is till ongoing,,,1.70h,0.00h,,,,,,,,,,4056.00h,,,,,,
,PAYLYNX-1081,"After id card update , members who have rights cannot access to our console",11/20/25,177.62h,,,,,,30.62h,11.25h,30.95h,,,,3829.12h,,,,,,
,PAYLYNX-1080,"MBBL fees: make possible to trigger warden jobs from core console, Create job in WARDEN for checking tasks",12/29/25,575.02h,,,,,,287.70h,73.90h,0.12h,239.22h,,,2905.35h,,,,,,
,PAYLYNX-1079,"MBBL fees: make possible to trigger warden jobs from core console, create andromeda library",,4081.37h,,,,,,,,,,,,,,,,,,
,PAYLYNX-1078,Update owner info for our service in GIT,,,283.53h,216.95h,,,,,,,,,,3647.75h,,,,,,
Production bug,PAYLYNX-1077,"Investigate unexpected.unique_constraint_violation case , in debugger, warning logs",12/2/25,479.67h,,,,,,141.38h,0.73h,17.90h,3.23h,,,3551.22h,,,,,,
,PAYLYNX-1076,Clean-up in LV and EE old flow ibank pages,12/10/25,837.90h,,,,,,,,,,,3360.30h,,,,,,,
,PAYLYNX-1075,Migrate robots to newer Open Banking pages,,4198.45h,,,,,,,,,,,,,,,,,,
,PAYLYNX-1074,Add Refund to Sandbox,11/19/25,0.38h,,,,,,315.55h,1.53h,4.67h,14.02h,,,3863.92h,,,,,,
,PAYLYNX-1073,Customer identification volumes needed,,,0.97h,,,,,,,,,,,4199.37h,,,,,,
Production bug,PAYLYNX-1072,CORE parsing of urlunencoded,12/2/25,357.25h,,,,,,146.13h,24.05h,17.18h,127.03h,,,3546.22h,,,,,,
Production bug,PAYLYNX-1071,EXp wrong link for sandbox,11/4/25,0.00h,,,,,,0.23h,0.00h,0.57h,,,,4218.98h,,,,,,
,PAYLYNX-1070,Merchant id: FAILIEM,,,6.10h,235.28h,,,0.00h,,,,,,,3978.58h,,,,,,
Production bug,PAYLYNX-1069,Low timeout in CORE,11/4/25,0.00h,,,,,,1.98h,0.00h,0.00h,,,,4219.53h,,,,,,
,PAYLYNX-1068,Move cron expressions from application source code to MBBL DB,,4224.47h,,,,,,,,,,,,,,,,,,
,PAYLYNX-1067,failing ui test,11/5/25,0.00h,,,,,,5.25h,18.48h,,,,,4200.90h,,,,,,
,PAYLYNX-1066,last time used?,,,1.87h,0.00h,,,341.40h,,,,,,,3978.58h,,,,,,
,PAYLYNX-1065,Improving payment type selection for PIS,1/14/26,1799.53h,,,,,,0.18h,18.52h,4.15h,17.65h,,,2521.68h,,,,,,
,PAYLYNX-1063,MBBL Reporting: add auth statistics to weekly trx reports,4/1/26,3209.65h,,,,,,391.52h,180.40h,2.43h,30.13h,,,572.77h,,,,,,
,PAYLYNX-1062,Re-write agreement creation endpoint,2/6/26,1937.68h,,,,,,308.75h,189.47h,6.08h,48.05h,0.00h,,1964.20h,,,,,,
,PAYLYNX-1061,Core: Create operators endpoint,3/9/26,2611.30h,,,,,,448.83h,107.97h,39.58h,23.65h,,,1222.92h,,,,,,
,PAYLYNX-1060,"Change old agreements annex table and merchant agreement table, include operator settings.",1/9/26,1552.05h,,,,,,45.05h,,148.97h,73.05h,,,2635.17h,,,,,,
,PAYLYNX-1059,"Core, Exp, Warden: Re-name Everypay enum to Operator",2/13/26,2297.22h,,,,,,259.50h,48.62h,49.12h,4.28h,,,1795.68h,,,,,,
,PAYLYNX-1058,Change the logic for default public key,12/15/25,1047.13h,,,,,,77.98h,14.85h,16.17h,62.43h,,,3235.95h,,,,,,
,PAYLYNX-1057,Create new DB table for operator configuration,12/15/25,711.17h,,,,,,193.23h,196.83h,55.00h,62.43h,,,3235.95h,,,,,,
,PAYLYNX-1056,Rename existing EP type alias,3/31/26,3764.18h,,,,,,,,,,,690.73h,,,,,,,
,PAYLYNX-1055,EDS has performed corrections as per 009 version’s guidelines,,,67.85h,,,,1513.22h,,,,,,,2905.52h,,,,,,
,PAYLYNX-1054,Enable Paysera to existing MBBL agreements,,4512.20h,,,,,,,,,,,,,,,,,,
,PAYLYNX-1053,Enable Paysera in STAR and donation pages,,4512.53h,,,,,,,,,,,,,,,,,,
,PAYLYNX-1052,Testing Paysera payment before launch,,4529.05h,,,,,,,,,,,,,,,,,,
,PAYLYNX-1051,Onboarding new LT bank - Paysera,,4529.22h,,,,,,,,,,,,,,,,,,
,PAYLYNX-1050,Question from the client,,,17.95h,,,,1608.05h,,,,,,,2905.52h,,,,,,
,PAYLYNX-1049,MBBL-TEST connection check,12/17/25,720.83h,,,,,,625.10h,,,,,,3167.95h,,,,,,
,PAYLYNX-1048,Github Arch Decision for Docker-in-Docker,11/26/25,503.93h,,,,,,216.98h,,98.03h,22.77h,,,3696.37h,,,,,,
,PAYLYNX-1047,Refund is not visible in pdf if refund enabled,,0.00h,,,,,,0.10h,0.27h,0.00h,0.00h,,,4538.15h,,,,,,
,PAYLYNX-1046,CORE sonar 157 issues,10/30/25,281.23h,,,,,,34.82h,,,,,,4334.37h,,,,,,
,PAYLYNX-1045,STAR DEV technical error in agreement view,,65.57h,,,,,,50.23h,0.00h,0.00h,0.00h,,,4535.62h,,,,,,
,PAYLYNX-1044,EPS,,,2.60h,113.57h,,,,,,,,,,4535.38h,,,,,,
,PAYLYNX-1042,Check MDM dependency,12/3/25,938.13h,,,,,,189.93h,,,,,,3529.20h,,,,,,
,PAYLYNX-1041,pending payments in WooCommerce,,,167.17h,498.97h,,,25.72h,,,,,,,3983.93h,,,,,,
,PAYLYNX-1040,Clean-up of old donation pages in ibank,11/5/25,499.43h,,,,,,,,,,,4199.15h,,,,,,,
,PAYLYNX-1039,Migrate Support page content to pi.swedbank.com ,,4698.70h,,,,,,,,,,,,,,,,,,
,PAYLYNX-1038,Failed payments with the reason merchant do not understand,,,21.95h,,,,,,,,,,,4677.47h,,,,,,
,PAYLYNX-1037,Clean-up signup for EE,,4705.73h,,,,,,,,,,,,,,,,,,
,PAYLYNX-1036,Worker: trigger Agreement Summery after Double Customer Merge,10/15/25,0.55h,,,,,,,,,,,4705.92h,,,,,,,
,PAYLYNX-1035,CORE Failed on temp issue,11/5/25,347.38h,,,,,,122.03h,3.70h,21.18h,24.80h,,,4198.10h,,,,,,
,PAYLYNX-1034,Core: Trigger update to Agreement Summary after party data was updated,10/27/25,189.82h,,,,,,2.98h,48.32h,0.57h,68.85h,,,4414.80h,,,,,,
Spike,PAYLYNX-1033,Artifactory API keys migration to Access Tokens,,4727.42h,,,,,,,,,,,,,,,,,,
,PAYLYNX-1032,payments problem,,,1.72h,357.58h,,,,,,,,,,4489.15h,,,,,,
,PAYLYNX-1031,CORE trailing spaces in transactionId,10/21/25,101.70h,,,,,,97.45h,88.23h,0.57h,8.27h,,,4553.33h,,,,,,
,PAYLYNX-1030,Upgrade Donation page integration to API for payments,10/29/25,330.17h,,,,,,143.85h,1.77h,2.18h,25.40h,,,4362.22h,,,,,,
,PAYLYNX-1029,Merchant ID: PARKING,,,19.53h,3.50h,,,28.43h,,,,,,,4819.60h,,,,,,
,PAYLYNX-1028,EXP/CORE/WARDEN Network microsegmentation TEST <13.10 ordering,10/29/25,314.65h,,,,,,45.47h,,126.50h,32.08h,23.10h,,4355.67h,,,,,,
,PAYLYNX-1027,Not possible to update customer id for new db if there are records in RefundLimits,10/6/25,0.00h,,,,,,0.32h,0.00h,0.00h,1.57h,,,4919.00h,,,,,,
,PAYLYNX-1026,API v3 launch pre-requisites,10/29/25,598.28h,,,,,,5.37h,15.98h,0.00h,6.78h,,,4363.42h,,,,,,
,PAYLYNX-1025,"Sandbox: adding more status scenarios, small UI improvements",10/15/25,141.08h,,,,,,122.33h,21.42h,1.42h,3.60h,,,4701.03h,,,,,,
,PAYLYNX-1024,Update certificate for: psd2.api.swedbank.com Expiry: 2025-10-16 02:59:59,10/6/25,70.27h,,,,,,0.25h,0.95h,0.25h,0.02h,,,4920.32h,,,,,,
,PAYLYNX-1022,Update certificate for: dev-exp-mbbl-customer.w863.sb Expiry: 2025-10-30 12:09:40,10/29/25,504.25h,,,,,,147.33h,6.17h,0.28h,0.00h,,,4355.68h,,,,,,
,PAYLYNX-1021,Update certificate for: dev-core-multibank-banklink.w863.sb Expiry: 2025-10-30 12:08:16,10/29/25,627.47h,,,,,,24.32h,6.32h,0.15h,0.00h,,,4355.68h,,,,,,
,PAYLYNX-1020,Merchant ID: EPS - VK_REF; VK_MSG,,,2.28h,,,,550.60h,,,,,,,4489.05h,,,,,,
,PAYLYNX-1019,problem with new keys,,,1.78h,,,,122.50h,,,,,,,4918.45h,,,,,,
Production bug,PAYLYNX-1017,Not possible to use console for quering data,10/7/25,164.08h,,,,,,4.98h,0.88h,21.00h,1.43h,,,4894.42h,,,,,,
,PAYLYNX-1016,EXP/WARDEN failing andromeda plugin onboarding,11/13/25,173.20h,,,,,,863.88h,46.82h,1.33h,,,,4004.57h,,,,,,
,PAYLYNX-1015,CORE gradle upgrade fails,10/17/25,193.38h,,,,,,245.98h,,,,,,4650.47h,,,,,,
,PAYLYNX-1014,WARDEN decrease nr of pods,10/9/25,191.82h,,,,,,29.68h,0.95h,17.42h,,,,4850.05h,,,,,,
,PAYLYNX-1013,CORE create report about changes,10/2/25,7.62h,,,,,,3.72h,58.50h,0.00h,80.77h,,,5010.83h,,,,,,
,PAYLYNX-1012,Worker: Party MDM trigger changes in core,10/14/25,0.00h,,,,,,10.80h,82.70h,75.37h,266.67h,,,4727.65h,,,,,,
,PAYLYNX-1011,MBBL payments error_EPLV_AUTOTRANSP,,,0.88h,,,,,,,,,,,5184.23h,,,,,,
,PAYLYNX-1010,Test MBBL Andromeda logs move to Logread,12/29/25,551.88h,,,,,,1465.60h,,144.80h,0.00h,144.48h,,2903.23h,,,,,,
,PAYLYNX-1009,invalid query,,,0.08h,,,,0.12h,,,,,,,5210.30h,,,,,,
,PAYLYNX-1008,money comes to wallet with delay,,,27.27h,0.00h,,,378.45h,,,,,,,4851.55h,,,,,,
,PAYLYNX-1007,worker-mbbl-warden logs PV,9/26/25,170.90h,,,,,,,,,,,5156.45h,,,,,,,
Production bug,PAYLYNX-1006,CORE unmapped error,10/8/25,268.40h,,,,,,72.58h,87.80h,2.57h,45.97h,,,4874.50h,,,,,,
,PAYLYNX-1005,009 or API?,,,0.92h,,,,46.45h,,,,,,,5325.33h,,,,,,
Production bug,PAYLYNX-1004,old banklink flow signing issue,,5372.73h,,,,,,,,,,,,,,,,,,
,PAYLYNX-1003,Update Auth Merchants whitelist of trusted domains for PROD,,5373.55h,,,,,,,,,,,,,,,,,,
,PAYLYNX-1002,Create URL validation for vulnerable Auth packets,,5373.68h,,,,,,,,,,,,,,,,,,
Production bug,PAYLYNX-1001,WARDEN concurrency issue,,252.48h,,,,,,1.08h,35.18h,0.00h,75.10h,,,5014.28h,,,,,,
,PAYLYNX-1000,Open Model change Swedbank account,,,40.18h,0.22h,,,0.15h,,,,,,,5355.25h,,,,,,
,PAYLYNX-999,KURSI_15.09.2025,,,48.72h,,,,46.37h,,,,,,,5325.32h,,,,,,
,PAYLYNX-998,"ASAP_COMPENSA_money are reserved, MTPL policies not issued",,,0.92h,,,,68.47h,,,,,,,5353.22h,,,,,,
,PAYLYNX-997,Ibank eservice link change,9/17/25,1.22h,,,,,,0.00h,95.30h,26.75h,0.32h,,,5372.80h,,,,,,
Production bug,PAYLYNX-996,REDIRECT case still exists - testing in production,,97.72h,,,,,,2.10h,42.88h,0.00h,0.58h,,,5354.27h,,,,,,
,PAYLYNX-995,009 or API,,,4.55h,0.05h,,,,,,,,,,5493.18h,,,,,,
,PAYLYNX-994,One time report - last trx date for EP agreements,,,29.73h,,,,143.97h,,,,,,,5348.08h,,,,,,
,PAYLYNX-993,CSDD payment_EPLV_CSDD_VAS,,,45.68h,,,,,,,,,,,5493.37h,,,,,,
,PAYLYNX-992,Core: Use one mailing list for incidents email,9/11/25,0.35h,,,,,,1.22h,0.00h,24.82h,0.00h,,,5516.98h,,,,,,
,PAYLYNX-991,Start-up statistics according to sign-up messages,,,22.57h,,,,,,,,,,,5541.37h,,,,,,
,PAYLYNX-990,Statistics on PIS e-comm plugins usability,,,70.82h,,,,,,,,,,5494.60h,,,,,,,
,PAYLYNX-989,ANDROMEDA: Spacetime Helm Chart: Integrated Truststores,9/26/25,236.22h,,,,,,143.00h,36.20h,,,,,5163.25h,,,,,,
,PAYLYNX-988,when this ID was used last time?,,,0.90h,,,,,,,,,,,5586.98h,,,,,,
,PAYLYNX-987,Auth Merchants whitelist of trusted domains,,5590.65h,,,,,,,,,,,,,,,,,,
,PAYLYNX-986,payment from SEB did not succeed with the error 'neleidziamas mokejimo tipas',,,20.13h,31.07h,,,,,,,,,,5540.00h,,,,,,
Production bug,PAYLYNX-985,EXP: swagger styling is off,9/8/25,0.00h,,,,,,0.23h,0.02h,1.03h,0.82h,,,5589.52h,,,,,,
,PAYLYNX-984,PW/SWPay integration AD preparation,9/8/25,0.08h,,,,,,,,,,,5591.95h,,,,,,,
,PAYLYNX-983,Report of vulnerable packet usage on 008,9/11/25,,3.18h,0.48h,,,140.88h,,,,,,,5521.03h,,,,,,
,PAYLYNX-982,Add e-mail to incidents reporting email,,,21.98h,144.73h,,,144.45h,,,,,,,5397.90h,,,,,,
,PAYLYNX-981,WARDEN: upgrade SGW XML model,,5712.62h,,,,,,,,,,,,,,,,,,
,PAYLYNX-980,EXP: update swagger based on recent questions,9/17/25,219.87h,,,,,,93.23h,2.12h,24.33h,1.17h,,,5372.28h,,,,,,
,PAYLYNX-979,CORE: create unique details for refund payment,9/15/25,179.55h,,,,,,10.97h,7.33h,92.33h,3.75h,,,5419.23h,,,,,,
,PAYLYNX-978,FONDS PLECS,,,1.93h,0.82h,,,333.33h,,,,,,,5397.90h,,,,,,
,PAYLYNX-977,FONDS_PLECS3 clients cannot use autentification using bank,,,0.62h,0.10h,,,336.77h,,,,,,,5397.88h,,,,,,
,PAYLYNX-976,payment error,9/11/25,,1.23h,3.78h,,,209.75h,,,,,,,5521.12h,,,,,,
,PAYLYNX-975,Implement logs deletion from Logread after 10 years,3/2/26,4247.65h,,,,,,29.98h,,18.63h,52.58h,,,1387.78h,,,,,,
,PAYLYNX-974,"Sanitize ends , to prevent errors in core",,48.83h,,,,,,162.22h,336.70h,0.00h,0.05h,,,5209.52h,,,,,,
,PAYLYNX-973,MBBL fees: make possible to trigger warden jobs from core console,12/1/25,1566.15h,,,,,,329.52h,199.02h,21.15h,71.42h,,,3573.82h,,,,,,
,PAYLYNX-972,009 Migration report,9/26/25,576.22h,,,,,,0.00h,,24.38h,,,,5161.20h,,,,,,
,PAYLYNX-971,MBBL fees: onboard warden to Pricing Service,10/8/25,601.32h,,,,,,263.90h,22.20h,,,,,4874.42h,,,,,,
,PAYLYNX-970,Go back page could not be found,,,0.48h,0.27h,,,,,,,,,,5832.25h,,,,,,
Production bug,PAYLYNX-969,Ibank banklink auth better label,9/2/25,0.02h,,,,,,0.67h,8.58h,2.03h,95.28h,,,5737.77h,,,,,,
Production bug,PAYLYNX-968,Ibank banklink auth requires strong auth,,727.93h,,,,,,5124.67h,,,,,,,,,,,,
,PAYLYNX-967,closing ID 01.09.2025,9/11/25,,94.67h,0.03h,,,239.77h,,,,,,,5521.87h,,,,,,
,PAYLYNX-966,Warden: move settlement polling to nightly,9/18/25,52.85h,,,,,,450.30h,0.00h,4.92h,21.48h,,,5351.42h,,,,,,
Production bug,PAYLYNX-965,EXP and CORE deployment blocked by coverage,8/28/25,0.38h,,,,,,2.23h,57.22h,,,,,5843.70h,,,,,,
,PAYLYNX-964,Get approval for IPR/PartyMDM related AD changes,9/19/25,27.80h,,,,,,0.00h,,,,545.85h,,5330.20h,,,,,,
,PAYLYNX-963,"Unable to get reports , fees ,transactions , in test",,140.23h,,,,,,300.52h,29.73h,5.22h,0.22h,,,5517.12h,,,,,,
,PAYLYNX-962,"Old tables flow , errors in logs",9/30/25,704.85h,,,,,,47.55h,152.80h,0.00h,22.77h,0.02h,,5067.05h,,,,,,
,PAYLYNX-960,"After switch to new tables! Deadlock for transaction , tech error on page , if some service is down , for example notification center",9/4/25,74.23h,,,,,,1.72h,2.72h,163.05h,74.52h,,,5685.25h,,,,,,
,PAYLYNX-959,EHI review KB0036887 v1.0,9/30/25,745.02h,,,,,,77.13h,0.00h,89.67h,25.25h,,,5065.05h,,,,,,
,PAYLYNX-958,agreement ID EOB - technical error for lager sum payment,,,1.93h,,,,242.48h,,,,,,,5757.98h,,,,,,
,PAYLYNX-957,"Worker ,cannot insert nulls in notification_failure",8/22/25,17.67h,,,,,,0.67h,2.52h,0.02h,1.12h,,,5997.33h,,,,,,
,PAYLYNX-956,"Not possible to make refund , transaction_type name is not valid",8/22/25,1.58h,,,,,,0.08h,16.93h,2.92h,0.00h,,,5998.77h,,,,,,
,PAYLYNX-955,"Payment EXECUTED , but no money on account , merchant AK_DEVELOPMENTS",,499.78h,,,,,,,,,,,5520.80h,,,,,,,
,PAYLYNX-954,one payment missing,,,3.67h,,,,,,,,,,,6020.85h,,,,,,
,PAYLYNX-953,EPLV_CSDD_VAS - No information available about transaction execution,,,18.87h,,,,122.28h,,,,,,,5929.25h,,,,,,
,PAYLYNX-952,Starting account statistics EE,,,1.17h,,,,,,,,,,,6069.98h,,,,,,
,PAYLYNX-951,last time used,,,0.27h,,,,,,,,,,,6072.88h,,,,,,
,PAYLYNX-950,Non-standard report - number of authentications by day (june 2025),,,1.23h,,,,,,,,,,,6073.02h,,,,,,
,PAYLYNX-949,Manual agreement deletion trigger in console improvements,,6092.38h,,,,,,,,,,,,,,,,,,
,PAYLYNX-948,Manual agreement deletion trigger in console,,6092.57h,,,,,,,,,,,,,,,,,,
,PAYLYNX-947,CORE remove restriction for refund for SETTLED status,8/22/25,0.38h,,,,,,0.23h,0.72h,69.33h,23.62h,,,5998.70h,,,,,,
,PAYLYNX-946,Create clean-up task for Worker for packets and payment links,11/14/25,1896.87h,,,,,,3.42h,16.53h,181.70h,10.27h,,,3986.43h,,,,,,
,PAYLYNX-945,Create clean-up task for Worker for Payment transactions,11/4/25,1681.55h,,,,,,71.02h,34.72h,41.82h,40.98h,,,4225.20h,,,,,,
,PAYLYNX-944,Create clean-up task for Worker for Refund transactions,10/16/25,1226.98h,,,,,,120.00h,20.92h,26.52h,21.52h,,,4679.43h,,,,,,
,PAYLYNX-943,Test new EveryPay integration with API v.3+Refund v.3,3/31/26,5495.13h,,,,,,,,,,,694.37h,,,,,,,
,PAYLYNX-942,callback,9/11/25,,0.28h,,,,668.97h,,,,,,,5521.23h,,,,,,
,PAYLYNX-941,009 or API,9/11/25,,0.70h,,,,669.07h,,,,,,,5521.02h,,,,,,
,PAYLYNX-940,Merchant ID: KURSI - rejected transactions for one client,,,0.87h,0.13h,,,0.92h,,,,,,,6213.20h,,,,,,
,PAYLYNX-939,EXP: swagger update for payment ID max length,8/14/25,22.08h,,,,,,0.47h,7.37h,0.00h,1.38h,,,6186.08h,,,,,,
,PAYLYNX-938,closing ID 27.08.2025,9/11/25,,338.87h,0.00h,,,358.15h,,,,,,,5521.22h,,,,,,
,PAYLYNX-937,Change successful payment labels from <add date here>,,6238.35h,,,,,,,,,,,,,,,,,,
,PAYLYNX-936,last payments,,,0.98h,,,,,,,,,,,6239.43h,,,,,,
,PAYLYNX-935,Update AD for SwedPay platform integration,11/13/25,2062.70h,,,,,,161.68h,27.52h,,,,,4006.65h,,,,,,
,PAYLYNX-934,Add mailing groups to incidents reporting email,,,0.00h,163.72h,,,,,,,,,,6099.00h,,,,,,
,PAYLYNX-933,Clean-up of not used 008 payment packets in ibank & banklink common,11/30/25,2066.62h,,,,,,332.70h,142.38h,1.80h,132.90h,,,3586.43h,,,,,,
,PAYLYNX-932,LT/EE agreements switch of Swedbank payment to OB - October 1st,10/1/25,1171.83h,,,,,,49.12h,,,,,,5042.47h,,,,,,
,PAYLYNX-931,Fix autotests,8/21/25,0.00h,,,,,,48.23h,,0.00h,195.70h,,,6022.27h,,,,,,
,PAYLYNX-930,Bank Link ID: RD1,,,22.97h,0.02h,,,0.00h,,,,,,,6243.85h,,,,,,
,PAYLYNX-929,SILUETS_problem with callback,,,1.12h,,,,88.95h,,,,,,,6267.45h,,,,,,
,PAYLYNX-928,"Pin1 is not asked for mobile devices, when the payment was made for the 2nd time",8/12/25,0.00h,,,,,,2.22h,94.30h,25.93h,,,,6237.83h,,,,,,
,PAYLYNX-927,Payment from SEB with response 'netinkamas mokėjimo tipas',8/14/25,,23.92h,,,,141.07h,,,,,,,6216.12h,,,,,,
,PAYLYNX-926,Swedbank payments using version 009,,,47.32h,,,,,,,,,,,6333.85h,,,,,,
,PAYLYNX-925,Close not used EE internal agreement SERT,,,25.07h,,,,,,,,,,,6358.43h,,,,,,
,PAYLYNX-924,invalid request.....,,,26.27h,,,,,,,,,,,6359.35h,,,,,,
,PAYLYNX-923,PIS payments?,,,5.93h,,,,,,,,,,,6379.98h,,,,,,
,PAYLYNX-922,LV client: EPS - Replace calculated fee amount to 0 eur,,,2.25h,,,,,,,,,,,6403.60h,,,,,,
,PAYLYNX-921,MEDON1,,,1.32h,21.45h,,,,,,,,,,6406.45h,,,,,,
Production bug,PAYLYNX-919,CORE dublicate packetID,,2296.63h,,,,,,,,,,,4200.30h,,,,,,,
Production bug,PAYLYNX-918,CORE: Partitioned index creates deadlocks and not performing,,233.92h,,,,,,6264.12h,,,,,,,,,,,,
,PAYLYNX-917,CORE- postmortum of partitioned tables,8/12/25,62.75h,,,,,,192.85h,0.00h,0.00h,0.00h,,,6242.45h,,,,,,
,PAYLYNX-916,Merchant id EPS,9/11/25,,6.68h,63.07h,,,908.95h,,,,,,,5521.13h,,,,,,
,PAYLYNX-915,"Fix for indexes, and deadloacks",8/13/25,238.90h,,,,,,46.08h,,,,,,6218.00h,,,,,,
,PAYLYNX-914,Error in transaction status,9/11/25,,0.45h,71.83h,,,912.10h,,,,,,,5521.18h,,,,,,
,PAYLYNX-913,Warden messageId is limited to 35,8/25/25,0.00h,,,,,,323.95h,4.10h,95.82h,191.27h,,,5900.37h,,,,,,
,PAYLYNX-912,Review service and robots related information.,8/27/25,425.57h,,,,,,217.30h,,,,,,5881.17h,,,,,,
,PAYLYNX-911,Change robots to 009,10/28/25,1098.15h,,,,,,839.60h,150.92h,0.13h,0.18h,47.80h,,4387.62h,,,,,,
,PAYLYNX-910,System documentation creation,1/7/26,2628.30h,,,,,,1185.73h,168.53h,,,,,2521.58h,,,,,,
,PAYLYNX-909,Add new recipients to LT weekly transaction report emails,,,22.18h,14.18h,,,60.65h,,,,,,,6432.52h,,,,,,
,PAYLYNX-908,Report of 008 Migration,,,2.98h,69.78h,,,2.33h,,,,,,,6500.40h,,,,,,
,PAYLYNX-907,Client's question about payment,9/11/25,,4.92h,0.52h,,,1050.80h,,,,,,,5521.20h,,,,,,
,PAYLYNX-906,Swedbank payment API is not working,,,5.95h,0.00h,,,18.03h,,,,,,,6554.50h,,,,,,
,PAYLYNX-905,Block usage for EE 008 exception list,,,0.27h,40.65h,,,,,,,,,6554.62h,,,,,,,
,PAYLYNX-904,integration tests for banklink scope for cross-country Swedbank.,10/7/25,70.97h,,,,,,1130.82h,0.00h,0.00h,388.28h,192.97h,,4889.30h,,,,,,
,PAYLYNX-903,EXP Broken redirect,,0.00h,,,,,,0.13h,1.80h,2.68h,0.00h,,,6668.35h,,,,,,
,PAYLYNX-902,customer monthly identifications volumes are needed for the last 6 months - from the beginning of this year,,,0.55h,17.08h,,,,,,,,,,6674.43h,,,,,,
,PAYLYNX-901,Received client inquiries regarding the made test payment,,,0.82h,,,,20.93h,,,,,,,6674.87h,,,,,,
,PAYLYNX-900,"Star, Validation error in case if refundLimit is null , wrong validation @NotNull",7/24/25,0.02h,,,,,,0.13h,0.95h,0.63h,3.25h,,,6692.15h,,,,,,
Production bug,PAYLYNX-899,CORE app receives REDIRECT method- testing in prod,,0.00h,,,,,,759.87h,0.38h,194.68h,169.37h,,,5590.35h,,,,,,
,PAYLYNX-898,Migrate Ivy to Artifactory,11/26/25,2668.38h,,,,,,211.37h,142.83h,2.10h,4.23h,,,3692.12h,,,,,,
,PAYLYNX-897,"EPLV_APDROSINA1, EXECUTED status, but we see error code field is prefilled with unexpected, PARXLV22",,1220.58h,,,,,,,,,,,5520.82h,,,,,,,
Production bug,PAYLYNX-896,EXP too much space in a view,7/24/25,0.00h,,,,,,25.23h,23.47h,0.40h,1.18h,,,6695.40h,,,,,,
,PAYLYNX-895,"Add new field ""ID code"" to Mobile flow endpoint",,6763.45h,,,,,,,,,,,,,,,,,,
,PAYLYNX-894,MDM AgreementSummary updates fix - remove customer category filtering,,6764.47h,,,,,,,,,,,,,,,,,,
Production bug,PAYLYNX-893,EXP exception during locale resolving,7/24/25,97.15h,,,,,,17.52h,5.28h,22.53h,26.32h,,,6691.98h,,,,,,
,PAYLYNX-892,"Remove ""Allow_008"" tag for remaining agreements - 1st August",8/5/25,340.15h,,,,,,42.57h,,96.68h,,,,6410.37h,,,,,,
,PAYLYNX-891,Change keypair instruction in support page only for LV page,,,2.97h,43.78h,,,0.00h,,,,,,,6885.25h,,,,,,
,PAYLYNX-890,"Improvement , force cross payments Swedbank use instant flow",,0.00h,,,,,,2.95h,1.52h,21.58h,43.42h,,,6866.90h,,,,,,
,PAYLYNX-889,Warden: move automatic fee debiting jobs to warden,,7001.57h,,,,,,,,,,,,,,,,,,
,PAYLYNX-888,Warden: move automatic fee debiting jobs to warden,7/11/25,0.03h,,,,,,,,,,,6977.53h,,,,,,,
,PAYLYNX-887,Warden: move automatic fee debiting jobs to warden,7/11/25,0.03h,,,,,,,,,,,6977.53h,,,,,,,
,PAYLYNX-886,identifications volumes,,,64.33h,0.55h,,,2.75h,,,,,,,6936.38h,,,,,,
Spike,PAYLYNX-885,Create new topic in Kafka for triggering tasks,11/5/25,2832.90h,,,,,,,,,,,4200.33h,,,,,,,
,PAYLYNX-884,Test Sandbox: Playground url directs to prod environment,7/14/25,44.00h,,,,,,4.02h,74.97h,0.72h,0.02h,,,6930.92h,,,,,,
,PAYLYNX-883,MBBL old project is not archived,7/14/25,51.57h,,,,,,74.20h,,,,,,6932.43h,,,,,,
,PAYLYNX-882,"identification service does not work. Payment part migrated to 009, but identification left on 008. Error about wrong service request appears. Screens added.",,,0.78h,,,,194.57h,,,,,,,6906.35h,,,,,,
,PAYLYNX-881,SKYTECH1 MBBL,,,0.60h,,,,,,,,,,,7194.33h,,,,,,
,PAYLYNX-880,SKYTECH1 MBBL,,1673.13h,,,,,,,,,,,5521.90h,,,,,,,
,PAYLYNX-879,SKYTECH1 MBBL,,1673.22h,,,,,,,,,,,5521.90h,,,,,,,
,PAYLYNX-878,Merchant ID: EPLV_CSDD_VAS,,,1.53h,,,,642.13h,,,,,,,6554.55h,,,,,,
Production bug,PAYLYNX-877,EXP missing static resource,7/7/25,1.72h,,,,,,0.03h,7.48h,23.55h,77.72h,,,7101.00h,,,,,,
,PAYLYNX-875,issue with MIP payments. All customer agreements,,,0.12h,,,,,,,,,,,7220.10h,,,,,,
,PAYLYNX-874,EXP CORE - no alert about expiring cert,7/9/25,3.15h,,,,,,0.00h,142.77h,18.83h,0.72h,,,7055.88h,,,,,,
,PAYLYNX-873,EXP renovate PR's failing,9/16/25,1829.30h,,,,,,,,,,,0.00h,5397.93h,,,,,,
,PAYLYNX-872,Merchant ID: SKUODO VANDENY1,,,0.25h,,,,1.22h,,,,,,,7243.00h,,,,,,
,PAYLYNX-871,SEB Expiring consent,7/7/25,0.02h,,,,,,36.60h,7.48h,23.53h,78.80h,,,7099.90h,,,,,,
,PAYLYNX-870,closing ID,,,1.30h,,,,,,,,,,,7248.63h,,,,,,
,PAYLYNX-869,"ID ARUODAS, not acceptable payments via phone - customer notice that Samsung only.",,,0.47h,,,,,,,,,,,7269.38h,,,,,,
,PAYLYNX-868,new keys,,,65.45h,1.73h,,,,,,,,,,7272.12h,,,,,,
,PAYLYNX-867,008 or 009?,,,0.17h,,,,,,,,,,,7340.70h,,,,,,
,PAYLYNX-866,when this ID was used last time?,,,1.68h,,,,,,,,,,,7342.58h,,,,,,
,PAYLYNX-865,009 or API,,,0.98h,,,,,,,,,,,7344.52h,,,,,,
,PAYLYNX-864,"Exp:swagger out of boarder, mobile",,1949.15h,,,,,,,,,,,5397.95h,,,,,,,
,PAYLYNX-863,008 blocking from 01.06,,,22.48h,,,,,,,,,,7345.95h,,,,,,,
,PAYLYNX-862,"008 LV, LT Exceptions - 16th July",7/16/25,478.60h,,,,,,1.78h,,1.85h,,,,6886.22h,,,,,,
,PAYLYNX-861,DNS record for playground,6/30/25,42.45h,,,,,,0.17h,,,,74.27h,,7269.37h,,,,,,
,PAYLYNX-860,EXP failing ui test,6/26/25,19.55h,,,,,,,,,,,,7369.70h,,,,,,
,PAYLYNX-859,which ID this client using,,,1.80h,,,,,,,,,,,7388.85h,,,,,,
,PAYLYNX-858,Improve DB queries: Prepare script,7/16/25,359.72h,,,,,,21.17h,,74.32h,46.47h,,,6889.88h,,,,,,
,PAYLYNX-857,Improve DB queries: switch warden,7/10/25,291.73h,,,,,,24.37h,23.47h,17.65h,1.57h,,,7032.77h,,,,,,
,PAYLYNX-856,Exp: restrict creation of new payment packets + warning message,7/25/25,503.13h,,,,,,147.92h,46.57h,22.93h,2.22h,,,6668.80h,,,,,,
,PAYLYNX-855,Implement usage of new tables,7/22/25,319.97h,,,,,,213.90h,87.95h,0.83h,27.13h,,,6741.82h,,,,,,
,PAYLYNX-854,API or still 009/008?,,,2.42h,0.18h,,,,,,,,,,7391.80h,,,,,,
,PAYLYNX-853,CORE failing db tests in integration tests,6/26/25,113.12h,,,,,,3.38h,19.73h,0.00h,,,,7366.13h,,,,,,
,PAYLYNX-852,Fix Mockito warning,,7510.62h,,,,,,,,,,,,,,,,,,
,PAYLYNX-850,Test OpenBanking fix: add missing account types to account selection,8/25/25,1456.05h,,,,,,149.47h,,,,,,5924.95h,,,,,,
,PAYLYNX-849,Fix SWIC DQ endpoint by adding in to scope CL agreements,6/26/25,18.63h,,,,,,3.82h,0.68h,142.35h,0.00h,,,7365.20h,,,,,,
,PAYLYNX-848,CORE- make refund exception return 409,6/19/25,0.03h,,,,,,0.05h,13.83h,3.67h,19.17h,,,7538.53h,,,,,,
,PAYLYNX-847,API payments,,,16.67h,0.22h,,,626.25h,,,,,,,6935.65h,,,,,,
,PAYLYNX-846,payments in 009,,,18.88h,0.00h,,,626.40h,,,,,,,6935.70h,,,,,,
Production bug,PAYLYNX-845,Refund errors are mapped to technical error,6/19/25,0.38h,,,,,,4.78h,12.68h,4.60h,21.30h,,,7537.32h,,,,,,
,PAYLYNX-844,Failing integration tests,6/20/25,8.55h,,,,,,72.45h,,,,,,7502.38h,,,,,,
Production bug,PAYLYNX-843,Warden: notification differs for settled,,0.25h,,,,,,2.15h,0.00h,3.18h,0.00h,,,7577.88h,,,,,,
Production bug,PAYLYNX-842,Worker from executed to in-progress,,2.37h,,,,,,20.27h,0.10h,8.15h,0.37h,,,7574.85h,,,,,,
,PAYLYNX-841,Implement Banklink scope for cross-boarder Swedbank payment,7/28/25,935.43h,,,,,,0.47h,1.32h,67.70h,4.95h,,,6598.37h,,,,,,
,PAYLYNX-840,Introduce Warden business metrics,6/27/25,77.33h,,,,,,161.45h,1.58h,16.73h,7.18h,,,7344.35h,,,,,,
Production bug,PAYLYNX-839,CORE: Refund is using same endtoendID,6/17/25,0.00h,,,,,,3.70h,0.02h,23.25h,3.35h,,,7579.72h,,,,,,
Production bug,PAYLYNX-838,WORKER payment stayed in IN_PROGRESSS,6/16/25,6.28h,,,,,,0.00h,,,,,,7603.83h,,,,,,
,PAYLYNX-837,"please unblock V008 usage till 30.06.2025, merchant ID: LOTOSS-IMS",,,0.25h,,,,,,,,,,,7675.80h,,,,,,
Production bug,PAYLYNX-836,EXP strange gaps in payment request page,6/27/25,114.95h,,,,,,171.62h,5.17h,2.97h,38.25h,,,7344.18h,,,,,,
,PAYLYNX-835,Warden: move remaining fee management jobs to warden,,7677.67h,,,,,,,,,,,,,,,,,,
,PAYLYNX-834,Monitor & manage exception tags for 008 payment restriction in EE,7/2/25,430.05h,,,,,,22.65h,,,,,,7225.98h,,,,,,
,PAYLYNX-833,Adjust MBBL fee engine to calculate and debit Refund transaction fees,11/17/25,1824.02h,,,,,,899.50h,258.65h,149.82h,636.22h,,,3914.25h,,,,,,
Production bug,PAYLYNX-832,CORE nullserializable exception,6/17/25,0.02h,,,,,,17.10h,0.00h,5.45h,90.95h,,,7585.95h,,,,,,
,PAYLYNX-831,STAR: Fix typo in LT MBBL agreement blank text,,116.72h,,,,,,0.03h,0.50h,6.83h,0.03h,,,7575.85h,,,,,,
Production bug,PAYLYNX-830,WARDEN: infinite retry,6/27/25,24.20h,,,,,,96.65h,18.02h,214.77h,7.23h,,,7339.33h,,,,,,
Production bug,PAYLYNX-829,CORE No label for PublicKeyLoadingException:PUBLIC_KEY_LOADING_ERROR,6/26/25,165.25h,,,,,,0.18h,1.03h,3.58h,161.10h,,,7370.52h,,,,,,
Production bug,PAYLYNX-828,EXP: No static resource,,139.63h,,,,,,55.13h,0.28h,1.67h,113.80h,,,7391.65h,,,,,,
,PAYLYNX-827,"please unblock V008 usage till 30.06.2025, merchant ID: LNA",,,0.83h,,,,,,,,,,,7702.00h,,,,,,
,PAYLYNX-826,Add proper handling of errors for refund,,0.00h,,,,,,28.67h,72.37h,26.12h,2.17h,,,7575.35h,,,,,,
,PAYLYNX-825,API payments,,,2.17h,,,,,,,,,,,7704.25h,,,,,,
,PAYLYNX-824,when those ID was used last time,,,17.07h,,,,,,,,,,,7706.48h,,,,,,
,PAYLYNX-823,Merchant ID: ATTOLLO,,,7.05h,,,,,,,,,,,7722.87h,,,,,,
,PAYLYNX-822,Merchant ID: SILUETS,7/21/25,,23.40h,,,,953.27h,,,,,,,6746.45h,,,,,,
,PAYLYNX-821,Merchant ID: CITY24,,,1.92h,48.72h,,,,,,,,,,7700.55h,,,,,,
,PAYLYNX-820,ibank: Payment PDF using deprecated code,7/1/25,197.73h,,,,,,214.95h,94.95h,0.00h,0.15h,,,7246.43h,,,,,,
,PAYLYNX-819,Add possibility to console calculate fees for particular merchant,,7755.08h,,,,,,,,,,,,,,,,,,
,PAYLYNX-818,MerchantID: VILOMIX_BALTIC,7/18/25,,64.47h,936.25h,,,,,,,,,,6818.40h,,,,,,
,PAYLYNX-817,Urgent. Please whitelist Merchant ID LETPORTAL (version 008) till 20th June,,,0.62h,,,,934.58h,,,,,,,6935.52h,,,,,,
,PAYLYNX-816,GERDUVA MBBL,,23.62h,0.98h,0.00h,,,910.03h,,,,,,,6936.15h,,,,,,
Spike,PAYLYNX-815,Investigate needed activities for migration to GitHub Ent. Cloud,10/22/25,3274.33h,,,,,,78.47h,,,,,,4537.43h,,,,,,
,PAYLYNX-814,Reports: add MBBL API versioning to our internal reports,,7891.13h,,,,,,,,,,,,,,,,,,
,PAYLYNX-813,Report of Migration,7/14/25,,289.03h,1.82h,,,668.52h,,,,,,,6912.63h,,,,,,
,PAYLYNX-812,Onboard production worker to SGW,6/13/25,2.07h,,,,,,22.90h,20.72h,128.83h,39.27h,,,7682.38h,,,,,,
,PAYLYNX-811,Merchant ID: RD1,,,0.17h,,,,960.00h,,,,,,,6936.15h,,,,,,
,PAYLYNX-810,Accessibility testing-UI dropdown leftover,7/30/25,21.40h,,,,,,28.27h,,,,1293.03h,,6553.95h,,,,,,
,PAYLYNX-809,Report of Migration,,293.97h,,,,,,,,,,,0.00h,7605.75h,,,,,,
,PAYLYNX-808,"please unblock V008 usage till 30.06, merchant ID: SILUETS",,,0.55h,,,,979.87h,,,,,,,6935.52h,,,,,,
,PAYLYNX-807,Lost customer in March,,,17.05h,,,,1.27h,,,,,,,7898.50h,,,,,,
,PAYLYNX-806,"please unblock V008 usage till 30.06, merchant ID: SALEKAFE",,,1.65h,,,,979.23h,,,,,,,6936.15h,,,,,,
Spike,PAYLYNX-805,PW/Swedbank Pay Gateway analyses,11/17/25,4011.00h,,,,,,,,,,,3908.08h,,,,,,,
,PAYLYNX-804,Implement monitoring for usage limit between critical IT services,,7920.48h,,,,,,,,,,,,,,,,,,
Spike,PAYLYNX-803,Add retry for failed refund after internal failure,,7921.40h,,,,,,,,,,,,,,,,,,
,PAYLYNX-802,"please unblock V008 usage for LV merchant till 30.06, merchant ID: REFEREND",,,0.17h,0.07h,,,985.62h,,,,,,,6936.15h,,,,,,
,PAYLYNX-801,Migrate MBBL monitor/robots to 009,12/10/25,4566.85h,,,,,,,,,,,3332.52h,,,,,,,
,PAYLYNX-800,closing ID,,,0.12h,,,,,,,,,,,7942.02h,,,,,,
,PAYLYNX-799,fee account,,,2.28h,,,,1003.70h,,,,,,,6936.17h,,,,,,
,PAYLYNX-798,"Testing task , label change, double acceptance",6/2/25,0.00h,,,,,,0.00h,0.00h,0.00h,2.53h,,,7939.65h,,,,,,
Test,PAYLYNX-797,Core DEV DB migration to Frankfurt week 26,,5.37h,,,,,,,,,,,7940.33h,,,,,,,
,PAYLYNX-796,Warden vulnerabilty in XML,,4.53h,,,,,,1.70h,18.28h,8.83h,0.00h,,,7912.40h,,,,,,
,PAYLYNX-795,"Fee Calculation , errors, report is missing",,95.10h,,,,,,174.62h,66.00h,26.65h,5.85h,,,7577.52h,,,,,,
,PAYLYNX-794,merchant ID: EPLV_DAUTRANS,,,2.08h,,,,,,,,,,,7945.13h,,,,,,
Production bug,PAYLYNX-793,Without header for some devices obstructed view visibility is limited,6/3/25,70.95h,,,,,,1.32h,1.37h,16.40h,6.02h,,,7916.45h,,,,,,
,PAYLYNX-792,Debtor IBAN missing in Urbo bank payment,,,71.03h,1010.65h,,,0.00h,,,,,,,6936.70h,,,,,,
,PAYLYNX-791,Verify if balance decimal precision is shown correctly,5/30/25,1.58h,,,,,,0.00h,0.00h,0.00h,19.43h,,,8018.47h,,,,,,
,PAYLYNX-790,What is wrong with Payment,,,1.50h,24.93h,,,,,,,,,,8013.32h,,,,,,
,PAYLYNX-789,"Payment is in executed status, but funds are not settled to merchant's account",7/14/25,,1.87h,1102.80h,,,,,,,,,,6912.43h,,,,,,
,PAYLYNX-788,EXP: SETTLED notification not reaching from NC,6/3/25,0.03h,,,,,,115.42h,,19.75h,0.12h,,,7919.02h,,,,,,
,PAYLYNX-787,Polishing Refund swagger documentation before release to public,6/20/25,361.85h,,,,,,139.25h,3.27h,1.52h,44.62h,,,7513.98h,,,,,,
,PAYLYNX-786,Telehansa accounts for internal/external tests,,,27.28h,,,,,,,,,,,8039.83h,,,,,,
,PAYLYNX-785,allow 009 version in new agreement,,,1.20h,,,,,,,,,,,8085.70h,,,,,,
,PAYLYNX-784,STAR: improve Refund related labels,6/20/25,473.77h,,,,,,132.43h,16.47h,19.77h,166.72h,,,7370.52h,,,,,,
,PAYLYNX-783,Disable Open Query,,,2.80h,,,,,,,,,,,8181.83h,,,,,,
,PAYLYNX-782,009 acceptane for API agreement,,,0.20h,,,,,,,,,,,8184.75h,,,,,,
,PAYLYNX-781,ID: APOLLO_PAY problem,,0.25h,0.38h,118.33h,,,0.00h,,,,,,,8066.63h,,,,,,
,PAYLYNX-780,MTÜ RÕÕMSAD HÜPPED banklink problem and today HELGE KOOL MTÜ problem,,,0.18h,,,,,,,,,,,8206.88h,,,,,,
,PAYLYNX-779,Report of resident and non-resident payments in LV,,,621.38h,,,,,,,,,,,7607.12h,,,,,,
,PAYLYNX-778,Warden Alerts are apamming OC,,1.47h,,,,,,0.00h,19.23h,2.17h,0.00h,0.00h,,8209.23h,,,,,,
,PAYLYNX-777,Core renovate failed,5/22/25,3.55h,,,,,,0.00h,17.40h,2.15h,,,,8209.27h,,,,,,
,PAYLYNX-776,"Exp, connection timeouts",5/20/25,0.08h,,,,,,0.33h,0.00h,0.00h,0.43h,,,8250.73h,,,,,,
,PAYLYNX-775,merchant ID: FANS,,,694.07h,,,,,,,,,,,7557.72h,,,,,,
,PAYLYNX-774,"Warden , change status for payment ,doesn't work",,199.02h,,,,,,73.20h,,32.28h,29.65h,,,7919.15h,,,,,,
,PAYLYNX-773,API?,,,3.22h,,,,1318.15h,,,,,,,6935.52h,,,,,,
,PAYLYNX-772,Core PROD DB migration to Frankfurt,,8280.98h,,,,,,,,,,,,,,,,,,
,PAYLYNX-771,Core DEV DB migration to Frankfurt week 26,7/25/25,937.57h,,,,,,3.82h,,,,665.85h,,6673.93h,,,,,,
Test,PAYLYNX-770,Core TEST DB migration to Frankfurt,10/29/25,3437.85h,,,,,,289.07h,,,24.33h,167.78h,,4362.15h,,,,,,
,PAYLYNX-769,MB Core: in refund table fill merchantId and country fields,5/28/25,287.68h,,,,,,,,,,,8065.40h,,,,,,,
,PAYLYNX-768,Merchant ID: BPARADIZE,,,90.93h,,,,2.13h,,,,,,,8278.82h,,,,,,
,PAYLYNX-767,Test OpenBanking fix for reading user settings to hide account balance,7/31/25,1867.77h,,,,,,0.00h,0.00h,0.00h,1.47h,,,6528.72h,,,,,,
,PAYLYNX-766,fix UI test,5/15/25,0.02h,,,,,,0.63h,20.07h,0.50h,0.02h,,,8377.22h,,,,,,
,PAYLYNX-765,Merchant ID: KURSI,,,3.93h,,,,525.58h,,,,,,,7871.87h,,,,,,
,PAYLYNX-764,Refund: improve daily limit calculation by excluding failed Refund attempts,6/17/25,192.05h,,,,,,188.05h,164.85h,0.62h,295.23h,,,7578.90h,,,,,,
,PAYLYNX-763,changing certificates,,,0.87h,,,,139.48h,,,,,,,8280.90h,,,,,,
,PAYLYNX-762,Report to support business on migration - 23rd of May,5/27/25,229.20h,,,,,,0.90h,,109.38h,,,,8085.62h,,,,,,
,PAYLYNX-761,SKYTECH1 MBBL,,2906.27h,,,,,,,,,,,5521.07h,,,,,,,
,PAYLYNX-760,Fix reported data quality issues for MDM Agreement summary,6/6/25,549.38h,,,,,,51.60h,0.00h,0.00h,0.00h,,,7842.55h,,,,,,
,PAYLYNX-759,Remove pdf from payment status page for PR/MRQ,6/3/25,381.67h,,,,,,120.47h,7.57h,17.18h,0.82h,,,7921.23h,,,,,,
,PAYLYNX-758,ibank: Change ŠB name to Artea in donation page,5/13/25,23.00h,,,,,,0.73h,,0.00h,,,,8425.65h,,,,,,
,PAYLYNX-757,Adapt for HUB changes for Luminor Instant payment,,8514.97h,,,,,,,,,,,,,,,,,,
,PAYLYNX-756,when this ID was used last time,,,65.77h,,,,73.40h,,,,,,,8377.43h,,,,,,
,PAYLYNX-755,problems with payments,,,0.20h,73.80h,,,1510.53h,,,,,,,6936.18h,,,,,,
,PAYLYNX-754,downgrade openapi_version to 2.8.5,9/16/25,3125.52h,,,,,,,,,,,,5397.98h,,,,,,
,PAYLYNX-753,"MBBL LT, merchant ID- FAKTO",7/14/25,,0.20h,1.63h,,,1604.72h,,,,,,,6912.22h,,,,,,
,PAYLYNX-752,Investigate how to setup deletion rule for logs in Logread,9/4/25,2805.25h,,,,,,20.28h,46.00h,,,,,5690.65h,,,,,,
,PAYLYNX-751,Implement MBBL Andromeda logs to Logread,9/24/25,1702.57h,,,,,,1632.20h,,,,17.55h,,5209.98h,,,,,,
,PAYLYNX-750,Ibank sonar issues,5/14/25,2.03h,,,,,,55.42h,63.17h,3.45h,39.60h,,,8402.50h,,,,,,
,PAYLYNX-749,Failed Citadele LT payment,,0.00h,,,,,,,,,,,8566.62h,,,,,,,
,PAYLYNX-748,Release Warden application to PROD,5/21/25,147.28h,,,,,,188.03h,,,,,,8233.28h,,,,,,
,PAYLYNX-747,Console: in test environment direct links to Star (LT and LV) are not working,,0.23h,,,,,,50.58h,67.98h,0.00h,2.78h,,,8448.57h,,,,,,
,PAYLYNX-746,when this ID was used last time,,,1.37h,,,,191.63h,,,,,,,8377.48h,,,,,,
,PAYLYNX-745,Order old DB deletion - PROD,4/3/26,7859.60h,,,,,,50.50h,,36.30h,0.43h,,,624.68h,,,,,,
,PAYLYNX-744,Migrate to new DB server in STO part2 - PROD,1/15/26,6079.35h,,,,,,,,,,,2492.22h,,,,,,,
,PAYLYNX-743,Migrate to new DB server in STO part2 - TEST,7/16/25,1682.60h,,,,,,,,,,,6888.97h,,,,,,,
,PAYLYNX-742,Migrate to new DB server in STO - PROD - 19-20FEB,2/20/26,5405.65h,,,,,,506.07h,,4.23h,0.00h,1029.85h,,1625.75h,,,,,,
,PAYLYNX-741,Migrate to new DB server in STO part1 - TEST,7/16/25,1351.28h,,,,,,330.97h,,,,,,6889.33h,,,,,,
,PAYLYNX-740,Order new DB server to Stockholm DC - PROD,7/30/25,1705.35h,,,,,,293.75h,,18.22h,,,,6554.28h,,,,,,
,PAYLYNX-739,Order new DB server to Stockholm DC - TEST,7/1/25,1011.48h,,,,,,315.70h,,0.00h,,,,7244.42h,,,,,,
,PAYLYNX-738,EXP technical error for status,5/12/25,7.73h,,,,,,48.80h,71.15h,0.38h,8.90h,,,8442.12h,,,,,,
,PAYLYNX-737,EXP unmapped errors,5/13/25,7.90h,,,,,,56.67h,63.25h,27.62h,2.63h,,,8421.17h,,,,,,
,PAYLYNX-736,URL,,,1.60h,,,,1653.95h,,,,,,,6935.52h,,,,,,
,PAYLYNX-735,SQL error,5/6/25,0.42h,,,,,,5.42h,0.00h,0.00h,3.28h,,,8584.18h,,,,,,
,PAYLYNX-734,closing ID,,,4.85h,,,,212.08h,,,,,,,8377.50h,,,,,,
,PAYLYNX-733,when this ID was used last time?,,,17.08h,,,,218.03h,,,,,,,8377.52h,,,,,,
,PAYLYNX-732,when this ID was used last time?,,,17.12h,,,,218.00h,,,,,,,8377.52h,,,,,,
,PAYLYNX-731,problems with PIS service,,,1.02h,,,,1681.83h,,,,,,,6935.50h,,,,,,
Production bug,PAYLYNX-730,"LT: Montly reports, fee calculation, errors, no reports in email",5/20/25,271.30h,,,,,,45.92h,122.10h,0.02h,,,,8251.88h,,,,,,
,PAYLYNX-729,Worker transactionId missing from notification,,0.00h,,,,,,,,,,,,,,,,,,
,PAYLYNX-728,Worker transactionId missing from notification,5/13/25,111.32h,,,,,,,93.23h,74.02h,19.07h,6.37h,,,,,,8420.20h,,
Production bug,PAYLYNX-727,Mobile payments issue with redirecting back to merchant,,0.28h,,,,,,,43.47h,0.00h,0.00h,3.85h,,,,,,8687.50h,,
,PAYLYNX-726,"RIGASUDE, version 008",,,2.08h,205.83h,,,,,,,,,627.20h,,,,,7919.77h,,
,PAYLYNX-725,"Merchant ID: APDRDARB, domain: www.octa.lv",,,2.67h,15.58h,,,,,,,,,338.30h,,,,,8398.92h,,
,PAYLYNX-724,Rahva raamat issues with mobile app payments,,,2.75h,18.15h,,,,,,,,,,,,,,8734.65h,,
,PAYLYNX-723,Refund Testing: test task AI-722,5/12/25,189.37h,,,,,,,0.00h,,0.00h,121.37h,,,,,,8449.78h,,
,PAYLYNX-722,last time used,,,9.68h,0.00h,,,,,,,,,15.58h,,,,,8737.23h,,
,PAYLYNX-721,"Citadele LT , FAILED payments, EPLT_SVAJONIU_K",,3263.07h,,,,,,,,,,,,,,,,,5519.83h,
,PAYLYNX-720,CORE descrease caching times in test,,8783.52h,,,,,,,,,,,,,,,,,,
,PAYLYNX-719,Issue with new BL certificate for 009 version,,,0.23h,0.22h,,,,,,,,,,,,,,8784.07h,,
Spike,PAYLYNX-718,Ibank fitness project,7/16/25,1250.48h,,,,,,,529.78h,114.30h,,,,,,,,6890.40h,,
,PAYLYNX-717,BERNUUNPUSAUDZU,,,0.45h,,,,,,,,,,255.67h,,,,,8595.30h,,
,PAYLYNX-716,CORE: support template form Edge - user gesture is required.,4/29/25,0.00h,,,,,,,0.05h,5.80h,0.00h,92.15h,,,,,,8760.75h,,
,PAYLYNX-715,EXP old gate links,,0.75h,,,,,,,1.38h,15.48h,0.32h,70.82h,,,,,,8786.17h,,
,PAYLYNX-714,Bite issues with Revolut payment,,,4.72h,,,,,,,,,,,,,,,,8872.67h,
,PAYLYNX-713,WARDEN Hazelcast error,4/25/25,0.00h,,,,,,,0.03h,14.80h,25.48h,2.52h,,,,,,8854.78h,,
,PAYLYNX-712,EXP -exception in received packets log,4/25/25,0.00h,,,,,,,0.38h,17.12h,28.02h,3.05h,,,,,,8851.72h,,
,PAYLYNX-711,who closed this ID,,,1.88h,,,,,,,,,,,,,,,8903.90h,,
,PAYLYNX-710,Refund Testing: AI-727,5/5/25,119.35h,,,,,,,0.00h,,23.60h,143.52h,,,,,,8619.60h,,
,PAYLYNX-709,MAC signature not verified. Data might have been tampered with.,,,0.10h,,,,,,,,,,548.23h,,,,,8376.32h,,
,PAYLYNX-708,Open Query?,,,0.92h,,,,,,,,,,,,,,,8923.90h,,
,PAYLYNX-707,Ikea Issues with PIS service,,,142.72h,191.23h,,,,,,,,,,,,,,8595.33h,,
Spike,PAYLYNX-706,Warden: ISO payment xml mapping,5/15/25,389.90h,,,,,,,77.52h,38.05h,2.72h,68.32h,,,,,,8377.32h,,
,PAYLYNX-705,Warden: SGW messages parsing for status,5/21/25,333.55h,,,,,,,199.85h,22.20h,117.75h,45.22h,,,,,,8235.33h,,
,PAYLYNX-704,Add Procurement No logic to agreement in STAR LT,,9026.63h,,,,,,,,,,,,,,,,,,
,PAYLYNX-703,One time transactions report for RAHANDUSMINISTEERIUM,,,115.43h,,,,,,,,,,,,,,,8950.27h,,
,PAYLYNX-702,Refund testing: testing of AI-656,4/25/25,0.48h,,,,,,,0.00h,,6.38h,210.13h,,,,,,8857.32h,,
,PAYLYNX-701,Change Šiaulių bankas logo/name after rebranding from May 5th,5/6/25,193.47h,,,,,,,45.63h,265.83h,0.23h,11.42h,,,,,,8581.28h,,
Production bug,PAYLYNX-700,CORE: parsing of HUB error failed,4/15/25,0.00h,,,,,,,1.52h,,13.02h,0.00h,,,,,,9100.37h,,
,PAYLYNX-699,Refund MVP1 regression testing before piloting launch,6/17/25,1393.20h,,,,,,,0.12h,,0.00h,135.70h,,,,,,7586.03h,,
,PAYLYNX-698,IPR PartyMDM related AD changes,8/27/25,2710.77h,,,,,,,312.63h,210.55h,,,,,,,,5881.25h,,
,PAYLYNX-697,Skyvault Latency and Regression test (Oracle DB)for PROD,6/13/25,1438.18h,,,,,,,,,,,,,,,,,7678.85h,
,PAYLYNX-696,14.05-16.05 Skyvault Latency and Regression test (Oracle DB)for TEST LV Cycle 2,5/14/25,714.53h,,,,,,,0.00h,,0.00h,7.18h,,,,,,8395.38h,,
,PAYLYNX-695,OPTIKAOC2_cant make payments from EE SWB,,,5.08h,0.02h,,,,,,,,,,,,,,9113.48h,,
,PAYLYNX-694,Refund testing: acquiring task AI-725,4/14/25,1.85h,,,,,,,0.00h,,0.00h,1.07h,,,,,,9117.63h,,
,PAYLYNX-693,Testing task AI-724,4/11/25,0.00h,,,,,,,0.00h,0.00h,0.00h,4.98h,,,,,,9188.45h,,
,PAYLYNX-692,Back to Merchant for Demo,7/9/25,1946.75h,,,,,,,69.48h,122.67h,18.82h,1.95h,,,,,,7054.75h,,
,PAYLYNX-691,Setup usage of new environment,9/23/25,1371.05h,,,,,,,241.83h,,,,,2333.02h,,,,5220.67h,,
,PAYLYNX-690,Core: Setup Hazelcast for DEMO,9/23/25,2544.73h,,,,,,,0.75h,115.10h,,,,1333.40h,,,,5220.68h,,
,PAYLYNX-689,EXP: Setup demo,7/25/25,1354.05h,,,,,,,23.88h,121.80h,1.10h,,,1047.67h,,,,6666.25h,,
,PAYLYNX-688,Core: Adding profiles,7/25/25,989.10h,,,,,,,363.82h,25.05h,66.02h,56.88h,,1047.67h,,,,6666.25h,,
,PAYLYNX-687,Update Demo AD,5/15/25,342.33h,,,,,,,92.60h,403.27h,,,,,,,,8376.75h,,
,PAYLYNX-686,EXP 404 page missing,4/23/25,91.88h,,,,,,,72.72h,143.75h,1.90h,,,,,,,8905.00h,,
,PAYLYNX-685,Refund Testing: test acquiring task AI-723,4/10/25,16.63h,,,,,,,0.00h,0.00h,0.00h,6.83h,,,,,,9212.38h,,
,PAYLYNX-684,MIG_BALTIC_commission fee has increased almost twice times,,,4.83h,16.62h,,,,,,,,,2.55h,,,,,9214.82h,,
,PAYLYNX-683,Setup our new terminal server,4/23/25,0.87h,,,,,,,334.88h,,,,,,,,,8905.27h,,
,PAYLYNX-682,problems with transactions,,,22.47h,2.80h,,,,,,,,,,,,,,9216.40h,,
,PAYLYNX-681,closing ID,,,17.02h,,,,,,,,,,,,,,,9243.53h,,
,PAYLYNX-680,log information,,,1.57h,,,,,,,,,,,,,,,9260.08h,,
,PAYLYNX-679,PFONDS _a problem some customers encounter when making a BankLink payment through Swedbank,,,48.33h,,,,,,,,,,,,,,,9213.93h,,
,PAYLYNX-678,Merchant ID: SKYTECH1,,,69.07h,,,,,,,,,,0.00h,,,,,9213.95h,,
,PAYLYNX-677,when this ID was used last time,,,0.32h,,,,,,,,,,,,,,,9283.65h,,
,PAYLYNX-676,when this ID was used last time?,,,1.03h,,,,,,,,,,,,,,,9283.63h,,
,PAYLYNX-675,CORE: simplify logic for main flow,,4561.43h,,,,,,,4701.07h,,,,,,,,,,,
,PAYLYNX-674,ESDPD_Problems with API,,,1.68h,,,,,,,,,,71.90h,,,,,9214.48h,,
,PAYLYNX-673,please close ID,,,1.05h,,,,,,,,,,,,,,,9288.68h,,
,PAYLYNX-672,what version this client are using?,,,1.15h,,,,,,,,,,,,,,,9289.02h,,
,PAYLYNX-671,Merchant EPLV_CSDD_VAS cannot find 2 payments in receiver account,,,0.00h,138.40h,,,,,,,,,0.35h,,,,,9219.13h,,
,PAYLYNX-670,"when was last time, when this ID was used",,,0.23h,0.15h,,,,,,,,,138.42h,,,,,9219.48h,,
,PAYLYNX-669,when last time used,,,0.05h,0.18h,,,,,,,,,161.37h,,,,,9219.48h,,
,PAYLYNX-668,Core: stop constant name check after worker will take it over,,671.23h,,,,,,,,,,,,,,,,,8736.90h,
,PAYLYNX-667,Warden: onboard to Kafka,7/14/25,2334.35h,,,,,,,2.07h,61.40h,3.37h,70.95h,,,,,,6936.05h,,
,PAYLYNX-666,Core: create endpoint for triggering the name check,7/24/25,2638.73h,,,,,,,5.85h,17.95h,6.43h,44.00h,,,,,,6695.63h,,
,PAYLYNX-665,MB Core: add possibility to change customer id,10/8/25,3910.30h,,,,,,,311.95h,23.30h,9.28h,279.38h,,,,,,4874.52h,,
,PAYLYNX-664,Archiving job PCHN0007 is failing,4/2/25,6.02h,,,,,,,0.00h,,0.00h,,,,,,,9403.47h,,
,PAYLYNX-663,Close: BL Authentication 3005,,9411.17h,,,,,,,,,,,,,,,,,,
Spike,PAYLYNX-662,Documentation: Create network topology diagrams for MBBL,,9412.42h,,,,,,,,,,,,,,,,,,
,PAYLYNX-661,when this ID was used last time,,,1.28h,39.27h,,,,,,,,,0.00h,,,,,9386.57h,,
,PAYLYNX-660,new keys,,,0.00h,1.82h,,,,,,,,,208.08h,,,,,9219.50h,,
,PAYLYNX-659,Refund testing: AI-657,,0.00h,,,,,,,,,,,,,,,,,9456.52h,
,PAYLYNX-658,Refund testing: acquiring task AI-657,4/10/25,24.07h,,,,,,,0.00h,,0.00h,215.60h,,,,,,9216.85h,,
,PAYLYNX-657,Get approvals for Recovery Plan,,888.30h,,,,,,,,,,,,,,,,,8568.85h,
,PAYLYNX-656,Accessibility testing,6/4/25,1438.55h,,,,,,,0.00h,,0.00h,122.00h,,,,,,7896.75h,,
,PAYLYNX-655,Add key generation instructions to our Interactive Demo,,9457.52h,,,,,,,,,,,,,,,,,,
,PAYLYNX-654,Migration: Improve documentation based on Merchants feedback,9/8/25,3867.92h,,,,,,,,,,,,,,,,,5589.73h,
,PAYLYNX-653,Create new Recovery plan,5/7/25,557.17h,,,,,,,308.87h,22.55h,,,,,,,,8569.52h,,
,PAYLYNX-652,Order old DB deletion - DEV and TEST,9/5/25,3579.08h,,,,,,,23.35h,97.43h,96.12h,,,,,,,5662.50h,,
,PAYLYNX-651,Migrate to new DB server in STO part2 - DEV,6/25/25,1536.33h,,,,,,,284.78h,,,,,243.57h,,,,7393.83h,,
,PAYLYNX-650,Migrate to new DB server in STO part1 - DEV,6/18/25,892.23h,,,,,,,477.28h,,,,,527.98h,,,,7561.07h,,
,PAYLYNX-649,Order new DB server to Stockholm DC - DEV,5/7/25,848.00h,,,,,,,29.05h,12.27h,,,,,,,,8569.33h,,
,PAYLYNX-648,"STAR, incorrect view, PBREL273",,49.68h,,,,,,,2.85h,12.15h,0.12h,26.83h,,,,,,9430.95h,,
,PAYLYNX-647,Andele mandele,,,1.93h,66.72h,,,,,,,,,244.17h,,,,,9214.60h,,
,PAYLYNX-646,Sandbox server names sequence in Swagger,,0.05h,,,,,,,0.00h,90.73h,3.78h,0.38h,,,,,,9453.07h,,
,PAYLYNX-645,CORE open FW port to new HUB IPs,4/2/25,18.05h,,,,,,,101.95h,,21.65h,,,,,,,9406.42h,,
,PAYLYNX-644,Setup new network zones,4/23/25,333.85h,,,,,,,311.13h,,0.00h,,,,,,,8905.00h,,
,PAYLYNX-643,when those ID was used last time,,,0.68h,2.98h,,,,,,,,,334.38h,,,,,9214.67h,,
,PAYLYNX-642,when this ID was used last time,,,0.28h,,,,,,,,,,338.50h,,,,,9214.70h,,
,PAYLYNX-641,Fix Refund creditor name,,0.00h,,,,,,,25.67h,27.52h,0.03h,68.72h,,,,,,9453.47h,,
,PAYLYNX-640,Worker: Select is causing deadlocks in DB,6/3/25,18.53h,,,,,,,509.58h,5.82h,59.07h,101.65h,,982.78h,,,,7916.35h,,
,PAYLYNX-639,MDM: change table values to reflect MBBL Agreement type and Status,2/25/26,7801.53h,,,,,,,121.82h,14.83h,1.22h,143.92h,,,,,,1513.07h,,
,PAYLYNX-638,Report of 008 usage&Merchants,4/22/25,548.20h,,,,,,,85.42h,,34.97h,,,,,,,8930.27h,,
,PAYLYNX-637,version?,,,1.83h,0.00h,,,,,,,,,25.42h,,,,,9572.63h,,
,PAYLYNX-636,Perform MBBL agreement data quality check for to be added types,2/24/26,7419.90h,,,,,,,314.88h,,,,,335.77h,,,,1531.93h,,
,PAYLYNX-635,one time report for the data quality validations,,,88.45h,4.25h,,,,,,,,,1.52h,,,,,9596.53h,,
,PAYLYNX-634,<10> create new endpoint in MB Exp includes also swager documentation and testing.,4/14/25,119.18h,,,,,,,339.27h,22.32h,2.52h,92.15h,,,,,,9119.33h,,
,PAYLYNX-633,Payment IDs for which we received a successful callback with a delay,,,3.35h,,,,,,,,,,,,,,,9694.28h,,
,PAYLYNX-632,ID SUKSUTALL,,,1.18h,,,,,,,,,,1491.03h,,,,,8227.92h,,
,PAYLYNX-631,The customer gets an error message: Packet not found,,,2.43h,0.13h,,,,,,,,,,,,,,9735.50h,,
,PAYLYNX-630,CORE: slow status,3/20/25,0.00h,,,,,,,0.08h,0.13h,16.32h,,,,,,,9721.82h,,
,PAYLYNX-629,ERGO INSURANCE SE LIETUVOS FILIALAS 302912288,,,114.42h,,,,,,,,,,,,,,,9624.38h,,
Spike,PAYLYNX-628,"Investigate do we have a ""place"" in bank where we can store documents",7/30/25,2857.08h,,,,,,,331.75h,,,,,,,,,6554.20h,,
,PAYLYNX-627,30.04-02.05 Skyvault Latency + regression test (Oracle DB)for TEST LV Cycle 1,5/6/25,1008.10h,,,,,,,93.77h,,0.00h,60.52h,,,,,,8581.28h,,
,PAYLYNX-626,Client didn`t receive payments,7/21/25,,4.65h,,,,,,,,,,2969.00h,,,,,6746.08h,,
,PAYLYNX-625,AS INBANK FILIALAS (305340173) transactions statistics is needed,,,122.78h,,,,,,,,,,,,,,,9622.07h,,
,PAYLYNX-624,Warden: create automatic job for deletion confirmation,,9304.73h,,,,,,,124.72h,140.63h,214.95h,,,,,,,,,
,PAYLYNX-623,Warden: create automatic job for deletion request,4/7/26,8952.57h,,,,,,,148.68h,13.90h,8.48h,131.20h,,,,,,530.32h,,
,PAYLYNX-622,Warden: fill new table according to Kafka events,3/26/26,8075.90h,,,,,,,607.70h,69.08h,6.20h,164.80h,,,,,,814.43h,,
,PAYLYNX-621,Create endpoint for MBBL agreement data deletion,1/15/26,6618.35h,,,,,,,530.97h,73.97h,25.12h,50.53h,,,,,,2487.32h,,
,PAYLYNX-620,Create new table for disposal events from Baltic GDM,12/19/25,6448.25h,,,,,,,145.05h,48.40h,0.00h,3.43h,,,,,,3141.27h,,
,PAYLYNX-619,Onboard Warden to Kafka ,8/21/25,3763.88h,,,,,,,,,,,,,,,,,6022.67h,
,PAYLYNX-618,Worker cant connect to DB in Test environment,3/25/25,46.30h,,,,,,,132.63h,,,,,,,,,9608.37h,,
,PAYLYNX-617,API V3 jws error in mock shop,3/26/25,97.97h,,,,,,,81.08h,12.27h,0.00h,18.58h,,,,,,9577.57h,,
,PAYLYNX-616,ID: APOLLO payment failures,3/24/25,162.32h,,,,,,,,,,,,,,,,9625.22h,,
,PAYLYNX-615,CORE- alert for DB was not sent to operation center,,0.38h,,,,,,,5.55h,0.00h,0.00h,0.00h,,,,,,9786.87h,,
Production bug,PAYLYNX-614,EXP ex message null,3/25/25,0.02h,,,,,,,0.83h,135.78h,89.80h,30.87h,,,,,,9594.83h,,
,PAYLYNX-613,CORE API - 7-3-1 in LV is sent as structured reference,3/18/25,8.55h,,,,,,,0.35h,56.98h,2.25h,22.05h,,,,,,9769.35h,,
Production bug,PAYLYNX-612,EXP GET instead of POST creates 500,3/19/25,0.50h,,,,,,,0.83h,85.12h,1.33h,45.60h,,,,,,9741.05h,,
,PAYLYNX-611,Refund <8> create integration tests for v3 flow,4/23/25,642.45h,,,,,,,334.88h,,,,,,,,,8905.27h,,
,PAYLYNX-610,ID: TRIOBET,,,310.80h,,,,,,,,,,,,,,,9572.67h,,
Production bug,PAYLYNX-609,EXP missing log for merchant errors,3/18/25,13.35h,,,,,,,22.08h,57.32h,4.28h,21.95h,,,,,,9767.47h,,
,PAYLYNX-608,Testing task: Ibank: auth + pay form is forbidden to be sent,3/13/25,2.95h,,,,,,,,,0.02h,1.85h,,,,,,9884.63h,,
,PAYLYNX-607,Change label for Weekly reports,3/17/25,0.00h,,,,,,,1.05h,0.15h,114.50h,0.00h,,,,,,9793.98h,,
,PAYLYNX-606,Warden to production,3/25/25,3.00h,,,,,,,281.55h,18.07h,12.85h,0.72h,,,,,,9594.83h,,
,PAYLYNX-605,Playground v3 transactions/providers/{bic} endpoint must use PaymentCreationRequestV3.class,3/11/25,0.00h,,,,,,,0.22h,16.15h,0.68h,6.13h,,,,,,9931.02h,,
,PAYLYNX-604,Swedbank Estonia Address Update: E-com PIS VDE - latest 15th SEPT,9/9/25,4220.20h,,,,,,,3.32h,49.45h,21.42h,94.12h,,,,,,5568.37h,,
,PAYLYNX-603,Change VAT rate for Bank Link in EE - June 12th,6/5/25,1900.27h,,,,,,,112.90h,0.00h,0.00h,73.08h,,,,,,7874.07h,,
,PAYLYNX-602,"Merchant ""Balticum TV"" didin't received",,,0.93h,0.65h,,,,,,,,,386.62h,,,,,9572.62h,,
,PAYLYNX-601,AD: Interactive Demo,3/26/25,167.17h,,,,,,,195.23h,22.48h,,,,,,,,9576.35h,,
,PAYLYNX-600,Move MBBL DB to STO datacenter - PLACEHOLDER,,675.50h,,,,,,,,,,,,,,,,,9286.27h,
,PAYLYNX-599,EE Support page - remove document,3/10/25,0.05h,66.75h,0.02h,,,,,,,,,,,,,,9959.43h,,
,PAYLYNX-598,EE Support page - remove document,,0.18h,,,,,,,,,,,,,,,,,10026.28h,
,PAYLYNX-597,it is not possible to make payments with Citadele. Client ID:ESDPD,,,69.60h,,,,,,,,,,165.38h,,,,,9792.48h,,
Spike,PAYLYNX-596,Investigate Estonian address change,,960.30h,,,,,,,,,,,,,,,,,9069.27h,
,PAYLYNX-595,EXP: Upload document,,10055.48h,,,,,,,,,,,,,,,,,,
Spike,PAYLYNX-593,Legacy migration for internal Payments agreements,8/5/25,3505.43h,,,,,,,26.65h,95.17h,18.90h,,,,,,,6410.17h,,
Spike,PAYLYNX-592,Container service changes,,816.08h,,,,,,,,,,,,,,,,,9240.90h,
,PAYLYNX-591,Update certificate for: test-exp-mbbl-customer.w863.sb,3/24/25,25.98h,,,,,,,333.65h,0.23h,7.82h,64.63h,,,,,,9625.75h,,
,PAYLYNX-590,ID: AVALON,,,0.15h,,,,,,,,,,,,,,,,10076.73h,
,PAYLYNX-589,UI automatic tests for playground,3/11/25,0.00h,,,,,,,137.90h,,,,,,,,,9939.52h,,
,PAYLYNX-588,VK_MAC Error for LT Merchant RSDAUTO,,,2.25h,,,,,,,,,,18.85h,,,,,10057.90h,,
,PAYLYNX-587,Crate description of the change for Interactive demo,,670.00h,,,,,,,,,,,,,,,,,9409.23h,
,PAYLYNX-586,"Investigate adding of additional field ""ID code"" to Mobile flow endpoint",7/23/25,413.12h,,,,,,,282.82h,4.12h,1.00h,21.58h,,2612.35h,,,,6720.33h,,
Production bug,PAYLYNX-585,"https://pi.swedbank.com/ , Swedbank logo redirects us to Swedbank Sweden",,43.37h,,,,,,,2.28h,3.25h,15.65h,0.00h,,,,,,10034.97h,,
,PAYLYNX-584,Core: Create control option to restrict app capture for Swed payment on agreement level,,10102.43h,,,,,,,,,,,,,,,,,,
,PAYLYNX-583,Testing: Check cross-border Swedbank payment after 12th June,6/26/25,2260.57h,,,,,,,175.17h,17.92h,0.77h,283.75h,,,,,,7365.00h,,
Production bug,PAYLYNX-582,CORE Missing db check,4/11/25,493.88h,,,,,,,190.87h,49.38h,5.35h,190.92h,,,,,,9189.93h,,
,PAYLYNX-581,STAR: skip validation when agreement gets 'close' status -REL282,9/17/25,4578.62h,,,,,,,26.85h,19.88h,75.22h,49.28h,,,,,,5372.98h,,
,PAYLYNX-580,closing ID,,,17.47h,,,,,,,,,,,,,,,10106.38h,,
,PAYLYNX-579,STAR: add SGW agreement number editing in MBBL agreement in STAR ,3/13/25,0.00h,,,,,,,194.58h,23.17h,0.32h,26.38h,,,,,,9882.10h,,
,PAYLYNX-578,Fix manually calculated fees for LV merchant LMT,,,1.05h,,,,,,,,,,,,,,,10126.00h,,
Production bug,PAYLYNX-577,Missing reports,3/24/25,98.00h,,,,,,,340.87h,70.42h,0.10h,0.35h,,,,,,9619.37h,,
Production bug,PAYLYNX-576,CORE: API V2/V3 Packet not found code,3/25/25,0.00h,,,,,,,6.90h,17.03h,77.05h,19.42h,,474.68h,,,,9601.98h,,
Production bug,PAYLYNX-575,Ibank API V2/V3 Packet not found code,3/2/25,0.00h,,,,,,,0.58h,56.03h,,,,,,,,10140.50h,,
,PAYLYNX-574,CORE: simplify logic for accountless flow,4/9/25,625.05h,,,,,,,286.38h,,47.68h,,,,,,,9238.80h,,
,PAYLYNX-573,Transaction report for LT Merchant,,,0.00h,74.65h,,,,,,,,,,,,,,,10127.75h,
,PAYLYNX-572,Report of Open Query Merchant,,,20.43h,0.00h,,,,,,,,,,,,,,10201.48h,,
Production bug,PAYLYNX-571,Swagger in tryout mode,2/28/25,0.00h,,,,,,,0.27h,0.00h,21.87h,,,,,,,10201.28h,,
,PAYLYNX-570,Add support email control to MBBL console,4/17/25,806.70h,,,,,,,168.27h,192.67h,2.20h,25.58h,,,,,,9046.87h,,
,PAYLYNX-568,MBBL agreement printing to pdf template adjustment in LT,2/28/25,18.78h,0.33h,0.00h,,,,,21.70h,0.00h,0.23h,0.90h,0.00h,,,,,10200.80h,,
,PAYLYNX-567,MBBL sandbox improvements,3/4/25,4.77h,,,,,,,112.07h,0.02h,7.90h,17.33h,,,,,,10105.48h,,
Production bug,PAYLYNX-566,Failing UI tests,2/27/25,20.55h,,,,,,,2.55h,22.95h,,,,,,,,10223.73h,,
,PAYLYNX-565,Add additional payment data validation explanations to API swagger,5/30/25,2153.75h,,,,,,,120.72h,36.32h,15.47h,21.43h,,,,,,8017.48h,,
,PAYLYNX-564,ID:ENERGIA3,,,0.53h,1.17h,,,,,,,,,405.87h,,,,,9959.90h,,
,PAYLYNX-563,Problem with banklink Merchant with id ELECTRO_BASE,,,0.22h,0.27h,,,,,,,,,,,,,,,10386.57h,
,PAYLYNX-562,EXP Playground instructions for usage with screenshots,3/5/25,0.22h,,,,,,,308.03h,,5.40h,0.20h,,,,,,10075.63h,,
,PAYLYNX-561,PIS pilot switching to EE agreements,,,18.75h,3.75h,,,,,,,,,286.78h,,,,,10103.07h,,
,PAYLYNX-559,Warden: Payment Initiation using SGW,5/6/25,869.57h,,,,,,,693.43h,238.87h,23.37h,6.60h,,,,,,8584.25h,,
,PAYLYNX-558,<9> Create new endpoint in MB Core application for creating refund through SGW,3/25/25,216.88h,,,,,,,341.80h,240.67h,21.37h,1.72h,,,,,,9593.82h,,
,PAYLYNX-557,LT key generator manual,3/7/25,316.98h,,,,,,,6.52h,23.57h,20.18h,17.00h,,,,,,10034.23h,,
Production bug,PAYLYNX-556,CORE Vulnerability CVUL0068588 Netty <4.1.118.Final,2/19/25,0.00h,,,,,,,0.12h,13.88h,,,,,,,,10417.47h,,
Production bug,PAYLYNX-555,EXP: API V2/V3 Packet not found code,,232.65h,,,,,,,2.28h,0.57h,1.12h,68.00h,,,,,,10127.38h,,
,PAYLYNX-554,AB LIETUVOS DRAUDIMAS (110051834) not getting response when enterprises try to connect,,,0.30h,21.83h,,,,,,,,,312.33h,,,,,10102.92h,,
,PAYLYNX-553,Rīgas namu pārvaldnieks,,,0.60h,70.33h,,,,,,,,,408.48h,,,,,9959.90h,,
,PAYLYNX-552,DPD LATVIJA SIA,,,0.17h,70.85h,,,,,,,,,408.47h,,,,,9959.90h,,
,PAYLYNX-551,ID:MREE_ILMANDU_IN,,,0.38h,5.33h,,,,,,,,,1.63h,,,,,10458.60h,,
,PAYLYNX-550,MB Core: add new flag to agreements to skip fee/settlement account owner validation in STAR,,10534.55h,,,,,,,,,,,,,,,,,,
Production bug,PAYLYNX-549,Citadele double authentification,3/12/25,144.47h,,,,,,,3.67h,,,,,478.13h,,,,9911.60h,,
,PAYLYNX-548,Test,,,0.00h,,,,,,,,,,,,,,,10555.70h,,
,PAYLYNX-547,Test afsdfsdf,,,0.00h,0.00h,,,,,,,,,0.00h,,,,,10555.77h,,
,PAYLYNX-546,Test,,,0.03h,,,,,,,,,,0.00h,,,,,10555.75h,,
,PAYLYNX-545,Test2,,,0.00h,0.00h,,,,,,,,,0.02h,,,,,10555.80h,,
,PAYLYNX-544,Test,,,0.00h,0.00h,,,,,,,,,0.00h,,,,,10555.90h,,
,PAYLYNX-543,ID: EMART,,,1.72h,0.38h,,,,,,,,,,,,,,10554.37h,,
,PAYLYNX-542,Add Coop to all EE Corporate MR agreements,2/14/25,0.70h,,,,,,,19.97h,,,,,,,,,10536.42h,,
,PAYLYNX-541,Replace mailinglist _GDLOnyxPayLynxOncall@swedbank.ee to _gdl.paylynx@swedbank.ee,2/13/25,0.00h,,,,,,,0.77h,,,,,,,,,10557.92h,,
,PAYLYNX-540,EXP: Replace assetlinks.json file for Mobile flow,2/14/25,0.00h,,,,,,,0.07h,18.48h,22.53h,0.00h,,,,,,10537.25h,,
,PAYLYNX-539,Tidy Remove legacy Banklink usages,2/14/25,17.18h,,,,,,,1.02h,23.03h,1.15h,3.60h,,,,,,10532.50h,,
,PAYLYNX-538,notification URL,2/12/25,0.00h,0.92h,0.00h,,,,,,,,,0.00h,,,,,10581.37h,,
,PAYLYNX-537,(placeholder)Interactive DEMO,2/26/25,335.28h,,,,,,,,,,,,,,,,10247.95h,,
,PAYLYNX-536,EXP: MBBL menu burger not visible in mobile view,,5.12h,,,,,,,0.00h,17.60h,0.87h,18.52h,,,,,,10561.22h,,
,PAYLYNX-535,ID: RIIGIL,2/11/25,,0.60h,,,,,,,,,,,,,,,10603.73h,,
,PAYLYNX-534,EXP Use new login service links,2/21/25,23.98h,,,,,,,186.93h,4.70h,0.88h,18.48h,,,,,,10369.53h,,
,PAYLYNX-533,Debited commission for January does not match the transaction report Merchant ID: RNP,,,67.58h,,,,,,,,,,,,,,,10537.98h,,
,PAYLYNX-532,ID:MARKIT1,2/11/25,,0.08h,,,,,,,,,,,,,,,10605.52h,,
,PAYLYNX-531,Debited commission for January does not match the transaction report Merchant ID: RNP,,0.22h,,,,,,,,,,,,,,,,,10605.62h,
,PAYLYNX-530,ID: ZEBRA,2/11/25,,0.60h,,,,,,,,,,,,,,,10605.73h,,
,PAYLYNX-529,LHV canceled payment,7/21/25,,23.52h,,,,,,,,,,3816.17h,,,,,6746.07h,,
,PAYLYNX-528,ID:CARGOBUS,2/11/25,,17.80h,,,,,,,,,,,,,,,10610.05h,,
,PAYLYNX-527,ID:STULI,2/12/25,,47.27h,,,,,,,,,,,,,,,10581.95h,,
,PAYLYNX-526,Add contact form link in content section of support page,,,5.67h,,,,,,,,,,19.98h,,,,,10605.37h,,
,PAYLYNX-525,Fix link to logo guidlines in LV support page,2/11/25,,0.10h,6.65h,,,,,,,,,13.88h,,,,,10610.55h,,
,PAYLYNX-524,iBank-banklink: Increase auto-redirection time to better suite accessibility needs,2/14/25,4.93h,,,,,,,88.23h,4.12h,0.00h,70.43h,,,,,,10534.87h,,
,PAYLYNX-523,Create/Fix UI tests for auto-redirection timeout,2/13/25,0.00h,,,,,,,99.25h,22.08h,18.12h,5.32h,,,,,,10557.85h,,
,PAYLYNX-522,CORE/EXP initial sandbox configuration,2/26/25,71.02h,,,,,,,200.50h,44.40h,91.68h,46.62h,,,,,,10248.88h,,
,PAYLYNX-521,"Refund, create a new table for refund transactions",2/26/25,0.00h,,,,,,,260.90h,10.67h,76.20h,109.55h,,,,,,10247.98h,,
,PAYLYNX-520,ID: PAKIVEDU,,,594.57h,0.12h,,,,,,,,,,,,,,10127.82h,,
,PAYLYNX-519,ID:PAKIVEDU,,,2.77h,0.00h,,,,,,,,,0.00h,,,,,10725.62h,,
,PAYLYNX-518,Test,,,0.00h,0.00h,,,,,,,,,0.00h,,,,,10746.23h,,
,PAYLYNX-517,WORKER -onboard to NC,2/7/25,6.60h,,,,,,,2.17h,35.45h,0.15h,,,,,,,10705.22h,,
,PAYLYNX-516,Create a standard Service Request form in PayLynx inquiry board,3/12/25,620.63h,,,,,,,95.82h,123.08h,0.00h,,,,,,,9911.75h,,
Spike,PAYLYNX-515,Investigate opportunity to introduce Double signing flow in MBBL payments,,10751.53h,,,,,,,,,,,,,,,,,,
,PAYLYNX-514,läbi Maksekeskuse AML probleemid läbi Swedbanki,,,9.30h,,,,,,,,,,,,,,,,10763.35h,
Production bug,PAYLYNX-513,MB CORE add header to redirect options,2/5/25,0.00h,,,,,,,3.98h,0.00h,0.35h,21.47h,,,,,,10749.12h,,
,PAYLYNX-512,ID: PAKIVEDU,,,0.17h,0.00h,,,,,,,,,0.00h,,,,,10795.45h,,
,PAYLYNX-511,Bank to Merchant URL (VK_RETURN),,,0.32h,0.05h,,,,,,,,,0.00h,,,,,10795.38h,,
,PAYLYNX-510,Test,,,0.00h,0.03h,,,,,,,,,0.00h,,,,,10799.40h,,
Production bug,PAYLYNX-509,"Monthly reports , missing LV PAYMENT",2/6/25,33.33h,,,,,,,9.73h,33.02h,0.32h,1.20h,,,,,,10723.77h,,
,PAYLYNX-508,MB-EXP API V3 add labels for FAILED status reason,5/6/25,1964.78h,,,,,,,289.55h,23.12h,4.33h,6.08h,,,,,,8579.37h,,
,PAYLYNX-507,Performance test: Start using newer version of Gradle,2/14/25,359.67h,,,,,,,0.00h,,0.00h,,,,,,,10532.52h,,
,PAYLYNX-506,Córe: Update Certificate for prod-core-multibank-banklink.w863.sb,2/5/25,0.00h,,,,,,,25.97h,0.00h,119.70h,,,,,,,10749.12h,,
,PAYLYNX-505,ID: TALLINN2,,,0.30h,24.43h,,,,,,,,,71.27h,,,,,10799.42h,,
Production bug,PAYLYNX-504,MerchantId suggester ran out of suggestions,2/3/25,3.02h,,,,,,,0.10h,25.97h,1.37h,66.00h,,,,,,10801.57h,,
,PAYLYNX-503,AD: Get Tidy and SkyVault approvals,3/12/25,46.95h,,,,,,,961.50h,,0.00h,,,,,,,9911.70h,,
,PAYLYNX-502,MBCORE: Add possibility to close agreements in console page,2/4/25,101.03h,,,,,,,7.88h,63.70h,0.00h,24.57h,,,,,,10770.65h,,
,PAYLYNX-501,Accidental dependency creates False positive vulnerability report,1/29/25,0.00h,,,,,,,48.13h,,,,,,,,,10920.55h,,
Spike,PAYLYNX-500,DORA preparations,,1873.00h,,,,,,,,,,,,,,,,,9097.03h,
Spike,PAYLYNX-499,Preparation for PI:2:2025,,2119.10h,,,,,,,,,,,,,,,,,8851.00h,
Spike,PAYLYNX-498,Sandbox preparations,,551.93h,,,,,,,,,,,,,,,,,10418.17h,
,PAYLYNX-497,Closing inactive Merchants,3/19/25,1247.77h,,,,,,,31.23h,0.00h,17.38h,,,,,,,9745.32h,,
,PAYLYNX-496,PARKING,2/3/25,,0.12h,0.48h,,,,,,,,,257.13h,,,,,10801.37h,,
,PAYLYNX-495,Core/Exp: Create control option to restrict usage of payment query in v008 - before June 2025,5/30/25,2828.48h,,,,,,,168.87h,2.55h,18.97h,21.98h,,,,,,8018.78h,,
,PAYLYNX-494,ID:LIGHTCONCEPT,2/10/25,,21.08h,25.78h,,,,,,,,,402.62h,,,,,10632.72h,,
,PAYLYNX-493,MB CORE missing check for API payments reference,1/29/25,0.00h,,,,,,,1.43h,115.18h,0.00h,44.00h,,,,,,10922.13h,,
Production bug,PAYLYNX-492,Improve label in swagger,1/23/25,0.00h,,,,,,,0.68h,16.45h,0.55h,0.15h,,,,,,11065.90h,,
,PAYLYNX-491,what version client using (008/009)?,1/22/25,,0.63h,,,,,,,,,,,,,,,11084.75h,,
,PAYLYNX-490,autentimine,1/22/25,,0.40h,,,,,,,,,,,,,,,11087.00h,,
,PAYLYNX-489,ID: LIGHTCONCEPT,1/22/25,,0.93h,,,,,,,,,,,,,,,11087.15h,,
,PAYLYNX-488,how to generate step by step new certificate,1/22/25,,2.28h,1.57h,,,,,,,,,,,,,,11085.63h,,
Production bug,PAYLYNX-487,"Reference number validation , multilinks , errors , LV/LT",,0.23h,,,,,,,6.75h,16.88h,0.00h,0.00h,,,,,,11082.80h,,
,PAYLYNX-486,Client cant make payment,1/22/25,,0.28h,19.15h,,,,,,,,,,,,,,11088.12h,,
,PAYLYNX-485,"Monthly reports , unexpected error",1/22/25,26.28h,,,,,,,0.35h,,,,,,,,,11082.83h,,
,PAYLYNX-484,Test OpenBanking fix for reading user settings for default account,5/14/25,2565.13h,,,,,,,0.00h,0.07h,0.00h,145.13h,,,,,,8399.17h,,
,PAYLYNX-483,Update report for Migration,1/26/25,2.38h,,,,,,,117.47h,,,,,,,,,10990.77h,,
,PAYLYNX-482,Swagger UI API repsonse verification,1/24/25,,1.45h,94.62h,,,,,,,,,0.02h,,,,,11036.03h,,
,PAYLYNX-481,Ordering rights for deletion of data,2/12/25,273.85h,,,,,,,115.72h,159.70h,0.00h,,,,,,,10583.50h,,
,PAYLYNX-480,Log in with issues on account selector,4/9/25,552.77h,,,,,,,,,,,,1338.35h,,,,9241.78h,,
,PAYLYNX-479,009/API,1/20/25,,0.13h,,,,,,,,,,,,,,,11133.47h,,
,PAYLYNX-478,Swedbank intrabank payment old flow,2/26/25,668.92h,,,,,,,169.83h,,,,,46.20h,,,,10249.27h,,
,PAYLYNX-477,Payment request landing page,,0.87h,,,,,,,,,,,,,,,,,11133.37h,
,PAYLYNX-476,Language selector issue,2/12/25,554.12h,,,,,,,,,,,,,,,,10580.17h,,
,PAYLYNX-475,BL Authentication flow 3005 packet,4/9/25,554.17h,,,,,,,,,,,,1338.38h,,,,9241.77h,,
,PAYLYNX-474,Back to merchant counter changes,,0.87h,,,,,,,,,,,,,,,,,11133.50h,
,PAYLYNX-473,Update documents and upload to ibank Support page,2/13/25,361.83h,,,,,,,212.60h,0.33h,2.67h,0.97h,,,,,,10556.00h,,
,PAYLYNX-472,ID: ALVADI,1/23/25,,71.95h,,,,,,,,,,,,,,,11063.60h,,
,PAYLYNX-471,Support Migration PI:1:2025 Sprint 1,,23.13h,,,,,,,,,,,,,,,,,11113.43h,
,PAYLYNX-470,Testing and verification of service after Skyvault,,26.15h,,,,,,,,,,,,,,,,,11110.55h,
,PAYLYNX-469,Life-cycle activities for PI:1:Sprint5,,1420.37h,,,,,,,,,,,,,,,,,9716.40h,
,PAYLYNX-468,Life-cycle activities for PI:1:Sprint4,3/11/25,1199.75h,,,,,,,,,,,,,,,,25.98h,9911.02h,
,PAYLYNX-467,Life-cycle activities for PI:1:Sprint3,3/5/25,1056.28h,,,,,,,,,,,,,,,,10080.48h,,
,PAYLYNX-466,Life-cycle activities for PI:1:Sprint2,,912.48h,,,,,,,,,,,,,,,,,10224.32h,
,PAYLYNX-465,Life-cycle activities for PI:1:Sprint1,2/19/25,718.77h,,,,,,,,,,,,,,,,10418.03h,,
,PAYLYNX-464,ID:LIBPLANET,2/3/25,,0.92h,218.67h,,,,,,,,,122.27h,,,,,10795.92h,,
Production bug,PAYLYNX-463,MB CORE reference size too long,1/22/25,73.57h,,,,,,,0.70h,15.72h,2.52h,26.47h,,,,,,11084.10h,,
Production bug,PAYLYNX-462,MB CORE name unmatch,1/20/25,72.65h,,,,,,,0.80h,,,,,,,,,11129.65h,,
,PAYLYNX-461,ID:SLOWGOODS,1/17/25,,1.48h,,,,,,,,,,,,,,,11202.43h,,
,PAYLYNX-460,milline versioon on kasutusel kas 00 või 009?,1/17/25,,0.07h,7.15h,,,,,,,,,14.82h,,,,,11208.37h,,
,PAYLYNX-459,Eservices taxboard leftovers,1/17/25,0.00h,,,,,,,17.82h,0.00h,1.80h,22.08h,,,,,,11209.42h,,
,PAYLYNX-458,"Report reached max size of rows 1,048,576 in excel",1/21/25,18.45h,,,,,,,29.47h,68.98h,21.78h,3.62h,,,,,,11109.47h,,
,PAYLYNX-457,"Errors in REL268, eservices",,1.82h,,,,,,,,,,41.97h,,,,,,11210.10h,,
,PAYLYNX-456,ApiV3 Exp: add details to the status response for Failed payments,1/29/25,0.32h,,,,,,,145.80h,139.12h,0.77h,47.97h,,,,,,10921.30h,,
,PAYLYNX-455,ID: UUSLI,,,3.20h,0.00h,,,,,,,,,,,,,,,11252.27h,
,PAYLYNX-454,"Auth packets , incorrect signature",,6119.83h,,,,,,,5162.03h,,,,,,,,,,,
,PAYLYNX-453,Plugin tests and verification with latest open-source,1/21/25,26.72h,,,,,,,22.08h,0.98h,89.67h,29.62h,,4.43h,,,,11108.17h,,
,PAYLYNX-452,ID: ETK,1/14/25,,18.07h,0.08h,,,,,,,,,,,,,,11280.77h,,
,PAYLYNX-451,Mask,,,0.15h,,,,,,,,,,17.93h,,,,,,11280.85h,
,PAYLYNX-450,ERGO LIFE INSURANCE SE LATVIJAS FILIĀLE,1/23/25,,18.12h,0.12h,,,,,,,,,224.05h,,,,,11057.02h,,
Production bug,PAYLYNX-449,MB CORE remove MOBILE from agreement summary,1/14/25,0.00h,,,,,,,1.53h,22.33h,0.02h,4.65h,,,,,,11274.55h,,
Production bug,PAYLYNX-448,MB-CORE missing control for reference 731,1/14/25,2.65h,,,,,,,21.43h,4.95h,0.17h,0.15h,,,,,,11274.80h,,
,PAYLYNX-447,Testing task https://jira.swedbank.net/browse/AI-651,1/14/25,23.12h,,,,,,,0.00h,0.00h,0.33h,5.48h,,,,,,11276.12h,,
,PAYLYNX-446,Refund tasks testing - PI:5 Sprint 5,1/29/25,385.42h,,,,,,,,,,,,,,,,10920.47h,,
Spike,PAYLYNX-445,Skyvault,,54.58h,,,,,,,,,,,,,,,,,11251.35h,
Production bug,PAYLYNX-444,Legacy ref number limit,1/14/25,0.00h,,,,,,,67.60h,5.82h,0.42h,21.87h,,,,,,11275.13h,,
Production bug,PAYLYNX-443,MB CORE + MB EXP latvian locale from multilink mobile request,,66.93h,,,,,,,11306.02h,,,,,,,,,,,
Production bug,PAYLYNX-442,MB CORE LV transaction report is too big,,1.82h,,,,,,,68.63h,23.43h,0.00h,27.40h,,,,,,11251.78h,,
,PAYLYNX-441,ID:CRAZYDAYS,1/13/25,,72.38h,0.00h,,,,,,,,,0.13h,,,,,11303.25h,,
,PAYLYNX-440,millal viimati kasutati neid ID-d?,1/13/25,,1.35h,0.28h,,,,,,,,,91.88h,,,,,11303.25h,,
,PAYLYNX-439,Merchant ID: BALTICUM,1/13/25,,1.08h,2.05h,,,,,,,,,94.05h,,,,,11303.13h,,
,PAYLYNX-438,sulgeda ID-d,1/13/25,,0.13h,4.00h,,,,,,,,,94.18h,,,,,11303.23h,,
,PAYLYNX-437,ID: ECKERO1,1/14/25,,16.77h,98.30h,,,,,,,,,23.43h,,,,,11279.68h,,
,PAYLYNX-436,ID: UUSLI,1/13/25,,0.33h,20.57h,,,,,,,,,96.10h,,,,,11303.13h,,
,PAYLYNX-435,ID:SOSLASTE; ID:SOSKYLA,1/13/25,,0.02h,2.15h,,,,,,,,,115.30h,,,,,11303.22h,,
,PAYLYNX-434,ID: TELETORN,1/13/25,,0.15h,3.35h,,,,,,,,,115.32h,,,,,11303.22h,,
,PAYLYNX-433,ID:TALLPARK,,,0.68h,2.00h,,,,,,,,,,,,,,,11420.22h,
,PAYLYNX-432,Develop form for migration support,2/10/25,170.70h,,,,,,,541.17h,12.72h,1.05h,65.73h,,,,,,10634.27h,,
,PAYLYNX-431,MBBL in ibank: update agreement functionality availability view,2/3/25,573.10h,,,,,,,1.12h,55.22h,9.47h,0.42h,,,,,,10801.72h,,
,PAYLYNX-430,API V3 add transaction ID to status Response structure,,354.40h,,,,,,,,,,,,,,,,,11087.47h,
,PAYLYNX-429,ID: ZEBRA,1/13/25,,0.90h,0.10h,,,,,,,,,137.68h,,,,,11303.20h,,
,PAYLYNX-428,ApiV3 Core: add details to the status response for Failed payments,1/29/25,187.72h,,,,,,,124.37h,47.40h,16.83h,144.28h,,,,,,10922.05h,,
,PAYLYNX-427,Worker: Party MDM start listening MDM party changes,10/8/25,6243.88h,,,,,,,129.13h,23.95h,72.85h,98.98h,,,,,,4874.58h,,
,PAYLYNX-426,API v3 endToEndIdentification check,2/7/25,209.65h,,,,,,,434.75h,69.30h,24.30h,6.65h,,,,,,10698.83h,,
,PAYLYNX-425,ID: POLITSEI ID: HOIATUS ID: RELVATL,1/13/25,,0.38h,1.43h,,,,,,,,,139.23h,,,,,11303.18h,,
,PAYLYNX-424,Remove closed accounts from live tests,1/7/25,0.00h,,,,,,,1.22h,0.00h,0.00h,,,,,,,11445.83h,,
,PAYLYNX-423,Merchant ID BPARADIZE,1/13/25,,2.53h,45.30h,,,,,,,,,96.08h,,,,,11303.15h,,
,PAYLYNX-422,ID: ALVADI,1/13/25,,21.40h,0.00h,,,,,,,,,145.73h,,,,,11303.17h,,
Production bug,PAYLYNX-421,"Fix v2 public swagger issue , SETTLED status should not be visible",,0.00h,,,,,,,101.13h,67.23h,0.68h,1.88h,,,,,,11302.75h,,
,PAYLYNX-420,ID: GREEKF,1/7/25,,3.70h,0.23h,,,,,,,,,94.50h,,,,,11442.88h,,
,PAYLYNX-419,ID:ZRN,1/22/25,,1.57h,,,,,,,,,,454.85h,,,,,11085.55h,,
Production bug,PAYLYNX-418,Missing transaction report LV/LT,1/3/25,0.57h,,,,,,,6.25h,16.12h,2.40h,0.05h,,,,,,11542.87h,,
,PAYLYNX-417,MBEXP -unknown error,1/9/25,0.50h,,,,,,,164.07h,26.98h,0.00h,47.97h,,,,,,11396.08h,,
,PAYLYNX-416,Paylynx terminal server,4/9/25,960.55h,,,,,,,448.75h,,,,,1055.75h,,,,9241.77h,,
,PAYLYNX-415,EXP: Increase auto-redirection time to better suite accessibility needs,2/7/25,905.85h,,,,,,,77.47h,0.00h,19.00h,0.87h,,0.07h,,,,10704.67h,,
,PAYLYNX-414,MBBL Reporting: split weekly trx reports by agreement types,,11708.20h,,,,,,,,,,,,,,,,,,
,PAYLYNX-413,Failing UI tests,1/2/25,0.00h,,,,,,,70.67h,,2.50h,67.70h,,,,,,11568.80h,,
Production bug,PAYLYNX-412,MBEXP unable to return to merchant/double payment,,0.00h,,,,,,,2.02h,0.02h,0.00h,0.00h,,,,,,11875.40h,,
,PAYLYNX-411,ID:DIRETRANSPORDI,1/13/25,,166.73h,312.83h,,,,,,,,,96.05h,,,,,11303.18h,,
,PAYLYNX-410,MBBL: update our wiki related to mbbl service,2/28/25,1465.15h,,,,,,,233.57h,0.90h,,,,,,,,10200.80h,,
,PAYLYNX-408,ID:ARK,1/13/25,,0.48h,1.75h,,,,,,,,,598.60h,,,,,11303.17h,,
,PAYLYNX-407,What service version is using these merchants?,,3510.13h,,,,,,,,,,,,,,,,,8394.47h,
,PAYLYNX-409,Merchant: SAMAR2,12/27/24,,2.93h,2.90h,,,,,,,,,195.25h,,,,,11705.30h,,
,PAYLYNX-406,"Since yesterday, every 10 minutes a payment confirmation for the completed payment is received on our server",1/7/25,,16.33h,2.18h,,,,,,,,,454.65h,,,,,11448.88h,,
,PAYLYNX-405,Test NC mTLS with (Dev and Test),1/3/25,359.62h,,,,,,,0.00h,,0.00h,25.80h,,,,,,11542.92h,,
,PAYLYNX-404,MBBL weekly trx reports - add new recipients,12/27/24,,1.93h,241.23h,,,,,,,,,0.03h,,,,,11705.63h,,
,PAYLYNX-401,ID:TTJA,12/27/24,,17.30h,2.77h,,,,,,,,,245.37h,,,,,11705.27h,,
,PAYLYNX-400,ID:SEXMAX,12/18/24,,1.05h,0.00h,,,,,,,,,42.70h,,,,,11929.40h,,
,PAYLYNX-399,Payment issues on Tallink,12/13/24,,6.83h,0.00h,,,,,,,,,,,,,,12039.72h,,
,PAYLYNX-398,ID:KOOLISA,12/13/24,,4.88h,1.27h,,,,,,,,,,,,,,12043.38h,,
Production bug,PAYLYNX-397,MB CORE support console missing userid,1/10/25,140.48h,,,,,,,388.72h,71.33h,0.45h,91.03h,,,,,,11377.38h,,
Production bug,PAYLYNX-396,"Often errors in logs, Broken pipe (from customer it might be visible as techError) appears ~ from 22.11.2024, appears every hour ~..: 41 min",1/14/25,3.00h,,,,,,,0.00h,,,44.90h,,740.23h,,,,11281.38h,,
,PAYLYNX-395,"Enable Operations center as a 1st line of support ,monitoring ,alerts",12/12/24,0.00h,,,,,,,0.03h,0.58h,0.00h,,,,,,,12073.02h,,
,PAYLYNX-403,MBBL agreements switch of Swedbank flow to OB - January,1/14/25,619.97h,,,,,,,189.73h,,0.53h,,,,,,,11279.13h,,
,PAYLYNX-394,payments double,12/13/24,,18.87h,31.73h,,,,,,,,,,,,,,12039.52h,,
,PAYLYNX-393,ID:GLAMLAC,12/11/24,,1.93h,0.00h,,,,,,,,,,,,,,12091.07h,,
,PAYLYNX-392,Regressions- failing UI tests,,0.00h,,,,,,,0.25h,1.90h,0.02h,19.40h,,,,,,12074.07h,,
,PAYLYNX-391,Delete all EI/IP type agreements in LT and EE,8/12/25,5667.45h,,,,,,,192.95h,,0.42h,0.70h,,,,,,6235.05h,,
,PAYLYNX-390,the number of failed transactions is 18%,12/11/24,,0.08h,0.97h,,,,,,,,,1.53h,,,,,12094.20h,,
,PAYLYNX-389,NC mtls,12/12/24,0.05h,,,,,,,6.02h,,19.33h,22.17h,,0.00h,,,,12072.90h,,
,PAYLYNX-388,changes to notification dispatcher (start using mTLS),,24.25h,,,,,,,,,,,,,,,,,12096.40h,
,PAYLYNX-387,ID:PETMARKET,1/8/25,,2.33h,,,,,,,,,,711.48h,,,,,11425.98h,,
,PAYLYNX-386,ID:WURTS,12/18/24,,0.38h,2.98h,,,,,,,,,208.42h,,,,,11929.05h,,
,PAYLYNX-385,MB CORE - locale limit 5 in DB for multilinks,,0.00h,,,,,,,1.23h,,27.65h,21.10h,,,,,,12093.52h,,
,PAYLYNX-384,ID:EPEE_BOOM_TREND,12/9/24,,0.23h,0.03h,,,,,,,,,,,,,,12145.47h,,
,PAYLYNX-383,Failing Spring boot 3.4.0 upgrade,12/9/24,0.02h,,,,,,,72.88h,0.00h,,,,,,,,12144.48h,,
,PAYLYNX-402,Update scope of loading to Agreement Summary in Prod,3/5/26,10768.85h,,,,,,,24.13h,0.02h,0.00h,145.55h,,,,,,1319.78h,,
,PAYLYNX-382,WARDEN key error,,164.48h,,,,,,,,,,,,,,,,,12095.40h,
,PAYLYNX-381,"WARDEN test , sql error",,214.63h,,,,,,,814.82h,,,,,4390.28h,,,,,6864.88h,
,PAYLYNX-380,ID: ALVADI,1/6/25,,1.28h,,,,,,,,,,834.38h,,,,,11473.42h,,
,PAYLYNX-379,Update AD according to Skyvault migration,1/29/25,1057.20h,,,,,,,334.43h,,,,,,,,,10920.57h,,
,PAYLYNX-378,ID: EPEE_BOOM_TREND,12/18/24,,0.35h,0.02h,,,,,,,,,384.67h,,,,,11929.03h,,
,PAYLYNX-377,novembri kuu tehingutasu,12/18/24,,71.92h,0.25h,,,,,,,,,378.37h,,,,,11929.42h,,
,PAYLYNX-376,Implement Mobile flow payment separation possibility,,12428.25h,,,,,,,,,,,,,,,,,,
,PAYLYNX-375,Startup account and VK_SERVICE 3021,1/13/25,168.07h,,,,,,,960.53h,,,,,,,,,11300.87h,,
,PAYLYNX-374,Upload new version of Prestashop plugin,12/11/24,170.60h,,,,,,,48.82h,67.82h,0.18h,46.85h,,,,,,12097.68h,,
Spike,PAYLYNX-373,Analyze how to Create Mobile specific flow to retry payment signing after non-fatal failures,,12433.43h,,,,,,,,,,,,,,,,,,
,PAYLYNX-372,Create Mobile specific flow to allow several attempts to sign payment,,12433.58h,,,,,,,,,,,,,,,,,,
,PAYLYNX-371,MB Core: create Stop polling endpoint for mobile,,12433.75h,,,,,,,,,,,,,,,,,,
,PAYLYNX-370,ID: LOTO2; LOTO,11/26/24,,0.88h,,,,,,,,,,,,,,,12452.13h,,
,PAYLYNX-369,Woocommerce issues,12/18/24,,6.33h,0.00h,,,,,,,,,522.28h,,,,,11929.38h,,
,PAYLYNX-368,Banklink : cannot log in to Citadele accounts,11/27/24,,2.22h,0.00h,,,,,,,,,27.40h,,,,,12428.62h,,
,PAYLYNX-367,MB CORE lenient validlocale,11/26/24,0.03h,,,,,,,17.72h,,0.18h,4.25h,,,,,,12450.32h,,
,PAYLYNX-366,ibank E-service: remove auth usage in LT,,12479.43h,,,,,,,,,,,,,,,,,,
Test,PAYLYNX-365,Testing task AI-637,12/12/24,29.78h,,,,,,,,,0.00h,377.78h,,,,,,12072.90h,,
,PAYLYNX-364,Testing task : AI-635,11/27/24,6.50h,,,,,,,0.00h,,0.00h,45.25h,,,,,,12429.27h,,
,PAYLYNX-363,MBEXP UI tests are failing,11/26/24,0.20h,,,,,,,5.72h,0.32h,0.00h,17.43h,,0.17h,,,,12457.37h,,
,PAYLYNX-362,"E-service in ibank: remove in EE, cleanup in LV - REL268",1/10/25,1077.10h,,,,,,,28.08h,22.53h,19.38h,30.30h,,,,,,11368.55h,,
,PAYLYNX-361,customer placed and paid an order through Mozello's ,11/25/24,,67.18h,0.32h,,,,,,,,,,,,,,12478.52h,,
,PAYLYNX-360,whether payment has been made through VDAA MM ,11/27/24,,65.03h,,,,,,,,,,51.17h,,,,,12430.02h,,
,PAYLYNX-359,SEB LV money left(buyer claim) but not arrived(merchant claim),,0.00h,,,,,,,,,,,,,,,,,12547.33h,
,PAYLYNX-358,SKICHE SIA  not been received by the customer in the account,11/25/24,,1.55h,,,,,,,,,,69.82h,,,,,12478.87h,,
,PAYLYNX-357,008 inactive agreements,11/25/24,,73.53h,1.95h,,,,,,,,,,,,,,12475.83h,,
,PAYLYNX-356,MB CORE mdm new links,11/27/24,0.00h,,,,,,,0.33h,0.00h,16.08h,143.55h,,,,,,12434.17h,,
,PAYLYNX-355,Testing task : AI-636,11/21/24,0.00h,,,,,,,0.00h,0.00h,0.00h,31.35h,,0.07h,,,,12571.02h,,
,PAYLYNX-354,Refund testing: AI-?,,2337.57h,,,,,,,,,,,,,,,,,10265.23h,
,PAYLYNX-353,Refund testing: AI-635,,2.72h,,,,,,,0.08h,,,,,287.67h,,,,,12312.55h,
,PAYLYNX-352,Refund testing: AI-636,,2.45h,,,,,,,,,,,,,,,,,12600.62h,
,PAYLYNX-351,SEB LV money left(buyer claim) but not arrived(merchant claim),,7219.05h,,,,,,,,,,,,,,,,,5398.10h,
,PAYLYNX-350,VinjeteGID:2947156,11/22/24,,0.65h,0.03h,,,,,,,,,70.10h,,,,,12547.22h,,
,PAYLYNX-349,kas kaupmees on üle läinud APi lahendusele,11/19/24,,0.58h,,,,,,,,,,,,,,,12621.02h,,
,PAYLYNX-348,Merchant ID: TETEATETE,11/19/24,,0.05h,,,,,,,,,,,,,,,12622.77h,,
,PAYLYNX-347,LV 3rd parties service can be found via search,12/9/24,6.00h,,,,,,,186.78h,114.72h,5.62h,167.50h,,,,,,12144.53h,,
,PAYLYNX-346,MBBL agreements switch of Swedbank flow to OB - November #2,12/4/24,25.12h,,,,,,,334.25h,,,,,,,,,12266.02h,,
,PAYLYNX-345,Inactive agreements,,74.80h,,,,,,,,,,,,,,,,,12551.25h,
,PAYLYNX-344,Changes in Support page for documentation,12/4/24,28.60h,,,,,,,125.27h,15.95h,1.12h,,,191.43h,,,,12264.08h,,
Production bug,PAYLYNX-343,STAR: missing buttons for banks onboarding EDGE only,,0.03h,,,,,,,23.03h,4.70h,0.00h,0.05h,,,,,,12614.47h,,
,PAYLYNX-342,Woocommerci makselahenduse lisamine,12/18/24,,715.53h,,,,,,,,,,,,,,,11929.42h,,
Production bug,PAYLYNX-341,MB CORE HAzelcast error,,8733.90h,,,,,,,,,,,,,,,,,3911.48h,
,PAYLYNX-340,Refund Testing: testing of AI-726,5/16/25,3906.70h,,,,,,,0.00h,,0.52h,240.73h,,144.43h,,,,8353.12h,,
,PAYLYNX-339,AI-650 test,2/17/25,2113.72h,,,,,,,0.00h,,0.00h,73.62h,,,,,,10458.60h,,
,PAYLYNX-338,MB CORE adjust for mobile url cancel flows,11/19/24,0.00h,,,,,,,4.38h,0.00h,16.75h,,,,,,,12625.25h,,
,PAYLYNX-337,Preparation for PI1:2025,1/15/25,1396.05h,,,,,,,,,,,,,,,,11251.33h,,
,PAYLYNX-336,Documentation review preparation for migration,,1534.40h,,,,,,,,,,,,,,,,,11113.42h,
,PAYLYNX-335,MB CORE fee lable change for MOBILE,11/20/24,2.82h,,,,,,,2.80h,0.25h,0.00h,41.03h,,,,,,12600.98h,,
Spike,PAYLYNX-334,Analyses how to onboard Andromeda to Logread,1/15/25,723.78h,,,,,,,667.83h,,,,,,,,,11256.47h,,
Spike,PAYLYNX-333,Data deletion after trigger from GDM,1/8/25,503.82h,,,,,,,267.28h,,21.13h,23.68h,,405.93h,,,,11426.23h,,
Spike,PAYLYNX-332,TIDY GDM analyses,12/3/24,166.83h,,,,,,,78.78h,112.83h,,,,,,,,12289.65h,,
,PAYLYNX-331,Update MBBL AD for TIDY,1/29/25,1393.12h,,,,,,,334.43h,,,,,,,,,10920.57h,,
,PAYLYNX-330,Small life-cycle improvements developments PI:5:Sprint4,,0.28h,,,,,,,,,,,,,,,,,12647.95h,
,PAYLYNX-329,"Small life-cycle improvements developments PI:5:Sprint3,4",,1534.83h,,,,,,,,,,,,,,,,,11113.42h,
,PAYLYNX-328,Small life-cycle improvements developments PI:5:Sprint2,,2739.77h,,,,,,,,,,,,,,,,,9908.50h,
,PAYLYNX-327,Small life-cycle improvements developments PI:5:Sprint1,,1511.63h,,,,,,,,,,,,,,,,,11136.62h,
,PAYLYNX-326,MBBL makse probleem,11/18/24,,1.58h,5.22h,,,,,,,,,,,,,,12642.82h,,
,PAYLYNX-325,Onboard MBBL to SGW service,,2863.23h,,,,,,,83.82h,,,,,47.68h,,,,,9719.08h,
,PAYLYNX-324,Onboard Warden to SGW service ,3/21/25,2994.93h,,,,,,,23.13h,,,,,,,,,9695.95h,,
,PAYLYNX-323,Onboard warden to Signing Container service,3/24/25,2803.48h,,,,,,,298.42h,,,,,,,,,9612.18h,,
,PAYLYNX-322,Create SGW agreement when onboarded to Refund ,,2803.58h,,,,,,,,,,,,,,,,,9910.92h,
,PAYLYNX-321,Refund forbidden flag renaming ,12/13/24,452.58h,,,,,,,146.10h,24.82h,18.10h,22.92h,,,,,,12049.97h,,
,PAYLYNX-320,Introduce new field to MBBL agreement - SGW agreement number ,3/6/25,2520.23h,,,,,,,71.28h,15.52h,2.48h,52.18h,,,,,,10052.97h,,
,PAYLYNX-319,Clean-up of E-services in ibank in LT/LV/EE,,2298.78h,,,,,,,,,,,,,,,,,10418.18h,
,PAYLYNX-318,Refund testing task placeholder for PI1:25:S3,3/12/25,2805.50h,,,,,,,0.00h,,0.00h,,,,,,,9911.73h,,
,PAYLYNX-317,Refund tasks - PI:1 Y2025 Sprint1,2/3/25,1845.02h,,,,,,,0.00h,0.00h,0.00h,70.08h,,,,,,10802.15h,,
,PAYLYNX-316,"Refund tasks testing - PI:5 Sprint 3,4",1/15/25,1459.40h,,,,,,,0.00h,,,,,,,,,11257.95h,,
,PAYLYNX-315,Refund tasks testing - PI:5 Sprint2,12/18/24,596.63h,,,,,,,0.00h,0.00h,0.00h,0.25h,,192.45h,,,,11928.05h,,
,PAYLYNX-314,Refund tasks testing - PI:5 Sprint1,,1489.20h,,,,,,,,,,,,,,,,,11230.97h,
,PAYLYNX-313,"Close legacy EI/IP type agreements in LT, fill-in closing dates",11/18/24,,71.63h,4.03h,,,,,,,,,,,,,,12644.93h,,
,PAYLYNX-312,Small life-cycle improvements developments Sprint5,,1607.37h,,,,,,,,,,,,,,,,,11113.42h,
,PAYLYNX-311,"Close legacy EI/IP type agreements in LT, fill-in closing dates",,0.75h,,,,,,,,,,,,,,,,,12720.62h,
,PAYLYNX-310,”VK_T_NO”,11/15/24,,17.70h,,,,,,,,,,,,,,,12721.97h,,
,PAYLYNX-309,MB CORE LV monthly transaction report is to big to send via email,,170.17h,,,,,,,285.50h,43.08h,0.57h,3.40h,,,,,,12261.23h,,
,PAYLYNX-308,SOTULI OÜ 14894395 ; ID: STULI,5/14/25,4370.57h,,,,,,,,,,,,,,,,8394.37h,,
,PAYLYNX-307,Skyvault Regression test (Oracle DB)for PROD,,3023.63h,,,,,,,,,,,,,,,,,9743.78h,
,PAYLYNX-306,Skyvault Regression test for DEV/TEST,,3310.43h,,,,,,,,,,,,,,,,,9457.00h,
,PAYLYNX-305,Apollo payments having issues,11/21/24,,66.95h,145.62h,,,,,,,,,0.00h,,,,,12573.75h,,
Spike,PAYLYNX-303,Testing documentation input,,3689.35h,,,,,,,,,,,,,,,,,9097.02h,
,PAYLYNX-302,The payment has not been received.,11/14/24,,42.85h,,,,,,,,,,,,,,,12745.73h,,
,PAYLYNX-301,MB EXP statement text in case of failed payment,,50.68h,,,,,,,94.52h,2.18h,1.70h,17.52h,,,,,,12625.25h,,
,PAYLYNX-300,Increase enigma timeout,11/13/24,0.02h,,,,,,,21.05h,22.67h,3.30h,0.12h,,,,,,12761.65h,,
,PAYLYNX-299,salakafe.lv - the problem in receiving payments,12/18/24,,24.27h,,,,,,,,,,859.63h,,,,,11929.07h,,
,PAYLYNX-298,Skyvault analyses,,2395.10h,,,,,,,,,,,,,,,,,10418.18h,
,PAYLYNX-297,Sandbox analyses and implementation - only for API flow,9/8/25,7223.52h,,,,,,,,,,,,,,,,,5590.00h,
,PAYLYNX-296,Migration preparation for 008,,2395.42h,,,,,,,,,,,,,,,,,10418.20h,
,PAYLYNX-295,TIDY expand the scope of MDM,,2395.62h,,,,,,,,,,,,,,,,,10418.20h,
,PAYLYNX-294,TIDY preparation and analyses,,2395.67h,,,,,,,,,,,,,,,,,10418.20h,
,PAYLYNX-293,Testing task : AI-633,11/12/24,0.00h,,,,,,,0.00h,,22.68h,4.72h,,,,,,12788.73h,,
Production bug,PAYLYNX-292,"Transaction report, oom",11/15/24,2.92h,,,,,,,5.95h,,15.60h,74.03h,,,,,,12718.82h,,
,PAYLYNX-291,SWED DRT: lost logs,1/2/25,125.75h,,,,,,,,,,,,1150.08h,,,,11568.90h,,
,PAYLYNX-290,MB CORE Deadlock in payment status setting,12/2/24,460.23h,,,,,,,4.37h,1.70h,0.30h,64.82h,,,,,,12314.47h,,
,PAYLYNX-289,MBBL exp: add server side redirect for pr.swedbank.com/.well-known folder,,0.00h,,,,,,,1.43h,,,,,,,,,,12883.35h,
,PAYLYNX-288,MBBL core: add Raili Põder into the report's recipient list,11/11/24,0.00h,,,,,,,0.08h,67.00h,0.00h,,,,,,,12817.93h,,
,PAYLYNX-287,MBBL labels: update error labels with missing LT translations,11/11/24,,2.13h,2.05h,,,,,,,,,67.00h,,,,,12815.68h,,
Production bug,PAYLYNX-286,"Tech error for some missing parametrs , payment link",11/29/24,0.00h,,,,,,,436.47h,49.83h,21.73h,0.47h,,,,,,12381.18h,,
Production bug,PAYLYNX-285,Paylink prod bug Required request parameter 'bic',11/11/24,0.65h,,,,,,,19.73h,0.75h,0.42h,71.67h,,,,,,12817.38h,,
,PAYLYNX-284,"After 11:00, payment confirmations are not received.",11/11/24,,22.15h,0.00h,,,,,,,,,73.12h,,,,,12815.67h,,
,PAYLYNX-283,MB EXP OOM,11/7/24,0.00h,,,,,,,10.67h,0.00h,,,,,,,,12900.57h,,
,PAYLYNX-282,MB EXP missing label if incorrect link,11/8/24,33.68h,,,,,,,10.10h,0.02h,0.95h,4.47h,,,,,,12882.93h,,
,PAYLYNX-281,Testing: New cert for banklink.swedbank.com,11/26/24,462.02h,,,,,,,0.00h,,17.60h,0.00h,,,,,,12456.90h,,
,PAYLYNX-280,Update refund API AD,11/19/24,6.07h,,,,,,,0.85h,306.12h,,,,,,,,12625.08h,,
,PAYLYNX-1215,[DB] Payload messages generation via changes in agreements for E-Invoice: Automated payment agreement (Seller),,2155.43h,,,41.60h,10781.88h,,,,,,,,,,,,,,
,PAYLYNX-1217,[DB] Track changes in agreements for E-invoice: Automated payment agreement (Seller),,2155.80h,,,42.05h,10781.88h,,,,,,,,,,,,,,
,PAYLYNX-279,MB CORE remove backToMerchant for payment requests,3/19/25,3070.17h,,,,,,,36.62h,9.12h,71.12h,47.43h,,,,,,9746.28h,,
,PAYLYNX-277,Testing of AI-634,11/6/24,1.12h,,,,,,,3.78h,0.78h,0.00h,42.42h,,,,,,12938.08h,,
,PAYLYNX-276,OOM for MB CORE,11/11/24,0.00h,,,,,,,1.87h,1.12h,69.58h,161.78h,,,,,,12817.97h,,
,PAYLYNX-275,No payment of 200 eur has been received.,,,1.10h,,,,,,,,,,,,,,,,13056.15h,
,PAYLYNX-274,Payment request /pay link not working in Android,,0.20h,,,,,,,94.97h,42.22h,1.75h,4.18h,,,,,,12932.10h,,
,PAYLYNX-273,"MB CORE - DB transaction is waiting HUB to respond, creating deadlocks",,13076.35h,,,,,,,,,,,,,,,,,,
,PAYLYNX-272,SENTOR1 ; SENTOR,11/15/24,,361.33h,,,,,,,,,,,,,,,12719.45h,,
,PAYLYNX-271,EKASE,11/15/24,,23.60h,0.00h,,,,,,,,,356.80h,,,,,12719.40h,,
Spike,PAYLYNX-270,MB CORE settlement account owner name for open packets & open model,6/13/25,5428.98h,,,,,,,,,,,,,,,,,7674.85h,
,PAYLYNX-269,MB-CORE update settlement account owner name,,4367.05h,,,,,,,,,,,,,,,,,8736.88h,
,PAYLYNX-268,MBBL exp: update documentation,10/31/24,0.00h,,,,,,,20.30h,0.00h,31.53h,,,,,,,13074.33h,,
Spike,PAYLYNX-266,Sandbox for PIS service,12/4/24,736.57h,,,,,,,129.27h,,,,,,,,,12264.63h,,
,PAYLYNX-265,We’re still having issues succesfully finalizing an payment through Swedbanks 009 banklink with the new public/private key,11/15/24,,20.58h,,,,,,,,,,406.38h,,,,,12719.42h,,
,PAYLYNX-264,MBBL reporting: create new monthly report about payment links,,13222.15h,,,,,,,,,,,,,,,,,,
,PAYLYNX-262,"Clean up job , tech error on old banklink side",,23.00h,,,,,,,173.60h,26.55h,0.00h,287.87h,,,,,,12738.47h,,
,PAYLYNX-261,MB WARDEN: Set up status change to settled,12/4/24,678.18h,,,,,,,0.12h,185.00h,3.38h,140.97h,,,,,,12264.78h,,
,PAYLYNX-260,MB WARDDEN setup to poll refund payments from statement API,12/4/24,5.13h,,,,,,,673.35h,185.00h,2.73h,141.65h,,,,,,12264.78h,,
,PAYLYNX-259,"E-service in ibank: remove in LV, add notification in EE. REL265",11/18/24,167.73h,,,,,,,387.58h,0.50h,71.47h,3.63h,,,,,,12642.07h,,
Spike,PAYLYNX-258,Investigation: Creation of userID for refund,11/6/24,27.90h,,,,,,,308.80h,,,,,,,,,12936.33h,,
,PAYLYNX-257,MB EXP LT label wrong,,1.95h,,,,,,,0.15h,3.58h,41.48h,85.32h,,,,,,13140.72h,,
,PAYLYNX-256,Report of Open Query customers,10/23/24,28.27h,,,,,,,2.23h,,,,,,,,,13269.05h,,
Production bug,PAYLYNX-255,Lots of failed payments in failed payments table,11/12/24,151.03h,,,,,,,43.47h,0.00h,2.67h,91.48h,,352.52h,,,,12793.40h,,
,PAYLYNX-253,It is not possible for customers to log in to websites mobstop.lv / mobstop.lt / mobstop.ee using Banklink,11/8/24,,17.82h,529.42h,,,,,,,,,,,,,,12888.78h,,
,PAYLYNX-252,Update transaction reports splitting mechanism using DB,,13440.37h,,,,,,,,,,,,,,,,,,
,PAYLYNX-251,MBBL Mobile flow: Create new subdomain and start using it during payment request creation,11/5/24,0.00h,,,,,,,167.42h,,312.60h,,,,,,,12961.08h,,
,PAYLYNX-250,MBBL Reporting: split fee calculation&debiting reports based on agreement type,,13459.93h,,,,,,,,,,,,,,,,,,
Spike,PAYLYNX-249,Investigate robots payments,10/23/24,0.10h,,,,,,,211.67h,,,,,,,,,13273.17h,,
,PAYLYNX-248,"Mobile :Corp PR , fix for backToMerchant",,46.57h,,,,,,,2.90h,,21.50h,141.68h,,,,,,13273.18h,,
,PAYLYNX-247,Tech error for old banklink in case of some processes in mbbl (for example clean up),,7969.42h,,,,,,,,,,,,,,,,,5520.92h,
,PAYLYNX-246,"LiveOps observed a 100% degradation on Swedbank & SwedbankLatvia, with almost all payments returning 'Payment status: Cancelled;' from 22:20 CEST to 23:15 CEST",9/16/25,8166.27h,,,,,,,,,,,,,,,,5396.90h,,
,PAYLYNX-245,BPARADIZE high priority,,4009.28h,,,,,,,,,,,,,,,,,9572.72h,
,PAYLYNX-244,Invalid signature,,4009.43h,,,,,,,,,,,,,,,,,9572.73h,
,PAYLYNX-243,"Mbbl , tags , agreement change",,121.93h,,,,,,,24.38h,1.52h,0.15h,0.42h,,,,,,13436.63h,,
,PAYLYNX-242,Update Magento plugin in support page,10/25/24,338.10h,,,,,,,3.67h,0.00h,18.78h,0.27h,,,,,,13226.08h,,
,PAYLYNX-241,Star: add checkbox for refund_forbiden in order to make it available to manage via agreement in STAR,,5208.85h,,,,,,,,,,,,,,,,,8394.93h,
,PAYLYNX-240,"Refunds, testing task AI-614",10/10/24,4.95h,,,,,,,0.00h,0.00h,0.00h,20.45h,,,,,,13584.02h,,
Spike,PAYLYNX-239,Bank Link vulnerability and Authentification service,11/17/25,9703.85h,,,,,,,,,,,,,,,,,3907.78h,
,PAYLYNX-238,Maksekeskus AS,9/11/25,8113.43h,,,,,,,,,,,,,,,,5519.82h,,
,PAYLYNX-237,MB-EXP Payment request landing page improvements,11/6/24,50.75h,,,,,,,499.08h,123.93h,0.87h,48.42h,,,,,,12932.10h,,
,PAYLYNX-236,EPLV_3_GIMNAZIJ,12/18/24,,8.57h,19.87h,,,,,,,,,1700.12h,,,,,11929.05h,,
,PAYLYNX-235,Report of 1001 and 1002 Merchants,,290.30h,,,,,,,,,,,,,,,,,13440.30h,
,PAYLYNX-234,"VK_MAC signature is now returning ""invalid"" on our side",10/9/24,,136.72h,,,,,,,,,,,,,,,13610.52h,,
,PAYLYNX-233,VK_MSG has changed IN THE ,10/3/24,0.02h,1.08h,0.00h,,,,,,,,,,,,,,13748.43h,,
,PAYLYNX-232,Payment statuses have not been received since 02.10.2024. 14.14. until now.,9/11/25,8230.17h,2.00h,0.00h,,,,,,,,,,,,,,5519.80h,,
Spike,PAYLYNX-231,MB-EXP Identify and fix most critical pages for accessibility act,10/23/24,0.00h,,,,,,,440.53h,18.97h,0.00h,18.02h,,,,,,13274.98h,,
,PAYLYNX-230,VENDEN,,5360.28h,,,,,,,,,,,,,,,,,8394.77h,
,PAYLYNX-229,"MB EXP, url check Pen Test Finding FIN0002025",10/9/24,0.00h,,,,,,,1.95h,110.25h,0.00h,48.72h,,,,,,13610.53h,,
,PAYLYNX-227,MB CORE connection problems,10/7/24,0.00h,,,,,,,3.43h,,109.72h,,,,,,,13659.30h,,
,PAYLYNX-226,Improve hikari connection alerts,10/7/24,0.00h,,,,,,,0.83h,0.00h,0.00h,113.63h,,,,,,13658.57h,,
,PAYLYNX-228,VENDEN,10/7/24,,116.38h,,,,,,,,,,,,,,,13657.55h,,
,PAYLYNX-225,ECO BALTIA VIDE SIA core id 12012194,,117.83h,,,,,,,5262.42h,,,,,,,,,,8394.73h,
,PAYLYNX-224,are not replaced by correct payment statuses.,9/30/24,0.00h,1.67h,0.00h,,,,,,,,,,,,,,13820.13h,,
,PAYLYNX-223,"Hikari connections monitoring alert, change first line of support",10/1/24,0.03h,,,,,,,0.00h,0.73h,0.20h,17.48h,,,,,,13803.95h,,
,PAYLYNX-222,Implement: warning notification and account validation for BL Auth (Lithuania),10/17/24,215.73h,,,,,,,167.28h,2.05h,0.00h,25.15h,,,,,,13412.93h,,
Production bug,PAYLYNX-221,"Payment initiation link , not possible to download pdf after payment execution",9/30/24,0.12h,,,,,,,0.10h,0.50h,0.00h,0.12h,,,,,,13825.12h,,
,PAYLYNX-220,Grafana graph shows 3fold incoming vs outgoing,10/7/24,0.00h,,,,,,,4.60h,67.52h,51.18h,118.23h,,,,,,13656.27h,,
,PAYLYNX-219,"AZETA SIA 40203024732, core id: 12785358",,5503.98h,,,,,,,,,,,,,,,,,8394.43h,
,PAYLYNX-218,Ibank 3012 3013 auth packets has changed field,9/27/24,0.00h,,,,,,,1.30h,,1.32h,18.77h,,,,,,13899.15h,,
,PAYLYNX-217,Monitoring improvement,9/26/24,0.00h,,,,,,,0.03h,16.72h,0.92h,,,,,,,13922.38h,,
,PAYLYNX-214,User account check update labels and exclude LT from,9/30/24,2.25h,,,,,,,5.05h,0.00h,15.57h,101.40h,,,,,,13820.77h,,
,PAYLYNX-208,MBBL agreements switch of Swedbank payment to OB - November,11/20/24,1304.67h,,,,,,,40.23h,,,,,,,,,12601.92h,,
,PAYLYNX-207,EPLV_APDROSINA1,,5552.52h,,,,,,,,,,,,,,,,,8394.42h,
,PAYLYNX-213,EPLV_APDROSINA1,11/8/24,,5.27h,45.37h,,,,,,,,,1007.57h,,,,,12888.77h,,
,PAYLYNX-204,MBBL agreements switch of Swedbank payment to OB - October #2,10/23/24,358.12h,,,,,,,283.50h,,,,,50.20h,,,,13273.72h,,
Production bug,PAYLYNX-203,"OutOfMemoryError, reports, console",,165.37h,,,,,,,32.52h,,109.78h,0.67h,,,,,,13658.58h,,
,PAYLYNX-206,LATVTOURS,9/24/24,0.00h,3.32h,0.00h,,,,,,,,,,,,,,13964.72h,,
,PAYLYNX-199,STAR MBBL : Regressins for 261,9/23/24,0.00h,,,,,,,,,,0.00h,,,,,,13989.23h,,
,PAYLYNX-198,MB EXP possible to check others merchants packets,,0.00h,,,,,,,7.70h,18.45h,0.03h,6.42h,,,,,,13960.75h,,
Spike,PAYLYNX-197,MBBL automatic accessibility reporting,9/24/24,39.03h,,,,,,,15.20h,7.27h,0.93h,2.98h,,,,,,13959.22h,,
Spike,PAYLYNX-196,MBBL migration to Skyvalt,,4151.10h,,,,,,,,,,,,,,,,,9908.57h,
,PAYLYNX-195,pipeline broken,9/21/24,36.63h,,,,,,,,,,,,,,,,14028.98h,,
,PAYLYNX-194,No robots detected incident on HUB,9/23/24,0.27h,,,,,,,4.17h,16.88h,72.68h,0.00h,,,,,,13993.25h,,
,PAYLYNX-193,MB EXP mobile catching wrong request,9/20/24,0.00h,,,,,,,1.22h,19.75h,24.67h,0.00h,,,,,,14065.98h,,
,PAYLYNX-192,"Add piechart for mbbl custom board , improvement",9/25/24,0.00h,,,,,,,26.92h,20.58h,4.28h,140.92h,,,,,,13945.05h,,
,PAYLYNX-191,MB EXP - webcomponents style mismatch,,1.95h,,,,,,,0.10h,,,,,710.12h,,,,,13440.68h,
,PAYLYNX-190,MB EXP outdated cookie consent,,2.12h,,,,,,,,,,,,14150.82h,,,,,,
Production bug,PAYLYNX-189,Technical error on SGW payment link,9/11/24,1.92h,,,,,,,0.00h,,,,,,,,,14273.58h,,
,PAYLYNX-188,Worker application to DEV/TEST,9/24/24,118.28h,,,,,,,172.22h,21.20h,1.95h,,,,,,,13967.17h,,
,PAYLYNX-187,Switch of Swedbank payment flow in ibank to new flow in OB - September,9/25/24,41.77h,,,,,,,312.27h,,,,,,,,,13945.07h,,
Spike,PAYLYNX-186,MB-CORE Identify and fix most critical pages for accessibility act,10/9/24,429.27h,,,,,,,143.67h,118.03h,0.23h,24.22h,,,,,,13610.02h,,
,PAYLYNX-185,Ibank Ui tests are failing,9/9/24,0.52h,,,,,,,2.70h,70.18h,,,,,,,,14323.27h,,
,PAYLYNX-184,MB-CORE missing check on mobile payment initiation double attempt,,27.23h,,,,,,,167.57h,67.13h,1.70h,2.27h,,,,,,14158.27h,,
,PAYLYNX-183,"Monitoring , improve alerts",9/9/24,0.00h,,,,,,,0.42h,26.73h,0.40h,66.30h,,,,,,14330.47h,,
,PAYLYNX-181,Mobile link: add files into https://pi.swedbank.com/.well-known/,9/6/24,3.67h,,,,,,,44.55h,7.73h,0.30h,1.53h,,,,,,14390.27h,,
,PAYLYNX-182,TELE 2 SIA,9/4/24,0.00h,1.40h,4.10h,,,,,,,,,,,,,,14443.22h,,
Spike,PAYLYNX-180,One-click Payments,,14448.92h,,,,,,,,,,,,,,,,,,
Spike,PAYLYNX-179,Investigate possibility's to detect Merchant platform,12/10/25,11089.57h,,,,,,,,,,,,,,,,,3359.47h,
,PAYLYNX-178,MBBL Reporting: split monthly trx reports by agreement types,9/24/24,176.07h,,,,,,,112.58h,26.17h,25.33h,143.52h,,,,,,13965.90h,,
,PAYLYNX-177,tele 2 sia,,6056.08h,,,,,,,,,,,,,,,,,8394.67h,
,PAYLYNX-176,OPTIKAOC,,6078.72h,,,,,,,,,,,,,,,,,8394.68h,
,PAYLYNX-175,"STAR MBBL rel 260 ,final regressions 6.09",9/3/24,66.85h,,,,,,,,,,25.95h,,,,,,14472.88h,,
,PAYLYNX-174,MB CORE Helm correction,8/29/24,0.00h,,,,,,,1.00h,13.63h,,,,,,,,14590.50h,,
,PAYLYNX-172,Switch of Swedbank payment flow in ibank to new flow in OB - August vol3,9/11/24,0.40h,,,,,,,335.72h,,,,,,,,,14281.07h,,
,PAYLYNX-171,Update recovery plan,9/6/24,25.18h,,,,,,,166.75h,48.25h,0.63h,,,,,,,14396.78h,,
,PAYLYNX-170,MB-CORE + MB-EXP + datamodel dependencies update failing,8/27/24,0.00h,,,,,,,6.67h,,,,,,,,,14635.87h,,
,PAYLYNX-169,Trodo,8/28/24,0.00h,2.23h,,,,,,19.50h,,,,,25.03h,,,,14617.48h,,
,PAYLYNX-168,MB CORE TEST expiring cert,9/5/24,178.40h,,,,,,,29.30h,23.33h,0.50h,20.73h,,,,,,14424.93h,,
,PAYLYNX-167,MB-CORE: New CN-s to whitelist,8/27/24,3.63h,,,,,,,20.65h,,56.82h,40.67h,,,,,,14636.65h,,
,PAYLYNX-166,EPLV_CSDD_VAS,8/22/24,,1.08h,2.52h,,,,,,,,,,,,,,14758.05h,,
,PAYLYNX-164,STAR MBBL : Regressions for 259,,0.00h,,,,,,,,,,,,,,,,,14784.05h,
,PAYLYNX-163,MB Core: implement user account check pre-condition,,14784.15h,,,,,,,,,,,,,,,,,,
,PAYLYNX-162,MBCORE: PR opening limits check,9/4/24,170.47h,,,,,,,10.90h,106.90h,0.17h,53.25h,,,,,,14443.73h,0.05h,
,PAYLYNX-161,ASTRO 1,8/22/24,,20.83h,2.27h,,,,,,,,,24.63h,,,,,14757.52h,,
Production bug,PAYLYNX-160,"Ibank banklink : parallel payments , 0.00 balance ,PACKET_ALREADY_RESPONDED",,149.82h,,,,,,,282.13h,,,,,,,,,,14395.17h,
,PAYLYNX-159,Mrchant id 11904701,8/22/24,,5.17h,1.42h,,,,,,,,,142.15h,,,,,14757.52h,,
,PAYLYNX-158,MBBL core + exp: start using new AD group,8/19/24,1.32h,,,,,,,50.57h,,67.65h,,,,,,,14834.18h,,
,PAYLYNX-157,Ibank: implement user account check in Auth packets REL-261 (26.09.2024),9/20/24,578.02h,,,,,,,70.03h,20.52h,19.52h,220.45h,,,,,,14062.63h,,
,PAYLYNX-156,One time report for Swedbank flow switching,8/22/24,,0.70h,213.52h,,,,,,,,,,,,,,14757.53h,,
,PAYLYNX-155,Switch of Swedbank payment flow in ibank to new flow in OB - August vol2,8/28/24,22.80h,,,,,,,333.23h,,,,,,,,,14617.18h,,
Spike,PAYLYNX-154,MBBL support automation,8/27/24,24.40h,,,,,,,274.22h,18.22h,0.00h,21.53h,,,,,,14637.68h,,
,PAYLYNX-153,MBEXP failed upgrade to Spring Boot v3.3.2,8/12/24,19.20h,,,,,,,0.42h,63.45h,,,,,,,,15001.52h,,
,PAYLYNX-152,MBCORE - not possible to resend notification for EXECUTED payment,8/13/24,1.23h,,,,,,,1.60h,17.82h,0.08h,94.85h,,,,,,14971.92h,,
Production bug,PAYLYNX-151,MBCORE- SEB has instant limit > 15000,8/14/24,21.35h,,,,,,,0.85h,87.42h,4.13h,20.00h,,,,,,14953.83h,,
,PAYLYNX-150,Testing,,,0.00h,0.00h,,,,,,,,,0.00h,,,,,,15089.30h,
,PAYLYNX-149,ID - EPS,8/14/24,,120.13h,20.25h,,,,,,,,,,,,,,14950.80h,,
,PAYLYNX-148,Merchant ID: BPARADIZE,8/8/24,0.00h,0.12h,,,,,,0.40h,,,,,,,,,15095.58h,,
Production bug,PAYLYNX-147,MBCORE - backTomerchant on consent - > initial status for api payments,8/13/24,0.00h,,,,,,,112.38h,,26.93h,0.72h,,,,,,14973.85h,,
,PAYLYNX-146,MBBL LT Merchant failing to install MBBL plug-in for WooCommerce,8/22/24,0.00h,4.83h,348.63h,,,,,,,,,6.10h,,,,,14756.78h,,
,PAYLYNX-145,MBBL LT Merchant Synergy Finance question about large amount payments,8/8/24,,22.52h,,,,,,,,,,,,,,,15094.33h,,
,PAYLYNX-144,Please follow < Instruction how to provide correct inquiry >,,,15115.28h,,,,,,,,,,2.90h,,,,,,,
,PAYLYNX-143,Create AD group for code owners,8/14/24,0.00h,,,,,,,183.48h,,,,,2.35h,,,,14953.78h,,
,PAYLYNX-142,MBEXP - status marked as not final,,0.00h,,,,,,,0.82h,0.15h,0.00h,0.02h,,,,,,15139.92h,,
,PAYLYNX-141,For testing dföakdflsdgfösldgfkösldkfö,,,1.08h,,,,,,,,,,,,,,,,15142.08h,
,PAYLYNX-140,Banklink Cert renewal,8/9/24,0.00h,,,,,,,48.25h,47.03h,,,,,,,,15066.87h,,
,PAYLYNX-139,Test: for deleting,,1722.60h,,,,,,,,,,,,,,,,,13440.27h,
,PAYLYNX-138,test 4,,,20.92h,,,,,,,,,,,,,,,,15142.08h,
,PAYLYNX-137,dsdsdsds,,,0.00h,,,,,,,,,,,,,,,,15163.08h,
,PAYLYNX-136,test 3,,,21.13h,,,,,,,,,,,,,,,,15142.08h,
,PAYLYNX-135,Test test,,,21.15h,,,,,,,,,,,,,,,,15142.10h,
,PAYLYNX-133,Test,,,0.00h,,,,,,,,,,,,,,,,15163.77h,
,PAYLYNX-132,"STAR agreement view improvement : modify errors related to ibank/bics , remove error as a separate row",,15164.50h,,,,,,,,,,,,,,,,,,
,PAYLYNX-131,Fix mbbl performance tests build,,0.00h,,,,,,,0.52h,,,,,,,,,,15164.33h,
,PAYLYNX-130,Test,,,0.00h,,,,,,,,,,,,,,,,15239.05h,
,PAYLYNX-129,Test,,,0.02h,,,,,,,,,,,,,,,,15239.20h,
,PAYLYNX-128,Send banklink alerts to PayLynx mailinglist,8/2/24,5.50h,,,,,,,17.50h,0.00h,0.85h,,,,,,,15241.60h,,
,PAYLYNX-122,MBBL: improve mssql-db health check alert,10/16/24,1707.33h,,,,,,,117.42h,25.07h,22.23h,,,,,,,13441.00h,,
,PAYLYNX-126,Mbbl Mobile : MOBILE-ID issue,,45.85h,,,,,,,126.50h,,0.00h,24.77h,,,,,,,15260.18h,
,PAYLYNX-111,MBBL: create new endpoint for app to exchange LinkID+country in to PacketID,,2636.95h,,,,,,,,,,,,,,,,,12936.05h,
,PAYLYNX-116,MBBL: test latest UI legacy clean-up changes in ibank for Headers,,505.87h,,,,,,,,,,,,,,,,,15120.87h,
,PAYLYNX-101,MBBL: include origin country in to Payment Request URL,,15568.70h,,,,,,,46.98h,,,,,2.80h,,,,,,
,PAYLYNX-125,MB-Exp: unable to upgrade webcomponents,8/1/24,331.07h,,,,,,,70.50h,,4.02h,0.03h,,,,,,15262.05h,,
,PAYLYNX-96,MB-EXP Payment request landing page improvements for instant messaging,,15684.97h,,,,,,,,,,,,,,,,,,
,PAYLYNX-91,STAR-MBCORE: Testing after move to Openshift,8/14/24,528.62h,,,,,45.07h,,0.00h,1.02h,0.10h,0.03h,,,,,,14942.13h,318.73h,
Spike,PAYLYNX-107,MBBL: fix packets cleanup job,10/9/24,1341.43h,,,,,,,849.63h,234.60h,116.40h,95.30h,,,,,,13611.35h,,
,PAYLYNX-57,MBBL: created Kafka listening for account closure,12/10/25,12431.50h,,,,,499.90h,,,,,,,,,,,,3359.17h,
,PAYLYNX-102,MBBL gradual switch of Swedbank payment to OB flow - August,8/9/24,1030.30h,,,,,,,218.90h,,,,,,,,,15066.62h,,
,PAYLYNX-123,MBBL: problems in Latvian banklink were not detected by robots,8/16/24,895.97h,,,,,,,193.00h,16.88h,5.48h,0.63h,,330.75h,,,,14901.20h,,
,PAYLYNX-1,[INFO] Welcome to Jira!,,7395.87h,,,,,696.65h,,,,,,,,,,,,8394.80h,
,PAYLYNX-92,Mbbl: errors in prod logs,,7819.78h,,,,,,,,,,,,,,,,,8785.38h,
,PAYLYNX-1224,[DB] Payload messages generation on CLIENT_ID merges on Accounts side for E-Invoice: Automated payment agreement,,2156.33h,,,3811.68h,10781.90h,,,,,,,,,,,,,,
,PAYLYNX-1218,[DB] Payload messages generation on CLIENT_ID merges on Accounts side for E-Invoice: Local Seller agreement,,2156.75h,,,,14593.50h,,,,,,,,,,,,,,
,PAYLYNX-1222,[DB] Payload messages generation on DAY0 load for E-Invoice: Automated payment agreement,,2158.68h,,,14522.27h,71.33h,,,,,,,,,,,,,,
,PAYLYNX-1225,[DB] Payload messages generation on DAY0 load for E-Invoice: Local Seller agreement,,2158.85h,,,,14593.50h,,,,,,,,,,,,,,
,PAYLYNX-95,MBEXP: add more detailed payment status description to MBBL swagger,,16794.60h,,,,,,,,,,,,,,,,,,
,PAYLYNX-124,STAR - allowed service list errors -PBREL259,8/6/24,61.77h,,,,,,,750.58h,91.13h,0.23h,31.45h,,774.93h,,,,15139.33h,,
,PAYLYNX-112,SWB OB: test Swedbank LT payment with added personal ID - BANKLINK scope only,9/6/24,2450.25h,,,,,,,0.00h,0.00h,0.00h,23.63h,,71.15h,,,,14397.15h,0.08h,
,PAYLYNX-24,MBBL UI tests add tags flow,9/24/24,2197.83h,,,,,620.30h,,95.80h,,39.72h,30.05h,,,,,,13959.22h,,
,PAYLYNX-9,MBCORE add posibility to change tags,9/23/24,2171.92h,,,,,620.30h,,25.92h,34.17h,9.18h,92.18h,,,,,,13989.28h,,
,PAYLYNX-1220,[DB] Payload messages generation via changes in agreements for E-Invoice: Automated payment agreement (E-Invoice Payer),,2422.17h,,,3811.70h,10781.92h,,,,,,,,,,,,,,
,PAYLYNX-1226,[DB] Payload messages generation via changes in agreements for E-Invoice: Local Seller Agreement,,2422.17h,,,0.12h,14545.50h,,,,,,,,,,,,,,
,PAYLYNX-114,"Mbbl: not enough funds ,payment FAILED->EXECUTED, improve the flow",,1546.22h,,,,,,,765.52h,,,,,,,,,,14827.02h,
,PAYLYNX-1219,[DB] Payload messages generation on MDM requests for E-invoice: Automated payment agreement (E-Invoice Payer),,2662.10h,,,3813.43h,10780.27h,,,,,,,,,,,,,,
,PAYLYNX-1221,[DB] Payload messages generation on MDM requests for E-invoice: Local Seller agreement,,2662.10h,,,3792.00h,10801.72h,,,,,,,,,,,,,,
Spike,PAYLYNX-1064,Unable_to_update_agreement during Common Performance Testing,12/10/25,14065.87h,,,,,,,,,,,,,,,,,3332.68h,
,PAYLYNX-1216,[DB] Track changes in agreements for E-invoice: Automated payment agreement (E-Invoice Payer),,2928.73h,,,3811.78h,10781.95h,,,,,,,,,,,,,,
,PAYLYNX-1223,[DB] Track changes in agreements for E-invoice: Local Seller Agreement,,2949.07h,,,3789.02h,10804.72h,,,,,,,,,,,,,,
Spike,PAYLYNX-106,MBBL: Nightly issues,,4750.70h,,,,,,,,,,,,,,,,,12768.25h,
,PAYLYNX-64,Mbbl: add to PDF debtorName field,,8891.32h,,,,,475.15h,,,,,,,,,,,,8395.02h,
,PAYLYNX-63,MBBL agreements switch of Swedbank payment to OB - October #1,10/9/24,3981.47h,,,,,475.15h,,191.88h,,,,,,,,,13609.92h,,
,PAYLYNX-49,BL Auth: investigate how to fetch IBAN by not using ibank,,17755.30h,,,,,552.97h,,,,,,,,,,,,,
,PAYLYNX-99,MBCORE: split expience-hub endpoints to respective endpoints,,18352.07h,,,,,,,,,,,,,,,,,,
,PAYLYNX-34,MBBL fees: tell Roobert to stop charging Monthly fees,,17902.52h,,,,,552.98h,,,,,,,,,,,,,
,PAYLYNX-40,MBBL fees: our fee engine orders MBBL monthly fee debiting,,18020.98h,,,,,552.98h,,,,,,,,,,,,,
,PAYLYNX-38,MBBL fees: start fetching service monthly price,,18185.60h,,,,,552.98h,,,,,,,,,,,,,
,PAYLYNX-51,MBBL-Core: create table and API endpoint for storing authentication response metadata (step 1),2/17/26,16157.88h,,,,,504.33h,,185.58h,49.12h,25.18h,93.48h,,,,,,1703.95h,,
,PAYLYNX-33,MBBL fees: create monthly fee calculation logic in our fee engine,,18240.45h,,,,,552.98h,,,,,,,,,,,,,
Spike,PAYLYNX-30,BL: authentication through iBank e-services is working even if agreement is closed,,6416.23h,,,,,620.30h,,,,,,,,,,,,11945.77h,
,PAYLYNX-19,MBBL reporting: migrate core report for BL EE monthly transactions,,18692.85h,,,,,620.30h,,,,,,,,,,,,,
,PAYLYNX-22,MBBL reporting: migrate core report for BL EE auth monthly transactions,,18693.02h,,,,,620.30h,,,,,,,,,,,,,
,PAYLYNX-26,MBBL reporting: migrate core BL auth in Latvija.lv report,,18693.45h,,,,,620.30h,,,,,,,,,,,,,
,PAYLYNX-81,Refund of MBBL payment initiations,9/25/24,,,,,,219.07h,1776.87h,,,,,,,3283.37h,,,,,13941.82h
,PAYLYNX-25,MBBL reporting: migrate BL LV auth monthly stats report from core,,18723.17h,,,,,620.30h,,,,,,,,,,,,,
,PAYLYNX-42,MBBL v2 and v3 step1: refactoring to BIC based logo approach,10/22/24,5090.63h,,,,,552.97h,,191.45h,92.58h,4.63h,23.03h,,,,,,13292.70h,,
,PAYLYNX-104,AD for Refund of MBBL payments,9/11/24,4898.80h,,,,,,,193.02h,115.83h,,,,,,,,14281.10h,,
Spike,PAYLYNX-109,MBBL Andromeda: new compiler flag needed with spring update,,20184.83h,,,,,,,,,,,,,,,,,,
,PAYLYNX-43,MBBL fees: create new price product for MBBL refund transactions,8/22/25,13459.10h,,,,,552.97h,,49.20h,0.07h,0.00h,66.20h,,97.55h,,,,6002.50h,,
,PAYLYNX-47,MBBL fees: modify fee debiting table to be suitable for refund fees,8/25/25,13147.57h,,,,,552.97h,,386.73h,0.95h,73.23h,163.78h,,,,,,5927.93h,,
,PAYLYNX-35,MBBL fees: create new op_id's for MBBL refund transaction fees,8/27/25,13462.53h,,,,,552.98h,,193.13h,97.42h,18.28h,24.43h,,,,,,5882.25h,,
,PAYLYNX-44,STAR printing: add Refund related data to agreement .pdf,11/3/25,15184.85h,,,,,552.97h,,103.40h,46.15h,46.47h,38.40h,,52.22h,,,,4249.73h,,
,PAYLYNX-12,MBBL: test after bugfix Swed OB payment show/hide account balance,,10315.00h,,,678.53h,,620.30h,,,,,,,289.90h,,,,,8394.87h,
,PAYLYNX-48,STAR: in MBBL agreement add Refund price to agreement pricing curtain,10/22/25,14829.68h,,,,,552.97h,,291.35h,15.67h,23.03h,0.52h,,,,,,4538.63h,,
,PAYLYNX-41,MBBL refund: Introduce new flag to agreements for refund,,5811.55h,,,,,552.97h,,,,,,,,,,,,13891.68h,
,PAYLYNX-83,MBBL reporting and statistics Next MVP,9/26/24,,,,,,195.72h,6451.77h,,,,,,,,,,,,13916.57h
,PAYLYNX-80,E-commerce Payments Debt 2024,12/19/25,,,,,,,13058.45h,219.12h,,,,,,0.07h,4144.52h,,3145.50h,,
,PAYLYNX-115,MBCORE + MBEXP RestClient instead of WebClient and RestTemplate,,20656.38h,,,,,,,,,,,,,,,,,,
,PAYLYNX-54,"MBBL documentation updates: PKI in a nutshell, 008/009 comparison, 009 specs",2/11/25,6099.52h,,,,,504.32h,,651.85h,,,,,2854.02h,,,,10603.13h,,
,PAYLYNX-90,Legacy cleanup 2024,9/26/24,,,,,,143.23h,3813.95h,,,,,,,0.00h,2858.93h,,,,13916.53h
,PAYLYNX-23,ibank MBBL: create possibility for customer to download agreement's public key,,20665.08h,,,,,620.30h,,,,,,,,,,,,,
,PAYLYNX-17,MBCORE: migrate to OffsetDateTime,,21534.70h,,,,,620.30h,,,,,,,,,,,,,
,PAYLYNX-118,MBBL: make more autotests for automated regressions,12/10/25,19008.25h,,,,,,,,,,,,,,,,,3356.80h,
Spike,PAYLYNX-121,MBBL: Check memory usage in exp- Andomeda,,9526.00h,92.12h,,,,,,,,,,,,,,,,12768.22h,
,PAYLYNX-18,Support page: update content of all tabs - PLACEHOLDER,3/31/26,21149.30h,,,,,620.30h,,,,,,,,,,,,696.45h,
,PAYLYNX-7,MBBL CORE: introduce new readonly role for inmemory users,,22079.65h,,,,,620.30h,,,,,,,,,,,,,
,PAYLYNX-84,Collect status of MBBL payment initiations,9/25/24,,,,,,195.70h,1774.63h,,,,,,,6740.65h,,,,,13944.03h
,PAYLYNX-20,MBBL: Show tags read-only in STAR,,7802.45h,,,,,620.30h,,,,,,,,,,,,14738.47h,
Spike,PAYLYNX-105,MBCORE : increase polling intervals for payment status,8/22/24,8547.75h,,,,,,,0.23h,17.95h,5.38h,2.68h,,,,,,14754.80h,,
,PAYLYNX-45,Automate SGW payment link deletion after certain time period,8/18/25,16867.03h,,,,,552.97h,,,,,,,,,,,,6095.32h,
,PAYLYNX-89,MBBL UX improvements,9/26/24,,,,,,195.65h,9673.28h,,,,,,,,,,,,13916.57h
,PAYLYNX-82,MBBL API Next,8/23/24,,,,,,195.73h,9037.87h,,,,,,,,,,,,14738.45h
Spike,PAYLYNX-50,BankLink Auth: implement Teleagreement check after user login,8/5/24,8419.10h,,,,,552.97h,,74.52h,,,,,,,,,15164.80h,,
,PAYLYNX-36,MBBL API: Check if default settlement account and fee account belong to the merchant,,24072.35h,,,,,552.97h,,,,,,,,,,,,,
,PAYLYNX-113,MBBL old and new: Too eager redirect for decoupled payment,9/27/24,10893.65h,,,,,,,215.73h,5.45h,3.95h,38.63h,,,,,,13899.08h,,
,PAYLYNX-97,MBBL: Feedback table change,,12812.38h,,,,,,,,,,,,,,,,,12768.25h,
,PAYLYNX-85,MBBL self-service Next MVPs,8/23/24,,,,,,195.70h,10722.03h,,,,,,,,,,,,14738.63h
,PAYLYNX-86,MBBL Agreement Next MVPs,9/26/24,,,,,,195.68h,11545.87h,,,,,,,,,,,,13916.57h
Spike,PAYLYNX-31,MBBL printing: adjust agreement pdf according to accessibility testing findings,,26187.35h,,,,,620.30h,,,,,,,,,,,,,
,PAYLYNX-88,MBBL data loading to EDW,9/26/24,,,,,,195.67h,1795.33h,,,,,,,10866.58h,,,,,13923.35h
Spike,PAYLYNX-32,MBBL printing: find solution for using correct prices,,26612.83h,,,,,620.30h,,,,,,,,,,,,,
,PAYLYNX-46,BL: make clean-up after SPP service is closed,,26825.58h,,,,,552.97h,,,,,,,,,,,,,
,PAYLYNX-117,MBBL + Andromeda Ui-test report not shown,,0.00h,,,,,,,305.78h,,,,,24052.97h,,,,,3332.78h,
,PAYLYNX-93,MBBL: RestTemplate to WebClient migration,,12596.52h,,,,,,,,,,,,,,,,,15120.93h,
,PAYLYNX-103,Modify OnyxShop,10/8/25,13102.25h,,,,,,,,,,,,,,,,15120.97h,,
,PAYLYNX-16,MBBL: Test and activate accountless flow for COOP,,15766.68h,,,,,620.30h,,,,,,,12146.55h,,,,,,
,PAYLYNX-6,STAR MBBL: price in agreement has link to pricing data,,28888.72h,,,,,649.17h,,,,,,,,,,,,,
Spike,PAYLYNX-120,MBBL Andromeda: Stubs publishing,,1466.93h,,,,,,,533.70h,42.00h,,,,28869.92h,,,,,,
,PAYLYNX-72,MBBL: add time limit for manual response packet sending,,22292.90h,,,,,456.00h,,,,,,,,,,,,8784.97h,
,PAYLYNX-13,MBBL: remove grants for editing old BL agreement,9/16/25,26067.02h,,,,,620.30h,,,,,,,,,,,,5398.85h,
,PAYLYNX-61,MBBL: encrypt DB connections,,31757.22h,,,,,475.15h,,,,,,,,,,,,,
Spike,PAYLYNX-27,Investigate usage of obsolete data entries in agreement,11/19/24,19638.87h,,,,,620.30h,,189.78h,116.20h,,,,,,,,12625.00h,,
,PAYLYNX-10,MBBL API: Create MBBL API client for NodeJs,,18387.45h,,,,,620.30h,,,,,,,,,,,,14738.45h,
,PAYLYNX-8,MBBL API: Create MBBL API client for Java,,18387.45h,,,,,620.30h,,,,,,,,,,,,14738.45h,
,PAYLYNX-11,MBBL API: Create MBBL API client for PHP,,18387.47h,,,,,620.30h,,,,,,,,,,,,14738.45h,
,PAYLYNX-37,Change MBBL weekly reports by adding Open model limit info,,33261.83h,,,,,552.97h,,,,,,,,,,,,,
Spike,PAYLYNX-108,MBBL: DB partition,6/25/25,27528.30h,,,,,,,,,,,,,,,,,7392.15h,
,PAYLYNX-15,BL: Block expired certificates from ver 009 if exception not set in agreement,,7344.52h,,,,,620.30h,,284.42h,,,,,18073.75h,,,,,8785.32h,
,PAYLYNX-66,"CORE, IBANK, cleaning from Legacy",,34996.77h,,,,,475.15h,,,,,,,,,,,,,
Spike,PAYLYNX-29,MBBL: Verify if log table is the best way to store audit data,,23005.05h,,,,,620.30h,,,,,,,,,,,,11945.80h,
Spike,PAYLYNX-62,"MBBL: support full signup flow, add signup response packets to MBBL",,35670.50h,,,0.28h,,475.15h,,,,,,,,,,,,,
,PAYLYNX-75,MBBL superlink: make redirect to consent on server level,,27547.28h,,,,,456.00h,,,,,,,,,,,,8784.85h,
,PAYLYNX-65,MBBL: Drop ISO 8601:2004,,36552.92h,,,,,475.15h,,,,,,,,,,,,,
,PAYLYNX-52,MBBL: Process VK_SB_PLUGIN_INFO parameter,,27887.80h,,,,,504.32h,,,,,,,,,,,,8784.80h,
,PAYLYNX-98,banklink-common remove heavy dependencies on swedbanks libs,,37583.42h,,,,,,,,,,,,,,,,,,
,PAYLYNX-73,MBBL perf test: use fake payment (not initiated) in integration tests with hub,,38471.63h,,,,,456.00h,,,,,,,,,,,,,
,PAYLYNX-14,STAR MBBL: change PISP bank list sorting in drop-down,3/31/26,37775.57h,,,,,620.30h,,,,,,,,,,,,696.10h,
,PAYLYNX-58,Test open model MBBL cross-country - beneficiary name in open query 1011,12/10/25,35837.60h,,,,,475.15h,,,,,,,,,,,,3335.43h,
Spike,PAYLYNX-78,Analyze needed changes in Bank link PIS due to changes in HUB,,39501.65h,,,,,456.00h,,,,,,,,,,,,,
,PAYLYNX-94,MBBL: improve DB queries create partition tables,7/10/25,32819.07h,,,,,,,132.38h,1.88h,18.18h,24.53h,,,,,,7032.80h,,
,PAYLYNX-100,MBBL: unable to connect to DB for some time during failovers in SQL,,40892.13h,,,,,,,,,,,,,,,,,,
,PAYLYNX-71,MBBL: Storing response packets temporarily,,31866.68h,,,,,456.00h,,,,,,,,,,,,8784.87h,
,PAYLYNX-76,Banklink / MBBL validate url addresse in packet,,41232.03h,,,0.07h,,456.00h,,,,,,,,,,501.15h,,,
,PAYLYNX-55,MBBL: fees autodebiting cleanup,9/16/25,36889.05h,,,,,504.32h,,,,,,,,,,,,5399.02h,
,PAYLYNX-59,MBBL: Kerberos cleanup,,42366.97h,,,,,475.15h,,,,,,,,,,,,,
Spike,PAYLYNX-28,STAR MBBL: Bank Link Merchant id search in STAR,,43175.42h,,,,,620.28h,,,,,,,,,,,,,
,PAYLYNX-56,STAR: BLOCKED banklink agreement status logic,,44034.63h,,,,,504.32h,,,,,,,,,,,,,
,PAYLYNX-79,Clean-up TEST status for agreements from code,,44592.00h,,,,,456.00h,,,,,,,,,,,,,
,PAYLYNX-77,MBBL: add to v2 and v3 swagger more details about http notifications,,46001.22h,,,,,456.00h,,,,,,,,,,,,,
,PAYLYNX-74,MBBL: Implement ways to post/present ad hoc announcements in payment flow,,47541.02h,,,,,456.00h,,,,,,,,,,,,,
Spike,PAYLYNX-69,Heartbeat service private/public page,,47591.42h,,,,,475.15h,,,,,,,,,,,,,
Spike,PAYLYNX-110,MBBL: Develop MsSQL archiving,,49677.55h,,,,,,,,,,,,,,,,,,
,PAYLYNX-39,STAR MBBL: filter MBBL fees on agreement page,3/31/26,48959.97h,,,,,552.97h,,,,,,,,,,,,696.20h,
Spike,PAYLYNX-68,Investigate Mbbl DB future performance and archiving approach,6/25/25,42480.93h,,,,,475.15h,,,,,,,,,,,,7392.15h,
Spike,PAYLYNX-5,MBBL signing: investigate STAR send for signing in Ibank (PDF upload) functionality,9/16/25,46170.70h,,,,,649.22h,,,,,,,,,,,,5398.72h,
Spike,PAYLYNX-53,MBBL: connect to Accounts API to validate fee and collection account in MBBL,,54162.33h,,,,,504.32h,,,,,,,,,,,,,
,PAYLYNX-67,MBBL: create database triggers to log changes into _log tables,,57265.38h,,,,,475.15h,,,,,,,,,,,,,
,PAYLYNX-60,MBBL: Research (and implement) MSSQL Server Unit Testing capabilities,,48627.35h,,,,,475.15h,,,,,,,,,,,,8785.08h,
,PAYLYNX-21,IBANK: create BL/MBBL service reporting for clients self-service,,45307.90h,,,,,620.30h,,,,,,,,,,,,14738.68h,
,PAYLYNX-70,Banklink:Eservices is sending customer surname without special letters in LV,,63647.07h,,,,,456.00h,,,,,,,,,,,,11109.80h,