Type,Key,Summary,Resolution Date,Open,Investigation,Ready for Refinement,Reopened,On Hold,To Do,Backlog,ON-HOLD testing,In Testing,Refined,In Development,Ready for test,Blocked,Selected for Development,In Progress,Waiting for acceptance,Done,Abandoned
,,Average time taken (from table),,210.21h,289.92h,342.44h,70.11h,339.07h,107.95h,764.46h,119.54h,69.18h,55.43h,129.31h,205.66h,279.42h,929.71h,1775.97h,89.45h,3820.15h,105.97h
,PAYME-1887,Implement Java delegate to call Swift Instant limit endpoint,,45.17h,,,,,,,,,,,,,,,,,
,PAYME-1886,"[PODM] Update ""Duplicity check"" API to consume UETR",,2.98h,23.93h,18.25h,,,,,,,,,,,,,,,
,PAYME-1885,"[FLM] Update the ""Duplicity check"" delegate to send UETR to the PODM",,2.98h,23.33h,18.85h,,,,,,,,,,,,,,,
,PAYME-1884,[FLM] Implement a Java delegate to call the new Swift Agreement endpoint,,2.82h,42.37h,,,,,,,,,,,,,,,,
Bug Sub-Task,PAYME-1883,TEST,4/27/26,0.00h,,,,,,,0.00h,0.00h,,,,,,,,47.62h,
,PAYME-1882,TEST,4/27/26,0.00h,,,,,,,0.00h,0.00h,,,,,,,,47.65h,
,PAYME-1879,Update pvc/config in AKS for payment services,4/24/26,0.00h,,0.00h,,,,,,0.00h,0.00h,1.63h,0.00h,,,,,116.18h,
,PAYME-1877,TEST subtask,,0.00h,,0.00h,,,,,,119.15h,0.00h,,0.00h,,,,,,
Production bug,PAYME-1874,Ibank: customer can't open payment via statement and payment history,4/23/26,0.00h,,0.08h,,,,,,0.05h,0.00h,3.30h,0.00h,,,,,141.00h,
,PAYME-1873,Update events-common in BPAY applications,4/29/26,0.07h,,0.00h,,,,,,21.93h,2.70h,2.53h,142.20h,,,,,0.35h,
,PAYME-1870,[Automation] Cover VOP functionality in List of payments,,0.00h,,0.00h,,,,,,120.07h,0.00h,,0.00h,194.45h,,,,,
,PAYME-1872,[IBank]: Tech error while trying to sign payment from SGW from list of payments,,18.37h,,122.72h,,,,,,,0.00h,47.67h,45.37h,97.70h,,,,,
,PAYME-1868,Warning messages are doubled in LT (signed and not payments),4/15/26,0.00h,,101.47h,,,,,,2.95h,15.12h,25.57h,0.38h,,,,,334.38h,
,PAYME-1865,Export iso-x logs to loki in production,4/9/26,0.00h,0.00h,0.00h,,,,,,0.23h,0.00h,0.55h,0.00h,,,,,481.35h,
,PAYME-1860,Renew payment services prod certificate,4/9/26,0.00h,,0.00h,,,,,,0.23h,0.00h,47.95h,0.00h,,,,,481.35h,
,PAYME-1858,Setup RBAC roles for PROD environment,4/15/26,0.02h,,0.00h,,,,,150.02h,,0.00h,141.72h,,,,,,331.27h,0.00h
,PAYME-1857,Setup RBAC roles for TEST environment,,0.02h,,0.00h,,,,,,,0.00h,141.72h,,150.02h,,,,331.27h,
,PAYME-1856,Setup RBAC roles for DEV environment,,0.02h,,0.00h,,,,,,,0.00h,141.72h,,150.02h,,,,331.27h,
,PAYME-1855,[DB] Create a script to detect and resend payments that are stuck too long in INPRG VOP_STATUS to AQ,4/28/26,0.03h,265.80h,0.00h,,,,,,163.97h,0.00h,190.15h,1.20h,,,,,26.23h,
,PAYME-1846,[TESTING] Clean-up for mass payment page,4/15/26,68.45h,,0.00h,,,,,,144.27h,4.55h,,145.90h,,,,,330.10h,0.00h
,PAYME-1845,[TESTING] Clean-up for import of payment page (importing not mass payments),4/15/26,68.43h,,0.00h,,,,,,196.38h,4.58h,,93.23h,,,,,330.65h,
,PAYME-1844,[TESTING] Clean-up for import of payments page (importing mass payments),4/15/26,68.47h,,0.00h,,,,,,144.23h,4.58h,,145.88h,,,,,330.12h,0.00h
,PAYME-1843,[TESTING] Clean-up for list of payments,4/10/26,68.45h,,0.00h,,,,,,75.45h,4.58h,,94.02h,,,,,450.82h,0.00h
,PAYME-1842,[TESTING] Clean-up for smart form (when saving into list of payments),4/15/26,68.43h,,0.00h,,,,,,192.75h,0.00h,4.57h,93.27h,,,,,334.27h,
,PAYME-1841,[DB CORE] Remove sysglobal VOP_FOR_LIST_OF_PAYMENTS,4/24/26,379.50h,,0.00h,,,,,,0.05h,0.00h,2.03h,192.38h,,,,,119.37h,
,PAYME-1847,THE-REST-LIST - GO,4/13/26,316.53h,,,,,,,,,,,,,,,,380.48h,
,PAYME-1851,CVUL0075195 - GO,4/9/26,216.85h,,,,,,,,,,,,,,,,480.20h,
,PAYME-1852,CVUL0075195 - GO,4/9/26,216.82h,,,,,,,,,,,,,,,,480.23h,
,PAYME-1850,CVUL0075164 - GO,4/9/26,216.38h,,,,,,,,,,,,,,,,480.67h,
,PAYME-1848,CVUL0074734 - GO,4/9/26,190.42h,,0.00h,,,,,,,0.00h,25.93h,,,,,,480.70h,0.00h
Production bug,PAYME-1839,[ibank] [Audit Trail] Logging in List Of Payments,4/13/26,0.03h,,67.83h,44.08h,,,,,6.08h,0.00h,37.32h,181.62h,,,,,380.00h,
,PAYME-1837,Publish payment.orders Kafka topic to FLM for Swift Pain.001,,1.23h,0.02h,717.47h,,,,,,,,,,,,,,,
,PAYME-1835,"""Select all"" button is broken, when ""Not possible"" payments are filtered out",4/10/26,0.00h,,0.00h,,,,,,101.33h,2.50h,118.00h,113.80h,,,,,452.65h,
Production bug,PAYME-1840,Payment import: can't sign payments from payment import page with double acceptance,,3.35h,2.35h,141.68h,,,,,,49.20h,6.45h,444.10h,140.22h,3.33h,,,,,
,PAYME-1834,"Foreign payments regression testing on Skyvaut in EE, LV,LT [2026-03/04 GATE]",,0.00h,,0.00h,,,,,,,0.00h,,814.05h,,,,,,
,PAYME-1833,Update Payment file with additional information,,47.92h,65.60h,720.17h,,,,,,,,,,,,,,,
,PAYME-1832,"Update status for Payment, Batch and File",,16.42h,0.00h,315.75h,,,,,,,501.65h,,,,,,,,
,PAYME-1831,Create Batch for Swift Pain.001,,16.52h,0.00h,315.67h,,,,,,,501.60h,0.05h,,,,,,,
,PAYME-1830,Create payment file,,16.62h,,315.63h,,,,,,,379.47h,5.10h,72.60h,44.47h,,,,,
,PAYME-1829,ISO Exchange clean-up from expired xsd's and ISOX_2025_RELEASE_START,4/8/26,0.00h,,0.00h,,,,,,5.20h,0.00h,138.47h,213.33h,,,,,501.05h,
,PAYME-1819,1.2. Create new DB user,,25.12h,0.23h,0.00h,,,,,,,859.75h,,,,,,,,
,PAYME-1817,In LoP the filter is not filtering correctly,3/19/26,0.02h,,2.87h,,,,,,1.87h,0.00h,3.55h,16.63h,,,,,983.87h,
Production bug,PAYME-1816,More than one row with the given identifier was found,3/19/26,0.37h,0.00h,0.00h,,,,,,2.80h,0.00h,38.93h,0.00h,,,,,983.12h,
,PAYME-1815,nginx to haproxy,3/19/26,0.03h,,0.00h,,,,,,0.00h,0.00h,42.02h,0.00h,,,,,984.35h,
,PAYME-1818,FPO payment from SGW created incorrectly,3/20/26,0.93h,,42.62h,,,,,,0.28h,0.00h,24.60h,0.10h,,,,,958.70h,
,PAYME-1812,[DB] Create Performance DB Script to put all INTRAGROUP payments in VOP AQ,4/23/26,184.58h,552.37h,0.00h,,,,,,48.18h,122.28h,0.00h,0.58h,,,,,142.02h,
,PAYME-1811,[DB] Improve DB Script to Set VOP_STATUS for Existing Payments to run only for payments created starting from 12.03.26,3/16/26,0.15h,,0.00h,,,,,,0.70h,0.15h,2.95h,1.08h,,,,,1050.25h,
,PAYME-1810,[Smartform] 2 or more payments in the same session has the same request vop id,3/16/26,0.00h,,64.02h,,,,,,1.08h,0.00h,3.95h,0.62h,,,,,1050.88h,
,PAYME-1807,[Smartform] 2 or more payments in the same session has the same request vop id,3/13/26,0.00h,,0.00h,0.20h,,,,,0.27h,0.00h,23.68h,3.20h,,,,,1120.63h,
Production bug,PAYME-1806,VOP issues after 3rd same payment gets payment processing stuck,3/16/26,28.28h,,0.00h,67.95h,,,,,1.48h,0.00h,,0.58h,,,,,1050.48h,
,PAYME-1803,[ibank] [Audit Trail] Logging in List Of Payments,3/30/26,209.10h,,0.00h,,,,,,69.88h,28.62h,74.32h,94.57h,,,,,716.93h,
,PAYME-1802,[ibank] [Audit Trail] Logging in Salary form and Mass payments,3/27/26,135.28h,,0.00h,,,,,,0.27h,0.00h,35.85h,235.20h,,,,,786.82h,
,PAYME-1801,[ibank] [Audit Trail] Logging in Smartform,3/30/26,48.55h,,0.00h,65.30h,,,,,2.77h,0.00h,109.87h,246.27h,,,,,720.68h,
,PAYME-1800,[improvement] - Screenshots for failing tests,3/12/26,72.12h,,,,,,,,,,,,,,,,1148.18h,
,PAYME-1828,[DB] Create events for pain.002 processing,4/24/26,1027.48h,,0.00h,0.00h,,,,,0.07h,0.00h,0.48h,74.33h,,,,,119.47h,
,PAYME-1822,S2.2 - [DB] Create table CREDIT_TRANSFER_INITIATION,4/13/26,192.18h,0.00h,527.25h,,,,,,94.13h,0.00h,30.40h,0.00h,,,,,381.43h,
,PAYME-1799,REG 2. Create POST Search Swift Agreement endpoint,,238.08h,351.85h,0.00h,,,,,,,702.57h,0.08h,,,,,,,
Production bug,PAYME-1808,[iBank] Unable to update Transaction Costs Paid By value for defined payments,3/18/26,187.38h,,0.00h,,,,,,3.72h,0.00h,118.28h,0.33h,,,,,1005.40h,
Production bug,PAYME-1805,[iBank LT/EE] Transaction Costs Paid By field is not prefilled when creating an international defined payment,3/17/26,162.17h,,0.00h,15.48h,,,,,1.07h,0.00h,31.18h,71.48h,,,,,1033.83h,
,PAYME-1804,[iBank] Allow to perform verification if the payment is in VoP status 'Not Possible',3/30/26,167.40h,,117.37h,,,,,,59.93h,33.05h,102.42h,142.97h,,,,,713.93h,
,PAYME-1793,S2.4 - 7.2. [BH] Update Payment APIs to support Swift Pain.002 fields,,1.20h,,1126.07h,,,,,,,49.13h,0.98h,25.85h,141.55h,,,,,
,PAYME-1791,Change connection to Sterling from IP to DNS,3/9/26,0.38h,,0.00h,,,,,,1.90h,0.00h,28.52h,114.75h,,,,,1223.85h,
,PAYME-1825,REG [ISO Exchange] Implement CBPR+ outgoing pain.002 support,4/28/26,336.23h,,550.83h,,,,,,25.70h,0.00h,28.52h,409.35h,,,,,18.83h,
,PAYME-1826,S2.3 - REG [ISO Exchange] Implement SCORE+ outgoing pain.002 support,4/27/26,336.33h,,649.35h,,,,,,118.08h,3.98h,96.27h,119.97h,,,,,45.57h,
,PAYME-1786,VOP status is not updated In List of Payments,3/4/26,0.00h,,1.02h,,,,,,2.85h,0.00h,26.18h,16.38h,,,,,1341.62h,
,PAYME-1785,Create Payment Order based on Swift Pain.001,,48.40h,555.50h,285.35h,,,,,,,501.65h,,,,,,,,
,PAYME-1783,S2.4 - 6.2. [BH] Call ISO Exchange to update the Local System Reference,,31.15h,,501.72h,,,,,0.00h,,810.07h,26.47h,23.38h,0.13h,,,,,
,PAYME-1781,1. [BH] Update the Payment Order Kafka topic,4/9/26,137.80h,648.07h,0.00h,,,,,,5.18h,24.37h,25.02h,143.17h,,,,,476.32h,
,PAYME-1779,[iBank] VOP for signed payments is performed,3/4/26,0.58h,0.00h,6.53h,0.18h,,,,,16.67h,0.00h,78.77h,19.38h,,,,,1342.22h,
,PAYME-1777,S2.4 - 7.2. [BH] Update File APIs to support Swift Pain.001 fields,,121.68h,17.55h,1125.95h,,,,,,,47.23h,2.12h,25.85h,142.32h,,,,,
,PAYME-1776,S2.4 - 7.1. [BH DB] Update BH DB to support Swift Pain.001 specific data,,121.00h,,479.77h,,,,,,,664.42h,47.18h,170.35h,,,,,,
,PAYME-1775,Manual Vop fails in List of Payments with big amount of payments,3/17/26,19.12h,,0.00h,,,,,,6.78h,1.40h,122.15h,306.35h,,,,,1027.65h,
,PAYME-1823,S2.3 - REG [ISO Exchange] Implement SCORE+ pain.001 support,4/22/26,456.18h,,581.67h,,,,,,4.82h,0.00h,167.95h,114.50h,,,,,164.30h,
,PAYME-1827,REG [ISO Exchange] Implement changes in CBPR+ pain.001 support,4/27/26,456.20h,,388.87h,,,,,,72.23h,0.00h,162.17h,364.52h,,,,,45.45h,
,PAYME-1769,Incorrect vop popup in list of payments when 1st user already performed vop and signed a payment,3/4/26,0.55h,,17.92h,0.20h,,,,,33.93h,0.00h,42.43h,73.25h,,,,,1337.85h,
Production bug,PAYME-1764,[MT940] too many separator symbols in message gets NAK,,0.00h,,1507.27h,,,,,,,,,,,,,,,
,PAYME-1760,Missing label for Mass/Salary payments,2/27/26,0.00h,,22.03h,,,,,,17.73h,0.00h,0.00h,5.60h,,,,,1465.17h,
,PAYME-1759,Incorrect vop status is shown when payment inside mass payment is edited,2/27/26,0.20h,,17.80h,,,,,,29.42h,0.00h,14.35h,10.48h,,,,,1459.63h,
,PAYME-1758,Remove hint in case of corrected Intrabank payment,3/17/26,0.00h,,309.22h,,,,,,29.73h,0.00h,75.50h,91.73h,,,,,1026.50h,
Production bug,PAYME-1757,Log VOP errors as WARN instead of ERROR,2/24/26,0.00h,,0.05h,,,,,,0.00h,0.00h,1.53h,1.23h,,,,,1530.93h,
,PAYME-1859,3.1 [BH] Consume the new Kafka topic in Batch Handler for Swift ISO pain.001 flow,,74.93h,,0.00h,,,,,,,140.70h,,,149.40h,,,,331.25h,838.90h
,PAYME-1755,Exact dates for Info message for customer before and after the script is performed,2/25/26,0.00h,,17.50h,,,,,,0.58h,0.00h,4.17h,22.32h,,,,,1509.98h,
,PAYME-1754,VOP status is updated for Intrabank payments,2/25/26,0.00h,,2.00h,,,,,,6.75h,0.00h,21.65h,18.90h,,,,,1506.03h,
,PAYME-1752,Convert Swift pain.001 to Payment order data object,,196.87h,575.47h,284.75h,,,,,,,457.02h,44.62h,,,,,,,
,PAYME-1747,"[iBank] Implement VoP audit Trail logging in List Of payments, Salary payment & Smartform",3/30/26,0.85h,286.95h,358.25h,66.25h,,,,,3.73h,0.00h,103.07h,94.45h,,,,,716.92h,
,PAYME-1746,[Ibank] LT: Mass payments opened for editing - payment data is not prefilled,2/23/26,0.03h,,3.27h,,,,,,67.73h,0.00h,,0.00h,,,,,1561.18h,
,PAYME-1743,[iBank] Mass payments - in list of payments need some changes with INPRG payments,3/19/26,0.12h,,429.00h,,,,,,22.73h,0.00h,198.75h,18.00h,,,,,985.03h,
,PAYME-1751,Incorrect total amount displayed in consolidated payment view on signing page,2/25/26,27.35h,,16.10h,,,,,,26.63h,0.00h,57.60h,14.92h,,,,,1511.30h,
,PAYME-1742,Get Swift pain.001 message,,292.42h,,502.52h,,,,,,,743.00h,72.40h,0.20h,44.47h,,,,,
,PAYME-1737,2. [BH] Create a new Kafka topic schema for Swift pain.001 support,4/29/26,293.73h,306.15h,197.03h,,,,,,22.78h,209.53h,169.27h,306.20h,150.02h,,,,2.27h,
,PAYME-1824,REG [ISO Exchange] Implement the SCORE+ int_service_code,4/24/26,639.70h,,557.33h,,,,,,0.00h,0.00h,192.27h,163.38h,,,,,120.23h,
,PAYME-1735,S2.3 - 2. [ISO Exchange] Add Batch Handler as a target local system,4/27/26,309.68h,41.68h,461.50h,,,,,,4.23h,240.87h,114.02h,456.07h,,,,,44.87h,
,PAYME-1734,S2.5 - REG 4. [BH] Swift pain.001 process implementation,,309.75h,672.00h,0.00h,,,,,,,691.22h,,,,,,,,
,PAYME-1733,S2.4 - REG 3. [ISO Exchange] Publish the new Kafka topic for Swift pain.001 message,,309.78h,503.22h,0.00h,,,,,,2.25h,286.53h,384.13h,187.07h,,,,,,
,PAYME-1732,[iBank] - List of payments - an error occurs when trying to forward prepared payment without signing rights,2/23/26,18.40h,,0.00h,,,,,,2.10h,0.00h,95.77h,0.00h,,,,,1558.60h,
,PAYME-1731,Issue in case close match in list of payments when beneficiary name was changed with not allowed characters (not national characters),2/20/26,0.50h,,18.92h,,,,,,26.33h,0.00h,1.00h,19.83h,,,,,1632.42h,
,PAYME-1729,"[iBank] mass payments, when VOP status is null can't be signed",2/19/26,0.17h,,45.98h,,,,,,1.38h,0.00h,,3.48h,,,,,1651.98h,
,PAYME-1724,"Refresh button does not dissapear, even the VOP is finalized",2/27/26,318.47h,,0.00h,,,,,,19.58h,0.00h,41.85h,5.30h,,,,,1462.25h,
Bug Sub-Task,PAYME-1723,SGW: CRE payments get NOVOP,2/23/26,41.05h,,0.00h,,,,,,0.00h,0.00h,89.20h,163.47h,,,,,1554.40h,
,PAYME-1718,Not correct status visible in Mass/Salary payment,2/18/26,0.05h,,0.00h,,,,,,24.53h,66.50h,121.22h,27.08h,,,,,1649.42h,0.95h
,PAYME-1717,[iBank] List of payments is very slow with 100 payments and not loading with 300+ payments,2/24/26,0.25h,0.00h,0.00h,,,,,,1.25h,0.00h,341.50h,93.38h,,,,,1532.05h,
,PAYME-1820,REG New SEPA country -SERBIA (as of 3rd of May 2026),4/24/26,1338.45h,,0.00h,,,,,,101.02h,0.03h,267.58h,162.80h,,,,,117.75h,
,PAYME-1716,VOP for mass payments is not updated correctly,3/3/26,51.92h,,0.00h,298.07h,,,,,8.77h,0.00h,259.32h,34.37h,,,,,1362.58h,
Bug Sub-Task,PAYME-1715,Mass payments have incorrect VOP status after editing,2/20/26,25.33h,0.00h,0.00h,237.03h,,,,,8.88h,0.00h,0.52h,114.42h,,,,,1628.98h,
Production bug,PAYME-1714,[DB CORE] FPO - 13537 error code problem,,0.00h,2038.07h,,,,,,,,,,,,,,,,
,PAYME-1713,"LT country ""confirm button"" translations for received VoP response: ""Close match"" (CMTC)",2/17/26,71.10h,,0.00h,,,,,,175.93h,0.00h,75.08h,20.87h,,,,,1697.33h,
,PAYME-1869,[iBank] Clear the green info message when manual VoP button is pressed,4/27/26,1702.73h,,0.00h,0.68h,,,,,2.38h,0.00h,101.55h,188.50h,,,,,44.63h,
,PAYME-1821,Clean-up iBank not to check Sysglobal VOP_FOR_LIST_OF_PAYMENTS,4/16/26,0.00h,,1177.52h,,,,,,161.08h,0.00h,161.77h,243.45h,,,,,315.07h,
,PAYME-1794,REG Refactor code to use enum names instead of db values for labels,4/15/26,769.80h,,0.00h,66.10h,,,,,129.35h,334.43h,427.03h,2.25h,,,,,330.50h,
,PAYME-1712,Production green field migration,4/2/26,0.00h,,0.00h,,,,,73.57h,0.00h,0.00h,471.77h,0.00h,866.92h,,,,649.73h,
Bug Sub-Task,PAYME-1711,"Translations for pop-up, status after adding new payment if vop is performed and forward button loading icon issues",2/16/26,142.45h,,0.00h,,,,,,144.15h,29.08h,21.00h,66.98h,,,,,1724.92h,
,PAYME-1710,"Not possible to perform VOP manually, if in List of Payments exist payments with different VOP statuses",2/10/26,0.00h,0.00h,74.60h,,,,,,31.73h,0.90h,89.63h,72.08h,,,,,1865.43h,
,PAYME-1709,[iBank] Warnings are not refreshed while opening imported payment,2/9/26,74.12h,,0.00h,0.95h,,,,,5.07h,0.68h,48.83h,116.73h,,,,,1891.38h,
,PAYME-1700,Testing Bank defined (only LV) - [iBank] Display VoP statuses in List of Payments for different payment types based on in channel code,2/2/26,0.02h,,0.00h,,,,,,0.02h,0.00h,,139.73h,,,,,2064.55h,
,PAYME-1699,S1.2 - Testing E-invoice - [iBank] Display VoP statuses in List of Payments for different payment types based on in channel code,2/2/26,0.02h,0.00h,0.00h,,,,,,95.37h,0.00h,,50.25h,,,,,2058.70h,
,PAYME-1698,S1.3 [TEST] Mobile bank - [iBank] Display VoP statuses in List of Payments for different payment types based on in channel code,2/10/26,0.02h,,67.97h,,,,,,38.32h,0.05h,79.78h,146.03h,,,,,1872.15h,
,PAYME-1697,s1.3 - Testing Open Banking - [iBank] Display VoP statuses in List of Payments for different payment types based on in channel code,2/2/26,0.03h,,0.00h,,,,,,3.02h,0.00h,,140.32h,,,,,2060.98h,
,PAYME-1708,CVUL0075152,3/6/26,50.62h,0.00h,0.00h,,,,,503.32h,29.20h,0.00h,92.20h,241.83h,,,,,1291.30h,
,PAYME-1707,CVUL0075053,3/6/26,46.97h,2.57h,0.00h,,,,,503.32h,29.20h,0.00h,93.30h,241.83h,,,,,1291.30h,
,PAYME-1795,Update hint for VOP status,3/18/26,0.02h,,1051.43h,,,,,,49.57h,17.40h,10.77h,91.72h,,,,,1004.65h,
,PAYME-1796,REG Improve the Filter possibility for Verification of Payee column,4/10/26,0.48h,,1217.93h,,,,,137.37h,77.15h,0.00h,171.65h,168.77h,,,,,452.67h,
,PAYME-1690,"EE country incorrect ""Continue anyway"" button translations for received VoP response: ""Verification check is not possible"" (NOAP)",2/2/26,0.05h,,0.00h,,,,,,2.03h,71.05h,76.85h,86.18h,,,,,2062.92h,
,PAYME-1689,"EE country incorrect ""Back"" button translations for received VoP response: „No match”",2/2/26,0.03h,,0.00h,,,,,,1.65h,143.10h,5.28h,86.17h,,,,,2063.30h,
,PAYME-1688,"[iBank] After uploading file with 1000 payments, it cannot be opened in File import",2/24/26,95.02h,,191.37h,,,,,0.00h,196.62h,0.00h,189.92h,95.07h,,,,,1532.02h,
,PAYME-1687,"[iBank] - VOP status is not updated, when payment is updated from list of payments",2/19/26,0.10h,68.38h,96.55h,185.45h,,,,,62.58h,0.00h,106.93h,124.75h,,,,,1655.98h,
,PAYME-1686,"LV country incorrect LAT translation in case customer presses button ""go back"" when received VoP response: ""Verification check is not possible"" (NOAP)",2/2/26,0.05h,,0.00h,,,,,,1.47h,76.97h,76.85h,86.18h,,,,,2063.50h,
,PAYME-1685,"LV country incorrect ""Continue anyway"" button translations for received VoP response: ""Verification check is not possible"" (NOAP)",2/2/26,0.15h,,0.00h,,,,,,1.38h,148.50h,5.32h,86.15h,,,,,2063.58h,
,PAYME-1684,"LV country incorrect ""Continue anyway"" button translations for received VoP response: „No match”",2/2/26,18.48h,,0.00h,,,,,,1.27h,76.95h,76.87h,86.17h,,,,,2063.68h,
,PAYME-1683,[iBank] Imported MASS payments - when user try to open 2nd time and sign - incorrect error is shown,1/29/26,1.78h,,0.00h,,,,,,144.80h,15.77h,6.30h,1.00h,,,,,2154.10h,
,PAYME-1682,"LT country translations for received VoP response: ""Verification check is not possible"" (NOAP)",2/2/26,0.02h,,0.00h,,,,,,1.12h,99.82h,76.88h,86.15h,,,,,2063.85h,
,PAYME-1680,[worker-payment-vop-handler] Improve grafana dashboard,1/30/26,0.00h,,0.00h,,,,,,169.97h,0.00h,45.10h,0.00h,,,,,2135.77h,
,PAYME-1679,[iBank] Mass payments creation page - Vop is not performed when saving with warnings,1/22/26,0.02h,,0.00h,,,,,,17.92h,0.10h,3.55h,1.87h,,,,,2327.78h,
,PAYME-1676,Not correct info message for customer,2/2/26,16.00h,,172.08h,,,,,,69.35h,47.37h,19.88h,4.33h,,,,,2064.30h,
,PAYME-1673,Placeholder - to run scrip of PAYME-1499 and reminder about payme-1578,3/12/26,1054.67h,,0.00h,,,,,,,188.02h,,,,,,,1152.78h,0.00h
,PAYME-1671,FORWARD button is missing when opening file from import of payment page,1/23/26,0.10h,,0.00h,,,,,,20.82h,0.13h,26.90h,43.88h,,,,,2304.82h,
Test,PAYME-1670,AC12,1/23/26,98.15h,,0.00h,,,,,,0.00h,0.00h,,0.00h,,,,,2301.20h,
Test,PAYME-1669,AC11,1/19/26,2.13h,,,,,,,,,,,,,,,,2397.22h,
Test,PAYME-1668,AC10,1/19/26,2.30h,,,,,,,,,,,,,,,,2397.05h,
Test,PAYME-1667,AC9,1/19/26,2.07h,,,,,,,,,,,,,,,,2397.30h,
,PAYME-1666,Details/Reference number visualization in Mass/Salary file,2/13/26,0.17h,,153.65h,,,,,,68.60h,0.00h,62.47h,318.22h,,,,,1796.82h,
Test,PAYME-1664,AC8,1/23/26,0.03h,,,,,,,165.30h,0.00h,,,,,,,,2301.20h,
,PAYME-1663,do not show message for vop result MTCH before redirecting to list of payments approval page,2/2/26,0.02h,,0.00h,,,,,,0.85h,238.62h,76.85h,86.18h,,,,,2064.12h,
Test,PAYME-1662,AC6,1/16/26,0.18h,,,,,,,,,,,,,,,,2466.57h,
Test,PAYME-1661,TC1 [PAYME-1636] Retry process when payment has been cancelled,1/16/26,0.00h,,0.00h,,,,,,0.00h,0.00h,,0.00h,,,,,2466.88h,
Test,PAYME-1660,AC7,1/16/26,0.10h,,,,,,,,,,,,,,,,2466.83h,
Test,PAYME-1659,AC5,1/16/26,0.88h,,,,,,,,,,,,,,,,2466.95h,
Test,PAYME-1658,AC3,1/16/26,0.03h,,,,,,,,,,,,,,,,2467.85h,
Test,PAYME-1657,AC1,1/16/26,0.15h,,,,,,,,,,,,,,,,2467.90h,
Test,PAYME-1655,AC4,1/23/26,1.00h,,,,,,,166.13h,0.00h,,,,,,,,2301.22h,
Test,PAYME-1654,AC2,1/16/26,0.63h,,,,,,,,,,,,,,,,2468.40h,
,PAYME-1652,"[iBank] List of payments page - mass payments, in status ""In progress"" can be confirmed",2/19/26,601.25h,0.00h,0.00h,73.43h,,,,,2.58h,0.03h,142.55h,20.22h,,,,,1653.38h,
,PAYME-1650,"The new button ""Perform VOP"" requirements should be applicable also for Mass/Salary payments",3/2/26,0.57h,,69.65h,19.15h,,,,25.47h,172.23h,0.00h,647.23h,214.65h,,,,,1388.77h,
,PAYME-1878,[FP] Change head.001 version for all RTGS messages,,645.42h,,1342.98h,,339.07h,,,,0.00h,0.00h,22.35h,191.73h,,,,,,
,PAYME-1880,[FP] Change camt.050/head.001 versions for T2 Own Transfers,4/28/26,574.25h,,1490.83h,,,,,,19.32h,427.63h,0.00h,5.38h,,,,,25.82h,
,PAYME-1649,"Foreign payments regression testing on Skyvaut in EE, LV,LT [26-30.01.2026]",2/2/26,360.42h,,0.00h,,,,,,77.95h,0.00h,,45.83h,,,,,2059.18h,
,PAYME-1648,"Payment performance testing on Skyvaut in EE, LV,LT [26-30.01.2026]",2/2/26,360.52h,,0.00h,,,,,,77.58h,0.00h,,46.68h,,,,,2058.72h,
Test,PAYME-1647,TC1 [PAYME-1621] Retry process when core payment data was changed,1/16/26,73.90h,,0.00h,,,,,,22.47h,0.00h,,0.00h,,,,,2466.97h,
Test,PAYME-1646,TC2 [PAYME-1577] Postponed retry processing,1/16/26,73.92h,,0.00h,,,,,,22.42h,0.00h,,0.00h,,,,,2467.00h,
Test,PAYME-1645,TC1 [PAYME-1577] Retry process with sending back to AQ,1/16/26,0.02h,,0.00h,,,,,,94.10h,0.00h,,0.00h,,,,,2469.23h,
,PAYME-1644,[core-payment-order-data-manager] Decouple vopSts and mtchCd to be able post only vopSts,1/14/26,0.00h,,0.00h,,,,,,0.00h,0.00h,21.27h,24.58h,,,,,2517.77h,
Production bug,PAYME-1643,"[CORE DB] Not correct D.STATUS value for FPO payment after ""Payment is late"" error",2/1/26,168.32h,,0.00h,,,,,,237.18h,0.00h,22.27h,48.80h,,,,,2087.85h,
,PAYME-1641,Count warnings in Import of Payments page,1/23/26,0.00h,,69.68h,,,,,,195.75h,16.83h,36.85h,18.05h,,,,,2301.18h,
Bug Sub-Task,PAYME-1639,Regression testing finding: Payments in List of Payments can't be selected,1/12/26,1.63h,,0.00h,,,,,,1.18h,0.00h,,88.87h,,,,,2567.03h,
,PAYME-1638,Overwriting details for defined mass payment is not working,1/9/26,3.58h,0.00h,0.00h,,,,,,2.18h,0.00h,16.77h,1.55h,,,,,2636.80h,
,PAYME-1636,[worker-payment-vop-handler] Do not retry on defective/cancelled/deleted payments,1/16/26,0.07h,,0.00h,,,,,,22.48h,94.82h,50.55h,29.20h,,,,,2466.85h,
,PAYME-1635,Prepare payment services in Skyvault Gate,,0.00h,,0.00h,,,,,,,0.00h,6.82h,,307.40h,,,,2350.97h,
,PAYME-1634,Translations for mass payments in list of payments/import page,1/15/26,162.73h,,0.00h,16.48h,,,,,2.23h,21.68h,6.55h,4.72h,,,,,2491.55h,
,PAYME-1630,Request prod env for Skyvault payment-services,1/13/26,0.00h,,0.00h,0.00h,,,,,0.00h,0.00h,74.55h,0.00h,115.48h,,,,2542.90h,
,PAYME-1628,"[PAYME-1453] [LV/LT] When a file with a single payment is uploaded and the opt-out option is selected, its status becomes Opted Out",1/7/26,0.72h,,0.00h,,,,,,0.02h,0.00h,0.48h,118.52h,,,,,2686.05h,
,PAYME-1627,incorrect vop status for CRE defective payments when opt out,1/5/26,0.00h,,0.00h,,,,,,0.25h,4.43h,67.35h,0.72h,,,,,2734.90h,
Production bug,PAYME-1626,lv_core ; pdb063 ; INC08410041 free space in tablespace USERS,2/6/26,574.33h,0.00h,0.00h,,,,,,24.60h,0.00h,308.90h,0.00h,,,,,1965.53h,
Bug Sub-Task,PAYME-1625,Issue with VOP processing for European (SEPCO) payments,1/21/26,143.32h,42.85h,32.03h,0.07h,,,,,3.93h,0.00h,235.40h,65.73h,,,,,2350.72h,
,PAYME-1621,[worker-payment-vop-handler] Verify not only payment version on update retry,1/16/26,0.00h,,68.05h,,,,,,219.10h,0.00h,72.57h,49.85h,,,,,2466.85h,
,PAYME-1640,Not able to delete payments in List of payments,1/12/26,1.38h,,,,,215.88h,,,1.05h,,93.60h,0.92h,,,,,2567.18h,
,PAYME-1619,"[core-payment-order-data-manager] DB PAYMENTS.DP_VOP data type size to short - REQUEST_BIC, REQUEST_NAME",1/23/26,690.25h,,0.00h,,,,,,0.00h,0.00h,11.53h,36.73h,,,,,2304.27h,
,PAYME-1618,[iBank] Sorting by columns in import page/list of payments doesn't work properly,1/6/26,0.17h,,311.38h,,,,,,1.45h,0.00h,6.10h,16.18h,,,,,2711.98h,
,PAYME-1617,[TEST] Mass payments: from mass payments page,1/14/26,0.02h,,0.00h,,,,,,533.35h,0.00h,,0.00h,,,,,2515.83h,
,PAYME-1616,[TEST] Mass payments: import payment page,1/13/26,0.02h,,0.00h,,,,,,507.62h,0.00h,,0.00h,,,,,2541.58h,
Bug Sub-Task,PAYME-1615,CRE payment for CMTC shows <=70 message,1/6/26,0.00h,0.00h,0.00h,,,,,,27.60h,4.12h,0.00h,312.50h,,,,,2705.03h,
Test,PAYME-1613,TC3 [PAYME-1453] Multi-payment,1/2/26,260.58h,,0.00h,,,,,,0.17h,0.00h,,0.00h,,,,,2805.38h,
Test,PAYME-1612,TC2 [PAYME-1453] Single payment warnings,1/7/26,187.33h,,0.00h,,,,,,73.28h,0.00h,,0.00h,119.52h,,,,2686.03h,
Test,PAYME-1611,TC1 [PAYME-1453] UI & Tooltip behavior,12/29/25,0.20h,,0.00h,,,,,,168.18h,0.00h,,0.00h,,,,,2897.88h,
,PAYME-1609,INPRG vop_status for defective payments never changes in import of payments page,1/8/26,0.03h,,164.25h,18.88h,,,,,14.87h,100.78h,85.02h,23.67h,,,,,2660.22h,
,PAYME-1607,Beneficiary name > 70. CMTC message is wrong,1/14/26,0.47h,,0.00h,4.12h,,,,0.00h,25.73h,0.00h,546.78h,46.87h,,,,,2519.40h,
Production bug,PAYME-1629,Document number too long,1/21/26,0.35h,,4.65h,,,,,,50.28h,0.00h,48.00h,287.68h,,,,,2350.32h,402.53h
,PAYME-1606,"LV country - incorrect LAT translations for vop statuses NOAP, NOVOP, NOTPARTICIPANT, null.",12/19/25,0.00h,,18.70h,,,,,,0.27h,0.08h,1.98h,21.87h,,,,,3143.23h,
,PAYME-1605,VOP_FOR_LIST_OF_PAYMENTS functionality pop up appears in Mass payment page,12/19/25,0.00h,0.00h,0.03h,,,,,,0.17h,22.38h,2.27h,47.73h,,,,,3139.27h,
Bug Sub-Task,PAYME-1604,Issues with VOP filter in List of Payments,1/7/26,1.15h,0.00h,0.00h,29.10h,,,,,1.05h,0.00h,42.72h,473.10h,,,,,2688.12h,
,PAYME-1603,[CORE DB] Decommission PAYMENTS.DP_VOP_ARCH table,4/2/26,0.20h,,0.00h,,,,,,41.07h,551.00h,463.22h,0.00h,1531.25h,,,,650.25h,
,PAYME-1602,Update status report process to use updated API end point,3/31/26,0.02h,,767.45h,,,,,626.88h,0.00h,0.00h,73.37h,1749.27h,,,,,22.18h,
,PAYME-1601,Update API end point collecting payment information needed for pain.002,3/12/26,0.03h,,767.58h,,,,,101.15h,71.40h,0.00h,73.23h,1077.87h,,,,,1147.93h,0.00h
,PAYME-1599,Foreign payments regression testing on Skyvaut in LV [15.12-17.12],12/17/25,0.00h,,0.32h,,,,,0.00h,0.00h,,,54.78h,,,,,3186.68h,
Production bug,PAYME-1600,[iBank] Country code is not validated for imported SEPA payment,12/19/25,0.00h,,92.95h,,,,,,0.62h,0.00h,22.18h,50.18h,,,,,3140.28h,
,PAYME-1598,CRE payments end up with incorrect VOPOPT status when VOP is not performed in import of payment page,12/29/25,0.45h,94.95h,47.10h,162.13h,,,,,0.68h,0.08h,21.38h,77.48h,,,,,2903.13h,
Bug Sub-Task,PAYME-1597,List of Payments translation issues in LT iBank. Parsing file warning translations,12/17/25,74.08h,,0.00h,,,,,,1.72h,0.00h,16.38h,24.52h,,,,,3190.98h,
,PAYME-1596,[iBank] Mass payments - new column name not always is readable,12/18/25,0.10h,,0.17h,1.17h,,,,,0.67h,0.00h,95.97h,45.12h,,,,,3167.45h,
Production bug,PAYME-1595,Lexus [DB]: archiving is not working on LEXUS,12/12/25,0.77h,0.00h,0.00h,,,,,,0.00h,0.00h,0.27h,0.13h,,,,,3311.07h,
,PAYME-1592,[iBank] mass payments - 2acceptor gets incorrect message,12/18/25,0.05h,,0.83h,,,,,,23.20h,0.00h,18.02h,123.05h,,,,,3165.68h,
,PAYME-1589,EE country - incorrect RUS translation for VOPOPT,12/17/25,0.08h,,0.83h,,,,,,0.00h,0.00h,21.20h,122.82h,,,,,3189.12h,
Bug Sub-Task,PAYME-1588,List of Payments text issues in LT IB,1/5/26,5.23h,,186.00h,,,,,,140.73h,0.00h,,292.08h,,,,,2736.07h,
Bug Sub-Task,PAYME-1587,List of Payments text issues in EE IB,12/30/25,23.47h,,186.00h,,,,,,0.00h,0.00h,0.00h,292.02h,,,,,2876.88h,
,PAYME-1586,wrong VOP status is shown (catche problems),12/17/25,0.03h,0.00h,0.00h,,,,,,0.07h,0.00h,21.62h,168.70h,,,,,3188.12h,
,PAYME-1585,[iBank] imported mass payment can't be signed from import page,12/18/25,0.10h,,0.00h,,,,,,0.25h,46.65h,20.82h,143.98h,,,,,3167.68h,
Bug Sub-Task,PAYME-1584,List of Payments issues in LV IB,1/7/26,28.48h,,25.52h,0.97h,,,,,3.23h,0.00h,327.20h,313.23h,,,,,2684.73h,
,PAYME-1580,Create gate environment for W991 service (podm/worker-vop-handler),12/9/25,0.00h,,0.00h,,,,,,0.00h,0.00h,25.07h,0.00h,,,,,3378.37h,
,PAYME-1579,Error message in case customer tries to sign payment with VOP status Parsed/Waiting for VOP status,12/19/25,71.45h,,0.00h,0.32h,,,,,0.23h,0.00h,23.95h,165.73h,,,,,3142.90h,
,PAYME-1593,Payment performance testing on Skyvaut in LV [15.12-17.12],12/17/25,0.32h,,163.17h,,,,,0.00h,0.10h,,,48.57h,,,,,3192.80h,
Production bug,PAYME-1583,printed payment order failed in STAR,12/18/25,0.00h,,46.58h,,,,,,143.05h,0.00h,46.15h,1.30h,,,,,3168.37h,
,PAYME-1578,Info message for customer before and after the script is performed,1/14/26,241.57h,,0.00h,,,,,,0.78h,0.00h,24.12h,693.85h,,,,,2514.73h,
,PAYME-1577,[worker-payment-vop-handler] Retry failed events due to PODM unavailability after 30 min,1/16/26,0.00h,336.67h,0.02h,,,,,,219.10h,0.00h,285.97h,168.88h,,,,,2466.85h,
,PAYME-1575,FP clean-up (remove/delete SEPA rulebook Sysglobal SEPA_RB_2025_START),12/31/25,0.42h,,112.68h,,,,,0.42h,216.02h,0.00h,48.12h,269.02h,,,,,2852.20h,
,PAYME-1574,[core-payment-order-data-manager] Respond gracefully if duplicate record not possible to be inserted in PAYMENTS_REFERENCE table,,1.00h,,2784.93h,,,,,,,0.00h,715.97h,,,,,,,
,PAYME-1573,[DB] Enhance table PAYMENT_REFERENCE functional index with checking code PBH_ID uniqueness,,1.25h,,3500.90h,,,,,,,,,,,,,,,
Bug Sub-Task,PAYME-1571,Import of file ends up with DB issue for VOP_MATCH_CODE field,12/3/25,0.00h,0.10h,4.50h,,,,,,2.08h,21.93h,20.25h,2.47h,,,,,3523.40h,
Production bug,PAYME-1568,[ISO Exchange] camt.106 notifications not getting sent for back office,12/2/25,67.78h,,0.00h,,,,,,1.27h,3.37h,18.30h,0.75h,,,,,3550.45h,
,PAYME-1567,[iBank] CRE NO MATCH payments have incorrect VOP status,12/8/25,0.07h,,0.00h,,,,,,0.45h,91.80h,18.40h,102.93h,29.23h,,,,3401.48h,
,PAYME-1565,[iBank] missing label for defective payments in Salary payments page,12/22/25,0.07h,,0.00h,41.40h,,,,,3.88h,99.10h,167.53h,265.58h,,,,,3067.52h,
,PAYME-1570,[ibank] Signed future European payments can't be deleted from list,12/2/25,0.08h,,72.28h,,,,,,0.87h,0.00h,5.17h,21.48h,,,,,3547.87h,
,PAYME-1564,[iBank] List of payments - an error has occurred when signing from list of payments,12/22/25,174.65h,0.00h,0.00h,,,,,,0.00h,0.00h,43.42h,241.15h,,,,,3068.40h,140.68h
,PAYME-1562,[worker-payment-vop-handler] Remove National characters for Cross-Border SEPA/SEPA Instant payments in case of Close Match,12/11/25,0.00h,,0.38h,,,,,,31.70h,4.88h,134.95h,190.47h,17.25h,,,,3336.22h,
Production bug,PAYME-1559,[CORE DB] DP_VOP archiving fails after REL286,12/3/25,140.85h,,0.00h,,,,,,0.72h,0.00h,108.30h,35.85h,,,,,3527.13h,
,PAYME-1558,OPTED out for mass payments,11/28/25,0.02h,,0.00h,,,,,,0.98h,71.12h,30.08h,68.73h,,,,,3644.62h,
,PAYME-1557,Missing label for defective (no match) CRE payment,11/28/25,0.12h,,0.00h,,,,,,1.47h,74.05h,28.35h,68.75h,,,,,3644.12h,
,PAYME-1556,"CRE payments can't be submited, if at least 1 is no match",11/28/25,0.02h,,0.00h,,,,,,0.55h,75.93h,4.27h,68.75h,22.45h,,,,3645.03h,
,PAYME-1544,[core-payment-order-data-manager] Add new relation between RELATED_SYSTEM_REFERENCE and DP_VOP.VOP_REQUEST_ID,12/22/25,0.05h,,99.33h,62.75h,,,,,0.00h,0.00h,29.00h,583.27h,,,,,3065.95h,
,PAYME-1538,[Production preparations] To prepare worker payment vop handler for production deployment,,114.87h,,26.00h,,,,,,,166.00h,385.83h,,815.70h,,,,2350.97h,
,PAYME-1706,Update foreignSepaPaymentWithAdditionalSepaFieldsSW to cover all fields address,3/12/26,1225.43h,,,,,,1499.85h,,,,,,,,,,1150.13h,
,PAYME-1705,Update sendForeignPaymentTestExpress to cover Hybrid address,3/23/26,1392.48h,,0.00h,,,,1499.87h,,97.30h,0.00h,,0.00h,,,,,885.78h,
,PAYME-1704,Update sendForeignPaymentUrgent to cover Unstructured address,3/24/26,1396.50h,,0.00h,,,,1499.88h,,119.47h,0.00h,,0.00h,,,,,859.60h,
,PAYME-1703,Update sendForeignPaymentNormalUsd to cover Structured address,,1226.95h,,0.00h,,,,1499.90h,,,0.00h,1148.62h,,,,,,,
,PAYME-1555,Deploy Windows applications to Skyvault environment in Dev and Gate,,3888.77h,,,,,,,,,,,,,,,,,
,PAYME-1554,Set-up environments in Skyvault - Windows in Dev and Gate,,3888.78h,,,,,,,,,,,,,,,,,
,PAYME-1537,Ibank: Add new column to mass payment,12/12/25,600.47h,,,,,,,,,,,,,,,,3306.95h,
,PAYME-1678,[iBank] Implement VOP changes in Mass/Salary payments functionality,4/1/26,0.10h,,169.75h,0.00h,,,69.00h,,0.00h,1510.87h,,0.00h,,1486.65h,,,673.78h,
,PAYME-1535,[DB] Increase size of RELATED_SYSTEM_REFERENCE field,11/21/25,0.00h,,0.00h,,,,,,2.10h,0.88h,3.20h,91.80h,,,,,3815.22h,
,PAYME-1534,[iBank] Create intermediate file upload status and update the logic when the file can be deleted or opened,12/19/25,0.42h,,330.02h,307.60h,,,,,87.87h,6.07h,67.00h,34.47h,,,,,3121.50h,
,PAYME-1518,[iBank] failed payment can't be opened from list,,0.02h,,4001.93h,,,,,,,,,,,,,,,
,PAYME-1517,Create VopEvent retry mechanism if podm is unavailable,11/14/25,0.00h,,0.00h,,,,,,0.00h,0.00h,21.15h,0.00h,,,,,3981.42h,
Production bug,PAYME-1516,LV: BOP information about FPO are not stored in toim_cb,11/14/25,1.62h,,0.22h,,,,,,5.48h,0.00h,4.52h,15.00h,,,,,3979.42h,
,PAYME-1515,[Performance Testing] VoP File Processing for Large Payment Volumes,3/4/26,1.57h,,2208.75h,,,,,,187.13h,0.00h,,,286.35h,,,,1344.77h,0.00h
,PAYME-1513,DB: Add new field to db for mass payments that stores customer decision about vop,12/12/25,722.00h,,,,,,,,,,,,,,,,3306.93h,
,PAYME-1510,[worker-payment-vop-handler] Improve the functionality when beneficiary name is updated in Close Match cases,1/22/26,2.50h,,0.47h,,,,,23.17h,845.38h,15.70h,8.55h,765.15h,66.35h,,,,2326.55h,
,PAYME-1509,Monitoring and Alerting,11/13/25,0.00h,,0.00h,,,,,,0.00h,0.00h,27.53h,0.00h,,,,,4002.62h,
Production bug,PAYME-1506,[CORE DB] Technical error during imported file payments conversion FPO <-> SEPCO,11/14/25,0.00h,114.67h,0.00h,,,,,,25.18h,0.00h,22.72h,0.00h,,,,,3983.97h,
,PAYME-1505,Update grafana alloy config for all applications,11/12/25,0.10h,,0.00h,,,,,,0.00h,0.00h,115.63h,0.00h,,,,,4032.97h,
Production bug,PAYME-1507,[iBank] Saving foreign payment to defined payments gives tech error,11/12/25,71.53h,,2.70h,,,,,,24.05h,0.00h,18.10h,3.60h,,,,,4028.98h,
,PAYME-1702,[STAR] update existing test cases hybrid postal addresses format for all payments types,,2377.65h,,,,,,472.12h,,,,,,,1302.37h,,,,
,PAYME-1504,"Mass File upload: ""Close Match"" specifications because of symbol limitation",12/22/25,312.57h,,0.00h,0.43h,,,,,33.08h,218.37h,111.83h,429.00h,,,,,3068.10h,
,PAYME-1502,"List of Payments/Mass: ""Close Match"" specifications because of symbol limitation",1/15/26,693.53h,3.38h,0.00h,354.72h,,,,,288.23h,0.00h,217.80h,125.97h,,,,,2489.88h,
,PAYME-1501,"File upload: ""Close Match"" specifications because of symbol limitation",12/22/25,188.08h,,0.00h,,,,,,284.60h,3.18h,406.78h,220.87h,,,,,3070.17h,
Bug Sub-Task,PAYME-1500,"List of Payments: ""Close Match"" specifications because of symbol limitation",3/2/26,357.57h,,0.00h,285.35h,,,,,66.22h,0.00h,655.22h,1440.85h,,,,,1392.47h,
,PAYME-1499,S1.3 [DB] Create DB Script to Set VOP_STATUS for Existing Payments,2/26/26,0.35h,141.73h,841.57h,101.30h,,,,,125.33h,0.00h,875.32h,650.82h,,,,,1482.25h,
,PAYME-1498,"Foreign payments regression testing on Skyvaut in LT, EE [24.11-26.11]",11/26/25,356.97h,,115.73h,,,,,,0.00h,0.00h,,54.42h,,,,,3689.87h,
,PAYME-1549,[core-payment-order-data-manager] * Debtor account value missing from GET basic-report-data API,3/19/26,0.32h,,1510.90h,146.07h,,,,,286.50h,0.00h,652.88h,598.78h,,,,,980.67h,
,PAYME-1495,[payment-services] Update single payment VOP request data saving by using RELATED_SYSTEM_REFERENCE instead of DP_ID,11/28/25,19.90h,,239.78h,,,,,,170.53h,0.00h,140.42h,23.67h,,,,,3646.77h,
,PAYME-1494,"Update of modal window, if customers wants to perform VOP manually",12/11/25,2.12h,,0.00h,,,,,46.73h,0.00h,0.00h,28.92h,650.90h,186.50h,,,,3332.55h,
,PAYME-1493,"""Perform VoP"" button in case of double acceptance",12/10/25,75.80h,,0.00h,,,,,46.75h,119.90h,2.63h,174.55h,384.12h,160.02h,,,,3354.93h,
,PAYME-1491,Specific requirements for Mass/Salary file in List of Payments,1/19/26,5.72h,,0.00h,25.22h,,,,,2.73h,0.00h,214.80h,1554.22h,189.27h,,,,2399.42h,
,PAYME-1484,[DB]: Improve DP_VOP table with new attributes needed for temporary saving the resp/req data,12/19/25,166.05h,0.00h,70.13h,,,,,,3.32h,0.00h,743.17h,92.63h,191.32h,,,,3140.93h,
Production bug,PAYME-1483,VoP warning should not be shown before VoP activation,10/27/25,0.00h,,0.00h,,,,,,0.18h,0.00h,1.47h,2.18h,,,,,4412.43h,
,PAYME-1481,Payment performance testing on Skyvaut in LV [27.10-29.10],10/29/25,162.97h,,,,,,,,0.30h,,,,0.00h,,,,4363.88h,
,PAYME-1480,Foreign payments regression testing on Skyvaut in LV [27.10-29.10],10/30/25,116.02h,,0.00h,,,,,,0.00h,0.00h,,65.33h,,,,,4345.83h,
,PAYME-1479,Renew epe certificates,10/24/25,0.00h,,0.00h,0.00h,,,,,25.27h,0.00h,21.82h,3.32h,,,,,4485.90h,
,PAYME-1533,[DB] Change RELATED_SYSTEM_CODE and RELATED_SYSTEM_REFERENCE to NOT NULL,12/10/25,0.62h,,1033.47h,,,,,,0.05h,0.00h,122.58h,48.18h,,,,,3353.92h,
,PAYME-1477,[DB]: Add new values in DP_VOP_STATUS,10/24/25,0.43h,,0.00h,,,,,,2.50h,137.37h,0.58h,11.25h,,,,,4475.33h,
,PAYME-1476,"[iBank] . IU changes for ""New button 'Perform VoP' in List of payments""",12/11/25,0.02h,,0.00h,,,,,46.73h,168.37h,0.00h,356.32h,484.42h,289.55h,,,,3330.65h,
,PAYME-1532,[core-payment-order-data-manager] - PATCH - /pmtInf/cdtTrfTxInf/rltdRmtInf/rmtId can not be updated,,20.15h,,3865.50h,188.78h,,,,,5.23h,0.00h,143.78h,453.90h,,,,,,
,PAYME-1552,[core-payment-order-data-manager] * Add chnlPmtVrsn to POST mass-payment-header response,1/19/26,0.03h,,2010.92h,,,,,,163.68h,0.00h,22.97h,103.65h,,,,,2397.82h,
,PAYME-1475,Test Migration of International Payments Baltic's TCLONE databases to Exadata DB@Azure (Skyvault),12/8/25,0.00h,,0.00h,,,,,,0.00h,0.00h,1292.92h,0.00h,,,,,3409.72h,
,PAYME-1548,[core-payment-order-data-manager] * PATCH - dbtrAgt & cdtrAgt deleted after debtor Postal address Update,2/5/26,6.95h,,2249.82h,305.52h,,,,,0.12h,0.00h,25.92h,75.38h,,,,,1993.63h,
,PAYME-1551,[core-payment-order-data-manager] * Add signing info to mass-payment-header API,1/23/26,0.67h,0.00h,2065.32h,28.63h,,,,,163.33h,0.00h,107.95h,58.95h,,,,,2299.13h,
,PAYME-1492,IBank: VOP handling in Mass payment edit page,2/23/26,909.93h,,,,,,,263.90h,530.18h,,931.45h,25.02h,533.73h,,,,1556.22h,
Production bug,PAYME-1471,[FP] Unstructured SEPA address is mapped incorrectly to message,10/14/25,0.00h,,0.85h,,,,,,25.88h,0.00h,73.37h,1.18h,,,,,4724.32h,
Production bug,PAYME-1473,ERROR Error from vop: Read timed out at,10/13/25,0.00h,,97.52h,,,,,,0.00h,0.00h,1.40h,0.00h,,,,,4752.03h,
,PAYME-1550,[core-payment-order-data-manager] * Create GET API for Mass payment header information,1/19/26,0.00h,144.42h,1323.03h,,,,,,164.53h,232.98h,434.25h,176.12h,,,,,2396.97h,
Production bug,PAYME-1470,[STAR] Cannot accept international payment with bank addresses,10/9/25,0.00h,,16.02h,,,,,,5.62h,0.00h,23.13h,2.90h,,,,,4842.42h,
Production bug,PAYME-1474,"iBank - Temporary solution-in case of received VoP response ""Close match"" remove beneficiary's name correction",10/20/25,0.00h,25.95h,139.37h,,,,,,76.65h,0.00h,68.28h,0.05h,,,,,4581.38h,
,PAYME-1468,[db] Create AQ table for VOP events,11/4/25,3.48h,,0.00h,163.30h,,,,,1.87h,354.63h,73.62h,22.62h,,,,,4300.18h,
,PAYME-1466,[iBank] Update information to customers about VOP validity,11/4/25,1.18h,,168.12h,,,,,,18.93h,0.00h,6.28h,0.48h,620.85h,,,,4223.93h,
,PAYME-1467,[Investigate] Performance findings of PODM usage by FlowManager and potential improvement,,19.52h,,530.18h,,,,,,,285.35h,142.82h,,242.88h,,,,3839.12h,
,PAYME-1465,[CORE DB] Improve payments limits usage for FPO payments,10/10/25,0.00h,,0.00h,,,,,,22.13h,1.43h,1.07h,211.82h,,,,,4826.72h,
Production bug,PAYME-1464,[CORE DB] resize column CREBIT.DP_OUT_THN.PAYMENT_VERSION to NUMBER(5) - as in main CREBIT.DP table,10/1/25,0.00h,,0.00h,,,,,,23.95h,0.00h,1.78h,0.25h,,,,,5040.68h,
,PAYME-1514,IBank: Needed updates for Salary payment approval screens,2/17/26,1031.72h,,1484.10h,2.60h,,,,,334.30h,0.00h,404.87h,101.18h,,,,,1699.38h,
,PAYME-1463,Save VOP results with PODM,11/12/25,670.33h,,0.00h,,,,,,0.00h,96.35h,23.07h,0.00h,259.80h,,,,4032.98h,
,PAYME-1462,Consume VOP service,11/4/25,670.35h,,0.00h,,,,,,0.00h,18.40h,169.67h,0.00h,,,,,4224.13h,
,PAYME-1461,Consume AQ,10/28/25,597.67h,,0.00h,,,,,,0.00h,0.00h,94.20h,0.00h,,,,,4390.73h,
,PAYME-1460,Create worker-payment-vop-handler app,10/27/25,551.78h,,0.00h,,,,,,0.00h,0.00h,121.73h,0.00h,,,,,4409.13h,
,PAYME-1512,"IBank: VoP integration for button ""Save"" and ""Forward"" in Manual Mass/Salary payment form",1/16/26,1009.33h,,45.87h,,,,,,219.45h,0.00h,721.28h,620.68h,,,,,2467.15h,
,PAYME-1459,[iso-exchange] update prod certificate,9/29/25,0.00h,,0.00h,,,,,,0.00h,0.00h,2.50h,0.00h,,,,,5085.82h,
Production bug,PAYME-1458,Ibank: FX confirmation through payments list causes rate 1 to be shown in account statement,9/29/25,0.12h,0.00h,0.40h,,,,,,0.00h,0.00h,2.37h,69.52h,,,,,5085.83h,
Production bug,PAYME-1450,"[CORE DB] Incorrect audit info format used, when calling revert",10/1/25,25.57h,,0.00h,,,,,,1.17h,0.00h,94.42h,27.62h,,,,,5036.70h,
,PAYME-1457,Add new incoming payment op_id to CREBIT.SANCTION_CHECKED_OPERATION,10/13/25,208.47h,,0.00h,,,,,,175.30h,1.77h,0.02h,70.47h,,,,,4746.52h,
,PAYME-1531,[core-payment-order-data-manager] Change how 'OTHR' party id is returned by GET endpoint,,76.18h,,3665.85h,138.37h,,,,,242.58h,0.00h,256.05h,787.10h,64.73h,,,,,
,PAYME-1447,[DB CORE] add grants on payments.vop_status to BPCS_PMNT_ORDER_DATA_MNGR_ROLE,9/27/25,0.00h,,0.00h,,,,,,0.40h,0.00h,70.92h,24.60h,,,,,5136.88h,
,PAYME-1701,[Selenium] star - review DailyBankingPage,,748.80h,,,,,,333.10h,,,,2375.95h,,,0.12h,1775.97h,,,
,PAYME-1553,[core-payment-order-data-manager] * Improve POST mass-payment-header to populate MM value to header table,3/6/26,216.42h,,3000.88h,,,,,,24.78h,0.00h,88.27h,749.95h,,,,,1290.93h,
,PAYME-1530,[core-payment-order-data-manager]* improve POST/PATCH mass-payment-header not to create empty rows in channel table,3/10/26,216.40h,0.33h,3764.98h,,,,,,26.52h,0.00h,93.15h,0.68h,,,,,1197.32h,
,PAYME-1406,s1.3 Testing SGW - [iBank] Display VoP statuses in List of Payments for different payment types based on in channel code,2/24/26,0.00h,724.18h,161.43h,0.80h,,,,,338.65h,103.07h,932.35h,1582.38h,,,,,1531.97h,
,PAYME-1405,Unstructured address - transit pacs.009COV,9/17/25,0.02h,,0.00h,,,,,,38.98h,0.00h,,0.00h,,,,,5374.48h,
,PAYME-1404,Hybrid address - transit pacs.009COV,9/16/25,0.02h,,0.00h,,,,,,20.82h,0.00h,,0.00h,,,,,5392.63h,
,PAYME-1403,Structured address - transit pacs.009COV,9/16/25,0.02h,,0.00h,,,,,,22.17h,0.00h,,0.00h,,,,,5391.30h,
,PAYME-1399,[DB CORE] grant SELECT rights on view VM.DW_BIC_LIST_VW to role DWIF_VM_RO,9/16/25,0.00h,,0.00h,,,,,,94.10h,0.00h,0.25h,0.00h,,,,,5401.72h,
,PAYME-1397,"[STAR] mandatory address for domestic payment in STAR, when it should not be mandatory",9/15/25,0.13h,,0.03h,,,,,,3.08h,0.00h,72.47h,3.33h,,,,,5419.05h,
Production bug,PAYME-1396,[FORMS] missing status name in forms teller for FPO payments for holder_channel_code 'FPOB',9/17/25,0.23h,,20.05h,,,,,,2.98h,118.30h,0.00h,1.30h,,,,,5373.20h,
,PAYME-1456,[EPE]: Implement and enhance payment eligibility criteria for payments requiring VoP and NameCheck,1/6/26,557.53h,,65.62h,0.02h,,,,,572.35h,0.00h,167.62h,1018.12h,457.58h,,,,2705.88h,
,PAYME-1454,[DB] Create new query to check for VoP statuses in DP while page refresh is performed in file import iBank,11/28/25,0.23h,0.07h,1440.73h,,,,,,170.87h,0.00h,135.75h,216.73h,49.10h,,,,3645.30h,
,PAYME-1391,[worker-payment-vop-handler] Create new application for VoP request handling from EPE and iBank,1/14/26,0.02h,743.35h,0.00h,,,,,,0.17h,31.37h,358.25h,1465.08h,492.93h,,,,2519.72h,
,PAYME-1390,"[core-payment-order-data-manager] add VOP mappings to the GET, STORE and PATCH PODM APIs",12/23/25,0.12h,311.85h,20.57h,206.97h,,,,,137.05h,0.28h,319.07h,945.27h,674.65h,,,,3019.07h,0.18h
,PAYME-1370,[CORE DB] start TH/THN decommission,9/8/25,0.02h,,0.00h,,,,,,0.00h,0.00h,53.73h,14.62h,,,,,5591.33h,
,PAYME-1387,Plan go-live activities for T2 and EURO1,11/24/25,424.13h,1520.27h,,,,,,,,,,,,,,,3745.67h,
,PAYME-1366,Beneficiary bank's correspondent bank data issue,9/29/25,0.03h,,213.55h,,,,,,0.52h,0.00h,70.87h,338.93h,,,,,5086.03h,
,PAYME-1378,S4.5 - [core-payment-order-data-manager] Wrong format saved for debtor account when IBAN provided,10/7/25,1.85h,,291.27h,68.25h,,,,,21.95h,21.38h,149.93h,265.93h,,,,,4892.37h,
,PAYME-1395,[iBank] 2. Displaying & set the statuses for the VOP results for Mass/Salary files saved to List of payments,1/15/26,150.40h,,642.93h,,,,,,577.67h,,264.57h,483.27h,1105.45h,,,,2489.82h,
,PAYME-1377,[core-payment-order-data-manager] Replace reqdExctnDt with valDt in mass-payment-header,10/6/25,0.07h,43.17h,155.50h,90.17h,,,,,8.90h,0.00h,43.45h,473.87h,,,,,4916.90h,
,PAYME-1364,Epe latency performance test application configuration preparation 4th of Sept 2025,9/10/25,189.87h,,,,,,,,,,,,,,,,5543.42h,
,PAYME-1369,[core-payment-order-data-manager] * Replace reqdExctnDt and intrBkSttlmDt with valDt,9/15/25,0.25h,45.00h,28.88h,,,,,,118.67h,0.00h,68.23h,53.43h,,,,,5420.17h,
,PAYME-1375,[core-payment-order-data-manager] Change how PODM operates with payment party ids,,161.87h,5594.55h,,,,,,,,,,,,,,,,
,PAYME-1383,"[iBank] 3. VoP Integration for button ""Save payment for later"" in Smartform",2/19/26,193.05h,,237.32h,328.38h,,,,,922.33h,73.70h,312.40h,985.67h,1050.37h,,,,1653.38h,
,PAYME-1363,"[STAR] foreign payment PDF printing differences (affects LV, LT)",8/29/25,14.72h,,2.65h,,,,,,1.40h,0.00h,26.63h,0.73h,,,,,5827.38h,
,PAYME-1362,Structured address - pacs.004,9/14/25,451.02h,,0.00h,,,,,,2.48h,0.00h,,0.00h,,,,,5445.33h,
,PAYME-1361,Structured address - transit pacs.009,9/15/25,453.60h,,0.00h,,,,,,31.68h,0.00h,,0.00h,,,,,5413.57h,
,PAYME-1360,Structured address - pacs.009COV,9/6/25,69.12h,,0.00h,,,,,,195.40h,0.00h,,0.00h,,,,,5634.33h,
,PAYME-1359,Structured address - pacs.008STP,8/29/25,48.43h,,0.00h,,,,,,20.47h,0.00h,,0.00h,,,,,5829.95h,
,PAYME-1358,Structured address - pacs.008,9/6/25,69.12h,,0.00h,,,,,,195.35h,0.00h,,0.00h,,,,,5634.40h,
,PAYME-1357,Hybrid address - pacs.004,9/15/25,453.60h,,0.00h,,,,,,26.12h,0.00h,,0.00h,,,,,5419.17h,
,PAYME-1356,Hybrid address - transit pacs.009,9/15/25,453.63h,,0.00h,,,,,,31.72h,0.00h,,0.00h,,,,,5413.53h,
,PAYME-1355,Hybrid address - pacs.009COV,9/16/25,69.15h,,0.00h,,,,,,328.65h,0.00h,,106.10h,,,,,5394.98h,
,PAYME-1354,Hybrid address - pacs.008STP,8/29/25,48.48h,,0.00h,,,,,,20.63h,0.00h,,0.00h,,,,,5829.80h,
,PAYME-1353,[FP] Hybrid address - pacs.008,9/16/25,69.15h,,0.00h,91.25h,,,,,324.02h,0.00h,19.20h,0.20h,,,,,5395.07h,
,PAYME-1352,Unstructured address - pacs.004,9/14/25,401.02h,,0.00h,,,,,,50.05h,0.00h,,0.00h,,,,,5447.85h,
,PAYME-1351,Unstructured address - transit pacs.009,9/16/25,453.68h,,0.00h,,,,,,49.68h,0.00h,,0.00h,,,,,5395.57h,
,PAYME-1350,Unstructured address - pacs.009COV,8/30/25,69.10h,,0.00h,,,,,,26.85h,0.00h,,0.00h,,,,,5803.00h,
,PAYME-1349,Unstructured address - pacs.008STP,8/29/25,48.55h,,0.00h,,,,,,20.08h,0.00h,,0.00h,,,,,5830.33h,
,PAYME-1348,Unstructured address - pacs.008,8/30/25,69.18h,,0.00h,,,,,,26.83h,0.00h,,0.00h,,,,,5803.00h,
Bug Sub-Task,PAYME-1347,"Found something, please fixed",,5901.73h,,,,,,,,,,,,,,,,,
,PAYME-1345,Change ledger number user in cash delivery flow in Latvia,9/4/25,168.15h,0.00h,0.00h,,,,,,0.07h,0.00h,0.58h,47.78h,,,,,5688.92h,
,PAYME-1343,Deploy BPAY applications on Skyvault - Container platform,11/19/25,185.40h,,0.00h,,,,,,0.00h,531.68h,1219.47h,0.00h,149.90h,,,,3859.75h,
,PAYME-1386,Execute EURO1 optional test cases,9/24/25,0.47h,,933.38h,,,,,,28.07h,0.00h,,0.00h,,,,,5203.97h,
,PAYME-1340,fields are going out of screen on Giro Payments form in Private ibank - mobile version,8/18/25,6.10h,,0.00h,,,,,,0.37h,0.00h,0.00h,0.67h,0.00h,,,89.45h,6096.83h,
,PAYME-1339,[STAR] Standing order PDF - change address field separators,8/25/25,118.53h,,26.08h,,,,,,95.53h,0.00h,42.40h,5.97h,,,,,5923.15h,
,PAYME-1338,[STAR] Domestic payment PDF reprint - change address field separators,8/25/25,118.85h,,0.53h,,,,,,75.93h,0.00h,67.93h,26.52h,,,,,5922.22h,
,PAYME-1337,[STAR] International payment PDF - change address field separators,8/27/25,121.60h,,22.08h,,,,,,123.33h,0.00h,46.40h,26.23h,,,,,5875.07h,
,PAYME-1527,Create API end point to get all batches created for the payment file,12/18/25,526.57h,,2213.22h,3.17h,,,,0.00h,42.42h,0.00h,68.72h,219.17h,,,,,3119.32h,
,PAYME-1524,Create API end point to get status report data by its SID,12/18/25,526.75h,,2190.93h,0.48h,,,,,37.72h,0.00h,22.42h,284.80h,,,,,3153.62h,
,PAYME-1521,Create API end point to get fraud screening data by its SID,12/15/25,526.78h,,2187.40h,25.72h,,,,,1.10h,0.00h,135.98h,105.72h,,,,,3234.07h,
,PAYME-1336,#19 - When importing FPO payment file with wrong creditor agent bic - status is shown in IBANK  import of payments as PREPARED,8/20/25,20.67h,0.00h,0.00h,,,,,,26.13h,0.00h,126.17h,19.37h,,,,,6044.55h,
,PAYME-1335,"#18 - Icon ""STOP"" not shown",8/28/25,0.47h,,0.00h,54.42h,,,,,20.90h,0.90h,208.83h,93.63h,,,,,5857.73h,
,PAYME-1334,"#17 - Imported, signed duplicate payment becomes failed in list of payments after some time. Also when trying to delete this failed payment from list of payments, error ''retCode:9969'' appears",9/7/25,0.55h,,0.00h,,,,,,140.68h,474.47h,0.17h,3.88h,,,,,5617.22h,
,PAYME-1333,"#16 - Tech error appears when trying to cancel payments done after cut off, initiated via",9/4/25,0.52h,,0.00h,18.58h,,,,,40.92h,473.07h,2.68h,10.98h,,,,,5690.20h,
,PAYME-1332,"#15 - Document number is not unique, can be, that import resets the number?",8/18/25,0.58h,,0.00h,,,,,,4.77h,0.88h,136.70h,3.17h,,,,,6090.88h,
,PAYME-1329,"#12 - Mark OBN payment in list (2nd signature is needed), and try to sign it - appears info about warning or warning is missing",8/18/25,0.58h,,0.00h,,,,,,4.20h,0.00h,,137.65h,,,,,6094.67h,
,PAYME-1328,"#11 - OBN future value date payments, deleted in iBank has incorrect channel status (its become iBank instead of OBN)",8/18/25,0.58h,,0.00h,,,,,,4.18h,0.00h,,137.65h,,,,,6094.70h,
,PAYME-1327,"#10 - European, OBN payment, when 2nd signature is added from list of payments (marking, not opening payment) in archive/history has incorrect channel",8/18/25,0.62h,,0.00h,,,,,,4.17h,0.00h,,137.63h,,,,,6094.72h,
,PAYME-1324,"#7 - When payment was signed by 1st user and still needs 2nd signature, in list of payments -> open payment -> status is accepted",8/12/25,0.42h,,,,,,,,,,,,,,,,6236.80h,
,PAYME-1323,"#6 - NOT RELATED TO THN DECCOMMISION - Not possible to conclude future value date payment in INTERNATIONAL FORM, for some months, if there are 31 day",8/12/25,0.43h,,,,,,,,,,,,,,,,6236.82h,
,PAYME-1321,"#4 - Make an intragroup foreign payment, IBAN is filled, but SWIFT is empty, in 2nd screen missing info, that it was updated",8/12/25,0.43h,,,,,,,,,,,,,,,,6236.85h,
,PAYME-1320,#3 - address is not prefilled:,8/12/25,0.43h,,,,,,,,,,,,,,,,6236.87h,
,PAYME-1318,"#1 - LV: if payment exceed 10k, beneficiary country and code of external payment  are required (OK) but country is not saved to DB, not shown in PDF",8/12/25,0.57h,,,,,,,,,,,,,,,,6236.88h,
,PAYME-1520,Create API end point to get all payments created for a batch,12/18/25,550.63h,,2185.67h,13.80h,,,,,3.07h,0.00h,27.65h,290.85h,,,,,3168.92h,
,PAYME-1525,Create API end point to get all status reports created for the batch,12/31/25,571.45h,,1976.35h,400.10h,,,,,10.60h,0.00h,255.15h,192.15h,0.75h,,,,2854.85h,
,PAYME-1314,"Duplicate imported payment, saved to list of payments, opened and signed from international payment form",9/7/25,19.78h,578.17h,93.63h,,,,,,42.12h,0.00h,,0.25h,,,,,5617.32h,
,PAYME-1313,Duplicate imported payment saved and signed from list of payments,9/7/25,19.80h,578.18h,93.63h,,,,,,42.10h,0.00h,,0.23h,,,,,5617.32h,
,PAYME-1312,Duplicate payment signed from import of payments page,9/7/25,19.82h,578.18h,93.63h,,,,,,42.10h,0.00h,,0.23h,,,,,5617.33h,
,PAYME-1311,"S3.5 - Duplicate FPO payments processing, imported in IBANK",9/7/25,19.93h,474.45h,93.62h,,,,,,44.30h,0.00h,99.97h,1.85h,,,,,5617.30h,
,PAYME-1384,[iBank] 4. Display the performed VOP results in List of payments approval page,1/14/26,795.22h,,642.58h,,,,,,462.00h,0.00h,1080.17h,859.22h,,,,,2519.38h,
Bug Sub-Task,PAYME-1308,[STAR] Ultimate Debtor/Creditor Address fields NOT optional for Urgent/Express EUR to EU/EEA,8/27/25,0.07h,,144.37h,22.23h,,,,,21.42h,169.35h,143.15h,4.62h,,,,,5881.47h,
,PAYME-1547,[core-payment-order-data-manager] * Improve 'GET payment id' API to get all payments belonging to a batch,3/12/26,1415.68h,289.40h,3047.93h,,,,,,140.78h,0.00h,265.28h,92.87h,,,,,1151.52h,
,PAYME-1545,[core-payment-order-data-manager] * Create GET API for batch session information,2/25/26,1893.47h,484.50h,332.75h,,,,,,1.75h,0.00h,42.33h,122.85h,2018.38h,,,,1507.82h,
,PAYME-1316,fields are going out of screen on Giro Payments form in Private ibank - desktop version,8/12/25,46.78h,,0.00h,25.00h,,,,,71.48h,0.00h,26.35h,14.83h,,,,,6241.07h,
,PAYME-1392,[DB]: Add new attributes in DP and file import,9/27/25,0.17h,,1024.32h,4.08h,,,,,17.77h,118.85h,7.20h,211.62h,,,,,5137.32h,
,PAYME-1389,[iBank] 7. New button 'Perform VoP' in List of payments,1/21/26,1001.20h,,988.58h,160.97h,,,,44.77h,170.27h,0.00h,621.80h,1183.57h,49.28h,,,,2350.67h,
,PAYME-1388,[iBank] 6. Add filter for VOP results in List of payments,1/7/26,1004.03h,,676.08h,545.67h,,,,257.87h,75.23h,0.00h,170.13h,692.18h,440.80h,,,,2688.03h,
,PAYME-1280,PoC with new loadbalancer for BPAY applications on Skyvault,8/7/25,24.30h,,0.00h,,,,,,0.12h,0.00h,168.48h,20.58h,,,,,6361.43h,
Production bug,PAYME-1563,[iBank] List of payments - unchecked box,11/28/25,0.25h,,2880.62h,,,0.02h,,,42.55h,0.00h,2.32h,24.42h,,,,,3647.42h,
Bug Sub-Task,PAYME-1276,S3.4 - [STAR] Add ultimate debtor's/creditor's address checkbox is unchecked after validation,8/5/25,0.12h,,0.00h,,,,,,29.22h,29.93h,232.37h,0.25h,,,,,6404.43h,
Bug Sub-Task,PAYME-1275,S3.3 - [STAR] Wrong error message appears when Correspondent bank account is missing Town,7/31/25,0.25h,,0.00h,,,,,,0.38h,29.98h,89.87h,51.58h,,,,,6524.48h,
Bug Sub-Task,PAYME-1274,S3.3 - [STAR] [PB] Correspondent bank's address checkbox is unchecked after validation,7/31/25,0.02h,,0.00h,,,,,,21.63h,1.45h,136.32h,29.93h,,,,,6524.88h,
,PAYME-1374,[core-payment-order-data-manager] * track API requesting application and save it to database,10/24/25,19.30h,,1611.87h,,,,,,21.38h,190.57h,167.37h,217.50h,,,,,4487.55h,
Production bug,PAYME-1278,[iBank] Wrong account selected when buying missing funds from list of payments,7/28/25,51.55h,,0.00h,,,,,,1.25h,0.00h,1.18h,73.00h,,,,,6593.32h,
,PAYME-1271,[STAR] Validation for Hybrid address,7/21/25,1.55h,,,,,,,,,,,,,,,,6767.45h,
,PAYME-1270,S3.6 - TH/THN decommission leftovers,9/8/25,22.58h,,673.73h,18.57h,,,,,0.03h,0.00h,437.13h,46.48h,,,,,5593.55h,
,PAYME-1373,[core-payment-order-data-manager] PATCH with rltdSys does not increase pmtVrsn,,1172.12h,,5380.45h,,,,,,,0.00h,306.18h,,,,,,,
,PAYME-1372,[core-payment-order-data-manager] * PATCH replaces related references if full list not provided,3/18/26,1103.32h,287.50h,4035.38h,0.05h,,,,,93.33h,15.55h,106.20h,167.28h,,,,,1002.52h,
,PAYME-1263,[Selenium/Documentation] Documentation for automation topics,8/4/25,385.83h,,0.00h,,,,,,77.75h,0.00h,16.67h,0.00h,,,,,6428.15h,
Bug Sub-Task,PAYME-1259,[STAR] Validation for Predefined payment Hybrid address is 105 instead of 140 length,7/22/25,0.45h,,53.97h,,,,,,4.57h,0.00h,256.38h,1.25h,0.35h,,,,6740.57h,
,PAYME-1257,[STAR] [LV] Export as PDF button does not work,7/21/25,15.30h,,0.00h,18.88h,,,,,142.28h,0.00h,76.55h,74.62h,,,,,6770.85h,
,PAYME-1256,[iBank] OBN: Authorized future payment should appear in List of payments,7/25/25,0.13h,,0.00h,27.88h,,,,,75.80h,0.05h,162.82h,164.78h,,,,,6668.23h,
,PAYME-1255,[Skyvault] Add functionality for Openshift services to export prometheus metrics to Andromeda,7/22/25,0.00h,,0.00h,,,,,,0.00h,0.00h,425.68h,0.00h,,,,,6745.50h,
,PAYME-1379,S4.3 - [core-payment-order-data-manager] * Add pmtVrsn and chnlPmtVrsn in PATCH response body,9/29/25,1270.48h,44.30h,348.78h,,,,,,3.50h,34.93h,99.78h,308.63h,,,,,5086.40h,
,PAYME-1380,[core-payment-order-data-manager] improve POST/PATCH payment endpoints to not create empty DP_ISO entries,,1274.28h,44.45h,4663.48h,,,,,,,551.40h,667.63h,,,,,,,
,PAYME-1254,[iBank] Private users: defective/cancelled payments can't be executed,7/8/25,0.85h,,0.00h,2.43h,,,,,115.57h,20.65h,1.58h,2.83h,,,,,7075.95h,
,PAYME-1452,Ibank Mass/Salary file upload: Displaying the VOP results for uploaded files,12/18/25,2591.35h,,0.00h,71.10h,,,,,286.38h,460.73h,52.00h,460.28h,184.87h,,,,3164.92h,
,PAYME-1382,[iBank] 1. Display the performed VOP results in List of Payments,3/2/26,1709.72h,,381.33h,329.70h,,,,44.73h,770.02h,0.00h,958.17h,1062.15h,649.37h,,,,1392.45h,
,PAYME-1253,[STAR] Postal address changes for Foreign payment,7/4/25,0.02h,,0.00h,,,,,,27.87h,0.00h,90.37h,44.30h,,,,,7174.07h,
,PAYME-1252,Change API which updates status report information,8/20/25,0.00h,,1272.78h,,,,,,0.00h,0.00h,26.63h,0.00h,,,,,6046.20h,
,PAYME-1251,Review monitoring and make the necessary improvements,9/30/25,1605.05h,194.85h,0.00h,,,,,,0.00h,0.00h,504.20h,0.00h,,,,,5060.28h,
,PAYME-1250,Do not move SEPA payments between DP and VMK after TH_THN_VMK_DECOMMISSION,7/19/25,0.00h,,315.78h,,,,,,70.37h,22.37h,114.27h,30.87h,,,,,6813.12h,
,PAYME-1258,"[FP] Issue, when performing big amount of liquidity transfer",7/9/25,0.00h,,312.25h,,,,,,2.80h,0.00h,8.32h,12.40h,,,,,7053.77h,
,PAYME-1244,[IBANK] incorrect status for FPO payment in account statement,6/16/25,0.33h,,0.08h,,,,,,0.02h,0.00h,0.63h,1.58h,,,,,7604.10h,
,PAYME-1243,[Selenium] Refactor selectors in payments-autotest,6/19/25,0.33h,0.00h,0.00h,,,,,,0.00h,0.00h,145.30h,0.00h,,,,,7531.55h,
,PAYME-1205,[CORE DB] create procedure in DB to move payment from TH/THN to DP structures,9/8/25,0.00h,,0.00h,66.68h,,,,,258.47h,0.00h,1688.05h,124.95h,,,,,5592.27h,
Bug Sub-Task,PAYME-1204,"[PAYME-1012] - API response code 400 on - ""The record has been modified by another user. Please refresh and try again.""",6/10/25,0.17h,,1.33h,,,,,,0.12h,0.00h,0.58h,0.22h,,,,,7749.03h,
,PAYME-1203,[PODM] Error on duplicate checking when duplicate found,6/10/25,0.00h,,2.55h,,,,,,0.00h,0.00h,0.95h,2.37h,,,,,7747.20h,
Production bug,PAYME-1202,[iso-exchange] MQ ports improvement from Manager to Group,,0.00h,,0.90h,,,,,,,0.00h,56.10h,89.53h,0.00h,,,,7607.47h,
,PAYME-1201,(Core reports) Adjust local_benchmark reports (PB),6/13/25,0.07h,,95.03h,,,,,,3.78h,3.37h,1.20h,67.48h,,,,,7677.77h,
Bug Sub-Task,PAYME-1200,[PAYME-1012] - PATCH - IBAN not stored in short after update,6/10/25,10.02h,1.00h,0.00h,,,,,,21.50h,0.00h,3.73h,70.50h,,,,,7752.20h,
,PAYME-1199,[PAYME-1005] - GET: - Outgoing payment: always provide iban (transform short account to IBAN using stored procedures),,0.13h,,13.67h,,,,,,,0.00h,0.43h,,70.88h,,,,7774.57h,
Bug Sub-Task,PAYME-1198,[PAYME-1012] - /pmtInf/cdtTrfTxInf/intrBkSttlmDt Can rewrite initially sent /pmtInf/cdtTrfTxInf/reqdExctnDt value. No error on PATCH request.,6/10/25,16.98h,,0.00h,0.63h,,,,,21.03h,0.00h,4.32h,75.02h,0.00h,,,,7745.65h,
Bug Sub-Task,PAYME-1197,"[PAYME-1006] - /pmtInf/pties/initgPty/id Values stored when ""outChnlCd"" != ""FPO"" or ""TPH%""",6/9/25,16.67h,,0.00h,,,,,,2.12h,0.00h,3.37h,66.37h,,,,,7775.72h,
,PAYME-1196,[PAYME-1012] - debtorAgentBICRule & creditorAgentBICRule & partyIdentificationRule on PATCH update,6/20/25,6.33h,0.97h,0.00h,,,,,,24.22h,3.03h,239.12h,68.10h,16.37h,,,,7510.12h,
Bug Sub-Task,PAYME-1195,[PAYME-1012] Payment version increased by 2 when 'rltdRmtInf' added with PATCH,7/2/25,18.80h,,0.00h,,,,,,25.45h,0.00h,101.25h,19.55h,,,,,7702.68h,
Bug Sub-Task,PAYME-1194,[PAYME-1012] [DB] - Could not execute statement ORA-01031: insufficient privileges,6/11/25,42.65h,0.00h,0.00h,,,,,,19.35h,0.02h,6.07h,0.95h,,,,,7823.13h,
,PAYME-1451,Ibank file upload: Display the performed VOP results - approval page,12/23/25,3140.35h,,0.00h,3.65h,,,,,891.95h,0.00h,78.20h,238.12h,521.90h,,,,3044.13h,
,PAYME-1385,Execute EURO1 mandatory test cases,10/1/25,1729.42h,,907.58h,,,,,,219.88h,0.00h,,0.00h,,,,,5038.55h,
Bug Sub-Task,PAYME-1193,[PAYME-1006] - Improved mapping rules for /pmtInf/cdtTrfTxInf/rgltryRptg/ see mapping,6/9/25,1.85h,,0.00h,10.90h,,,,,5.38h,0.00h,27.20h,75.78h,,,,,7776.00h,
,PAYME-1455,Ibank file upload: Displaying the VOP results for uploaded files,12/22/25,3045.40h,,0.00h,,,,,,844.70h,0.00h,114.62h,313.38h,527.50h,,,,3068.37h,
,PAYME-1192,Prepare container namespaces for PPTE Azure,6/16/25,26.17h,,0.00h,,,,,,0.00h,25.13h,172.33h,88.47h,,,,,7608.52h,
,PAYME-1191,Set DP.CREDITOR_BANK_CODE as null when there is no IBAN in FORMS TELLER,6/4/25,0.13h,,0.00h,,,,,,0.00h,17.65h,4.20h,25.10h,,,,,7892.40h,
,PAYME-1190,[IBANK] tech error when trying to forward/clicking on payment in import of payments page,6/6/25,0.13h,,8.88h,52.15h,,,,,2.47h,0.00h,58.45h,27.65h,,,,,7863.72h,
,PAYME-1453,"Ibank file upload: Opt in/out of VOP, including notification for customers",1/7/26,2808.73h,,335.50h,,,,,,315.83h,0.00h,115.50h,1179.40h,596.70h,,,,2686.03h,
Bug Sub-Task,PAYME-1189,[PAYME-1006] Mapping validation rules does not work for these listed attributes,6/5/25,2.57h,,0.00h,,,,,,57.45h,0.00h,76.62h,14.15h,,,,,7865.80h,
,PAYME-1381,[DB]: create sysglobal for VOP in List of Payments,9/24/25,771.23h,,1720.28h,,,,,,0.13h,0.17h,5.32h,144.77h,,,,,5203.13h,100.38h
,PAYME-1188,NPE exceptions thrown on payment status request in open-bank,6/2/25,0.08h,,16.83h,,,,,,6.03h,0.00h,71.42h,0.87h,,,,,7939.10h,
,PAYME-1187,[Core DB] Add missing rights,5/29/25,2.30h,,0.00h,,,,,,1.25h,0.00h,0.22h,2.15h,,,,,8037.45h,
,PAYME-1185,[IBANK] import FPO payment issue,6/20/25,1.13h,,115.08h,55.18h,,,,,116.62h,0.00h,120.18h,234.23h,,,,,7512.32h,
,PAYME-1184,[core-payment-order-data-manager] Enhance the POST single payment order API to allow creating a payment using a previously selected ID provided in the request payload,6/2/25,93.38h,,0.32h,2.85h,,,,,0.38h,2.93h,64.12h,97.37h,0.00h,,,,7941.25h,
Production bug,PAYME-1186,Instant/SEPA cross-border payments to other country asking BIC or Bank name after payment import,5/26/25,0.40h,,17.85h,,,,,,5.55h,0.00h,71.75h,0.77h,,,,,8107.92h,
,PAYME-1231,[ISO Exchange] Implement new xsd for CLM camt.053,9/14/25,691.00h,1105.05h,0.00h,,,,,,0.58h,171.18h,1.60h,784.10h,,,,,5451.12h,
,PAYME-1229,S3.4 - [ISO Exchange] Implement new xsd for RTGS pacs.010,9/12/25,671.78h,1124.28h,0.00h,,,,,,0.73h,146.87h,20.18h,748.40h,,,,,5492.42h,
,PAYME-1234,S3.4 - [ISO Exchange] Implement new xsd for RTGS camt.053,9/14/25,691.12h,1105.02h,0.00h,,,,,,0.40h,148.72h,23.80h,783.97h,,,,,5451.73h,
,PAYME-1237,S3.4 - [ISO Exchange] Implement new xsd for RTGS camt.056,9/16/25,669.70h,1126.58h,0.00h,,,,,,29.38h,148.73h,23.80h,816.48h,,,,,5390.25h,
,PAYME-1232,S3.4 - [ISO Exchange] Implement new xsd for RTGS camt.029,9/24/25,669.72h,1126.57h,0.00h,,,,,,0.47h,148.75h,23.80h,1030.20h,,,,,5205.43h,
,PAYME-1241,S3.4 - [ISO Exchange] Implement new xsd for RTGS pacs.004,9/26/25,669.18h,1127.13h,0.00h,,,,,,24.52h,146.93h,20.18h,1059.25h,,,,,5157.78h,
,PAYME-1239,S3.4 - [ISO Exchange] Implement new xsd for RTGS pacs.009,9/14/25,644.52h,1151.82h,0.00h,41.48h,,,,,21.87h,147.00h,20.18h,726.02h,,,,,5452.18h,
,PAYME-1230,S3.6 - [ISO Exchange] Implement new xsd for RTGS pacs.008,9/16/25,644.35h,1152.08h,0.00h,,,,,,195.45h,51.55h,115.85h,655.95h,,,,,5390.17h,
,PAYME-1233,S3.6 - [ISO Exchange] Implement new xsd for E1S1 camt.056,9/24/25,644.90h,286.82h,341.83h,27.70h,,,,,26.87h,0.00h,167.93h,1504.40h,,,,,5205.95h,
,PAYME-1240,S3.6 - [ISO Exchange] Implement new xsd for E1S1 camt.029,9/24/25,644.77h,286.95h,341.60h,28.02h,,,,,2.97h,0.00h,137.47h,1558.75h,,,,,5205.93h,
,PAYME-1235,S3.6 - [ISO Exchange] Implement new xsd for E1S1 pacs.004,9/26/25,644.45h,287.28h,337.47h,6.83h,,,,,68.40h,0.00h,74.62h,1628.80h,,,,,5158.63h,
,PAYME-1236,S.3.6 - [ISO Exchange] Implement new xsd for E1S1 pacs.009,9/15/25,644.23h,287.55h,268.78h,25.42h,,,,,50.68h,0.00h,75.52h,1433.53h,,,,,5420.83h,
,PAYME-1242,S3.4 - [ISO Exchange] Implement new xsd for E1S1 pacs.008,10/1/25,643.63h,288.15h,265.87h,0.12h,,,,,1298.75h,0.00h,28.42h,647.65h,,,,,5033.98h,
,PAYME-1178,[core-payment-order-data-manager] create api endpoint for reserving DP ID,6/2/25,1.23h,,98.08h,,,,,,93.57h,0.37h,2.55h,68.00h,,,,,7944.50h,
,PAYME-1238,S3.5 - [FP] Disable InstrForNxtAgt for RTGS and E1S1 pacs.008/009,9/11/25,0.00h,20.53h,1655.13h,22.20h,,,,,70.87h,0.00h,166.30h,775.23h,,,,,5517.25h,
,PAYME-1177,[Core DB] Update domestic payments suggestions views,6/4/25,0.13h,,214.90h,,,,,,23.97h,76.83h,16.33h,5.48h,,,,,7892.48h,
,PAYME-1176,[iBank] Wrong labels?,6/20/25,477.05h,,0.00h,,,,,,4.88h,97.95h,148.63h,13.08h,,,,,7510.23h,
,PAYME-1175,[IBANK] Currency issue when starting new order from payment archive/payment history,5/21/25,0.22h,,0.72h,,,,,,2.88h,0.00h,21.93h,26.40h,,,,,8222.73h,
Test,PAYME-1174,TC1 [PAYME-1161] prty attribute available in schema and saved in CREBIT.DP_OUT_MASS_PMT.PRIORITY,5/21/25,0.37h,,0.00h,,,,,,44.28h,0.00h,,0.00h,,,,,8230.77h,
,PAYME-1173,[PAYME-1161] Error 500 when creating a Mass payment header in TEST environment,5/21/25,1.27h,,0.00h,,,,,,0.00h,0.00h,0.65h,41.30h,,,,,8232.60h,
,PAYME-1172,[epe] ??? signing from import of payments tech error,6/4/25,0.17h,,2.80h,115.15h,,,,,98.03h,0.00h,23.67h,146.47h,,,,,7891.08h,
Test,PAYME-1171,TC5 [PAYME-1007] AC5: Empty or Missing Request Body,5/19/25,0.07h,,,,,,,,,,,,,,,,8277.98h,
Test,PAYME-1170,TC4 [PAYME-1007] AC4: Request with All Invalid IDs,5/19/25,0.12h,,,,,,,,,,,,,,,,8278.07h,
Test,PAYME-1169,TC3 [PAYME-1007] AC3: Request with Some Invalid IDs,5/19/25,68.65h,,,,,,,,,,,,,,,,8278.23h,
Test,PAYME-1168,TC2 [PAYME-1007] AC2: Request with IDs Exceeding Maximum Limit,5/16/25,0.62h,,,,,,,,,,,,,,,,8346.28h,
Test,PAYME-1167,TC1 [PAYME-1007] AC1: Successful Request with Valid IDs,5/19/25,67.93h,,,,,,,,,,,,,,,,8278.97h,
,PAYME-1166,[PAYME-1006] Outgoing payment order API /api/v1/payments Create payment (accptncDtTm) - Timestamp data changed on DB side/ Missing ACCEPTANCE_UNIX_TIMESTAMP,5/26/25,0.05h,,15.15h,92.17h,,,,,6.00h,0.00h,98.58h,48.90h,,,,,8108.67h,
,PAYME-1164,[PAYME-1007] Basic report data API do not return payload array for the requested IDs,5/16/25,0.37h,,0.00h,,,,,,0.00h,0.00h,2.20h,21.08h,,,,,8346.95h,
,PAYME-1163,[STAR] Postal address changes for Domestic payment - Missing validation,5/23/25,93.57h,,0.00h,,,,,,2.13h,0.00h,95.78h,3.68h,,,,,8179.90h,
,PAYME-1162,[iBank] Leftovers for changes in iBank,5/19/25,0.22h,,3.22h,,,,,,99.98h,0.00h,16.12h,0.63h,,,,,8276.70h,
,PAYME-1161,[core-payment-order-data-manager] Add new attribute (prty) to mass payment header,5/21/25,0.13h,,20.33h,,,,,,46.15h,0.07h,1.60h,98.98h,,,,,8230.77h,
,PAYME-1160,Technical error when Import payments,5/13/25,0.18h,,0.00h,,,,,,25.43h,0.00h,70.85h,0.85h,,,,,8424.25h,
,PAYME-1159,[DB] Increase LAST_UPDATED_BY max column length from 14 to 30 in EE DB,6/3/25,545.73h,,0.00h,,,,,,4.72h,0.00h,72.73h,23.97h,,,,,7916.50h,
,PAYME-1158,S3.5 - [STAR] New labels and error messages,8/28/25,2639.30h,,0.23h,17.03h,,,,,8.85h,19.45h,24.05h,2.65h,,,,,5853.03h,
,PAYME-1157,[core-payment-order-data-manager] change multiplicity of endToEndId and chrgBr,5/20/25,0.43h,0.05h,66.75h,0.92h,,,,,113.88h,0.92h,1.47h,171.83h,,,,,8256.42h,
,PAYME-1222,S3.5 - [FP] Set new AppHdr/BizSvc values for outgoing CBPR+ messages,8/21/25,0.35h,,2185.03h,,,,,,3.37h,0.00h,23.58h,387.25h,,,,,6017.73h,
,PAYME-1156,Duplicate payment is not shown for FPO payments in smart form,6/4/25,0.05h,,236.67h,0.55h,,,,,1.53h,168.85h,0.47h,383.95h,,,,,7893.10h,
,PAYME-1155,[POC] Run baltic payments automated regression tests in jenkins,,0.00h,120.25h,0.00h,,,,,,,0.00h,25.38h,,262.50h,,,,8281.63h,
Test,PAYME-1154,TC3 [PAYME-1079] AC3.1 | AC3.2 | AC3.3: Failed cases,5/8/25,74.38h,0.00h,0.00h,,,,,,143.20h,0.00h,,0.00h,,,,,8541.68h,
Test,PAYME-1153,TC2 [PAYME-1079] AC2: Cancelled payment,5/8/25,218.50h,,,,,,,,,,,,,,,,8540.82h,
Test,PAYME-1152,TC1 [PAYME-1079] AC1: 24-Hour Duplicate Check,5/9/25,236.82h,,,,,,,,,,,,,,,,8522.53h,
,PAYME-1151,[STAR] Postal address changes for Domestic payment - leftovers,5/15/25,0.00h,,163.73h,,,,,,75.48h,0.00h,99.28h,71.08h,,,,,8373.15h,
Production bug,PAYME-1342,[ISO Exchange] Error in processing incoming pacs.010 and camt.057/camt.058,8/26/25,0.08h,,2922.62h,,,,,,0.23h,0.00h,3.90h,21.53h,,,,,5904.65h,
,PAYME-1219,S3.3 - [ISO Exchange] Implement new xsd for CBPR+ camt.106MLP,7/16/25,0.23h,118.58h,1393.45h,,,,,,4.88h,292.60h,119.78h,43.83h,,,,,6884.32h,
,PAYME-1217,S3.4 - [ISO Exchange] Implement new xsd for CBPR+ camt.106,7/16/25,0.13h,121.28h,1391.12h,,,,,,28.13h,317.43h,18.65h,96.70h,,,,,6884.50h,
,PAYME-1206,S3.3 - [ISO Exchange] Implement new xsd for CBPR+ camt.058,9/18/25,0.07h,123.30h,1390.23h,,,,,,657.08h,292.58h,49.07h,1002.00h,,,,,5344.70h,
,PAYME-1210,S3.5 - [ISO Exchange] Implement new xsd for CBPR+ camt.057,9/18/25,0.03h,139.67h,1388.85h,22.58h,,,,,25.17h,311.65h,73.00h,1568.02h,,,,,5345.00h,
,PAYME-1220,[ISO Exchange] Implement new xsd for CBPR+ camt.053,7/16/25,0.03h,140.27h,1388.50h,22.32h,,,,,5.67h,293.32h,18.75h,120.73h,,,,,6884.63h,
,PAYME-1216,S.3.6 - [ISO Exchange] Implement new xsd for CBPR+ pacs.002,9/29/25,1.10h,117.18h,1411.77h,24.72h,,,,,307.48h,312.15h,5.25h,1612.12h,,,,,5083.70h,
,PAYME-1213,S3.5 - [ISO Exchange] Implement new xsd for CBPR+ camt.056,9/25/25,0.02h,118.25h,1412.23h,,,,,,29.50h,290.18h,4.42h,1840.90h,,,,,5180.42h,
,PAYME-1221,S3.4 - [ISO Exchange] Implement new xsd for CBPR+ camt.029,9/29/25,0.08h,118.15h,1412.35h,,,,,,97.60h,269.63h,20.53h,1799.47h,,,,,5086.20h,
,PAYME-1211,S3.5 - [ISO Exchange] Implement new xsd for CBPR+ pacs.004,10/1/25,0.07h,96.63h,1434.10h,,,,,,28.87h,312.17h,3.13h,1965.23h,,,,,5036.02h,
,PAYME-1214,S.3.6 - [ISO Exchange] Implement new xsd for CBPR+ pacs.009ADV,7/17/25,0.07h,19.48h,1511.48h,0.07h,,,,,9.20h,263.92h,9.68h,199.92h,0.00h,,,,6862.63h,
,PAYME-1215,S3.3 - [ISO Exchange] Implement new xsd for CBPR+ pacs.009COV,10/1/25,0.22h,96.53h,1434.28h,,,,,,5.23h,246.88h,45.67h,2012.22h,,,,,5035.43h,
,PAYME-1207,S3.3 - [ISO Exchange] Implement new xsd for CBPR+ pacs.009,9/29/25,0.07h,96.62h,1265.97h,,,,,,71.78h,414.45h,46.50h,1895.58h,,,,,5085.55h,
,PAYME-1218,S3.3 - [ISO Exchange] Implement new xsd for CBPR+ pacs.008STP,10/1/25,1.50h,0.55h,1341.98h,,,,,,48.77h,22.77h,435.82h,2015.85h,,,,,5034.87h,
,PAYME-1150,[iBank] leftovers from saving foreign payments to DP table,5/15/25,0.25h,,0.05h,24.50h,,,,,8.10h,0.00h,330.15h,142.37h,,,,,8378.12h,
,PAYME-1212,S3.5 - [ISO Exchange] Implement new xsd for CBPR+ pacs.008 CORE,9/17/25,0.22h,26.87h,1532.72h,,,,,,10.15h,315.35h,2.88h,1574.83h,,,,,5370.20h,
,PAYME-1209,S3.5 - [FP] Disable sending manual MT202 in FP,9/24/25,0.27h,,2495.87h,,,,,,18.80h,0.00h,71.65h,1116.08h,,,,,5203.33h,
,PAYME-1149,[iBank] Problems with signing payment from the list,4/23/25,1.88h,,116.63h,,,,,,0.00h,0.00h,,0.00h,,,,,8906.05h,
,PAYME-1148,[iBank] payment data is not updated,4/24/25,0.00h,,96.30h,,,,,,5.53h,0.00h,0.02h,45.50h,,,,,8878.45h,
,PAYME-1147,[IPR-report final statuses] 7. Create API to collect payment information needed for pain.002,9/24/25,596.30h,,2324.87h,,,,,,0.00h,0.00h,142.18h,723.58h,0.00h,,,,5207.03h,
,PAYME-1146,Incorrect data shown in account statement payment details fields.,6/9/25,493.72h,174.12h,0.00h,116.03h,,,3.22h,,1.32h,0.00h,408.32h,94.47h,,,,,7775.88h,
,PAYME-1145,Missing Error Label: 13106 in iBank LV (GATE),5/15/25,162.57h,119.65h,,,,,3.23h,,402.63h,,0.00h,0.00h,0.00h,,,,8379.17h,
,PAYME-1143,[iBank] leftovers from saving foreign payments to DP table,4/24/25,2.42h,,0.00h,,,,,,28.32h,0.00h,40.43h,122.28h,,,,,8876.20h,
,PAYME-1142,[Core DB] Provide original outgoing payment data from DP (2),4/24/25,0.35h,,0.07h,,,,,,173.10h,0.00h,17.92h,1.27h,,,,,8877.00h,
Production bug,PAYME-1144,"STAR: during SEPA cross border transaction reprinting: wrong date in PDF- not actual date, but current date",6/13/25,0.00h,,24.10h,,,,,,101.85h,1004.98h,196.08h,68.05h,,,,,7675.67h,
Production bug,PAYME-1141,[iso-exchange] Vulnerability CVE-2025-24813; CVE-2025-22228,4/17/25,0.00h,,0.00h,,,,,,20.63h,0.00h,3.88h,0.00h,,,,,9049.43h,
,PAYME-1140,[iBank] error appears: possible SCAM attempt,4/18/25,0.03h,,19.18h,0.95h,,,,,28.72h,0.00h,5.13h,17.72h,,,,,9020.48h,
,PAYME-1227,S3.3 - [FP] Show hybrid address in original outgoing payment view,8/12/25,0.10h,,2255.37h,15.68h,,,,,100.30h,0.00h,138.18h,277.83h,71.65h,,,,6233.68h,
,PAYME-1139,[iBank] Provide SWIFT message copy for FPO,5/13/25,0.02h,,193.95h,,,,,,23.37h,0.00h,337.93h,118.97h,,,,,8425.02h,
,PAYME-1225,S3.6 - [EPE] Map hybrid address to domestic urgent payment message,8/28/25,0.20h,50.55h,2824.22h,,,,,,24.60h,96.80h,242.70h,0.15h,27.63h,,,,5850.55h,
,PAYME-1223,S3.6 - [FP] Send hybrid address from ISOX_2025_RELEASE_START,9/17/25,70.63h,,2133.88h,20.27h,,,,,652.27h,0.00h,92.23h,775.72h,,,,,5374.42h,
,PAYME-1223,S3.6 - [FP] Send hybrid address from ISOX_2025_RELEASE_START,9/17/25,70.63h,2133.88h,20.27h,,,0.00h,92.23h,775.72h,652.27h,,,5374.45h,,,,,,
Production bug,PAYME-1138,[payment-service] Hibernate produces lots of warnings of deprecated API usage,4/28/25,0.00h,0.00h,,,,259.52h,25.77h,121.47h,0.22h,,,8784.08h,,,,,,
Production bug,PAYME-1137,Revert major version update of netflix eureka,4/10/25,0.00h,0.00h,,,,0.00h,0.27h,0.00h,0.03h,,,9213.60h,,,,,,
,PAYME-1226,S3.4 - [FP] Map hybrid address to unstructured until ISOX_2025_RELEASE_START,8/19/25,185.52h,2302.98h,0.62h,,,0.00h,166.30h,280.52h,236.20h,,,6062.93h,,,,,,
,PAYME-1224,S3.5 - [FP] Change address validations for outgoing payments,8/27/25,115.32h,2442.70h,184.42h,2.27h,,0.00h,384.53h,111.85h,119.05h,,,5874.93h,,,,,,
,PAYME-1228,S3.3 - [FP] Change window of showing/editing ISO address details,9/1/25,116.02h,2013.38h,39.83h,0.00h,,0.00h,268.03h,765.12h,276.15h,,,5757.27h,,,,,,
,PAYME-1135,[openshift] Lower requested resources for payment services,4/9/25,0.00h,0.00h,,,,0.00h,2.00h,0.00h,0.00h,,,9236.58h,,,,,,
,PAYME-1114,S3.1 - [217][CORE DB]one time migration from THN schema to DP table,9/8/25,482.43h,0.00h,66.53h,,,503.95h,2159.98h,104.05h,282.25h,0.00h,,5592.30h,,,,,,
,PAYME-1112,[IPR-report final statuses] 4. Create API to get ISO status reason code and error description,5/22/25,0.55h,716.98h,,,,0.00h,52.45h,310.68h,0.05h,,,8205.50h,,,,,,
,PAYME-1111,LV mandatory creditor reference validation issue,,0.38h,9358.08h,,,,,,,,,,,,,,,,
Production bug,PAYME-1110,Issue opening old archived transaction details in the iBank.,,0.10h,9378.37h,,,,,,,,,,,,,,,,
,PAYME-1128,S3.5 - [STAR] [TEST] Postal address changes in Standing order agreement PDF - LT,8/15/25,0.17h,449.23h,,,,2065.98h,,698.38h,0.62h,,,6164.35h,,,,,,
,PAYME-1126,S3.5 - [STAR] Postal address changes in Standing order agreement PDF - LV,8/15/25,0.88h,449.20h,603.10h,,,2065.98h,,94.33h,1.62h,,,6164.30h,,,,,,
,PAYME-1119,S3.5 - [STAR] [TEST] Postal address changes in Standing order agreement PDF - EE,8/21/25,0.02h,449.27h,,1.45h,,2065.98h,,818.73h,19.53h,,,6025.10h,,,,,,
,PAYME-1109,"Ibank: cant edit, terminate application and soa",4/4/25,0.00h,4.48h,,,,0.00h,,13.90h,4.97h,,,9358.08h,,,,,,
Production bug,PAYME-1108,[Payment-services] Read timed out,4/3/25,0.00h,1.78h,,,,0.00h,2.27h,0.00h,3.30h,,,9379.27h,,,,,,
,PAYME-1107,[ibank-defined payments] check for vulnerability,4/8/25,0.00h,115.38h,,,,0.00h,25.40h,0.02h,0.82h,,,9263.53h,,,,,,
Production bug,PAYME-1105,Ibank LT - International payment's PDF reference number is visible while not provided,4/7/25,0.00h,23.65h,,,,0.00h,50.68h,72.25h,1.97h,,,9284.62h,,,,,,
,PAYME-1102,{CORE DB} grant rights to BPCS_PMNT_ORDER_DATA_MNGR_ROLE,4/1/25,0.40h,0.00h,,,,0.00h,0.00h,0.00h,22.38h,,,9431.07h,,,,,,
,PAYME-1101,[core-payment-order-data-manager] improve GET single payment endpoint with additional attributes,4/16/25,4.15h,19.62h,306.62h,,,0.00h,50.18h,2.10h,7.27h,,,9067.47h,,,,,,
,PAYME-1100,[217][iBank] Provide ISO message copy for FPO,6/9/25,0.05h,405.37h,,,,1176.98h,,0.07h,160.42h,,,7779.40h,,,,,,
,PAYME-1131,S3.5 - [STAR] Postal address changes in International payment PDF - EE,8/12/25,143.23h,330.52h,,121.05h,,1755.40h,75.55h,496.90h,193.82h,,170.72h,6236.93h,,,,,,
,PAYME-1130,S3.5 - [STAR] Postal address changes in International payment PDF - LV,8/29/25,140.75h,330.52h,617.27h,123.53h,,1708.82h,174.73h,468.77h,77.80h,,54.55h,5827.37h,,,,,,
,PAYME-1120,S3.5 - [STAR] Postal address changes in International payment PDF - LT,7/30/25,140.15h,330.52h,,124.13h,,1662.53h,86.40h,546.23h,27.27h,,56.73h,6550.15h,,,,,,
,PAYME-1123,[STAR] Postal address changes in Domestic payment PDF - EE,5/29/25,145.67h,313.55h,,135.58h,,550.60h,292.15h,20.73h,31.20h,,,8034.63h,,,,,,
,PAYME-1118,[STAR] Postal address changes in Domestic payment PDF - LV,5/30/25,140.67h,330.52h,,123.63h,,749.93h,136.67h,26.90h,1.05h,,,8014.78h,,,,,,
,PAYME-1121,[STAR] Postal address changes in Domestic payment PDF - LT,5/30/25,139.10h,330.52h,,125.22h,,697.23h,145.53h,51.98h,19.77h,,,8014.80h,,,,,,
,PAYME-1122,[STAR] Postal address changes in Print transactions,7/3/25,121.80h,330.55h,,142.65h,,910.48h,463.02h,20.50h,338.82h,,,7196.52h,,,,,,
,PAYME-1208,[CORE DB] Disable sending MT103 and MT202 messages in FP,11/7/25,794.40h,2639.95h,,,,1795.30h,54.38h,17.65h,3.13h,,,4150.48h,,,,,,
Production bug,PAYME-1099,PROD: Payment monitoring query needs tuning,4/29/25,767.18h,0.08h,,,,,,,,,,8760.53h,,,,,,
,PAYME-1097,Life improvements and maintenance,,0.75h,0.00h,,,,,263.55h,0.00h,0.00h,,0.00h,9287.98h,,,,,,
,PAYME-1129,[STAR] Postal address changes on Foreign payment authorization page,7/25/25,143.17h,330.50h,3.72h,143.32h,,1343.03h,409.45h,313.97h,50.63h,,54.55h,6753.90h,,,,,,
,PAYME-1125,S3.3 - [STAR] Postal Address changes for Foreign standing order agreement,8/11/25,118.70h,330.50h,,167.92h,,1780.57h,354.00h,221.67h,261.77h,,,6263.30h,,,,,,
,PAYME-1132,[STAR] Postal address changes for Domestic standing order agreement,6/3/25,118.72h,330.50h,,167.92h,,359.03h,52.60h,236.18h,365.13h,,,7916.37h,,,,,,
,PAYME-1127,S3.3 - [STAR] Postal address changes for Predefined foreign payments,7/30/25,118.75h,330.50h,,167.92h,,1178.83h,215.38h,647.90h,246.22h,,94.13h,6546.83h,,,,,,
,PAYME-1124,[STAR] Postal address changes for Predefined domestic payments,6/4/25,118.77h,330.50h,,167.92h,,410.48h,163.88h,438.58h,26.32h,,,7890.03h,,,,,,
,PAYME-1115,S3.3 - [STAR] Postal address changes for Foreign payment,8/27/25,120.17h,330.52h,68.63h,167.92h,,24.52h,1684.45h,268.00h,860.35h,,165.68h,5880.67h,,,,,,
,PAYME-1116,[S2.3] [STAR] Postal address changes for Domestic payment,4/30/25,119.20h,68.07h,,167.95h,,0.00h,291.35h,24.83h,142.93h,,,8732.62h,,,,,,
,PAYME-1117,[CORE DB] Create sysglobal USTRD_ADDRESS_END,4/10/25,21.58h,307.83h,,,,0.00h,1.15h,1.73h,0.18h,,,9214.52h,,,,,,
,PAYME-1133,[CORE DB] Create sysglobal ISOX_2025_RELEASE_START,4/10/25,21.63h,307.83h,,,,0.00h,0.73h,2.17h,0.18h,,,9214.52h,,,,,,
Production bug,PAYME-1096,EE: Cannot put both fields description and a reference number for Domestic standing order in STAR,3/28/25,0.00h,18.23h,,,,47.80h,23.97h,2.08h,1.63h,,,9524.58h,,,,,,
,PAYME-1134,[CORE DB] Add/ map TPH error messages to CORE DB,6/11/25,1606.07h,0.00h,,,,263.97h,0.60h,20.97h,3.43h,,,7723.95h,,,,,,
Test,PAYME-1093,TC5 [PAYME-1005] AC5: Invalid payment ID format,4/1/25,189.60h,,,,,,,,,,,9430.95h,,,,,,
Test,PAYME-1092,TC4 [PAYME-1005] AC4: Payment ID not found,4/1/25,188.32h,,,,,,,,,,,9432.25h,,,,,,
Test,PAYME-1091,TC3 [PAYME-1005] AC3: Payment ID found in DP_ARH,5/30/25,1602.47h,,,,,,,,,,,8018.10h,,,,,,
Test,PAYME-1089,TC1 [PAYME-1005] AC1: Successful retrieval of payment order data,5/29/25,1583.18h,,,,,,,,,,,8037.40h,,,,,,
,PAYME-1088,[CORE DB] grant rights to MW_CORE,3/25/25,0.00h,0.00h,,,,0.00h,3.92h,0.00h,21.75h,,,9598.32h,,,,,,
Production bug,PAYME-1095,"[iBank] Missing ""Message copy"" button for SWIFT payments",3/28/25,0.00h,23.55h,,,,30.23h,47.72h,0.00h,0.00h,,,9522.77h,,,,,,
,PAYME-1272,S3.4 - iBank: update how currency exchange operation is executed from List of payments,9/17/25,0.00h,2897.93h,,0.08h,,0.00h,1085.90h,233.92h,49.63h,,,5375.50h,,,,,,
,PAYME-1080,[217][bank-components] Add missing mappings,3/31/25,0.00h,0.00h,,,,0.00h,162.28h,99.95h,0.00h,,,9452.75h,,,,,,
,PAYME-1079,[core-payment-order-data-manager] create api endpoint for duplicity check,5/9/25,18.35h,96.02h,,387.30h,,2.42h,195.18h,37.95h,333.50h,,122.30h,8522.30h,,,,,,
,PAYME-1077,[core-payment-order-data-manager] improve GET payment ID endpoint response with additional attributes,4/3/25,0.25h,100.57h,,0.07h,,17.25h,50.23h,0.75h,166.05h,,,9385.90h,,,,,,
Test,PAYME-1075,TC2 [PAYME-1071] AC2: Record Not Found in DP but Found in DP_ARH,3/20/25,23.43h,,,,,,,,,,,9717.97h,,,,,,
Test,PAYME-1074,TC1 [PAYME-1071] AC1: Valid ID,3/19/25,1.85h,,,,,,,,,,,9739.57h,,,,,,
,PAYME-1073,[CORE DB] grant rights to role BPCS_PMNT_ORDER_DATA_MNGR_ROLE v2,3/24/25,0.00h,0.00h,,,,0.00h,0.50h,0.00h,122.27h,,,9620.02h,,,,,,
Production bug,PAYME-1087,[STAR] Empty spaces at the end of unstructured address are not removed,3/28/25,16.88h,119.08h,,,,0.00h,77.22h,0.98h,23.23h,,,9524.30h,,,,,,
,PAYME-1371,STAR - Print transactions - payment type label update,9/11/25,0.00h,3526.07h,,646.43h,,0.00h,22.55h,49.68h,0.78h,,,5520.38h,,,,,,
Production bug,PAYME-1072,Re-implementation of LV mandatory creditor reference validation,4/4/25,162.83h,0.00h,,,,0.00h,239.08h,0.92h,26.50h,,,9358.15h,,,,,,
,PAYME-1071,[core-payment-order-data-manager] improve GET status endpoint with additional attributes,3/20/25,0.20h,19.42h,,1.88h,,0.00h,26.02h,1.07h,23.48h,,,9717.95h,,,,,,
Production bug,PAYME-1070,[CCA API] details length issue vm.korresp_toiming.maksuaine,4/7/25,1.47h,331.30h,28.72h,,,0.28h,28.35h,41.93h,69.22h,,,9289.02h,,,,,,
,PAYME-1069,[endpoints call part] Validate pain.001 file content,3/18/25,0.02h,0.00h,,,,0.00h,24.10h,,,,,9768.77h,,,,,,
,PAYME-1066,[CORE DB] grant rights to role BPCS_PMNT_ORDER_DATA_MNGR_ROLE,4/3/25,480.30h,0.00h,,,,1.80h,0.58h,0.00h,25.08h,,,9382.55h,,,,,,
,PAYME-1065,[CORE DB] grant rights to role BPCS_PMNT_ORDER_DATA_MNGR_ROLE,3/14/25,18.93h,0.00h,,,,0.00h,0.00h,0.00h,21.05h,,,9865.57h,,,,,,
Test,PAYME-1051,TC5 [PAYME-1008] AC5: Record Not Found in DP but Found in DP_ARH,3/6/25,1.52h,,,,,,,,,,,10051.25h,,,,,,
Test,PAYME-1050,TC4 [PAYME-1008] AC4: Database Error,3/6/25,0.85h,,,,,,,,,,,10051.93h,,,,,,
Test,PAYME-1049,TC3 [PAYME-1008] AC3: Invalid ID Format,3/6/25,1.35h,,,,,,,,,,,10051.43h,,,,,,
Test,PAYME-1048,TC2 [PAYME-1008] AC2: Non-existent ID/Record Not Found in Both DP and DP_ARH,3/6/25,0.70h,,,,,,,,,,,10052.10h,,,,,,
Test,PAYME-1047,TC1 [PAYME-1008] AC1: Valid ID,3/6/25,0.53h,,,,,,,,,,,10052.30h,,,,,,
,PAYME-1546,[core-payment-order-data-manager] * Create endpoint for updating mass payment header,3/9/26,1125.37h,2116.77h,41.85h,92.55h,,24.45h,284.88h,706.97h,285.83h,2.23h,1871.27h,1218.00h,2280.60h,,,,,
,PAYME-1044,STAR LT: add new labels in einvoice's creation,3/24/25,0.00h,45.27h,,,,0.00h,24.25h,433.18h,0.60h,,,9619.33h,,,,,,
,PAYME-1056,[IPR-report final statuses] 10. Publish pain.002 information to Kafka topic,9/24/25,1753.95h,2684.40h,,,,0.00h,24.40h,534.18h,0.00h,,,5202.72h,,,,,,
,PAYME-1057,[IPR-report final statuses] 8. [Dependant on VDE19-125] Start preparing report: get details of the list of payments,9/1/25,1754.37h,2590.38h,,,,0.00h,93.97h,0.00h,0.00h,,,5761.33h,,,,,,
,PAYME-1053,[IPR-report final statuses] 9. Compose pain.002,9/24/25,1754.42h,2611.73h,,,,0.00h,173.22h,458.00h,0.00h,,,5202.70h,,,,,,
,PAYME-1036,[STAR] European FSO: SWIFT is updated - no info about it in final page/no error,3/12/25,209.55h,0.00h,,4.83h,,0.00h,93.32h,24.22h,2.38h,,,9908.87h,,,,,,
,PAYME-1038,[CCA API] idempotency functionality adjustment,3/18/25,0.00h,173.70h,1.43h,,,0.17h,50.55h,66.27h,236.35h,,,9768.88h,,,,,,
Production bug,PAYME-1064,The e-invoice service fee calculation does not take into account the exception if the e-invoice recipient's address is the registration number,3/31/25,0.07h,478.53h,,,,0.00h,44.68h,269.63h,161.25h,,,9458.07h,,,,,,
Production bug,PAYME-1045,"Ibank: When making an international payment in foreign currency, the balance is displayed for firstly selected currency",3/7/25,0.00h,506.02h,,,,0.00h,41.63h,5.23h,1.98h,,,10026.83h,,,,,,
Production bug,PAYME-1028,Increase gateway and form service pods per cluster,2/14/25,0.00h,0.00h,,,,0.00h,46.28h,0.00h,0.00h,,,10535.82h,,,,,,
,PAYME-1025,Update bank-components in payment-services,2/12/25,0.00h,0.00h,,,,0.03h,1.00h,0.00h,17.40h,,,10583.98h,,,,,,
,PAYME-1024,"[Waits E-2-E testing, currently on hold] Save API data to database",3/14/25,215.08h,0.00h,214.27h,,,0.00h,284.07h,27.25h,0.35h,,,9864.47h,,,,,,
,PAYME-1023,[Investigation] Investigate possible improvements for deploying openshift applications to PROD,3/24/25,170.88h,0.00h,,,,0.00h,140.50h,0.00h,771.42h,,,9619.55h,,,,,,
,PAYME-1033,[IBANK] private user future value date currency exchange saving to list of payments issue,2/27/25,0.13h,411.32h,,,,0.42h,2.07h,15.92h,48.93h,,,10225.40h,,,,,,
,PAYME-1027,[iBank] Privates can't sign all currency payments from list,2/25/25,0.15h,140.13h,22.92h,44.55h,,0.00h,103.80h,18.42h,119.88h,,,10272.70h,,,,,,
,PAYME-1030,"[iBank] Tech error appears, when there is a currency conversion of a currency that is not currently available",3/5/25,0.52h,282.50h,,47.37h,,119.30h,32.88h,118.08h,46.22h,,,10077.03h,,,,,,
,PAYME-1017,iBank: when going to currency exchange from list of payments - amount should be prefilled,2/20/25,0.00h,2.95h,,,,21.08h,287.00h,24.22h,28.28h,,,10387.78h,,,,,,
,PAYME-1018,iBank: enhance currency exchange flow - prefill amount in currency exchange,3/7/25,0.00h,3.10h,54.28h,,,337.18h,213.78h,105.58h,5.90h,,,10031.57h,,,,,,
,PAYME-1016,iBank: do not ask for amount confirmation in international payments for private and corporate customers,2/21/25,6.88h,3.00h,1.25h,0.00h,,139.88h,40.87h,11.72h,183.97h,,,10364.22h,,,,,,
,PAYME-1015,[FP] VVMK batch is stuck when processing empty tag in XML,2/14/25,0.00h,0.00h,,,,0.00h,,46.65h,191.40h,,,10537.40h,,,,,,
Production bug,PAYME-1068,Accept for incoming instant payment cannot be sent out because of faulty symbol '&',3/20/25,0.00h,930.33h,,,,0.00h,97.40h,2.05h,47.67h,,,9717.55h,,,,,,
,PAYME-1014,[CORE DB] make dp.creditor_bank_code nullable,2/3/25,0.78h,0.00h,,,,0.00h,26.90h,69.07h,4.03h,,,10796.67h,,,,,,
,PAYME-1067,[ibank-defined payments] check for vulnerability,4/2/25,358.60h,0.00h,18.52h,0.00h,,748.33h,309.43h,23.27h,128.97h,,,9403.20h,,,,,,
,PAYME-1012,[core-payment-order-data-manager] update single outgoing payment order,6/11/25,457.45h,120.50h,,723.95h,,399.88h,152.47h,1050.68h,294.48h,,,7722.20h,,,,,,
,PAYME-1009,[core-payment-order-data-manager] store mass payment header,5/29/25,909.53h,287.13h,67.47h,123.73h,,43.72h,208.57h,916.87h,324.35h,,23.63h,8035.18h,,,,,,
,PAYME-1008,[core-payment-order-data-manager] create api endpoint to retrieve status of single payment order,3/12/25,382.63h,21.47h,,335.42h,,3.88h,117.37h,2.65h,167.65h,,,9909.12h,,,,,,
,PAYME-1007,[core-payment-order-data-manager] create API endpoint to retrieve basic data of multiple payment orders,5/19/25,1178.25h,288.97h,,67.42h,,0.00h,335.57h,648.77h,143.32h,,0.00h,8278.00h,,,,,,
,PAYME-1006,[core-payment-order-data-manager] insert single outgoing payment order,6/9/25,909.40h,71.37h,294.67h,4.78h,,403.22h,447.25h,677.03h,357.83h,,,7774.72h,,,,,,
,PAYME-1005,[core-payment-order-data-manager] create api endpoint to retrieve full data of single payment order,5/30/25,815.05h,137.70h,,52.07h,,0.00h,385.90h,487.73h,1043.90h,,,8017.97h,,,,,,
,PAYME-1004,[CORE DB] grant rights to role BPCS_PMNT_ORDER_DATA_MNGR_ROLE v.2,1/30/25,0.23h,0.00h,,,,0.00h,0.00h,19.25h,25.25h,,,10896.18h,,,,,,
,PAYME-999,[217][DB CORE] Search duplicate payment,5/2/25,1847.32h,0.02h,156.25h,,,26.45h,17.05h,201.32h,30.38h,,,8685.18h,,,,,,
,PAYME-998,[217][DB CORE] [iBank] Delete payment,6/19/25,2182.90h,0.00h,377.27h,0.00h,,163.30h,361.32h,77.22h,269.48h,,,7532.48h,,,,,,
,PAYME-997,[217][DB CORE] Payment accepting and processing,7/9/25,189.07h,0.00h,24.73h,,,22.08h,1729.72h,893.05h,1054.55h,,,7050.78h,,,,,,
,PAYME-996,[217][DB CORE] Payment searching,4/24/25,1841.68h,0.00h,,,,0.00h,33.13h,19.32h,193.52h,,0.00h,8876.38h,,,,,,
,PAYME-995,[217][CORE DB] Payment restoring,6/16/25,1847.40h,0.02h,,,,27.68h,502.65h,332.32h,650.07h,,,7603.92h,,,,,,
,PAYME-994,[217][CORE DB] Payment validation debt cred data,6/11/25,187.82h,0.00h,119.10h,,,0.00h,1320.65h,674.98h,598.10h,,405.30h,7730.12h,,,,,,
,PAYME-993,[217][DB CORE] Payment validation,6/3/25,74.33h,0.00h,,,,0.00h,1362.15h,29.22h,1174.58h,,405.30h,7918.50h,,,,,,
,PAYME-992,[217][bank-components] Set DP.CREDITOR_BANK_CODE as null when there is no IBAN,6/12/25,0.00h,189.05h,43.83h,,,1391.18h,885.40h,165.75h,752.60h,,,7705.83h,,,,,,
,PAYME-991,[CORE DB] create sequence for PAYMENTS.PAYMENT_PARTY_IDENTIFIER group SID,1/29/25,0.00h,0.00h,,,,0.00h,0.47h,25.17h,123.27h,,,10914.08h,,,,,,
,PAYME-990,Retest previously closed tasks,1/23/25,0.05h,0.00h,,,,0.00h,,0.00h,26.93h,,,11061.57h,,,,,,
,PAYME-1059,[IPR-report final statuses] 6. [Dependant on VDE19-125] ] Create API to update status report information,5/29/25,1819.48h,716.97h,167.70h,,,25.67h,26.78h,308.27h,2.37h,,0.00h,8037.90h,,,,,,
,PAYME-1039,Create API to update payment file status,3/14/25,998.92h,0.00h,,,,0.00h,222.90h,18.93h,0.00h,,,9864.50h,,,,,,
,PAYME-1022,Update BPAY repos to use gradle-7,2/14/25,21.48h,340.02h,,0.00h,,112.55h,101.77h,0.00h,0.00h,,,10530.93h,,,,,,
,PAYME-1058,[IPR-report final statuses] 5. [Dependant on VDE19-125] Publish pain.002 (formed from memory) information to Kafka topic,9/24/25,4438.40h,770.82h,,,,0.00h,71.33h,652.22h,0.00h,,,5202.68h,,,,,,
,PAYME-1055,[IPR-report final statuses] 2. Store pain.002 to filebarn,9/2/25,1849.85h,356.32h,,,,1324.37h,1770.97h,96.30h,0.00h,,,5737.70h,,,,,,
,PAYME-1054,S4.2 - [IPR-report final statuses] 1. Compose pain.002 for rejected file or batch (from data stored in memory),9/24/25,2258.12h,0.00h,,191.82h,,451.82h,530.93h,2134.42h,313.57h,,,5206.85h,,,,,,
,PAYME-988,[STAR] Show TPH payments in star report,2/7/25,0.00h,190.72h,,70.45h,,0.00h,216.82h,4.60h,42.63h,,,10704.12h,,,,,,
,PAYME-987,[CORE DB] Swedbank Finnish branch removal from Swedbank Group payments,1/16/25,1.02h,0.00h,,,,0.00h,0.65h,4.23h,0.40h,,,11226.78h,,,,,,
,PAYME-1001,[core-payment-order-initiator] create rest api endpoint to initiate payment order,,11251.68h,,,,,,,,,,,,,,,,,
,PAYME-986,[PaymentForms] Remove usage of sysglobal of SEPA flow merge launch,1/28/25,22.30h,0.00h,,,,0.00h,119.85h,28.78h,142.35h,,,10942.67h,,,,,,
,PAYME-984,[CORE DB] add new DP and DP_ISO columns to archive views,1/22/25,1.32h,0.00h,,,,0.00h,0.00h,160.25h,24.37h,,,11088.75h,,,,,,
,PAYME-983,[CORE DB] PAYMENTS views,1/21/25,0.00h,0.00h,,,,0.00h,2.45h,47.05h,112.95h,,,11113.13h,0.08h,,,,,
,PAYME-982,[CORE DB] SWEDBANK_GATEWAY views,1/27/25,0.68h,0.00h,,,,0.00h,43.58h,263.78h,0.78h,,,10967.52h,,,,,,
,PAYME-981,[CORE DB] CREBIT views,1/15/25,0.85h,0.00h,,,,0.00h,1.67h,1.50h,18.95h,,,11255.83h,,,,,,
,PAYME-980,"[217][SGW] Initiate, execute outgoing international payment",,2830.47h,0.00h,,,,48.12h,552.78h,,,,477.70h,7369.97h,,,,,,
,PAYME-979,[CORE DB] CORESRV views,1/16/25,0.07h,0.00h,,,,0.00h,1.38h,3.98h,44.90h,,,11229.08h,,,,,,
,PAYME-978,[monitoring] Dashboard queries are missing and some metrics in prod,1/15/25,0.00h,0.00h,,,,0.00h,23.88h,0.00h,3.88h,,,11252.97h,,,,,,
,PAYME-976,[CORE DB] grant select rights on sequences to role BPCS_PMNT_ORDER_DATA_MNGR_ROLE,1/15/25,0.55h,0.00h,,,,0.00h,1.15h,4.60h,17.47h,,,11257.57h,,,,,,
Production bug,PAYME-1019,[iBank] When signing imported payments for execution full amount (including the defective payments) is sent for the confirmation.,2/14/25,0.00h,567.63h,,,,0.00h,120.57h,1.35h,74.53h,,,10533.10h,,,,,,
Production bug,PAYME-1043,"[STAR PB] Show active E-invoice automated payment agreement in ""Applications and agreements"" menu in case Seller agreement is closed",4/1/25,842.40h,379.08h,,,,0.00h,28.17h,428.02h,193.97h,,,9431.12h,,,,,,
,PAYME-975,(Core reports) Adjust 'PROD EE/LV/LT big dom pmts' reports,1/24/25,70.20h,4.82h,,,,41.90h,6.40h,170.25h,44.85h,,,11036.48h,,,,,,
,PAYME-974,(Core reports) Adjust 'pensions payments in EE' report (EE),1/22/25,1.35h,5.10h,,68.58h,,41.70h,0.23h,174.68h,0.33h,,,11083.00h,,,,,,
Production bug,PAYME-985,[SEPA Exchange] Sending rejection to an incoming instant payment fails,1/16/25,103.53h,0.00h,,,,0.00h,17.62h,27.80h,1.57h,,,11227.50h,,,,,,
,PAYME-972,FX separation from payment transaction. Bug in saved payments order.,2/5/25,0.00h,0.00h,,,,0.00h,,620.72h,29.98h,,,10746.77h,,,,,,
,PAYME-971,[CORE DB] grant rights to role BPCS_PMNT_ORDER_DATA_MNGR_ROLE,1/13/25,1.23h,0.00h,,,,0.00h,0.00h,17.37h,95.55h,,,11303.92h,,,,,,
,PAYME-970,[STAR] Swedbank Finland branch removal from Swedbank Group payments,1/16/25,0.02h,0.00h,,,,210.20h,1.27h,4.63h,0.08h,,,11226.68h,,,,,,
Production bug,PAYME-965,[FP] Date format convert it into a date variable fix for all FP components,1/10/25,2.02h,0.00h,,,,0.00h,3.47h,67.62h,25.83h,,,11373.70h,,,,,,
Production bug,PAYME-964,"[FP] LVMK charges batch fails ""6 - There are no more rows in the result set to be returned""",1/6/25,67.43h,0.00h,,,,0.00h,3.07h,0.90h,0.63h,,,11469.20h,,,,,,
,PAYME-963,Ensure effective logging of API activity,1/22/25,0.02h,210.62h,,,,0.00h,98.88h,168.98h,45.57h,,,11088.65h,,,,,,
,PAYME-962,"S3.1 - [217][OBN] Initiate, execute, view outgoing international payment",,3449.12h,0.00h,,,,48.15h,1030.48h,,,,1132.08h,6237.87h,,,,,,
,PAYME-961,[217][MT101] Process outgoing international payments initiated with MT101,7/9/25,619.13h,146.73h,157.62h,,,3601.37h,69.85h,4.58h,246.20h,,,7052.28h,,,,,,
,PAYME-960,Exclude TPH and FPO from PAYMENTS.DW_DOMESTIC_INC_OUT,1/14/25,478.40h,0.00h,,,,0.00h,1.15h,121.82h,16.83h,,,11280.98h,,,,,,
,PAYME-959,[217][Core DB] Cancel OBN payment from FP; Cancel cut-off payment from iBank,7/4/25,620.83h,146.65h,42.23h,2351.02h,,331.12h,916.38h,233.13h,85.67h,,0.00h,7172.40h,,,,,,
Production bug,PAYME-957,Archiving of DP table does not work,12/18/24,0.00h,0.02h,,,,0.00h,1.95h,18.82h,3.98h,,,11926.08h,,,,,,
Production bug,PAYME-958,"[EPE] credit method has returned with result 10061, error code = 10061.",2/20/25,0.00h,437.95h,,,,25.42h,99.25h,321.70h,7.90h,,,11059.65h,,,,,,
,PAYME-955,"[217][iBank][TEST]Initiate, execute, view outgoing international payment from account statement/payment archive/payment history",7/29/25,2686.02h,,,577.03h,,,,,168.57h,,2041.08h,6571.43h,,,,,,
,PAYME-954,"S3.3 - [217]][iBank][TEST]Initiate, execute, view outgoing international payment via import of payments",8/12/25,2686.05h,,,577.02h,,,,303.53h,178.55h,,2060.60h,6238.38h,,,,,,
,PAYME-953,"S3.3 - [217][iBank][TEST]Initiate, execute, view outgoing international payment via list of payments",8/5/25,2686.07h,,,577.05h,,,,202.07h,137.47h,,2038.63h,6402.90h,,,,,,
,PAYME-952,"[217][iBank][TEST]Initiate, execute, view single outgoing international payment",7/26/25,2350.48h,,,577.07h,,,,,140.72h,,2322.58h,6653.38h,,,,,,
,PAYME-949,[bank-components] Display foreign payments stored in DP table as old ones,1/10/25,721.37h,0.00h,,,,0.00h,41.15h,0.00h,0.00h,,,11376.40h,,,,,,
,PAYME-948,[bank-components] Save foreign payments to DP table,1/10/25,44.60h,0.00h,,,,0.00h,717.95h,0.00h,0.00h,,,11376.40h,,,,,,
,PAYME-947,[bank-components] Add new sysglobal,12/11/24,0.07h,0.00h,,,,0.00h,44.50h,0.00h,0.00h,,,12094.40h,,,,,,
,PAYME-956,[iBank] Swedbank Finland branch removal from Swedbank Group payments,1/6/25,173.82h,0.00h,,,,405.90h,24.12h,70.27h,4.32h,,,11467.03h,,,,,,
,PAYME-1031,Estonia payments emergency solution: Wrong file name,3/21/25,0.00h,1822.77h,18.40h,,,0.00h,646.80h,2.43h,27.57h,,,9691.90h,,,,,,
,PAYME-946,[Core DB] Implement new sysglobal for TH/THN VMK tables decommissioning,12/9/24,0.00h,0.00h,,,,3.53h,5.93h,60.12h,0.48h,,,12144.18h,,,,,,
,PAYME-1035,STAR: currency field is disabled after validation in foreign SO,2/27/25,141.50h,1823.33h,,,,0.00h,6.50h,0.80h,40.83h,,,10225.08h,,,,,,
,PAYME-943,For Ibank,12/27/24,244.32h,0.00h,,,,0.00h,22.33h,44.32h,265.38h,,,11711.53h,,,,,,
,PAYME-942,for STAR,12/27/24,143.12h,0.00h,,72.70h,,0.45h,2.55h,92.12h,265.78h,,,11711.53h,,,,,,
Production bug,PAYME-941,Einvoice. SOA button in Star and Ibank,12/27/24,4.82h,306.78h,,,,0.00h,,265.17h,0.00h,,,11711.52h,,,,,,
Production bug,PAYME-944,"Customer tries to apply for a recurring payment but the message - An error occurred, please try again later",12/4/24,0.00h,19.23h,,,,0.00h,3.02h,19.65h,0.18h,,,12264.13h,,,,,,
,PAYME-940,[Core DB] Exclude FPO from domestic payments comparison reports,1/20/25,499.02h,580.23h,0.97h,,,48.50h,0.58h,26.22h,87.72h,,,11136.07h,,,,,,
,PAYME-939,[CORE DB] upload allowed BIC list,12/3/24,6.65h,0.00h,,,,0.00h,0.02h,143.73h,0.17h,,,12281.63h,,,,,,
,PAYME-938,[CORE DB] add additional grants for CCA_API user,11/27/24,0.93h,0.00h,,,,0.00h,0.17h,23.25h,0.87h,,,12426.83h,,,,,,
,PAYME-937,[CORE DB] Create DB user for Funds Update API,11/27/24,1.05h,0.00h,,,,0.00h,3.53h,73.18h,42.85h,,,12431.22h,,,,,,
,PAYME-936,Preparations before going to prod,1/10/25,0.00h,0.00h,,,,43.22h,1155.13h,0.00h,0.00h,,,11376.37h,,,,,,
,PAYME-917,[Core DB] Provide original outgoing payment data from DP,1/29/25,220.85h,402.88h,,,,725.70h,43.45h,118.85h,174.90h,,,10913.73h,,,,,,
,PAYME-914,(enabler) Analyze what reporting must be adjusted when new payment type (FPO) appears in DP,1/27/25,1132.77h,0.00h,,498.57h,,,,,,,,10969.08h,,,,,,
,PAYME-912,(enabler) Analyze and describe changes needed for FP debit batch to consume payments from DP,1/28/25,220.12h,241.05h,,,,907.77h,291.93h,0.00h,0.00h,,,10939.55h,,,,,,
,PAYME-918,"(enabler) Analyze and describe changes needed in Bank components to store, manage and view all payments to/from DP",1/10/25,219.93h,403.83h,,,,0.00h,600.28h,0.00h,0.00h,,,11376.38h,,,,,,
,PAYME-903,[DB] Grant additional rights for maintenance,11/15/24,0.02h,0.00h,,,,0.00h,0.23h,0.40h,0.70h,,,12715.45h,,,,,,
,PAYME-905,[CORE DB] CORE DB changes: add table PAYMENTS.PAYMENT_PARTY_IDENTIFIER and new columns to table DP_ISO,12/5/24,447.73h,0.00h,,,,0.00h,45.52h,5.20h,1.78h,,,12231.55h,,,,,,
Production bug,PAYME-1078,Einvoice orders not received for sellers via SGW,4/7/25,2275.17h,866.13h,,,,47.23h,137.08h,0.80h,120.47h,,,9289.77h,,,,,,
Production bug,PAYME-945,Star: not all fields are filled in FP pdf blank,12/5/24,0.00h,454.50h,,,,7.05h,21.20h,11.92h,1.40h,,,12218.13h,,,,,,
,PAYME-902,[payment-monitoring-stack] Migrate from community Prometheus operator to Red Hat observability operator,12/10/24,0.00h,0.00h,,,,0.00h,649.53h,0.00h,0.00h,,,12115.42h,,,,,,
Production bug,PAYME-989,[FP] sometimes there is missing debtor address in outgoing international payment,2/7/25,675.30h,1071.87h,,50.67h,,0.00h,193.18h,5.00h,65.25h,,,10705.22h,,,,,,
,PAYME-900,[DB Core] Add originator_ip_address to the view for loading to EDW,11/14/24,67.78h,0.00h,,,,48.80h,0.00h,0.57h,20.80h,,,12743.85h,,,,,,
,PAYME-899,[FP] CBPR+ Pacs.009 from received Pacs.009 cant be sent out,11/27/24,0.62h,23.13h,114.47h,,,0.00h,330.53h,32.52h,55.78h,,,12425.85h,,,,,,
,PAYME-898,[CORE DB] user BPCS_NAMECHECK_USER - increase max session limit and add required grants,11/5/24,0.00h,0.00h,,,,0.00h,99.07h,20.28h,0.43h,,,12955.17h,,,,,,
,PAYME-896,[openshift] Add auto deployment to dev/gate/test on merge to master,10/30/24,0.00h,0.00h,,,,0.00h,25.17h,0.00h,0.00h,,,13103.97h,,,,,,
,PAYME-915,[StatementsAPI] Remove usage of sysglobal of SEPA flow merge launch,1/23/25,1868.73h,0.00h,,,,0.00h,165.22h,170.42h,0.00h,,,11061.75h,,,,,,
,PAYME-919,[TransactionsAPI] Remove usage of sysglobal of SEPA flow merge launch,1/23/25,1868.77h,0.00h,,,,0.00h,165.22h,170.38h,0.02h,,,11061.78h,,,,,,
,PAYME-921,[DB] Remove usage of sysglobal of SEPA flow merge launch,1/28/25,2035.22h,0.00h,,,,0.00h,3.42h,162.62h,122.38h,,,10942.68h,,,,,,
,PAYME-922,"[iBank, DB] Remove usage of sysglobal of SEPA flow merge launch",1/28/25,2035.28h,0.00h,,,,0.00h,1.83h,141.23h,145.33h,,,10942.70h,,,,,,
,PAYME-923,"[MT950, DB] Remove usage of sysglobal of SEPA flow merge launch",1/24/25,2035.58h,0.00h,,,,0.00h,1.80h,146.78h,45.13h,,,11037.38h,,,,,,
,PAYME-924,"[StandingOrders, DB] Remove usage of sysglobal of SEPA flow merge launch",1/23/25,2038.58h,0.00h,,,,0.00h,1.60h,164.92h,2.80h,,,11061.73h,,,,,,
,PAYME-926,[OpenBank] Remove usage of sysglobal of SEPA flow merge launch,1/31/25,2404.72h,,,,,,,,,,,10865.30h,,,,,,
,PAYME-930,[Swedbank-Gateway] Remove usage of sysglobal of SEPA flow merge launch,2/4/25,2496.98h,,,,,,,,,,,10773.07h,,,,,,
,PAYME-935,[iBank] Remove usage of sysglobal of SEPA flow merge launch,12/31/24,956.75h,0.00h,,,,0.00h,95.90h,120.85h,484.67h,,,11612.30h,,,,,,
,PAYME-932,[Homebank] Remove usage of sysglobal of SEPA flow merge launch,1/28/25,1990.52h,0.00h,67.75h,,,0.00h,0.00h,144.18h,27.15h,,,10993.12h,,,,,,
,PAYME-927,[Statements] Remove usage of sysglobal of SEPA flow merge launch,1/23/25,2038.77h,0.00h,,,,0.00h,147.53h,23.13h,0.63h,,,11060.83h,,,,,,
,PAYME-934,"[STAR, DB] Remove usage of sysglobal of SEPA flow merge launch",1/14/25,1871.02h,0.00h,,,,0.00h,5.77h,90.33h,23.00h,,,11280.98h,,,,,,
,PAYME-933,"[Forms, DB] Remove usage of sysglobal of SEPA flow merge launch",1/23/25,2040.22h,0.00h,,,,0.00h,120.27h,45.72h,0.12h,,,11064.97h,,,,,,
,PAYME-931,[SEPA-Exchange] Remove usage of sysglobal of SEPA flow merge launch,12/20/24,838.28h,0.00h,,,,0.00h,150.33h,186.42h,215.20h,,,11881.75h,,,,,,
,PAYME-929,[DB] Remove sysglobal of SEPA flow merge launch,1/22/25,2159.77h,0.00h,,,,0.00h,1.45h,22.15h,0.08h,,,11088.65h,,,,,,
,PAYME-928,[EPE] [BANK COMPONENTS] Remove usage of sysglobal of SEPA flow merge launch,12/20/24,1054.67h,0.00h,,,,0.00h,,120.83h,215.20h,,,11881.77h,,,,,,
,PAYME-925,[DB] Remove unused SQL fragments,1/16/25,2056.43h,0.00h,,,,0.00h,3.45h,3.63h,0.07h,,,11226.57h,,,,,,
,PAYME-920,[FP] Disable automated processing of incoming SEPA messages,11/25/24,737.03h,0.00h,,,,0.00h,71.72h,1.93h,0.90h,,,12478.73h,,,,,,
,PAYME-916,[FP] Disable functionality of processing SEPA messages,11/25/24,717.27h,0.00h,,,,0.00h,94.80h,1.93h,5.43h,,,12474.20h,,,,,,
,PAYME-897,[ISO Exchange] Support admi.007 from CLM,11/8/24,0.35h,194.60h,,,,0.00h,143.42h,71.40h,2.47h,,,12885.30h,,,,,,
,PAYME-911,(Maintenance) Remove log file monitoring in Zabbix,2/4/25,2543.42h,,,,,,,,,,,10770.87h,,,,,,
,PAYME-893,[openshift] Update production tokens for baltic pipelines,11/11/24,0.00h,0.00h,,,,93.93h,71.23h,338.50h,0.00h,,,12812.08h,,,,,,
,PAYME-910,(Batch portal) Request removal of SEPA-Transfer application,1/30/25,2421.70h,,,,,,,,,,,10896.05h,,,,,,
,PAYME-1037,STAR: Matrix printing buttons should be removed from Domestic standing orders functionality,3/4/25,2925.43h,239.17h,,,,0.00h,24.62h,68.52h,28.90h,,,10100.43h,,,,,,
,PAYME-891,Recreate access tokens for BPAY projects,10/16/24,0.00h,0.00h,,,,0.00h,4.53h,0.00h,0.00h,,,13433.97h,,,,,,
,PAYME-890,[payment-services-gateway] Create aggregated health check for F5 load balancer,11/21/24,0.00h,0.00h,,,,193.63h,25.18h,645.15h,5.07h,,,12571.60h,,,,,,
,PAYME-889,Fix Log archiving script and remove security logs from payment-services-gateway,10/17/24,0.00h,0.00h,,,,0.00h,30.23h,19.17h,0.00h,,,13414.78h,,,,,,
Production bug,PAYME-888,''CANCEL RETURNING'' button issue for incoming crossboarder/intragroup SEPA payment,10/14/24,0.53h,17.13h,,,,0.00h,5.03h,65.50h,6.52h,,,13484.25h,,,,,,
,PAYME-894,[ISOX] Create a new ISOX API app user for TPH Baltic,10/24/24,308.90h,3.32h,,0.00h,,0.00h,20.45h,3.20h,27.02h,,,13243.60h,,,,,,
,PAYME-904,Incoming Instant payment to start account (STARDIKONTO) from non-credit institution should not be credited,12/31/24,0.02h,1225.97h,,,,0.00h,73.83h,356.97h,333.10h,,,11617.95h,,,,,,
,PAYME-885,[epe] Migrate from payment-xml to lib-payment-xml,10/25/24,1.48h,0.00h,,,,0.00h,378.50h,5.77h,46.70h,,,13220.47h,,,,,,
Production bug,PAYME-884,"Incoming crossborder to account where ref number is mandatory, can’t be credited",10/8/24,0.00h,2.55h,,,,0.00h,4.70h,16.95h,0.50h,,,13631.98h,,,,,,
,PAYME-883,Call database procedure,12/11/24,96.62h,0.00h,,,,0.00h,815.28h,725.37h,0.00h,,,12091.63h,,,,,,
,PAYME-882,Add Idempotency-Key validations and Hazzelcast connection,12/11/24,101.33h,0.00h,,,,232.95h,817.85h,485.12h,0.00h,,,12091.63h,,,,,,
,PAYME-881,Create project structure,10/8/24,0.02h,0.00h,,,,0.00h,96.60h,0.00h,0.00h,,,13632.30h,,,,,,
,PAYME-880,Incoming international payment processing in ForeignPayments must be adjusted to pass the counterparty country indicator to the database procedure,10/18/24,25.95h,98.05h,,,,0.00h,164.75h,23.52h,51.50h,,,13388.90h,,,,,,
,PAYME-892,[BANKAPP] Turn off TPH BankApp in Production,10/21/24,0.40h,404.88h,,,,0.73h,73.60h,0.00h,0.00h,,,13319.23h,,,,,,
,PAYME-874,[RT1-uploader] Migrate from payment-xml to lib-payment-xml,10/8/24,0.00h,0.00h,39.62h,,,0.00h,68.08h,29.85h,120.73h,0.00h,,13634.45h,,,,,,
,PAYME-872,[ROMA] Update routing.properties,9/27/24,0.42h,0.98h,,,,0.00h,19.62h,0.00h,0.00h,,,13897.70h,,,,,,
,PAYME-871,[TPH] Deploy patch: Delivery of TPH Gateway 2.5.13 Patch 01 Swedbank Baltics 2024-09-23,9/27/24,0.00h,0.00h,,0.00h,,3.27h,20.18h,0.00h,0.00h,,,13897.72h,,,,,,
,PAYME-906,[CORE DB] Update DP table views and triggers due to DB changes and Payment Order Data Manager developments,2/7/25,1345.78h,362.20h,,,,0.00h,1006.43h,485.28h,42.65h,,,10704.12h,,,,,,
,PAYME-869,[Forms] 'Case details' button issue for legacy payment,10/4/24,0.12h,70.47h,,,,238.50h,0.00h,21.77h,0.03h,,,13729.27h,,,,,,
,PAYME-867,[ISO Exchange] Fix local setup with payment-xml,9/30/24,0.00h,0.00h,,,,0.00h,142.30h,0.00h,94.92h,,,13823.38h,,,,,,
,PAYME-870,"iBank: TypeError when selecting ""Beneficiary"" field in SMART form",9/26/24,84.20h,27.88h,,,,0.00h,19.40h,26.55h,0.13h,,,13919.98h,,,,,,
,PAYME-866,[FP] Unstructured address is truncated in XML at edge cases,10/2/24,0.00h,0.00h,0.80h,,,163.35h,162.52h,1.68h,4.02h,,,13776.02h,,,,,,
,PAYME-865,[FP] Change URLs to MDM API,9/30/24,0.00h,0.00h,,,,186.87h,118.37h,0.28h,1.35h,,,13825.05h,,,,,,
,PAYME-842,"[TPH] Initial configuration (firewalls, certificates, openshift namespace)",10/8/24,140.58h,0.00h,,0.00h,,0.00h,508.75h,0.00h,0.00h,,,13627.72h,,,,,,
,PAYME-840,[TPH][Order] Setup Oracle Exadata db,10/31/24,140.12h,0.00h,,,,0.00h,531.28h,524.73h,0.00h,,,13080.97h,,,,,,
,PAYME-839,[Jenkins] Build production deployment pipeline,10/31/24,504.18h,0.00h,,,,139.92h,5.32h,546.72h,0.00h,,,13080.97h,,,,,,
,PAYME-846,[TPH][Order] Setup NFS share,10/2/24,140.13h,0.00h,,,,0.00h,364.05h,0.00h,0.00h,,,13772.97h,,,,,,
,PAYME-845,[TPH][Order] Setup load balancer,9/30/24,140.18h,0.00h,,,,0.00h,313.60h,0.00h,0.00h,,,13823.38h,,,,,,
,PAYME-843,[TPH][Order] Setup Single Sign On,10/31/24,142.78h,0.00h,,,,478.05h,383.37h,191.98h,0.00h,,,13080.97h,,,,,,
,PAYME-841,[TPH][Order] Setup MQ,10/31/24,142.78h,0.00h,,,,309.32h,263.32h,480.93h,0.00h,,,13080.82h,,,,,,
,PAYME-847,[DB Core] - Namecheck exclusions list,10/24/24,0.00h,456.52h,,528.15h,,0.00h,23.98h,1.98h,21.28h,,,13245.53h,,,,,,
Production bug,PAYME-836,[FP] Locking of record is not disappearing even when user turns off record window,9/16/24,0.25h,0.00h,,,,1.37h,0.00h,68.13h,70.15h,,,14161.20h,,,,,,
,PAYME-879,LT: SOA T&C update in PDF,10/29/24,506.33h,0.00h,,0.03h,,0.00h,574.95h,69.00h,26.83h,,,13125.63h,,,,,,
,PAYME-878,LV- PDF blank update and T&C change from 01.11.2024.,10/31/24,1199.55h,0.00h,,,,0.00h,4.73h,17.42h,4.60h,,,13078.08h,,,,,,
,PAYME-864,[CORE DB] Changes in CORE DB,12/5/24,166.28h,317.18h,,,,95.78h,1486.80h,5.20h,1.02h,,,12232.30h,,,,,,
,PAYME-853,[No Testing] Store certificates and passwords in CyberArk,10/28/24,81.72h,716.25h,,,,407.82h,72.28h,0.20h,0.00h,,,13148.73h,,,,,,
,PAYME-854,Create Correspondent Accounts API endpoint core-correspondent-accounts/transactions/reversal,1/9/25,109.53h,688.85h,289.82h,,,1052.67h,559.12h,47.08h,287.28h,,,11393.07h,,,,,,
,PAYME-851,Create Correspondent Accounts API service in Core layer,10/2/24,197.82h,420.22h,,,,0.00h,123.25h,0.00h,1.37h,,,13773.05h,,,,,,
,PAYME-834,[DB] ST_UPDATE for recall related to legacy payment xml issue,9/10/24,0.32h,187.90h,,,,3.32h,46.68h,97.77h,0.92h,,,14299.68h,,,,,,
,PAYME-833,[DB] CL_RECEIPT related to legacy payment have incorrect header in xml,9/10/24,0.37h,189.70h,,,,27.00h,18.22h,80.20h,20.40h,,,14302.55h,,,,,,
,PAYME-844,Add relevant information to System Documentation,11/6/24,0.02h,1518.45h,,,,215.58h,,0.00h,0.00h,,,12932.75h,,,,,,
Production bug,PAYME-1032,STAR: Tech error on FX when sell rate is missing,2/28/25,0.07h,4317.45h,16.73h,,,0.00h,99.23h,23.42h,28.33h,,,10199.10h,,,,,,
,PAYME-830,"[FP] System crashes, if too many symbols are copied to address field",9/2/24,1.58h,70.67h,,,,70.77h,91.13h,1.08h,1.22h,,,14496.92h,,,,,,
,PAYME-829,(CORE DB) Report about incoming recall refuses where case is in VM,10/4/24,0.20h,76.10h,,,,907.33h,27.70h,0.63h,1.92h,,,13723.55h,,,,,,
Production bug,PAYME-828,[DB] remove debugging code from RETURN payment code,9/20/24,100.57h,0.00h,,,,552.85h,0.73h,47.47h,0.02h,,,14060.00h,,,,,,
,PAYME-827,GRANT for PMNT_BATCH,8/22/24,0.68h,0.00h,,,,0.00h,0.78h,3.35h,0.03h,,,14758.08h,,,,,,
,PAYME-849,"[CORE DB] Create new event types and subtypes for correspondent transactions, initiated by TPH",11/5/24,564.53h,522.35h,,,,716.18h,1.32h,125.35h,23.30h,,,12954.68h,,,,,,
,PAYME-852,[CORE DB] Create a package in CORESRV schema for correspondent accounts transactions,11/11/24,562.43h,524.45h,,,,695.03h,22.08h,195.13h,98.70h,,,12809.90h,,,,,,
,PAYME-823,[openshift] Update dev certificates for payment services & reencrypt secrets,8/14/24,0.00h,0.00h,,,,0.00h,123.95h,0.00h,0.03h,,,14947.82h,,,,,,
,PAYME-822,Ibank: Tech error after pressing button,8/14/24,14.92h,3.55h,,0.28h,,0.00h,1.70h,114.68h,2.48h,,,14950.03h,,,,,,
,PAYME-825,[STAR PB]: need to activate ''Export to pdf'' button for cross border Standing Order Agreements,9/6/24,18.62h,196.07h,18.93h,,,0.00h,137.80h,100.53h,8.67h,231.80h,,14402.82h,,,,,,
Production bug,PAYME-819,FP - Unexpected program closure due to some country codes in ordering bank unstructured address,8/14/24,0.23h,93.72h,,,,91.30h,78.10h,0.47h,46.33h,,,14948.90h,,,,,,
,PAYME-815,[payment-monitor] Both clusters were leaders after db patching,7/22/24,0.02h,0.00h,,0.00h,,0.00h,1.48h,0.13h,0.00h,,,15499.28h,,,,,,
,PAYME-814,Add new Jenkins job to uninstall helm charts,7/22/24,0.00h,0.00h,,,,0.00h,101.42h,0.00h,0.00h,,,15499.27h,,,,,,
,PAYME-813,[Forms] Legacy payments leftovers,10/4/24,19.68h,772.78h,,,,190.83h,884.28h,24.80h,3.62h,,,13725.48h,,,,,,
,PAYME-818,The old payment form opens when open pdf / html before paying e-invoice.,8/2/24,2.17h,18.73h,,,,170.47h,168.13h,24.58h,1.40h,,,15236.70h,,,,,,
,PAYME-808,[Forms] Legacy payment duplication issue,9/20/24,0.20h,837.47h,0.02h,,,716.27h,0.70h,4.95h,40.73h,,,14066.45h,,,,,,
,PAYME-855,"[TEST] Regression testing for other Baltic applications, creating correspondent transactions",12/10/24,0.15h,3646.73h,,,,19.00h,,0.00h,0.00h,,,12121.03h,,,,,,
,PAYME-817,"[iBank] smart form - Other ID ""Document type"" should be optional",9/2/24,0.00h,330.08h,209.53h,1.15h,,313.95h,146.52h,48.22h,243.75h,,,14494.37h,,,,,,
,PAYME-856,[CORE DB] Change nostro export to include counterparty reference and mark reverse transactions in reconciliation statements,12/3/24,224.12h,2590.57h,189.12h,,,71.33h,122.87h,294.05h,187.90h,,,12282.92h,,,,,,
,PAYME-857,[CORE DB] Change procedures to enable storing data in the new vm.korresp_toiming columns,11/8/24,224.13h,1965.88h,,,,691.50h,1.95h,219.05h,25.42h,,,12882.95h,,,,,,
Production bug,PAYME-802,[FP] LVMK batch stopped working,7/4/24,0.00h,72.60h,,66.12h,,0.00h,0.75h,0.18h,3.92h,,,15934.02h,,,,,,
,PAYME-858,[CORE DB] Create new columns in VM.KORRESP_TOIMING table,11/7/24,294.77h,1965.85h,,,,691.08h,1.68h,173.60h,45.40h,,,12909.13h,,,,,,
,PAYME-801,[FP] Replace usage of network disc Y: in FPserver configuration,8/14/24,0.02h,1.40h,,1175.85h,,0.00h,22.75h,0.77h,120.23h,,,14953.80h,,,,,,
,PAYME-877,EE: Standing order agreements Blank update,10/31/24,3099.27h,0.00h,,,,0.00h,117.32h,21.42h,7.17h,,,13075.52h,,,,,,
,PAYME-876,"[EE, LV, LT] Standing order agreements PDF update regarding T&C changes from 01.11.2024",10/31/24,2518.97h,0.05h,,,,721.87h,0.00h,16.10h,7.55h,,,13075.12h,,,,,,
,PAYME-774,(Forms) Sort SEPA case list by case open date,7/30/24,0.08h,46.10h,,,,624.42h,248.33h,87.72h,30.08h,,,15307.33h,,,,,,
,PAYME-831,[CORE DB] Stop processing outgoing SEPA payments in VVMKBatch during Flow Merge activation,9/10/24,94.82h,92.42h,,,,548.27h,21.72h,1088.42h,355.93h,,,14302.95h,,,,,,
,PAYME-780,[FP TEST] Test E1S1 and RTGS pacs.004,8/22/24,49.25h,169.60h,,15.60h,,839.68h,,649.30h,28.30h,,,14756.07h,,,,,,
,PAYME-779,[FP] Change E1S1 and RTGS validations for pacs.009,9/4/24,1.47h,169.68h,27.53h,64.32h,,478.42h,308.53h,816.15h,197.02h,,,14445.68h,,,,,,
,PAYME-781,[FP] Change E1S1 and RTGS validations for pacs.008,8/23/24,5.75h,169.70h,,65.87h,,436.87h,90.90h,887.87h,126.00h,,,14731.70h,,,,,,
,PAYME-755,[cicd] Add lifecycle option to kubernetes deployments,6/7/24,0.02h,0.00h,,,,0.00h,41.15h,0.00h,0.00h,,,16585.58h,,,,,,
,PAYME-873,Sometimes the instruction_id doesn't increase by one when using SMART form,10/14/24,1660.62h,1170.43h,,94.52h,,0.03h,89.00h,104.27h,139.05h,,,13487.93h,,,,,,
,PAYME-746,"[DB] Improve VM.DW_CORRESP_TRANSACTION - remove ""new line"" symbol from transaction details",5/30/24,0.00h,0.00h,,,,0.00h,3.72h,42.22h,0.88h,,,16777.75h,,,,,,
,PAYME-838,[DB Core] New transaction type (OP_ID) for incoming foreign payments/returns with FREE charges,11/15/24,0.00h,355.43h,,45.18h,,3173.55h,116.55h,27.97h,406.48h,,,12716.33h,,,,,,
,PAYME-909,(MQ) Request old MQ channels removal,2/12/25,6267.38h,,,,,,,,,,,10578.67h,,,,,,
Production bug,PAYME-744,FP - Catch incoming payment from unknown country - impact on pacs.009/pacs.004,5/30/24,0.03h,1.30h,,,,0.00h,45.77h,5.68h,24.65h,,,16770.70h,,,,,,
,PAYME-742,[TPH] Test execution for Incoming Financial Transfers scheme derivation,7/16/24,,,0.00h,,0.00h,,,1079.38h,192.52h,,,15650.07h,,,,,,
,PAYME-741,[TPH] Test execution for Outgoing/Onwards Financial Transfers scheme derivation,7/16/24,,,,,0.00h,,,1012.63h,265.22h,,,15644.17h,,,,,,
,PAYME-737,[TPH] Test execution for Outgoing/onwards customer payments scheme derivation,7/3/24,0.00h,0.00h,,,,0.00h,,169.68h,797.63h,,,15955.27h,,,,,,
,PAYME-736,[TPH] Execute test cases for Outgoing returns/rejects scheme derivation,7/5/24,0.00h,0.00h,,,,0.00h,,1013.23h,0.05h,,,15909.33h,,,,,,
,PAYME-734,[TPH] Create test cases for SWEDSESS/SWEDSESS return scheme derivation,5/23/24,0.00h,0.00h,,,,0.00h,,125.35h,21.67h,,,16942.17h,,,,,,
,PAYME-733,[TPH] Create test cases for Incoming returns/rejects scheme derivation,5/23/24,0.00h,0.00h,,,,0.00h,,125.38h,21.65h,,,16942.18h,,,,,,
,PAYME-732,[TPH] Create test cases for Incoming customer payments scheme derivation,5/22/24,0.00h,0.00h,,,,0.00h,,102.18h,22.07h,,,16965.02h,,,,,,
,PAYME-731,[TPH]Create test cases for Incoming Financial Transfers scheme derivation,5/22/24,,,,,0.02h,,,,124.32h,,,16965.02h,,,,,,
,PAYME-861,[FP] Support camt.106 and camt.105 in ISO message search,9/26/24,0.10h,1942.28h,,,,1026.20h,24.72h,195.72h,0.53h,,,13917.82h,,,,,,
,PAYME-730,[FP] - Catch incoming payment from unknown country (Payer bank clearing code issue),5/23/24,0.00h,96.40h,,,,67.63h,,0.45h,6.10h,,,16938.88h,,,,,,
,PAYME-859,[ISO Exchange] Receive and store camt.105.001.02_ChargesPaymentNotification_MultipleCharges,9/26/24,142.82h,1848.85h,,,,1102.73h,141.70h,3.03h,1.65h,,,13915.85h,,,,,,
,PAYME-862,[ISO Exchange] Receive and store camt.105.001.02_ChargesPaymentNotification,9/26/24,143.55h,1848.15h,,,,1081.55h,161.83h,4.08h,1.55h,,,13915.95h,,,,,,
,PAYME-863,[ISO Exchange] Receive and store camt.106.001.02_ChargesPaymentRequest,9/26/24,143.02h,1848.05h,,0.65h,,1077.83h,141.77h,0.43h,27.32h,,,13917.63h,,,,,,
,PAYME-860,[ISO Exchange] Receive and store camt.106.001.02_ChargesPaymentRequest_MultipleCharges,9/26/24,49.68h,1849.27h,,92.85h,,1050.95h,168.68h,2.07h,25.67h,,,13917.63h,,,,,,
,PAYME-728,Create test cases for Outgoing returns/rejects scheme derivation,5/23/24,,,,,0.07h,,,215.42h,1.80h,,,16945.00h,,,,,,
,PAYME-727,Create test cases for Outgoing/Onwards Financial Transfers scheme derivation,5/23/24,,,,,0.00h,,,175.20h,42.12h,,,16945.02h,,,,,,
,PAYME-726,Create test cases for Outgoing/onwards customer payments scheme derivation,5/23/24,,,,,0.00h,,,168.57h,48.77h,,,16945.02h,,,,,,
,PAYME-725,[ISO Exchange ] Onboard logs to Andromeda platform in test environment,9/18/24,0.70h,242.50h,,,,2783.30h,95.60h,3.20h,17.70h,,,14113.42h,,,,,,
,PAYME-724,[openshift] [test] Migrate W670/W668 services from scp-west-zone01-z01 -> scp-west-zone01-z02,6/7/24,0.00h,0.00h,,,,19.28h,672.57h,0.00h,0.02h,,,16585.55h,,,,,,
,PAYME-723,[openshift] Migrate to new openshift test clusters,5/22/24,0.00h,0.00h,,,,0.00h,312.53h,0.00h,0.00h,,,16968.33h,,,,,,
,PAYME-775,[DB] Disable returning incoming SEPA payments in FP,7/23/24,0.55h,1000.65h,,,,531.65h,0.17h,267.13h,22.88h,,,15475.90h,,,,,,
,PAYME-722,FP - Dedicated country field under Unstructured address,7/10/24,0.00h,122.05h,,525.63h,,0.00h,212.30h,463.27h,190.72h,,,15789.17h,,,,,,
,PAYME-776,[DB] Update incoming payment op_id configuration in FP,8/8/24,44.90h,1357.92h,1.83h,,,532.53h,0.03h,289.32h,5.58h,,,15092.98h,,,,,,
,PAYME-777,[DB] Disable sending SEPA case messages in Foreign Payments,7/19/24,217.05h,695.83h,,114.73h,,532.68h,18.17h,150.83h,21.48h,,,15574.57h,,,,,,
,PAYME-778,[DB] Disable sending SEPA payments in Foreign Payments,8/6/24,190.37h,837.25h,,,,551.50h,0.00h,170.07h,436.82h,,,15139.33h,,,,,,
,PAYME-721,Swift printer error affects EE swift flow for Securities Services,5/16/24,95.20h,0.00h,,,,202.02h,0.00h,46.63h,0.02h,,,17100.28h,,,,,,
,PAYME-800,(TEST) Reconcile SEPA payments (Day D+1),7/3/24,0.68h,1176.65h,,,,191.95h,,0.00h,123.20h,,,15958.18h,,,,,,
,PAYME-719,[grafana] Payment-services dashboard,6/11/24,0.00h,0.00h,,,,147.23h,119.87h,0.00h,839.35h,,,16485.43h,,,,,,
,PAYME-718,[openshift] Remove imagePull Secrets from payment services stack,4/26/24,0.00h,0.00h,,,,0.00h,22.92h,0.00h,0.03h,,,17593.05h,,,,,,
,PAYME-717,[openshift] Remove imagePull Secrets from payment-monitor,4/26/24,0.02h,0.00h,,,,0.00h,22.92h,0.00h,0.00h,,,17593.08h,,,,,,
Production bug,PAYME-716,[openshift] Remove imagePull Secrets from iso-exchange,4/25/24,0.00h,0.00h,,,,0.17h,17.38h,0.00h,0.00h,,,17619.17h,,,,,,
,PAYME-804,[iBank] Prefill of data in Payment form in iBank,7/15/24,1685.47h,0.02h,,71.18h,,0.00h,18.50h,145.00h,2.22h,,,15646.10h,,,,,,
Production bug,PAYME-714,[ISO-exchange] Lower logging level for response logging,4/23/24,0.02h,0.00h,,,,0.00h,0.22h,0.00h,0.00h,,,17658.65h,,,,,,
Production bug,PAYME-713,[ISO-exchange] Log archiving issue,4/25/24,0.13h,0.28h,,,,20.60h,2.23h,0.00h,41.63h,,,17619.05h,,,,,,
,PAYME-711,[DB] Debtor agent data needs correction,,0.00h,73.80h,,,,17635.48h,48.13h,,,,,,,,,,,
,PAYME-715,[Dev] [payment-services] Implement scheduled pod restart,5/7/24,102.10h,0.00h,,,,66.85h,141.45h,1.78h,123.82h,,,17324.80h,,,,,,
Production bug,PAYME-677,[FP] Debtor agent address is filled with additional spaces in DB,4/19/24,0.00h,1.92h,,,,18.18h,76.67h,0.10h,0.00h,,,17757.82h,,,,,,
Production bug,PAYME-743,STAR user can't authorize international payment if beneficiary's bank name is not filled in,5/30/24,0.00h,1008.25h,,,,0.00h,138.02h,3.15h,0.60h,,,16773.68h,,,,,,
Production bug,PAYME-675,[FP] application is crashing when DebtorAgent had only BIC in the message and no PostalAddress,4/12/24,0.00h,0.62h,,,,0.98h,3.78h,0.00h,0.27h,,,17924.62h,,,,,,
,PAYME-816,[iBank] Mass payment signatures being overwritten by multiple signers,9/4/24,0.00h,767.52h,113.10h,,,1723.18h,764.33h,126.15h,10.65h,,,14443.70h,,,,,,
,PAYME-674,[casc] Jenkins job to change replica count of application,4/15/24,0.00h,0.00h,,,,0.00h,91.72h,0.00h,0.00h,,,17857.70h,,,,,,
Production bug,PAYME-806,[ISO Exchange] Incoming payments got lost due to ISO Exchange pod restart,7/10/24,0.00h,1524.80h,139.45h,29.15h,,0.00h,26.05h,476.42h,147.78h,,,15768.17h,,,,,,
,PAYME-668,[SEPA-EXCHANGE] Create and integrate new Screening Module [Rules+NONSTP],4/15/24,0.03h,0.00h,,,,0.00h,,0.00h,266.48h,,,17851.73h,,,,,,
Production bug,PAYME-1136,"[EPE, payment-services] nested exception is java.sql.SQLException: ORA-00054: resource busy and acquire with NOWAIT",4/11/25,42.80h,8902.40h,,,,0.00h,27.30h,0.57h,0.00h,,,9190.78h,,,,,,
,PAYME-664,[CORE DB] Returns are added to wrong queue,4/10/24,1.70h,0.00h,,27.33h,,0.00h,27.52h,136.12h,5.32h,,,17972.05h,,,,,,
Production bug,PAYME-666,Report 'Incoming SCT Inst. payments with incomplete payers data' is incorrect after SEPA RB changes,5/3/24,1.38h,316.45h,,21.67h,,260.50h,142.53h,1.15h,27.85h,,,17421.10h,,,,,,
Production bug,PAYME-665,[ISO Exchange] Incoming pacs.008 from RTGS is not written into DB,4/10/24,0.00h,138.28h,,,,0.00h,25.17h,119.28h,23.13h,,,17977.43h,,,,,,
Production bug,PAYME-1029,STAR - Authorize FPO - Unable to authorize special case,2/25/25,0.00h,7841.92h,22.58h,1.22h,,0.00h,72.17h,0.65h,74.78h,,,10271.82h,,,,,,
,PAYME-712,FP - Catch incoming payment from unknown country,5/16/24,0.00h,76.15h,44.48h,665.08h,,95.82h,167.67h,165.00h,102.83h,,,17109.45h,,,,,,
,PAYME-661,[FP] Crash while saving Outgoing payment order,3/25/24,0.00h,0.00h,,,,0.00h,0.00h,77.58h,0.43h,,,18353.85h,,,,,,
Production bug,PAYME-678,[ISO-exchange] Incoming pacs.004 is not related to original message when received via another service,4/18/24,0.00h,597.47h,,,,1.12h,16.90h,49.88h,5.43h,,,17779.65h,,,,,,
,PAYME-659,"[CORE DB, ISOX DB] Backup Restore testing for International Payments Baltics",6/13/24,2.20h,547.70h,,,,1490.28h,0.00h,0.00h,0.00h,,,16438.43h,,,,,,
Production bug,PAYME-658,SEPA cross-border payments are not processed in Proswith/TPS due to national symbols,3/20/24,0.00h,2.95h,,,,0.00h,2.62h,15.08h,7.15h,,,18475.90h,,,,,,
,PAYME-895,[testing] Outgoing CBPR+ pacs.008/pacs.009COV - Creditor Agent unstructured address mapping,11/5/24,0.00h,712.77h,,,,4057.28h,,507.77h,288.50h,,,12954.72h,,,,,,
,PAYME-656,[FP] Sometimes incoming ISO returns store agent data in old structures,3/29/24,73.52h,0.62h,,,,19.07h,73.80h,124.97h,43.78h,,,18262.13h,,,,,,
,PAYME-652,[SEPA EXCHANGE] Create and integrate new Screening Module [Rules+NONSTP],4/3/24,0.00h,0.00h,,,,0.00h,,0.13h,485.32h,,,18138.25h,,,,,,
,PAYME-653,[Payment Services] Use risk screening holder channels and status in payments events service,3/28/24,2.50h,21.47h,70.40h,,,0.30h,21.13h,124.37h,119.38h,,,18288.97h,,,,,,
Production bug,PAYME-644,Monitoring application fails to send alerts from SQL monitoring,3/7/24,0.00h,0.03h,,,,0.00h,3.13h,0.00h,0.00h,,,18789.75h,,,,,,
,PAYME-643,[FP]: update payment events leftovers,9/13/24,4383.83h,0.00h,,,,23.27h,73.23h,3.02h,92.30h,,,14233.62h,,,,,,
Production bug,PAYME-810,Einvoice import: The bank BIC is not linked to the account,10/17/24,0.75h,2438.57h,265.65h,700.88h,,50.57h,260.47h,284.50h,201.88h,,,14561.13h,,,,,,
,PAYME-646,DB: create script to update currency conversion value for existing MT101 agreements,3/22/24,54.97h,260.82h,,,,90.92h,0.00h,3.17h,3.10h,,,18426.72h,,,,,,
,PAYME-837,Incoming payment fee - counterparty country indicator,10/29/24,0.00h,4600.47h,,215.03h,,485.75h,161.52h,0.97h,196.35h,,,13125.60h,,,,,,
Production bug,PAYME-812,iBank - pain.001 import - initiating party is not ignored,7/23/24,0.27h,3291.52h,,47.32h,,0.00h,22.67h,72.02h,23.33h,,,15476.62h,,,,,,
Production bug,PAYME-642,[FP] Employees username is not recorded in case of manual processing of ISO messages,3/13/24,0.00h,261.72h,,,,1.42h,45.05h,2.22h,3.53h,,,18644.32h,,,,,,
,PAYME-636,[DB] STAR: create MT101 in agreement with currency conversion not allowed,3/13/24,42.78h,74.85h,,,,47.27h,145.53h,1.88h,17.20h,,,18648.10h,,,,,,
Production bug,PAYME-635,[ISO-exchange] Vulnerabilities,4/11/24,0.00h,0.00h,66.48h,,,0.00h,644.70h,166.07h,154.15h,,,17950.32h,,,,,,
,PAYME-651,[DB] Additional grants for sepa-exchange,3/1/24,1.70h,0.00h,,,,0.00h,0.35h,0.98h,51.50h,,,18932.93h,,,,,,
Production bug,PAYME-634,[payment-monitor] Vulnerabilities,3/1/24,0.05h,0.00h,24.15h,,,0.00h,20.62h,0.00h,21.15h,,,18936.60h,,,,,,
,PAYME-630,[ISO-exchange] Remove metrics sending to influx db,2/26/24,0.00h,0.00h,,0.00h,,0.00h,67.85h,0.00h,0.00h,,,19032.58h,,,,,,
,PAYME-639,[DB] Additional grants for sepa-exchange,2/27/24,1.70h,0.00h,,,,0.00h,65.35h,26.07h,0.05h,,,19007.67h,,,,,,
,PAYME-638,[DB] new holder channel SPR and status descriptions,2/27/24,0.00h,0.00h,,,,25.07h,20.18h,144.05h,1.07h,,,19007.78h,,,,,,
,PAYME-682,(TEST) Send ST_UPDATE for recall or claim non-receipt related to legacy payment,9/13/24,0.15h,2608.82h,,,,2040.68h,,403.12h,30.43h,,,14231.37h,,,,,,
,PAYME-691,(Forms) Process incoming REC_REFUSE related to legacy payment,8/23/24,0.68h,2273.10h,,0.00h,,2231.58h,7.22h,16.85h,53.18h,,,14732.77h,,,,,,
,PAYME-683,(Forms) Send CL_RECEIPT for legacy payment,9/10/24,19.00h,2613.65h,17.42h,,,1898.78h,70.18h,334.97h,11.53h,,,14300.65h,,,,,,
,PAYME-694,"(Forms) Send CL_VD_RJCT, CL_NR_RJCT, CL_NR_ACCP answers related to legacy payment",9/20/24,18.75h,2614.28h,335.42h,,,1967.52h,4.48h,48.80h,216.85h,,,14060.45h,,,,,,
,PAYME-680,(Forms) Send REC_REFUSE for recall related to legacy payment,8/23/24,18.75h,2278.32h,,,,1432.30h,846.85h,0.12h,30.40h,,,14731.97h,,,,,,
,PAYME-695,(Forms) Process incoming RECALL related to legacy payment,5/29/24,19.18h,1612.05h,,,,545.12h,144.63h,72.60h,126.30h,,,16795.38h,,,,,,
,PAYME-684,(Forms) Send RECALL for legacy outgoing payment,6/26/24,19.80h,1612.27h,,,,690.10h,72.28h,361.65h,437.33h,,,16122.55h,,,,,,
,PAYME-625,[bca-reports] Filebarn changes,3/25/24,0.02h,0.02h,313.63h,,,25.37h,310.77h,136.40h,172.77h,,,18357.77h,,,,,,
,PAYME-688,(Forms) Show details of DP case related to legacy payment,9/20/24,21.08h,2614.67h,164.02h,,,943.97h,1057.75h,119.58h,336.07h,,,14060.23h,,,,,,
,PAYME-692,(Forms) Show legacy payment details,7/18/24,27.13h,1442.05h,133.13h,164.40h,,363.12h,1084.95h,278.50h,228.22h,,,15596.22h,,,,,,
,PAYME-689,(Forms) Enable searching legacy messages,5/29/24,48.15h,1606.53h,,,,137.27h,225.75h,357.60h,162.00h,,,16801.47h,,,,,,
,PAYME-623,[epe] Update filebarn url,2/19/24,0.00h,0.00h,,,,0.00h,43.37h,119.87h,5.73h,,,19195.48h,,,,,,
Production bug,PAYME-641,[iBank] here are incorrect data on the e-invoice standing order agreement (SOA) in case customer name contains national letters,4/11/24,0.13h,577.00h,,,,410.90h,304.37h,168.17h,23.92h,,,17953.48h,,,,,,
Production bug,PAYME-612,Iso-exchange failing on startup due to atomikos log file locking,2/8/24,0.02h,0.00h,,,,0.00h,73.22h,0.00h,0.00h,,,19457.45h,,,,,,
,PAYME-611,[FT] Introduce manual handling of payments stopped due to screening hits,3/28/24,0.03h,0.00h,665.92h,,,30.32h,430.42h,1.88h,190.70h,,,18281.98h,,,,,,
Production bug,PAYME-610,[CORE DB] incorrect DOK_VIIDE for return transaction,3/5/24,1.07h,71.03h,,,,361.53h,328.93h,0.87h,5.95h,,,18834.10h,,,,,,
Production bug,PAYME-608,[CORE DB] Ledgers (return charges) issue,2/21/24,0.20h,72.12h,,,,214.17h,147.60h,16.95h,5.67h,,,19147.08h,,,,,,
,PAYME-647,[SEPA-Exchange] Create and integrate new Screening Module [Rules],3/15/24,502.53h,0.40h,,,,124.27h,339.43h,40.15h,26.70h,,,18598.53h,,,,,,
Production bug,PAYME-588,ISOExchange messages logs are missing on Openshift,2/5/24,0.00h,92.65h,,,,0.00h,4.65h,67.80h,0.00h,,,19536.15h,,,,,,
,PAYME-565,"[ibank, epe] [prod] Configure application to use openshift-iso-exchange",1/30/24,0.00h,0.00h,,,,0.00h,24.73h,0.00h,0.00h,,,19680.10h,,,,,,
,PAYME-563,[CORE DB] Replace not-allowed characters in cross-border camt.027 (CL_RECEIPT),2/14/24,0.00h,41.72h,,,,430.78h,1.53h,2.92h,45.32h,,,19320.03h,,,,,,
,PAYME-562,[CORE DB] Replace not-allowed characters in cross-border camt.029 (REC_REFUSE),2/15/24,0.02h,41.87h,,,,101.15h,380.13h,4.22h,24.55h,,,19290.53h,,,,,,
,PAYME-561,[CORE DB] Replace not-allowed characters in cross-border camt.056 (RECALL),2/6/24,0.37h,42.00h,,,,1.25h,96.82h,165.73h,27.15h,,,19509.65h,,,,,,
,PAYME-850,Create Correspondent Accounts API endpoint core-correspondent-accounts/transactions,12/11/24,5548.60h,688.85h,49.42h,,,1.48h,1078.20h,21.77h,386.53h,,,12091.65h,,,,,,
,PAYME-886,[iBank PB]: update international & domestic PDFs and agreement number in all ASICE files for standing orders,11/13/24,71.35h,6173.30h,0.08h,,,0.00h,714.90h,76.33h,73.78h,,,12762.60h,,,,,,
,PAYME-559,[ISO-exchange] Change mTLS config to disable it in webUI,1/24/24,0.00h,0.00h,25.07h,,,0.00h,27.17h,0.13h,0.70h,,,19819.80h,,,,,,
,PAYME-620,[TPH] Configurational items in SNAP,6/5/24,1920.05h,0.00h,,,,917.15h,,,,475.55h,,16630.55h,,,,,,
,PAYME-613,AOB WS WITH SE,2/23/24,838.38h,,,,,,,,,,,19104.98h,,,,,,
,PAYME-615,AOB WS with TE,2/23/24,838.38h,,,,,,,,,,,19104.98h,,,,,,
,PAYME-614,[TPH] JMS Setup,5/16/24,1439.38h,0.00h,,480.80h,,507.13h,,,,409.87h,,17106.22h,,,,,,
,PAYME-618,[TPH] Oracle DB set up,5/16/24,1919.85h,0.00h,,0.37h,,507.17h,,,,409.87h,,17106.22h,,,,,,
,PAYME-616,[TPH] Technical Config,5/9/24,1920.13h,0.00h,,,,237.52h,504.97h,0.00h,0.00h,,,17280.90h,,,,,,
,PAYME-619,Build automation pipeline set up,4/18/24,650.57h,0.02h,,,,0.00h,1514.48h,0.00h,0.00h,,,17778.48h,,,,,,
,PAYME-622,[TPH] SSO for TPH UI set up,6/5/24,1920.33h,0.00h,,,,742.52h,649.70h,0.00h,0.00h,,,16631.20h,,,,,,
,PAYME-621,[TPH] Loadbalancer F5 config and set up,6/5/24,1920.65h,0.00h,,,,1414.93h,1.28h,0.00h,0.00h,,,16631.20h,,,,,,
,PAYME-617,Namespaces creation for TPH,2/19/24,650.87h,0.00h,,,,0.00h,93.10h,0.00h,0.00h,,,19200.57h,,,,,,
,PAYME-686,(sepa-exchange) Process returned legacy outgoing payment,7/12/24,793.73h,1442.20h,46.37h,45.83h,,166.42h,356.93h,1119.40h,253.18h,,,15741.67h,,,,,,
,PAYME-826,[Smart form] In LV outgoing payment is allowed without Reference number to accounts where it is mandatory,9/24/24,0.05h,5176.43h,4.00h,0.02h,,0.00h,672.68h,95.38h,3.10h,,,14010.72h,,,,,,
,PAYME-824,[sepa-exchange] LV mandatory creditor reference validation missing for domestic incoming payments,9/5/24,19.95h,5009.02h,167.52h,47.52h,,0.00h,79.88h,161.18h,31.28h,,,14446.40h,,,,,,
Production bug,PAYME-558,[grafana] Errors in logs,1/22/24,0.00h,0.00h,,,,0.00h,114.22h,0.00h,0.00h,,,19872.98h,,,,,,
,PAYME-557,[FP] Show ISO_AGENTS from ARCH DB,2/15/24,0.03h,143.02h,70.65h,,,327.17h,123.40h,4.62h,46.27h,,,19295.77h,,,,,,
,PAYME-556,[CORE DB] Update ledger and transaction details for new incoming return op_id's,1/29/24,69.88h,74.88h,,,,2.15h,18.58h,143.15h,2.82h,,,19701.48h,,,,,,
,PAYME-631,[DB] Double authorization for Cancel payment & and reverse trans,3/7/24,0.02h,1007.88h,,,,145.68h,49.72h,21.80h,4.95h,,,18787.20h,,,,,,
Production bug,PAYME-554,[payment-monitor] Lots of warnings in logs,1/18/24,0.00h,0.00h,,,,0.00h,45.67h,28.75h,0.20h,,,19965.62h,,,,,,
,PAYME-690,[Forms] Return legacy incoming payment,7/22/24,938.63h,1776.98h,93.82h,45.83h,,834.97h,312.48h,312.43h,296.68h,,,15498.80h,,,,,,
,PAYME-552,Wrong label is displayed for payment from List of payments,1/17/24,0.00h,16.50h,,,,0.00h,6.10h,72.83h,46.78h,,,19987.00h,,,,,,
,PAYME-551,"Change the functionality behind 'To customer account', 'Making return', 'Making repeal', 'Crediting to ledger'",2/2/24,22.38h,0.00h,,,,329.75h,78.68h,19.93h,78.68h,,,19601.37h,,,,,,
,PAYME-550,Add possibility to provide the reason of cancellation on the payment repeal form,2/2/24,22.68h,0.00h,,,,309.70h,6.53h,14.93h,170.93h,,,19606.32h,,,,,,
,PAYME-549,Create new form for reviewing results of risk screening and managing outgoing payments,2/2/24,22.73h,0.00h,,,,267.67h,41.15h,22.35h,170.05h,,,19607.20h,,,,,,
,PAYME-548,Create new form for reviewing results of risk screening and managing incoming payments,1/23/24,1.42h,0.00h,,,,0.00h,262.95h,0.28h,18.13h,,,19848.40h,,,,,,
,PAYME-547,Modify existing incoming/outgoing payment form to show risk screening results,1/26/24,22.83h,0.02h,,,,241.65h,25.98h,63.52h,6.70h,,,19770.57h,,,,,,
,PAYME-546,Create new form for viewing results of risk screening,2/2/24,22.88h,0.00h,,,,143.27h,100.18h,87.73h,170.82h,,,19606.45h,,,,,,
,PAYME-545,Create new table for payments comments,1/30/24,22.90h,0.00h,,,,92.78h,317.72h,17.85h,2.18h,,,19677.93h,,,,,,
,PAYME-543,Create new menu 'Risk screening',1/22/24,45.40h,0.00h,,,,170.40h,1.85h,66.73h,0.33h,,,19869.15h,,,,,,
Production bug,PAYME-542,[ibank]Open Payments from archive error,1/12/24,0.00h,0.00h,,,,0.00h,,27.20h,46.32h,,,20107.20h,,,,,,
,PAYME-541,[CORE DB] Payments missing from LV Central Bank report NAMP,,0.00h,338.40h,,,,17829.47h,2014.45h,,,,,,,,,,,
,PAYME-538,Deploy monitoring stack with helm charts,1/12/24,0.00h,0.02h,,,,0.00h,190.00h,0.00h,0.03h,,,20110.70h,,,,,,
,PAYME-535,Renew Rancher [PROD] iso-exchange application certificates,1/3/24,0.00h,0.00h,,,,0.60h,,2.80h,0.12h,,,20321.70h,,,,,,
Production bug,PAYME-534,[ibank] show incorrect status when sending to offline,1/26/24,0.50h,122.78h,,0.00h,,0.00h,263.80h,163.75h,2.97h,,,19774.27h,,,,,,
Production bug,PAYME-533,incorrect balance in /private/d2d/payments2/rates/currencyExchange,1/8/24,139.33h,0.00h,,,27.98h,0.00h,24.33h,1.40h,73.88h,,,20202.28h,,,,,,
,PAYME-596,[CORE DB]: update payment events,3/18/24,763.07h,934.42h,,,,0.00h,127.97h,189.47h,94.58h,,,18525.10h,,,,,,
,PAYME-539,[FP] Agents and Addresses are not shown for archived payments,1/19/24,0.03h,674.82h,,,,0.22h,24.92h,20.80h,49.70h,,,19940.40h,,,,,,
,PAYME-531,[ibank] [test] Configure application to use openshift-iso-exchange,12/19/23,0.00h,0.00h,,,,70.22h,1.43h,0.88h,19.75h,,,20687.53h,,,,,,
,PAYME-595,STAR: remove possibility to provide cover currency for MT101 payments,2/15/24,931.20h,340.07h,,,,170.32h,41.60h,29.37h,0.35h,,,19289.83h,,,,,,
,PAYME-532,Renew Rancher [GATE|TEST] iso-exchange application certificates,12/22/23,23.67h,0.00h,20.25h,0.00h,,0.00h,71.42h,23.50h,49.07h,,,20615.27h,,,,,,
,PAYME-537,Decommission sb-w668-payment-services namespace,1/12/24,501.43h,0.00h,,,,0.02h,193.52h,0.00h,0.00h,,,20110.70h,,,,,,
,PAYME-594,Update MT101 incoming SWIFT payment processor - remove currency conversion,3/7/24,1075.42h,339.97h,30.80h,,,210.78h,24.13h,402.92h,74.45h,,,18788.52h,,,,,,
,PAYME-593,Update MT101 payment order converter - do not store cover currency,2/29/24,1075.45h,339.78h,16.75h,,,96.67h,191.80h,197.48h,73.65h,,,18955.42h,,,,,,
Production bug,PAYME-526,[EPE] Value date not corrected for offline mass payments,12/13/23,0.00h,0.40h,,71.93h,,7.10h,0.00h,0.72h,42.95h,,,20826.08h,,,,,,
Production bug,PAYME-525,[FP] LVMKBatch LT fails to create incoming payments,12/12/23,0.02h,76.40h,,,,0.12h,19.57h,1.03h,0.93h,,,20854.50h,,,,,,
Production bug,PAYME-527,ibank user can't change defined foreign payment,12/19/23,0.83h,90.08h,93.93h,,,0.00h,46.63h,33.28h,22.53h,,,20684.77h,,,,,,
Production bug,PAYME-528,iBank Standing Orders layout - table issue,12/15/23,0.07h,120.03h,,,,0.00h,25.32h,64.33h,1.38h,,,20783.68h,,,,,,
Production bug,PAYME-523,[Ibank] mass payment signing error Attempt to use connection after it was closed,1/3/24,0.27h,0.00h,,337.20h,,0.32h,317.75h,3.90h,18.43h,,,20322.62h,,,,,,
Production bug,PAYME-522,[EPE] EPE slowness during debiting big mass payment files,12/22/23,0.00h,0.00h,,,,0.42h,412.77h,0.03h,0.03h,,,20611.22h,,,,,,
,PAYME-521,test,12/13/23,215.98h,0.00h,,,,0.00h,0.72h,,,,,20831.07h,,,,,,
Production bug,PAYME-520,iBank payment limit validation is sent to EPE. ERROR,1/9/24,0.07h,1.70h,19.78h,7.88h,,0.00h,102.98h,158.73h,124.37h,,,20634.02h,,,,,,
,PAYME-586,Drop connection form ISO-exchange to Filebarn,2/14/24,1746.87h,0.00h,,,,0.00h,4.57h,1.40h,43.05h,,,19320.05h,,,,,,
Production bug,PAYME-517,IBANK: Incoming international instant payment details are missing values if ID is Other ID,4/11/24,95.33h,167.62h,290.35h,,,1104.02h,1180.23h,140.98h,214.08h,,,17946.40h,,,,,,
,PAYME-516,IBANK: Wrong format for Other ID as ID type in Smart form,12/7/23,18.42h,0.00h,,,,0.00h,3.10h,4.20h,142.00h,,,20972.43h,,,,,,
Production bug,PAYME-514,[FP] Outgoing ISO message was duplicated due to missing response from ISOExchange API,1/17/24,197.23h,120.88h,2.00h,,,0.00h,119.63h,235.18h,2.28h,,,20487.70h,,,,,,
Production bug,PAYME-513,"EINVOICE: einvoice to other bank gets errorcode 7 , if seller name length is >70",12/12/23,20.47h,0.00h,,,,0.00h,1.05h,286.33h,2.73h,,,20854.80h,,,,,,
Production bug,PAYME-512,[FP] Log improvement for event adding failure,11/30/23,1.83h,1.88h,,,,0.00h,20.13h,4.75h,2.47h,,,21138.35h,,,,,,
Production bug,PAYME-553,[openshift payment-monitor] Failed to re-connect connection that expired because of maxAge,1/17/24,0.00h,1173.45h,,,,0.00h,48.12h,0.00h,0.05h,,,19994.52h,,,,,,
,PAYME-491,[ibank] Configure application to use openshift-iso-exchange,12/15/23,99.75h,0.00h,,,,381.52h,2.20h,19.17h,2.38h,,,20782.87h,,,,,,
,PAYME-490,[EPE] Configure application to use openshift-iso-exchange,12/18/23,70.80h,0.00h,22.45h,,,0.00h,341.92h,98.47h,45.77h,,,20708.50h,,,,,,
,PAYME-489,[Test] Perform testing of iso-exchange in the Openshift,1/29/24,982.67h,0.00h,,,,601.93h,,0.02h,0.02h,,,19703.32h,,,,,,
Production bug,PAYME-483,[FP] Transactions in Own transfers can't be done to RTGS and EURO1 accounts,11/24/23,0.47h,15.85h,,,,0.00h,0.90h,0.18h,1.27h,,,21287.33h,,,,,,
,PAYME-505,[CORE DB] Debit repeal fee for x-border payment,1/29/24,0.12h,412.47h,,21.45h,,906.30h,103.60h,46.65h,118.28h,,,19700.47h,,,,,,
,PAYME-481,Test Story ePay 3,11/26/23,98.73h,,,,,,,,,,,21232.35h,,,,,,
,PAYME-482,[CORE DB] payment to the belarusian bank is not stopped by cut off rules,11/24/23,0.00h,18.58h,,,,0.67h,6.25h,19.58h,0.70h,,,21285.57h,,,,,,
,PAYME-540,[Ibank] Labels missing in grouped payments notifications for instant payments error codes,1/17/24,0.00h,1121.65h,,,,0.00h,31.10h,0.78h,186.03h,,,19991.80h,,,,,,
,PAYME-570,"STEP2, domestic: send and receive camt.029.001.09",2/6/24,0.00h,1849.48h,,,,0.00h,,0.00h,0.88h,,,19508.65h,,,,,,
,PAYME-568,"STEP2, domestic: send and receive pacs.028.001.03",2/6/24,0.00h,1846.53h,,,,0.00h,,0.00h,4.32h,,,19508.22h,,,,,,
,PAYME-580,"STEP2, domestic: send and receive pacs.008.01.08 (fee payment)",2/7/24,0.00h,1850.50h,,,,0.00h,,0.00h,19.37h,,,19489.27h,,,,,,
,PAYME-579,"STEP2, domestic: receive camt.087.001.06",2/6/24,0.00h,1849.52h,,,,0.00h,,0.00h,0.02h,,,19509.60h,,,,,,
,PAYME-575,"STEP2, domestic: send and receive camt.027.001.07",2/6/24,0.00h,1828.57h,,,,0.00h,,0.00h,22.28h,,,19508.32h,,,,,,
,PAYME-574,"STEP2, domestic: send and receive pacs.028.001.03",2/6/24,0.00h,1846.63h,,,,0.00h,,0.00h,3.68h,,,19508.87h,,,,,,
,PAYME-571,"STEP2, foreign: send and receive camt.029.001.09",2/7/24,0.02h,1850.72h,,,,0.00h,,0.00h,23.58h,,,19484.93h,,,,,,
,PAYME-573,"STEP2, domestic: send and receive camt.029.001.09",2/7/24,0.00h,1850.47h,,,,0.00h,,0.00h,23.55h,,,19485.25h,,,,,,
,PAYME-567,"STEP2, foreign: send and receive pacs.004.001.09",2/7/24,0.00h,1847.45h,,,,0.00h,,0.00h,21.72h,,,19490.13h,,,,,,
,PAYME-576,"STEP2, domestic: send and receive pacs.004.001.09",2/6/24,0.08h,1847.20h,,,,0.00h,,0.00h,4.17h,,,19507.87h,,,,,,
,PAYME-572,"STEP2, foreign: send and receive camt.056.001.08",2/6/24,0.12h,1828.58h,,,,0.00h,,0.00h,22.27h,,,19508.38h,,,,,,
,PAYME-569,"STEP2, domestic: send and receive camt.056.001.08",2/6/24,0.15h,1828.48h,,,,0.00h,,0.00h,22.22h,,,19508.53h,,,,,,
,PAYME-578,"STEP2, foreign: send and receive pacs.008.01.08",2/6/24,0.17h,1822.92h,,,,0.00h,,0.00h,27.77h,,,19508.55h,,,,,,
,PAYME-577,"STEP2, domestic: send and receive pacs.008.01.08",2/6/24,0.20h,1822.93h,,,,0.00h,,0.00h,27.97h,,,19508.32h,,,,,,
,PAYME-496,[FT] Introduce manual handling of payments stopped due to screening hits,2/2/24,1229.22h,0.00h,,,,430.53h,19.50h,73.88h,5.17h,,,19601.27h,,,,,,
,PAYME-495,[DB] New table for maintaining screening hits,1/4/24,315.22h,168.85h,,,,41.98h,512.22h,15.92h,5.10h,,,20300.32h,,,,,,
,PAYME-637,[SEPA-Exchange] Create and integrate new Screening Module [NONSTP],3/15/24,1947.97h,20.57h,,,,140.13h,198.22h,253.95h,152.33h,,,18598.55h,,,,,,
,PAYME-493,[FP] Adjust payment processing flow to use new rules sets for warnings,1/17/24,481.58h,2.30h,22.93h,,,590.50h,161.48h,26.97h,83.87h,,,19990.15h,,,,,,
,PAYME-497,[CORE DB] Extract payment processing rules into separate rules sets,2/14/24,1396.53h,121.78h,,,,548.98h,0.00h,1.72h,0.27h,,,19314.60h,,,,,,
,PAYME-587,Filebarn on Andromeda - adaption for E-invoices,3/27/24,1823.30h,0.00h,390.30h,0.00h,,78.20h,6.73h,689.13h,64.82h,,,18307.58h,,,,,,
,PAYME-585,Filebarn on Andromeda - adaption for Payments,3/27/24,1921.18h,0.00h,,,,124.93h,1051.90h,0.00h,0.00h,,,18310.13h,,,,,,
,PAYME-465,[ISOX DB] Manual import MSG_XML data from temporary table,11/27/23,0.10h,0.00h,,0.00h,,256.18h,,0.00h,0.00h,,,21217.35h,,,,,,
,PAYME-645,DB: create script to change all active Domestic and Standing orders to not allow currency conversion,3/25/24,2689.62h,260.68h,,,,162.47h,0.72h,4.02h,2.23h,,,18354.60h,,,,,,
,PAYME-592,iBank: remove Currency conversion for Foreign standing order,2/14/24,1554.95h,339.45h,6.10h,,,67.35h,8.08h,42.57h,91.40h,,,19316.58h,,,,,,
,PAYME-591,iBank: remove Currency conversion for Domestic standing order,2/14/24,1602.97h,339.42h,5.98h,,,22.62h,52.87h,42.55h,93.03h,,,19315.10h,,,,,,
,PAYME-590,"STAR: remove ""Convert indicator"" for Foreign standing order",2/15/24,1603.72h,339.90h,2.83h,,,163.43h,5.77h,36.75h,30.20h,,,19292.67h,,,,,,
,PAYME-589,"STAR: remove ""Convert indicator"" for Domestic standing order",2/13/24,1603.73h,339.88h,,,,95.43h,73.45h,19.05h,3.12h,,,19340.63h,,,,,,
,PAYME-530,Investigate possibility to set own influx-DB or own Grafana,12/14/23,22.80h,0.00h,,648.43h,,0.00h,0.00h,0.00h,0.00h,,,20805.75h,,,,,,
Production bug,PAYME-459,Payment Monitor - Stale file handle,11/17/23,0.00h,0.00h,,,,0.00h,25.78h,0.00h,24.63h,,,21454.20h,,,,,,
,PAYME-504,[CORE DB] Send pacs.004.001.09 (RETURN) for recalled incoming x-border payment,2/2/24,219.20h,408.88h,,25.15h,,833.95h,52.85h,217.57h,170.48h,,,19600.45h,,,,,,
Production bug,PAYME-458,Payment-monitor Application Fails on Alert Sending,11/17/23,0.00h,0.00h,,,,3.98h,45.97h,0.00h,24.65h,,,21454.20h,,,,,,
,PAYME-584,[TEST] receive pacs.028 (ST_UPDATE) for x-border camt.056 or camt.027 or camt.087,2/7/24,169.60h,1846.33h,,,,0.00h,,43.65h,6.23h,,,19482.10h,,,,,,
,PAYME-583,[TEST] send pacs.028 (ST_UPDATE) for x-border camt.056 or camt.027,2/7/24,169.48h,1846.20h,,,,0.02h,,26.18h,17.67h,,,19488.35h,,,,,,
,PAYME-582,[TEST] send camt.029 (CL_VD_RJCT) for x-border camt.087,2/6/24,169.15h,1846.82h,,,,0.00h,,23.78h,2.10h,,,19506.07h,,,,,,
,PAYME-581,[TEST] receive camt.087 (CL_VALUE) for x-border pacs.008,2/6/24,169.03h,1846.92h,,,,0.00h,,22.35h,1.42h,,,19508.20h,,,,,,
,PAYME-511,[INV] Receive pacs.008 fee payment (CT with FCOL/INTE/FCIN) for x-border camt.029 accept,1/11/24,168.95h,0.00h,,1246.97h,,,,,,,,20132.02h,,,,,,
,PAYME-510,"[TEST] Send camt.029 (CL_NR_ACCP, CL_NR_RJCT) for x-border camt.027",12/13/23,168.95h,503.78h,,,,21.87h,,3.40h,23.80h,,,20826.13h,,,,,,
,PAYME-509,[TEST] Receive camt.027 (CL_RECEIPT) for x-border pacs.008,12/12/23,168.25h,504.48h,,,,21.87h,,0.93h,2.43h,,,20849.97h,,,,,,
,PAYME-508,[CORE DB] Send pacs.008 fee payment (CT with FCOL/INTE/FCIN) for x-border camt.029 accept,1/24/24,46.38h,612.53h,218.77h,90.22h,,69.42h,19.15h,558.43h,114.23h,,,19818.78h,,,,,,
,PAYME-507,"[TEST] Receive camt.029 (CL_NR_ACCP, CL_NR_RJCT) for x-border camt.027",1/10/24,168.27h,504.47h,381.55h,,,21.88h,,46.18h,272.05h,,,20153.55h,,,,,,
,PAYME-506,[TEST] Send camt.027 (CL_RECEIPT) for x-border pacs.008,1/8/24,168.05h,504.67h,359.87h,,,21.88h,0.02h,4.28h,286.80h,,,20202.37h,,,,,,
,PAYME-503,[CORE DB] Send pacs.004.001.09 (RETURN) for incorrect incoming x-border payment,1/24/24,238.35h,164.92h,941.77h,24.17h,,21.47h,0.00h,194.13h,143.52h,,,19819.63h,,,,,,
,PAYME-502,[TEST] Send camt.029 (REC_REFUSE) for x-border recall,12/11/23,2.42h,425.02h,,,,0.00h,,169.12h,75.23h,,,20876.20h,,,,,,
,PAYME-501,[TEST] Receive camt.056 (RECALL) for x-border payment,12/11/23,1.53h,425.90h,,,,0.00h,,71.83h,169.52h,,,20879.23h,,,,,,
,PAYME-500,[TEST] Receive pacs.004.001.09 (RETURN) for x-border payment (FOCR + ordinary return),1/17/24,236.78h,1251.65h,,23.62h,,0.00h,,45.20h,0.02h,,,19990.72h,,,,,,
,PAYME-499,[TEST] Receive camt.029 (REC_REFUSE) for x-border recall,1/23/24,1.35h,426.00h,859.18h,,,0.07h,,384.83h,33.68h,,,19842.88h,,,,,,
,PAYME-498,[CORE DB] Send camt.056 (RECALL) for x-border payment,1/23/24,238.33h,412.22h,,22.00h,,569.72h,264.38h,24.25h,168.87h,,,19848.23h,,,,,,
Production bug,PAYME-453,Payment-monitor produces a lot of alerts,11/27/23,1.22h,0.00h,,,,0.65h,3.93h,0.00h,331.85h,,,21216.93h,,,,,,
Production bug,PAYME-451,Document No. is not increasing for Business clients.,11/15/23,0.00h,0.83h,,,,0.05h,92.02h,26.00h,4.35h,,,21499.80h,,,,,,
Production bug,PAYME-450,[Ibank] Payments are not appearing in the List of Payments,11/9/23,0.00h,0.00h,,0.28h,,1.65h,2.33h,0.97h,0.00h,,,21642.87h,,,,,,
,PAYME-449,[ibank] Signature disappearing in mass payment after fix CALLS-269,11/17/23,0.05h,0.00h,,,,0.00h,18.42h,147.62h,47.35h,,,21452.43h,,,,,,
,PAYME-448,[CORE DB] add missing rights for FP users,11/10/23,1.40h,0.00h,,,,0.00h,0.00h,2.60h,43.57h,,,21625.05h,,,,,,
,PAYME-447,[ISO-exchange] Remove basic auth for API access,11/10/23,0.00h,0.00h,,,,0.00h,29.48h,1.63h,17.70h,,,21623.93h,,,,,,
Production bug,PAYME-445,[FP]Related payment is not found in Investigation/Message processing,11/9/23,0.00h,45.25h,,,,0.00h,,3.75h,25.97h,,,21643.82h,,,,,,
,PAYME-444,[STAR] add validation to beneficiary's structured address in foreign standing order/defined and regular payment form,11/14/23,16.32h,0.02h,1.33h,,,0.12h,160.52h,0.83h,180.10h,,,21522.82h,,,,,,
,PAYME-461,IBANK: Incoming international instant payment details are missing information for IDs,11/29/23,461.60h,0.00h,,,,0.00h,19.08h,6.13h,312.37h,,,21161.97h,,,,,,
,PAYME-441,[FP] camt.029 (SEPA Recall Refuse): sometimes additional information can't be filled,11/15/23,0.93h,71.48h,,23.83h,,358.75h,,19.90h,0.85h,,,21504.32h,,,,,,
Production bug,PAYME-443,[CORE DB] Problem appears in MT950 statemen: mt103/pacs.008 to loro account was set to 'S008'. It is not allowed.,11/13/23,0.00h,286.80h,,27.48h,,0.00h,26.27h,23.15h,91.13h,,,21552.67h,,,,,,
Production bug,PAYME-439,[STAR] Beneficiary bank unstructured address issue,10/30/23,0.12h,18.57h,,,,0.00h,21.52h,31.42h,72.55h,,,21883.23h,,,,,,
Production bug,PAYME-438,STAR: Beneficiary bank name is missing after validation,10/24/23,0.18h,0.95h,,,,19.72h,4.58h,0.65h,0.78h,,,22027.62h,,,,,,
,PAYME-434,[FP] Establish connection with ISO-exchange in Openshift,2/8/24,120.20h,95.10h,403.95h,47.50h,,1676.97h,313.72h,6.52h,23.58h,,,19459.30h,,,,,,
,PAYME-436,Ibank: NullPointerException on trying to open RT1 international incoming payment from Citadele,10/27/23,0.12h,23.05h,25.98h,,,0.00h,67.47h,3.92h,66.75h,,,21961.32h,,,,,,
,PAYME-436,Ibank: NullPointerException on trying to open RT1 international incoming payment from Citadele,10/27/23,0.12h,23.05h,25.98h,,,,,0.00h,67.47h,3.92h,66.75h,,,,,21961.35h,,
,PAYME-432,[ISO-exchange] [DEV] Establish connection with ibank,10/20/23,0.00h,0.00h,,,,,,0.00h,25.60h,0.00h,0.00h,,,,,22125.88h,,
Production bug,PAYME-442,[FP] ISO messages events are displayed in wrong order,11/8/23,0.00h,292.43h,,,,,,210.45h,,0.13h,0.82h,,,,,21672.65h,,
,PAYME-431,[CORE ARCH DB] SWIFT Standards changes 2023 in Trafis (DB changes),10/26/23,0.07h,0.07h,,26.98h,,,,21.80h,19.30h,76.60h,72.93h,,,,,21980.38h,,
Production bug,PAYME-428,"[FP] FP registering error, caused by tribal dances around the fire - Part 2",11/7/23,0.03h,5.02h,,,,,,71.50h,96.38h,332.95h,26.77h,,,,,21693.20h,,
,PAYME-426,[ISO-exchange] [PROD] Setup mTLS,11/14/23,651.35h,0.00h,,,,,,0.08h,116.38h,0.00h,0.00h,,,,,21524.88h,,
,PAYME-425,[ISO-exchange] [TEST] Setup mTLS,10/27/23,328.98h,0.00h,,,,,,0.00h,6.82h,0.00h,0.00h,,,,,21956.90h,,
,PAYME-424,[ISO-exchange] [GATE] Setup mTLS,11/14/23,140.00h,,,,,,,,,,,,,,,22152.73h,,
,PAYME-423,[ISO-exchange] [DEV] Setup mTLS,10/19/23,115.53h,0.00h,,,,,,0.00h,24.43h,0.00h,0.00h,,,,,22152.78h,,
Production bug,PAYME-418,"[FP] FP registering error, caused by tribal dances around the fire",10/13/23,0.00h,4.70h,,,,,,0.00h,,0.42h,0.23h,,,,,22292.23h,,
,PAYME-417,[FP] Incoming Sepa addresses issue,10/27/23,0.22h,94.28h,,,,,,21.48h,146.72h,91.53h,5.53h,,,,,21955.87h,,
Production bug,PAYME-446,[Einvoice] SOP errorcode 7 ( (payment failed- incorrect payment data) in case domestic (SO) payment,11/29/23,453.35h,0.00h,2.40h,357.87h,,,,0.00h,43.38h,308.68h,7.58h,,,,,21167.05h,,
,PAYME-416,[CORE DB] Stop processing SEPA payments in VVMKBatch (Foreign Payments) during new RB activation,3/13/24,6.65h,127.38h,2497.83h,,,,,480.03h,,367.38h,219.78h,,,,,18643.27h,,
,PAYME-415,[CORE-DB] Update DB interface for loading nostro account transactions to GDW,10/12/23,1.05h,0.00h,,,,,,0.00h,17.03h,2.13h,25.52h,,,,,22317.20h,,
Production bug,PAYME-437,Defined payment: there is not possible to update defined payment after payment execution from list of payment,10/30/23,0.00h,308.27h,,,,,,46.20h,60.62h,61.58h,5.63h,,,,,21883.50h,,
,PAYME-454,IBANK: date picker is displayed incorrectly,11/16/23,838.92h,0.00h,,,,,,1.58h,23.08h,24.20h,21.03h,,,,,21479.27h,,
,PAYME-435,Not allowed fields for outgoing camt.029.001.09 - CL_NR_RJCT,10/24/23,0.00h,68.62h,,2.83h,,,,122.57h,18.47h,27.40h,124.25h,,,,,22028.72h,,
,PAYME-413,[DB] Add VMK_FRAGMENT for CAMT.055 and CAMT.058 processing,10/11/23,0.00h,2.10h,,,,,,48.03h,2.40h,1.18h,0.17h,,,,,22340.87h,,
Production bug,PAYME-412,[Ibank] Issues with signing salary payments (LMT),1/9/24,2283.33h,,,,,,,,,,,,,,,20179.92h,,
,PAYME-411,[DB] Add CM_RULES for CAMT.055 and CAMT.058 processing,10/11/23,0.00h,96.80h,,,,,,47.83h,2.60h,0.65h,0.52h,,,,,22341.05h,,
,PAYME-410,[FP] Rulebook leftovers,10/18/23,112.22h,0.02h,16.58h,71.57h,,,,0.00h,6.42h,93.15h,32.22h,,,,,22174.55h,,
,PAYME-414,[ibank] Signature disappearing in mass payment after 2nd sign,10/23/23,0.00h,0.00h,23.03h,148.38h,,,,0.00h,171.65h,37.73h,101.73h,,,,,22055.60h,,
,PAYME-427,[iBank] Incorrect archive code in iBank for incoming instant international payments,11/15/23,338.68h,72.03h,40.90h,1.68h,,,,46.32h,601.90h,2.98h,25.95h,,,,,21503.05h,,
Production bug,PAYME-404,[EPE] Payment is not credited after error Balance record is locked (follow up),11/15/23,1095.38h,1.78h,,,,,,2.33h,97.55h,27.53h,0.00h,,,,,21499.72h,,
Production bug,PAYME-403,[ibank] Payment List form execution logical errror,11/27/23,1080.20h,0.00h,23.05h,0.00h,,,,0.00h,1.20h,260.28h,125.23h,,,,,21214.20h,,
,PAYME-402,[ISO-exchange] [PROD] [ORDER] Add new network policies in P cluster,11/20/23,1062.15h,0.00h,,,,,,0.00h,261.40h,0.00h,0.00h,,,,,21381.83h,,
,PAYME-401,"[ISO-exchange] [DEV, GATE, TEST] Setup application monitoring and alerting",11/8/23,816.17h,0.00h,,,,,,5.38h,214.72h,0.00h,0.00h,,,,,21669.15h,,
Production bug,PAYME-405,[payment-archive-service] EE is full of errors every day: IO Error: Socket read timed out,10/11/23,0.05h,28.20h,,,,,,282.63h,29.07h,23.60h,2.95h,,,,,22339.07h,,
,PAYME-400,"[ISO-exchange] [TEST, PROD] Enable archiving solution for logs",11/28/23,815.92h,0.00h,,0.00h,,,,0.00h,246.80h,0.00h,454.05h,,,,,21189.28h,,
,PAYME-399,[ISO-exchange] [ORDER] NFS shares for logs in the openshift,11/9/23,411.38h,0.00h,,,,,,0.00h,648.05h,0.00h,0.00h,,,,,21646.72h,,
,PAYME-398,[ISO-exchange] [PROD] Start up application in openshift,1/24/24,1064.93h,0.00h,,,,,,1820.82h,0.68h,0.00h,0.00h,,,,,19819.83h,,
,PAYME-397,[ISO-exchange] [PROD] Order and setup VIP (F5),11/14/23,1065.08h,0.00h,,,,,,16.95h,95.63h,0.00h,0.00h,,,,,21528.77h,,
,PAYME-396,[DB] Fill missing clearing system information for incoming SCT (FF),10/5/23,0.02h,149.23h,,,,,,18.27h,49.87h,0.13h,0.40h,,,,,22488.52h,,
,PAYME-395,[ISO-exchange] [TEST] Order and setup VIP (F5),10/30/23,742.75h,0.00h,,,,,,0.00h,81.87h,0.00h,0.00h,,,,,21881.85h,,
,PAYME-394,[ISO-exchange] [GATE] Order and setup VIP (F5),10/25/23,504.62h,0.00h,,,,,,6.80h,188.45h,0.00h,0.00h,,,,,22006.60h,,
,PAYME-393,[ISO-exchange] [DEV] Order and setup VIP (F5),10/25/23,428.57h,0.00h,,,,,,0.00h,288.05h,0.00h,0.02h,,,,,22006.65h,,
,PAYME-515,[SEPA-WEB] Show payments flow parameter in Sepa-web user interface,11/30/23,0.00h,1529.52h,,,,,,0.00h,0.23h,49.98h,2.82h,,,,,21140.88h,,
,PAYME-392,[ISO-exchange] [PROD] Set up SSO for web UI,12/14/23,1082.18h,0.00h,,,,,,835.30h,,0.00h,0.02h,,,,,20805.97h,,
,PAYME-391,[ISO-exchange] [TEST] Set up SSO for web UI,11/30/23,833.32h,0.00h,,,,,,0.00h,746.68h,0.00h,0.00h,,,,,21143.47h,,
,PAYME-390,[ISO-exchange] [GATE] Set up SSO for web UI,11/8/23,500.60h,0.00h,,,,,,0.00h,553.72h,0.00h,0.00h,,,,,21669.17h,,
,PAYME-389,[ISO-exchange] [TEST] Start up application in openshift,11/9/23,833.33h,0.02h,,,,,,0.00h,246.80h,0.00h,0.00h,,,,,21643.37h,,
,PAYME-388,[ISO-exchange] [GATE] Start up application in openshift,10/26/23,430.73h,0.00h,,,,,,0.00h,313.83h,0.00h,0.00h,,,,,21978.95h,,
,PAYME-387,[ISO-exchange] [DEV] Start up application in openshift,10/17/23,403.52h,0.00h,,,,,,2.15h,25.05h,0.00h,96.48h,,,,,22196.32h,,
,PAYME-386,[ISO-exchange] Refactor project to start build process in Cloudbees (Jenkins),10/12/23,263.73h,0.00h,,,,,,0.05h,144.93h,0.00h,0.00h,,,,,22314.87h,,
,PAYME-385,[ISO-exchange] Setup new Jenkins project in casc,10/12/23,241.10h,0.00h,,,,,,16.63h,95.32h,4.15h,51.65h,,,,,22314.87h,,
,PAYME-384,[ISO-exchange] Change LDAP server in db connectors,10/12/23,405.63h,0.00h,,,,,,0.35h,1.05h,0.00h,0.00h,,,,,22318.62h,,
,PAYME-373,[ISO-exchange][ORDER] W670 Add to service account(CI/CD) rights to be admin iso-exchange forked repo,10/5/23,314.47h,0.00h,,,,,,,,,,,,,,22482.65h,,
,PAYME-372,[ISO-exchange][ORDER] W670 Fill check list for iso-exchange,10/6/23,288.45h,0.00h,,,,,,26.00h,22.92h,0.00h,0.00h,,,,,22459.77h,,
,PAYME-371,[ISO-exchange][ORDER] W670 Assign Bitbacket AD group to service account,10/5/23,288.47h,0.00h,,,,,,20.68h,5.30h,0.00h,0.00h,,,,,22482.72h,,
,PAYME-370,[ISO-exchange][ORDER] W670 Create Bitbacket AD group,10/5/23,288.48h,0.00h,,,,,,19.35h,1.18h,0.00h,0.00h,,,,,22488.15h,,
,PAYME-369,[ISO-exchange][ORDER] W670 Create fork repos for iso-exchange,10/5/23,288.50h,0.00h,,,,,,20.13h,2.28h,0.00h,0.00h,,,,,22486.28h,,
,PAYME-368,[ISO-exchange][ORDER] W670 Order Artifactory project,10/5/23,288.50h,0.00h,,,,,,19.35h,1.18h,0.00h,0.00h,,,,,22488.17h,,
,PAYME-367,[ISO-exchange][ORDER] W670 Artifactory repositories ORDER,10/5/23,288.52h,0.00h,,,,,,20.68h,0.55h,0.00h,0.00h,,,,,22487.45h,,
,PAYME-366,[ISO-exchange][ORDER] W670 Artifactory AD group order,10/5/23,288.53h,0.00h,,,,,,19.33h,1.18h,0.00h,0.00h,,,,,22488.17h,,
,PAYME-365,[ISO-exchange][ORDER] W670 Order service account for artifactory,10/5/23,287.83h,0.00h,,,,,,0.68h,20.63h,0.00h,0.00h,,,,,22488.13h,,
,PAYME-363,[ISO-exchange][ORDER] W670 artifactory for app,10/5/23,289.42h,0.00h,,0.00h,,,,19.35h,6.65h,0.00h,0.00h,,,,,22482.70h,,
,PAYME-362,"[ISO-exchange][TEST, GATE, DEV][ORDER] W670 open firewall from Z cluster",10/12/23,268.97h,0.00h,,,,,,21.88h,186.40h,0.00h,0.72h,,,,,22321.60h,,
,PAYME-361,[ISO-exchange][PROD][ORDER] W670 open firewall from p cluster,10/12/23,269.00h,0.00h,,,,,,43.83h,164.45h,0.00h,0.63h,,,,,22321.70h,,
,PAYME-360,[ISO-exchange][PROD] W670 new namespace P cluster,10/5/23,269.03h,0.00h,,,,,,15.27h,27.33h,0.00h,0.00h,,,,,22488.03h,,
,PAYME-359,[ISO-exchange][GATE] W670 new namespace for Z cluster,10/5/23,269.07h,0.00h,,,,,,15.22h,6.67h,18.35h,0.00h,,,,,22490.38h,,
,PAYME-358,[ISO-exchange][DEV] W670 new namespace for Z cluster,10/5/23,269.08h,0.00h,,,,,,15.22h,6.67h,18.35h,0.00h,,,,,22490.38h,,
Production bug,PAYME-364,[EPE] Payment is not credited after error Balance record is locked,9/26/23,3.65h,72.93h,,,,,,23.57h,0.98h,0.48h,0.00h,,,,,22699.88h,,
,PAYME-697,Create wiki page with instructions,5/22/24,5118.25h,0.00h,,,,,,233.38h,5.73h,476.28h,0.00h,,,,,16968.42h,,
,PAYME-348,EINVOICES SOA: incorrect label is shown in SOA view,10/2/23,95.67h,0.00h,23.87h,0.00h,,,,0.20h,73.23h,72.48h,68.63h,,,,,22560.30h,,
Production bug,PAYME-346,[STAR] Showing proper labels in SOA in STAR (LV),9/29/23,0.10h,0.07h,24.22h,0.00h,,,,65.03h,73.08h,146.67h,23.77h,,,,,22631.03h,,
Production bug,PAYME-347,Sepa-transfer fix 008.02 Credit Transfer message parsing rules,9/26/23,0.02h,0.00h,1.65h,,,,,0.00h,68.13h,122.78h,73.25h,,,,,22698.65h,,
,PAYME-357,[ISO-exchange][TEST] W670 new namespace Z cluster,10/5/23,459.53h,0.00h,,,,,,0.00h,21.90h,18.35h,0.00h,,,,,22490.38h,,
,PAYME-420,STAR: add validation to beneficiary's structured address in foreign standing order,10/31/23,0.00h,695.73h,142.25h,,,,,0.03h,98.68h,99.13h,94.68h,,,,,21862.47h,,
,PAYME-422,STAR: add validation to beneficiary's structured address in predefined foreign payments,10/31/23,0.07h,695.75h,155.65h,,,,,0.02h,98.68h,173.50h,7.38h,,,,,21862.00h,,
,PAYME-345,Ibank: NullPointerException on trying to open RT1 payment,9/25/23,42.83h,0.00h,,,,,,0.00h,30.17h,233.85h,3.68h,,,,,22725.68h,,
Production bug,PAYME-343,[Ibank] User error upon checking limit in smart payment form,9/29/23,0.02h,138.38h,,,,,,0.00h,6.67h,333.10h,46.55h,,,,,22630.55h,,
,PAYME-336,[openshift] Lot's of monitoring alerts comes due to issues with discovery service,9/12/23,0.00h,0.00h,,,,,,0.00h,122.40h,0.00h,0.00h,,,,,23035.78h,,
,PAYME-335,[FP] Duplicated SEPA addresses for incoming payments after RB start,9/28/23,120.10h,4.65h,,,,,,18.03h,120.55h,242.68h,4.37h,,,,,22651.42h,,
,PAYME-330,[STAR] Incoming international payment form:In case multiple IDs - wrong shown,10/3/23,115.08h,0.00h,,,,,,0.00h,,503.53h,145.93h,,,,,22536.60h,,
,PAYME-329,[ibank] [Star] Incoming international payment multiple ID,9/29/23,92.83h,0.00h,20.82h,25.03h,,,,0.00h,1.37h,408.10h,126.43h,,,,,22628.43h,,
Production bug,PAYME-334,[Ibank] Payment details reverts in salary payment after changing in ibank,9/26/23,0.00h,164.62h,,,,,,0.00h,148.22h,330.87h,1.28h,,,,,22703.90h,,
,PAYME-419,STAR: add validation to beneficiary's structured address in foreign payments,10/31/23,1.15h,1053.75h,139.55h,,,,,0.02h,98.72h,173.82h,21.87h,,,,,21863.30h,,
Production bug,PAYME-328,[sepatransfer] camt.056. <AddtlInf> is not filled in message.,9/5/23,0.65h,0.00h,,0.00h,,,,0.00h,1.65h,0.25h,146.33h,,,,,23204.30h,,
,PAYME-325,[DB CORE] create EE final version of view VM.VW_SEPA_POST_ADDRESS_ARH,9/13/23,0.03h,0.00h,,,,,,208.03h,96.42h,47.37h,2.63h,,,,,23015.63h,,
,PAYME-324,[DB CORE] create missing view VM.VW_SEPA_POST_ADDRESS_ARH,8/30/23,4.32h,0.00h,,,,,,0.00h,0.05h,16.00h,0.25h,,,,,23353.87h,,
,PAYME-320,[DB CORE] add missing columns in view VM.VW_SEPA_CREDIT_TRANSFER_ARH,8/30/23,0.00h,0.00h,,,,,,0.00h,21.23h,20.38h,1.68h,,,,,23352.43h,,
,PAYME-317,[CORE DB] Inserts for OUT payments with changed value date,10/9/23,1013.23h,0.00h,,,,,,0.00h,0.00h,0.00h,0.00h,,,,,22390.53h,,
,PAYME-339,To investigate service discovery issues,9/25/23,429.58h,0.00h,,0.03h,,,,0.00h,29.07h,0.00h,303.75h,,,,,22732.02h,,
,PAYME-338,Update LDAP tns to use Stockholm one to connect CORE DB,9/12/23,0.02h,429.68h,,,,,,0.00h,29.10h,0.00h,0.03h,,,,,23035.72h,,
,PAYME-377,[DB] Create table for storing camt.058 data,10/5/23,94.10h,291.98h,,385.20h,,,,0.93h,169.83h,17.47h,51.67h,,,,,22484.92h,,
,PAYME-378,[DB] Update PAYMENTS_ISO.CANCELLATION_REQUEST,10/10/23,0.10h,773.93h,,,,,,235.65h,3.08h,45.17h,72.32h,,,,,22368.38h,,
,PAYME-626,STAR: FP view enhancement,3/13/24,4322.62h,0.45h,91.55h,165.20h,,,,0.02h,26.12h,168.85h,98.08h,,,,,18647.93h,,
,PAYME-421,STAR: Correspondent and Intermediary banks information is hidden after validation,10/30/23,0.58h,1224.18h,26.48h,,,,,98.72h,22.88h,93.15h,169.08h,,,,,21886.90h,,
,PAYME-341,"STEP2, foreign, Sept 19: send and receive pacs.008.01.08 (with new tags)",9/28/23,0.00h,501.28h,,,,,,0.00h,,0.00h,384.77h,,,,,22655.48h,,
,PAYME-355,"STEP2, domestic, Sept 19: send and receive pacs.008.01.08 (with new tags)",10/20/23,0.02h,886.10h,,,,,,0.00h,,0.00h,531.10h,,,,,22124.33h,,
,PAYME-354,"STEP2, domestic, Sept 14: send and receive pacs.008.01.08 (fee payment)",10/26/23,0.00h,984.47h,,,,,,0.02h,,0.00h,573.55h,,,,,21983.53h,,
,PAYME-353,"STEP2, domestic, Sept 13: send and receive camt.029.001.09",10/25/23,0.00h,816.02h,,,,,,0.00h,,0.00h,721.47h,,,,,22004.15h,,
,PAYME-352,"STEP2, domestic, Sept 12: send and receive pacs.028.001.03",10/19/23,0.05h,815.93h,,,,,,0.00h,,0.00h,577.40h,,,,,22148.33h,,
,PAYME-351,"STEP2, foreign, Sept 11: receive camt.087.001.06",10/17/23,0.05h,984.62h,,,,,,0.02h,,0.00h,357.75h,,,,,22199.35h,,
,PAYME-349,"STEP2, domestic, Sept 11: receive camt.087.001.06",10/4/23,0.07h,984.60h,,,,,,0.03h,,0.00h,50.85h,,,,,22506.27h,,
,PAYME-337,"STEP2, domestic, Sept 7: send and receive camt.027.001.07",10/6/23,0.13h,407.92h,,,,,,0.00h,,0.00h,673.02h,,,,,22460.90h,,
,PAYME-340,"STEP2, domestic, Sept 6: send and receive pacs.028.001.03",10/4/23,0.07h,480.90h,,,,,,0.00h,,0.00h,554.92h,,,,,22506.50h,,
,PAYME-342,"STEP2, foreign, Sept 5: send and receive camt.029.001.09",10/11/23,0.05h,523.32h,,,,,,0.00h,,0.00h,678.10h,,,,,22340.92h,,
,PAYME-350,"STEP2, domestic, Sept 5: send and receive camt.029.001.09",10/11/23,0.08h,816.65h,,,,,,0.00h,,0.00h,384.78h,,,,,22340.97h,,
,PAYME-333,"STEP2, foreign, Sept 4: send and receive pacs.004.001.09",9/27/23,2.45h,309.62h,,,,,,0.00h,,0.00h,554.18h,,,,,22678.53h,,
,PAYME-332,"STEP2, domestic, Sept 4: send and receive pacs.004.001.09",9/21/23,2.37h,309.75h,,,,,,0.00h,,0.00h,405.75h,,,,,22826.98h,,
,PAYME-327,"STEP2, foreign, Aug 30: send and receive camt.056.001.08",10/6/23,0.50h,190.80h,,,,,,0.02h,,0.00h,893.25h,,,,,22460.82h,,
,PAYME-326,"STEP2, domestic, Aug 30: send and receive camt.056.001.08",10/6/23,0.57h,190.78h,,,,,,0.00h,,0.00h,893.23h,,,,,22460.85h,,
,PAYME-322,"STEP2, foreign, Aug 29: send and receive pacs.008.01.08",9/11/23,0.58h,165.23h,,,,,,0.02h,,0.00h,318.13h,,,,,23061.48h,,
,PAYME-321,"STEP2, domestic, Aug 29: send and receive pacs.008.01.08",9/8/23,0.63h,165.23h,,,,,,0.00h,,0.00h,244.87h,,,,,23134.77h,,
,PAYME-315,"STEP2, foreign, Aug 25: send and receive pacs.008.01.02",8/25/23,0.00h,87.70h,,,,,,0.02h,,0.00h,5.08h,,,,,23469.67h,,
,PAYME-316,"STEP2, domestic, Aug 25: send and receive pacs.008.01.02",8/25/23,0.00h,89.63h,,,,,,0.03h,,0.00h,0.92h,,,,,23471.93h,,
,PAYME-313,[FP] Do not save LVMK.MAKSE_SONUM for ISO manual input,10/4/23,0.00h,0.02h,,,,,,96.63h,18.98h,763.83h,243.82h,,,,,22512.88h,,
,PAYME-310,[CORE DB] insert rules,9/14/23,0.00h,96.00h,,,,,,258.58h,5.28h,283.88h,0.58h,,,,,23016.42h,,
Production bug,PAYME-312,[FP] Incorrect account used in transaction of manually entered outgoing payment,8/23/23,0.27h,98.88h,,,,,,20.20h,24.32h,4.65h,0.13h,,,,,23515.75h,,
,PAYME-314,[ISO exchange] update CreDt & CreDtTm in a message if value date was changed,10/10/23,0.03h,267.93h,,,,,,546.42h,342.12h,113.95h,29.85h,,,,,22364.52h,,
Production bug,PAYME-311,[FP] ISO error invalid currency code or too many decimal digits,8/28/23,17.17h,101.48h,71.18h,,,,,43.55h,28.62h,23.82h,1.03h,,,,,23396.93h,,
,PAYME-375,[FP] Support camt.055 and camt.058 in ISO message search,10/13/23,0.00h,841.70h,,142.80h,,,,145.28h,239.33h,42.87h,0.10h,,,,,22296.85h,,
,PAYME-379,[DB] Add camt.055 and camt.058 reasons to PAYMENTS_ISO.REASON_CODE,10/11/23,0.10h,841.57h,,143.00h,,,,239.12h,19.28h,122.02h,0.43h,,,,,22343.72h,,
,PAYME-382,[FP] Process incoming camt.055 manually,10/18/23,0.00h,769.40h,1.15h,310.73h,,,,168.63h,217.40h,139.17h,24.72h,,,,,22173.30h,,
,PAYME-383,[FP] Process incoming camt.058 manually,10/18/23,0.03h,292.28h,,787.85h,,,,384.58h,,166.78h,1.87h,,,,,22171.15h,,
,PAYME-380,[ISO Exchange] API support for CBPR+ camt.058,10/27/23,0.63h,291.87h,,789.65h,,,,187.65h,335.95h,173.28h,66.20h,,,,,21961.37h,,
Production bug,PAYME-302,[FP] Cannot accept MT202,8/15/23,0.08h,0.02h,23.17h,,,,,0.00h,71.63h,0.50h,1.68h,,,,,23713.37h,,
,PAYME-300,[openshift] Use old swedbank gradle wrapper,8/9/23,0.00h,0.00h,,5.37h,,,,0.00h,17.87h,0.00h,0.40h,,,,,23857.03h,,
Production bug,PAYME-299,[FP] Incorrect return amount is calculated for manual return if charges requested,8/18/23,0.52h,93.23h,,,,,,0.00h,72.38h,91.43h,6.00h,,,,,23636.70h,,
,PAYME-298,"[FP] If ""Instr. for creditor agent"" is filled, pacs.009.001.08COV is not sent",8/18/23,0.22h,73.05h,,,,,,18.63h,148.20h,72.90h,19.53h,,,,,23641.70h,,
,PAYME-297,[FP] Send camt.029 ResolutionOfInvestigation (RJCT) to CBPR+ - FP crash,8/16/23,0.00h,174.05h,,,,,,0.00h,71.57h,43.90h,1.03h,,,,,23689.17h,,
,PAYME-296,[openshift] Try to provision pvc volumes with helm chart,9/7/23,0.00h,0.00h,,,,,,475.20h,439.10h,0.00h,0.00h,,,,,23161.40h,,
,PAYME-294,DEMO: Payment Service setup on OpenShift,7/25/23,0.02h,0.00h,,,,,,0.00h,25.25h,0.00h,0.00h,,,,,24218.90h,,
,PAYME-293,[FP] Implement new Error message in FP system,7/31/23,0.00h,241.90h,,,,,,,,,,,,,,24066.95h,,
,PAYME-291,[CORE DB] Statuses for cancelled OBN payments in iBank,9/13/23,1.57h,21.93h,1.50h,938.22h,,,,96.10h,70.02h,212.43h,3.60h,,,,,23013.32h,,
Production bug,PAYME-290,[Ibank] User with many International payments gets an error when open List of payments,7/20/23,0.00h,18.10h,,,,,,0.00h,2.97h,1.87h,3.02h,,,,,24328.78h,,
,PAYME-289,[CORE DB] SCT can't be sent out after Rulebook start,7/24/23,0.02h,6.12h,,,,,,91.08h,7.45h,62.37h,0.00h,,,,,24243.40h,,
,PAYME-344,Payment Monitoring setup in 1 or 2 (many) clusters,9/27/23,1486.42h,0.00h,,,,,,0.00h,294.32h,0.00h,20.72h,,,,,22679.12h,,
,PAYME-287,Investigate archived log delivery to Logread,7/20/23,0.02h,0.00h,,,,,,70.77h,76.92h,0.00h,0.07h,,,,,24333.15h,,
,PAYME-286,[openshift] Make release git tags more usable,7/13/23,0.00h,0.00h,,,,,,0.00h,1.75h,0.00h,0.00h,,,,,24500.58h,,
,PAYME-908,[SEPA FLM] Decommission SEPA Transfer,2/12/25,13775.90h,0.00h,,,,,,0.00h,194.80h,0.00h,0.00h,,,,,10578.27h,,
,PAYME-285,[monitoring] Create rules to monitor and alert,7/13/23,0.00h,0.00h,,,,,,0.00h,52.73h,0.00h,0.00h,,,,,24499.58h,,
Production bug,PAYME-284,[iBank] NullPointerException on foreign payment opening,7/20/23,1.15h,0.00h,23.53h,,,,,0.00h,2.82h,260.48h,22.33h,,,,,24334.38h,,
,PAYME-283,[CORE] Insert rules in to vm.vmk_rules table,7/13/23,215.58h,0.00h,,,,,,0.00h,0.67h,15.97h,1.68h,,,,,24505.78h,,
,PAYME-281,[openshift] [test|gate] Create certificates for consumers and wiki page to track everything,7/10/23,0.00h,0.00h,,,,,,43.80h,117.70h,0.00h,0.00h,,,,,24579.68h,,
,PAYME-280,[CORE DB] Change VM.SEPA_CDM_API.CREATE_CT procedure,10/4/23,0.03h,70.47h,23.98h,,,,,401.98h,345.03h,1055.12h,283.67h,,,,,22607.38h,,
,PAYME-279,[CORE DB] Swedbank Denmark branch removal from Swedbank Group payments,7/14/23,0.70h,73.82h,,,,,,217.63h,8.88h,36.57h,2.15h,,,,,24475.65h,,
,PAYME-278,[STAR] Swedbank Denmark branch removal from Swedbank Group payments,7/14/23,0.72h,73.72h,,,,,,71.83h,187.20h,3.27h,0.20h,0.92h,,,,24477.58h,,
,PAYME-276,[CORE DB] Add REPLACE_BIC rules to VM.VMK_RULES,7/17/23,0.03h,93.53h,,,,,,3.82h,212.77h,114.25h,0.10h,,,,,24410.28h,,
,PAYME-275,[DB] Create payment offline queue and procedure,7/11/23,166.10h,0.00h,,,,,,0.72h,0.00h,144.45h,0.00h,,,,,24549.98h,,
,PAYME-274,[iBank] Do not show message copy for cancelled payment,7/12/23,0.32h,144.82h,,,,,,68.15h,27.48h,116.95h,1.02h,,,,,24527.45h,,
,PAYME-628,[STAR] In E-invoice detailed view to see if e-invoice was received from operator as abstract or from other bank in STAR PB,4/18/24,5878.02h,149.27h,185.82h,,,,,18.43h,273.27h,261.00h,119.93h,215.18h,,,,17785.70h,,
Test,PAYME-272,Remove crebit.lisa_mitteklient usages,8/7/23,983.75h,,,,,,,,,,,,,,,23905.17h,,
,PAYME-555,[ibank] Functionalities for customer without active accounts,1/29/24,4852.63h,0.00h,0.08h,,,,,0.00h,122.75h,138.58h,74.52h,,,,,19700.58h,,
,PAYME-270,[openshift] [prod] Namespaces & casc configuration,7/10/23,0.02h,0.00h,,,,,,142.03h,168.23h,0.00h,0.00h,,,,,24579.72h,,
,PAYME-266,test,6/22/23,0.00h,0.00h,,,,,,0.00h,,0.00h,0.00h,,,,,25007.78h,,
,PAYME-288,[DB] outgoing pacs.008 message OrgId/LEI mapping issue,7/18/23,98.42h,431.45h,,,,,,0.00h,,23.77h,71.58h,,,,,24383.30h,,
,PAYME-262,[openshift] [dev|test|gate] Add custom helm charts for payment-services-gateway,6/26/23,0.00h,0.00h,,,,,,119.70h,0.85h,0.00h,0.00h,,,,,24912.98h,,
,PAYME-261,[montoring] [gate|test] Add application health check alerts,6/28/23,0.00h,0.00h,,,,,,143.62h,29.45h,0.00h,0.12h,,,,,24860.48h,,
,PAYME-260,[FP] Add warning for outgoing payments with clearing code,7/3/23,0.27h,120.57h,,4.77h,,,,47.40h,26.62h,96.45h,0.50h,,,,,24738.18h,,
,PAYME-253,[DB] Add rights,8/17/23,28.25h,0.00h,,,,,,0.03h,0.37h,154.12h,1.88h,,,,,24532.95h,336.07h,
,PAYME-252,[FP] BIC replacement for SBEC Own transfers,7/17/23,0.90h,0.28h,22.67h,20.28h,,,,192.78h,26.62h,402.07h,4.28h,,,,,24406.12h,,
,PAYME-251,[FP] Mark 'Pay thru RTGS' automatically for own transfer to RTGS,8/18/23,0.17h,21.68h,64.32h,,,,,1170.68h,169.08h,9.98h,2.23h,,,,,23638.33h,,
,PAYME-250,[iBank TEST] iBank timeouts - Mass Payments,7/20/23,0.07h,0.00h,,701.77h,,,,0.00h,28.30h,0.00h,0.00h,,,,,24323.37h,,
,PAYME-249,[CORE DB] Add message types '008' and '009' to 'UETR_COMPATIBLE_SWIFT_MT_LIST',6/26/23,0.02h,0.47h,,,,,,66.78h,0.00h,6.08h,90.07h,,,,,24914.23h,,
,PAYME-248,[ISO Exchange] Receive pacs.010 COL from CBPR+ (nov.23),8/11/23,20.37h,74.28h,,,,,,666.15h,528.72h,73.53h,4.17h,,,,,23804.35h,,
,PAYME-247,[CORE DB] Update PAYMENTS_ISO.REASON_CODE for PACS.002,7/3/23,0.28h,122.78h,,,,,,234.40h,30.30h,0.47h,67.33h,,,,,24744.63h,,
,PAYME-246,[ISO Exchange] API support for CBPR+ pacs.002.001.10,7/25/23,0.02h,123.22h,,0.62h,,,,639.10h,117.60h,104.70h,2.93h,,,,,24212.70h,,
Production bug,PAYME-245,[FP] Transit pacs.009 can't be sent out,7/10/23,0.03h,124.13h,70.90h,,,,,235.42h,95.07h,97.40h,1.43h,,,,,24577.00h,,
,PAYME-244,[CORE DB] Improvements for OBN x-border cancelled payments processing (2),7/20/23,0.00h,0.00h,,,,,,23.98h,142.75h,520.37h,177.38h,,,,,24337.33h,,
,PAYME-242,[iBank] investigate Mas payments massPaymentMaxEditableSize impact,6/13/23,6.70h,,,,,,,,,,,,,,,25219.45h,,
,PAYME-240,[dev] Payment services fails to build and has issues in deployed state,6/13/23,0.00h,0.00h,,,,,,0.00h,5.30h,0.00h,20.82h,,,,,25225.98h,,
Production bug,PAYME-241,[FP] Duplicate ISO messages are sent after unsuccessful foreign payment registration,8/20/23,64.92h,792.30h,,412.55h,,,,45.23h,289.65h,72.53h,71.55h,,,,,23590.05h,,
,PAYME-239,[FP] Additional info field changes for camt.029 (SEPA Recall Refuse),6/26/23,0.18h,21.28h,,95.32h,,,,0.00h,,214.22h,98.92h,,,,,24912.48h,,
,PAYME-238,[FP] Additional info field changes for pacs.004 (Return),8/2/23,0.18h,116.98h,757.22h,,,,,0.00h,,315.03h,134.95h,,,,,24018.45h,,
Production bug,PAYME-237,[CORE DB] Increase sequence value for column VM.VVMK_SYNDMUS.ID (in LT),6/9/23,0.05h,4.18h,,,,,,0.00h,0.93h,17.53h,4.10h,,,,,25316.53h,,
Production bug,PAYME-236,[CORE DB] Outgoing international payments in LV can't be initiated and processed due to exceeded DB field length,6/8/23,0.00h,0.42h,,,,,,0.00h,1.42h,1.28h,0.00h,,,,,25340.48h,,
Production bug,PAYME-235,[iBank] The Confirm button is not active in iBank. scenario 2,6/8/23,0.05h,,,,,,,,,,,,,,,25346.20h,,
,PAYME-234,[iBank] The Confirm button is not active in iBank scenarion2,9/12/23,0.00h,16.85h,,,,,,0.00h,1969.33h,338.85h,0.12h,,,,,23037.85h,,
,PAYME-232,[ibank] change massPaymentMaxEditableSize to 300 for LT and LV,6/29/23,0.00h,0.00h,,0.00h,,,,0.00h,532.78h,0.00h,0.02h,,,,,24837.17h,,
,PAYME-228,[CORE DB] New table for History of Standart Order Agreement (SOA) changes in STAR,6/9/23,239.33h,0.02h,,0.00h,,,,,,,,,,,,25321.93h,,
Production bug,PAYME-301,[iBank] OgnlException source is null for getProperty,8/11/23,308.18h,1458.87h,,,,,,0.00h,28.42h,42.28h,0.10h,,,,,23808.53h,,
,PAYME-222,[CORE DB] update VM.VW_LVMK_ARH view,6/16/23,303.00h,0.00h,,,,,,159.82h,10.33h,24.87h,0.05h,,,,,25151.53h,,
,PAYME-225,(DEV) Service user authentication (MTLS enabling),6/13/23,114.42h,0.00h,,23.27h,,,,0.00h,292.77h,0.00h,20.82h,,,,,25225.98h,,
,PAYME-221,[FP] System crashes,5/25/23,0.18h,,,,,,,,,,,,,,,25680.75h,,
Production bug,PAYME-230,[FP] application crashes after when user tries to make transaction,8/23/23,0.22h,287.05h,,1771.35h,,,,0.00h,120.93h,2.08h,1.65h,,,,,23516.83h,,
,PAYME-220,"[FP] Search and view SEPA pacs.002.001.10 (REJ, ACC)",8/22/23,45.57h,113.02h,,318.97h,,,,1414.32h,,245.88h,19.43h,,,,,23545.90h,,
,PAYME-219,[FP] Search and view SEPA camt.029.001.09 (ANS),9/27/23,26.33h,76.98h,0.43h,19.35h,,,,1769.33h,89.75h,263.47h,778.47h,,,,,22679.07h,,
,PAYME-218,[FP] Search and view SEPA camt.056.001.08 (REC),9/13/23,24.73h,96.32h,,1.62h,,,,1769.35h,,266.28h,529.07h,,,,,23015.87h,,
,PAYME-217,[FP] Search and view SEPA pacs.004.001.09 (RET),10/4/23,2.95h,1.12h,66.80h,21.75h,,,,1579.72h,310.57h,488.93h,725.70h,,,,,22505.67h,,
,PAYME-216,[FP] Search and view SEPA pacs.008.001.08 (SCT),10/4/23,1.90h,287.37h,186.72h,1801.15h,,,,92.87h,330.63h,415.97h,33.08h,,,,,22505.58h,,
,PAYME-269,Change Sepa-transfer for outgoing cross board camt.029.001.09 (Recall Refused) message,9/25/23,0.08h,819.28h,187.90h,,,,,48.32h,271.95h,802.65h,871.85h,,,,,22726.05h,,
,PAYME-268,Change Sepa-transfer for outgoing cross board camt.056.001.08 (Payment Cancellation Request) message,9/26/23,0.08h,819.53h,243.22h,,,,,22.65h,78.75h,777.05h,1086.25h,,,,,22700.82h,,
,PAYME-208,"[STAR] LV Incoming international payment order PDF (European, International) - IDs",9/1/23,0.00h,69.82h,65.50h,1.87h,,,,558.98h,363.10h,1135.28h,325.20h,,,,,23300.90h,,
,PAYME-207,"[STAR] Incoming International payments form, PDF - IDs",9/1/23,0.00h,69.82h,349.77h,2.15h,,,,455.80h,656.50h,843.98h,142.00h,,,,,23300.90h,,
,PAYME-267,Change Sepa-transfer for outgoing cross border pacs.008.001.08 (Credit Transfer) message,9/7/23,0.07h,914.20h,137.72h,,,,,43.12h,320.67h,866.97h,379.90h,,,,,23160.57h,,
Production bug,PAYME-204,[iBank- SmartForm] Tech error if incorrect amount on currency<>EUR,5/22/23,0.00h,0.00h,,,,,,0.00h,17.27h,99.43h,0.32h,,,,,25750.67h,,
,PAYME-203,[iBank] Incoming international payments information form - IDs,9/1/23,0.03h,69.77h,93.65h,49.07h,,,,97.03h,515.38h,1193.75h,548.28h,,,,,23300.90h,,
Production bug,PAYME-202,[STAR] Foreign standing order - address error,6/13/23,0.08h,120.28h,,,,,,408.18h,96.72h,0.28h,18.60h,,,,,25225.18h,,
,PAYME-198,[FP] Process incoming ISO pacs.008.001.08 with Account Proxy,9/4/23,0.20h,74.50h,62.58h,140.77h,,,,1873.33h,240.80h,188.73h,79.03h,,,,,23233.00h,,
,PAYME-197,[CORE DB] Process outgoing SEPA camt.029.001.09,9/26/23,0.25h,309.97h,,1.93h,,,,838.62h,4.78h,1069.60h,969.35h,,,,,22698.52h,,
,PAYME-196,[CORE DB] Process outgoing SEPA camt.056.001.08,9/26/23,0.32h,310.18h,16.02h,1.68h,,,,666.62h,196.48h,1148.87h,538.23h,,,,,23014.60h,,
,PAYME-195,[FP] Process incoming SEPA pacs.002.001.10,9/29/23,0.05h,215.55h,42.27h,,,,,1866.35h,,1061.15h,76.28h,,,,,22631.52h,,
Production bug,PAYME-215,[Payment-services] error ORA-01086: savepoint 'LAST_PAYMENT' never established in this session or is invalid,11/20/23,0.03h,508.97h,,,,,,3409.98h,310.27h,234.40h,0.02h,,,,,21384.92h,,
,PAYME-192,[FP] Add LEI to 'Original outgoing foreign payment' form,7/17/23,0.58h,70.25h,,,,,,1273.22h,69.75h,165.05h,0.43h,,,,,24408.48h,,
,PAYME-224,[openshift] Adapt local payment services setup to openshift,8/8/23,0.02h,140.27h,,,,,,1441.17h,525.37h,0.00h,0.02h,,,,,23882.60h,,
Production bug,PAYME-191,[iBank] List of payments execution failing on international payment,5/12/23,1.45h,,,,,,,,,,,,,,,25990.07h,,
Production bug,PAYME-214,[iBank] - Mass payment edit form - UI issue after adding beneficiary,6/16/23,0.00h,578.75h,4.92h,240.60h,,,,0.00h,2.28h,15.92h,2.03h,,,,,25147.77h,,
Production bug,PAYME-190,[FP] Reason code info is not shown during investigation message processing,5/16/23,0.00h,71.92h,,,,,,0.00h,24.13h,2.87h,3.35h,,,,,25891.43h,,
,PAYME-188,[FP] Add LEI to outgoing ISO pacs.008,6/30/23,2.47h,0.00h,72.52h,603.63h,,,,0.00h,,48.58h,471.67h,,,,,24818.20h,,
,PAYME-709,[openshift] [prod] Order F5 for lt/lv/ee payment-services-gateway in openshift,5/22/24,1276.70h,5334.07h,,,,,,1892.02h,454.75h,0.00h,,,,,,16964.48h,,
,PAYME-184,[openshift] [prod] Deploy payment-services-gateway,7/24/23,984.22h,0.00h,,,,,,793.08h,,0.00h,0.00h,,,,,24240.73h,,
,PAYME-183,[ibank] [test] Configure ibank payment-service client to use F5,7/17/23,984.27h,0.00h,,,,,,411.98h,211.62h,0.00h,0.00h,,,,,24410.15h,,
,PAYME-182,[openshift] [test] Setup F5 for lt/lv/ee payment-services-gateway in openshift,6/28/23,984.33h,0.00h,,,,,,171.28h,,0.00h,0.00h,,,,,24862.42h,,
,PAYME-179,[openshift] [test\gate] Setup payment-services-gateway deployment,6/22/23,966.58h,0.00h,,,,,,0.00h,41.15h,0.00h,2.60h,,,,,25007.70h,,
,PAYME-178,[ibank] [gate] Configure ibank payment-service client to use F5,7/3/23,984.28h,0.00h,,,,,,170.08h,115.72h,0.00h,0.05h,,,,,24747.90h,,
,PAYME-177,[openshift] [gate] Setup F5 for lt/lv/ee payment-services-gateway in openshift,6/28/23,984.35h,0.00h,,,,,,171.27h,,0.00h,0.00h,,,,,24862.43h,,
,PAYME-173,[ibank] [dev] Configure ibank payment-service client to use F5 & add certs to ibank truststore,6/9/23,311.68h,0.00h,,,,,,121.58h,191.10h,0.00h,71.67h,,,,,25322.02h,,
,PAYME-172,[openshift] [dev] Setup F5 for lt/lv/ee payment-services-gateway in openshift,6/7/23,311.68h,0.00h,,,,,,118.67h,193.67h,0.00h,21.80h,,,,,25372.23h,,
,PAYME-169,[openshift] [dev] Setup payment-services-gateway deployment,6/6/23,343.17h,0.00h,,,,,,0.00h,90.12h,0.00h,190.72h,,,,,25394.05h,,
,PAYME-168,[openshift] [prod] Request certificates for all enviroments for payment-services-gateway,7/3/23,984.35h,0.00h,,,,,,292.53h,0.00h,0.00h,0.05h,,,,,24741.13h,,
,PAYME-166,[openshift] [prod] Deploy payment-services,7/24/23,984.25h,0.00h,,,,,,793.07h,,0.00h,0.00h,,,,,24240.75h,,
,PAYME-160,[openshift] [gate|test] Deploy payment-services,6/27/23,984.05h,0.00h,,,,,,29.47h,114.48h,0.00h,0.00h,,,,,24890.07h,,
,PAYME-157,[openshift] [dev] Setup payment-services deployment,6/6/23,311.68h,0.00h,,,,,,4.02h,27.47h,0.00h,280.85h,,,,,25394.05h,,
,PAYME-155,[openshift] [prod] Deploy payment-service,7/24/23,984.28h,0.00h,,,,,,793.05h,,0.00h,0.00h,,,,,24240.77h,,
,PAYME-149,[openshift] [gate|test] Deploy payment-service,6/27/23,984.42h,0.00h,,,,,,26.10h,117.53h,0.00h,0.00h,,,,,24890.07h,,
,PAYME-146,[openshift] [dev] Setup payment-service deployment,6/6/23,285.87h,0.00h,,,,,,0.00h,57.37h,0.00h,280.85h,,,,,25394.05h,,
,PAYME-145,[openshift] [prod] Deploy payment-form-service,7/24/23,984.38h,0.00h,,,,,,793.03h,,0.00h,0.00h,,,,,24240.78h,,
,PAYME-141,[openshift] [gate|test] Deploy payment-form-service,6/22/23,984.13h,0.00h,,,,,,25.57h,0.88h,0.00h,0.00h,,,,,25007.63h,,
,PAYME-139,[openshift] [dev] Setup payment-form-service deployment,5/24/23,194.35h,0.00h,,,,,,0.00h,76.25h,0.03h,41.78h,,,,,25705.78h,,
,PAYME-137,[openshift] [prod] Deploy payment-archive-service,7/24/23,984.50h,0.00h,,,,,,793.03h,,0.00h,0.00h,,,,,24240.80h,,
,PAYME-131,[openshift] [gate|test] Deploy payment-archive-service,6/22/23,984.63h,0.00h,,,,,,22.57h,3.47h,0.00h,0.03h,,,,,25007.63h,,
,PAYME-128,[openshift] [dev] Setup payment-archive-service deployment,5/24/23,125.60h,0.00h,,0.00h,,,,66.58h,78.52h,0.03h,41.78h,,,,,25705.78h,,
,PAYME-127,[openshift] [prod] Deploy payment-services-discovery,7/24/23,124.92h,0.00h,,859.60h,,,,792.37h,,0.00h,0.40h,,,,,24241.05h,,
,PAYME-125,[openshift] [test] Setup payment-services-discovery deployment,6/20/23,124.88h,0.00h,,840.35h,,,,0.00h,1.87h,0.00h,0.00h,,,,,25051.22h,,
,PAYME-123,[openshift] [gate] Setup payment-services-discovery deployment,6/20/23,124.90h,0.00h,,840.35h,,,,0.00h,1.87h,0.00h,0.00h,,,,,25051.22h,,
,PAYME-121,[openshift] [dev] Setup payment-services-discovery deployment,5/19/23,124.87h,0.00h,,,,,,17.73h,51.87h,0.00h,0.00h,,,,,25823.87h,,
,PAYME-120,[monitoring] [prod] Prepare prometheus/alertmanager scripts and request deployment via SNAP,7/21/23,1438.72h,0.00h,,,,,,0.00h,265.95h,0.00h,0.00h,,,,,24313.68h,,
,PAYME-119,[monitoring] [not-prod] Create meaningful alert rules - regarding rules consult with Aigars,7/24/23,1774.22h,,,,,,,,,,,,,,,24244.15h,,
,PAYME-118,[monitoring] [not-prod] Onboard payment services from all three namespaces to payment-monitor namespace monitoring solution,6/6/23,312.63h,0.00h,,,,,,143.35h,5.30h,1.78h,161.22h,,,,,25394.05h,,
,PAYME-116,[openshift] Add cicd user as admin to forked repositories,5/17/23,102.82h,0.00h,,,,,,0.00h,23.55h,0.00h,20.98h,,,,,25871.00h,,
,PAYME-115,[openshift] Fork all payment services repo,5/16/23,102.55h,0.00h,,,,,,0.00h,23.82h,0.00h,0.00h,,,,,25892.00h,,
,PAYME-113,[openshift] [prod] Deploy payment-monitor,11/8/23,124.53h,0.00h,,860.00h,,,,2932.20h,380.28h,0.00h,0.00h,,,,,21673.32h,,
,PAYME-109,[openshift] [test] Setup payment-monitor deployment,6/22/23,124.47h,0.00h,,814.57h,,,,0.08h,26.13h,0.00h,45.43h,,,,,25007.68h,,
,PAYME-106,[openshift] [dev] Setup payment-monitor deployment,5/24/23,94.53h,0.00h,,0.00h,,,,0.00h,73.78h,0.00h,144.32h,,,,,25705.75h,,
,PAYME-105,[CORE DB] Update VM.VMK_RULES for CBPR+ outgoing flow,10/5/23,0.00h,97.62h,161.58h,3.97h,,,,188.23h,203.00h,1248.48h,1296.67h,0.10h,,,,22818.95h,,
Production bug,PAYME-100,[ibank] improve PaymentList performance Java Back-end,5/25/23,0.00h,0.00h,,0.00h,,,,0.00h,127.80h,46.97h,186.77h,,,,,25680.50h,,
,PAYME-271,[iBank] Swedbank Denmark branch removal from Swedbank Group payments,8/11/23,,741.23h,,74.93h,505.70h,505.70h,,863.23h,23.85h,43.75h,5.48h,,,,,23804.68h,,
,PAYME-99,[openshift] Prepare 3 namespaces for payment-services,5/12/23,0.00h,0.00h,,,,,,0.00h,73.28h,0.00h,0.00h,,,,,25992.62h,,
,PAYME-98,[CORE DB] Process outgoing SEPA pacs.004.001.09,9/18/23,0.02h,410.90h,0.62h,91.83h,,,,837.88h,0.65h,1371.97h,426.18h,,,,,22943.48h,,
,PAYME-97,[FP] Process incoming SEPA pacs.004.001.09,10/4/23,0.02h,118.95h,112.73h,48.02h,,,,1791.50h,313.83h,465.00h,727.87h,,,,,22505.62h,,
,PAYME-96,[FP] Process outgoing SEPA pacs.008.001.08,9/7/23,0.02h,118.87h,21.73h,50.73h,,,,1942.10h,183.63h,347.47h,218.57h,,,,,23155.22h,,
,PAYME-95,[FP] Process incoming SEPA pacs.008.001.08,9/12/23,1.10h,0.07h,,49.40h,,,,143.63h,355.47h,1690.08h,830.97h,,,,,23040.80h,,
,PAYME-94,Add bpay team members to bpay casc config,5/8/23,0.02h,0.00h,,,,,,0.00h,6.42h,0.00h,0.00h,,,,,26085.67h,,
,PAYME-93,[STAR] ''Date of the first payment'' field for foreign standing orders has an incorrect format,5/16/23,0.22h,71.77h,,,,,,69.42h,26.62h,70.70h,27.90h,,,,,25890.55h,,
,PAYME-92,Add bpay team to casc,5/8/23,0.07h,0.00h,,,,,,0.00h,94.67h,0.00h,0.00h,,,,,26085.67h,,
,PAYME-90,[CORE-DB] update VVMK view from ARCH DB,5/25/23,144.83h,0.00h,,,,,,331.80h,5.18h,20.17h,3.93h,,,,,25676.35h,,
,PAYME-89,[openshift] Add openshift tokens to casc,5/8/23,0.00h,0.00h,,,,,,0.00h,97.42h,0.00h,0.00h,,,,,26085.67h,,
,PAYME-91,[CORE DB] Remove unused user ISO_EXCHANGE_APP,5/25/23,2.25h,97.23h,,,,,,316.45h,47.18h,14.22h,25.27h,,,,,25681.82h,,
Production bug,PAYME-233,[SEPA EXCHANGE] Incoming domestic SEPA payment with future settlement date is accounted incorrectly,6/28/23,0.03h,956.95h,,,,,,20.48h,28.27h,144.13h,186.10h,,,,,24866.15h,,
,PAYME-88,[ibank] Remove ability to generate warnings for iso transition validation,5/9/23,0.00h,0.00h,,,,,,0.00h,22.82h,26.95h,90.57h,,,,,26066.25h,,
,PAYME-87,[ibank] Add code owners to ibank/bank-components,5/3/23,0.00h,0.00h,,,,,,0.00h,21.28h,0.00h,0.00h,,,,,26206.80h,,
,PAYME-86,[iBank] payment already cancelled label,5/8/23,0.00h,0.00h,,,,,,0.00h,234.70h,0.00h,0.00h,,,,,26090.33h,,
,PAYME-85,[CORE DB] Do not show incoming pacs.002 reject in investigation when it is assigned to TRAFIS,6/8/23,0.03h,92.62h,,,,,,847.00h,0.63h,23.23h,15.38h,,,,,25347.33h,,
,PAYME-84,[ibank] Add unvalidated payments for offline combination,4/28/23,0.00h,0.00h,,,,,,0.00h,1.43h,0.00h,0.00h,,,,,26326.32h,,
,PAYME-80,[openShift] Document Monitoring Implementation,5/2/23,0.00h,0.00h,,,,,,0.00h,139.55h,0.00h,0.00h,,,,,26232.52h,,
,PAYME-213,LT STAR user can't print foreign payment,6/12/23,0.20h,963.65h,,,,,,70.67h,4.42h,91.45h,3.20h,,,,,25243.18h,,
,PAYME-79,[IBANK LT] Incorrect / missing ‘‘ID field‘‘ data in payment order printout,5/12/23,0.07h,187.65h,,,,,,0.00h,174.28h,42.63h,22.67h,,,,,25992.87h,,
,PAYME-78,[FP-TEST] Stress test for risk rules,4/26/23,0.08h,0.50h,,,,,,43.55h,,0.00h,0.00h,,,,,26377.20h,,
,PAYME-77,[STAR] LV payment order missing country in PDF,4/21/23,1.10h,0.00h,,,,,,0.00h,18.92h,1.40h,2.75h,,,,,26491.65h,,
,PAYME-75,[ISO Exchange] Set Assgnmt/Id for camt.056 and camt.029 if not provided by app,5/3/23,0.02h,98.68h,,43.02h,,,,0.00h,143.70h,2.93h,21.13h,,,,,26210.08h,,
,PAYME-73,[FP] Send pacs.004 PaymentReturn to CBPR+,8/2/23,24.22h,1.75h,40.27h,93.45h,,,,234.33h,217.25h,1667.37h,241.95h,,,,,24019.80h,,
,PAYME-71,"[IBANK] International payment form, ""Country"", ""Town/Village"" should be mandatary when Ultimate address is used",5/3/23,0.08h,0.00h,,,,,,288.72h,25.62h,16.60h,0.78h,,,,,26209.25h,,
,PAYME-70,[FP] Make message parsing more crash-safe,4/26/23,43.87h,0.00h,,,,,,0.00h,72.07h,1.00h,50.60h,,,,,26373.95h,,
,PAYME-212,[CORE DB] incorrect status of intrabank payment after payment execution,6/16/23,235.10h,914.90h,,,,,,162.98h,72.02h,26.52h,3.18h,,,,,25148.30h,,
,PAYME-211,[CORE DB] incorrect status of instant payment after payment processing,6/16/23,235.17h,914.92h,,,,,,162.97h,72.02h,27.23h,2.50h,,,,,25148.28h,,
,PAYME-69,[CORE-DB] add sending_confirmed attribute to vm.vvmk table,5/11/23,0.00h,0.05h,,190.85h,,,,22.92h,168.35h,102.52h,70.52h,,,,,26013.08h,,
,PAYME-74,[STAR] LV payment order missing country in PDF,4/21/23,0.02h,47.57h,,,,,,0.00h,6.48h,18.85h,4.28h,,,,,26491.72h,,
,PAYME-68,[ISO Exchange] API support for CBPR+ pacs.008.001.08STP,4/27/23,0.03h,1.10h,,,,,,22.77h,147.32h,20.23h,30.37h,,,,,26347.72h,,
,PAYME-67,[openShift] Onboard payment-monitor to cloudbees/openshift (pipeline),5/16/23,0.00h,0.00h,,646.13h,,,,0.00h,31.15h,0.00h,0.00h,,,,,25892.70h,,
,PAYME-66,[CORE] move PAYMENTS ISO tables from USERS tablespace and set correct default tablespaces,4/17/23,0.78h,0.00h,,,,,,0.00h,0.00h,0.00h,70.13h,,,,,26587.72h,,
,PAYME-63,[openshift] Observability Integration with Alert API,4/13/23,0.03h,,,,,,,,,,,,,,,26689.83h,,
,PAYME-62,[openshift] Observability Integration with Alert API,4/17/23,0.07h,0.00h,,,,,,4.75h,97.48h,0.00h,0.00h,,,,,26587.55h,,
,PAYME-56,[ISO exchange] create/improve API endpoint to check duplicity of the pacs.009 message,4/26/23,120.20h,0.33h,17.67h,18.07h,,,,1.42h,50.00h,104.63h,16.03h,,,,,26379.13h,,
,PAYME-30,"[STAR] - foreign payment out form, bic is not derived for non-EUR international payments to Swedbank Group banks",4/18/23,0.00h,0.00h,,47.45h,,,,0.00h,3.22h,13.45h,97.87h,,,,,26569.68h,,
,PAYME-18,[openshift] Setup prometheus in payment services namespace,4/17/23,0.03h,0.00h,,,,,,0.00h,146.35h,0.00h,0.00h,,,,,26587.55h,,
,PAYME-381,[ISO Exchange] Receive camt.058 NotificationToReceiveCancellationAdvice from CBPR+ (nov.23),10/20/23,1557.32h,291.75h,17.63h,2134.75h,,,,45.55h,165.35h,316.02h,56.35h,,,,,22123.68h,,
,PAYME-376,[ISO Exchange] Receive camt.055 CustomerPaymentCancellationRequest from CBPR+ (nov.23),10/17/23,1557.32h,771.68h,,1654.80h,,,,218.12h,160.58h,0.30h,144.00h,,,,,22201.60h,,
,PAYME-42,[FP] Send camt.029 ResolutionOfInvestigation (CNCL and PDCR),9/18/23,1002.63h,170.28h,47.03h,458.75h,,,,1169.73h,235.47h,722.85h,8.57h,,,,,22893.08h,,
,PAYME-46,[FP] Send camt.029 ResolutionOfInvestigation (RJCT) to CBPR+,8/4/23,285.80h,164.48h,625.75h,24.77h,,,,502.47h,166.25h,504.98h,454.32h,,,,,23979.57h,,
,PAYME-41,[FP] Send Own Transfer pacs.009 to CBPR+,7/3/23,337.22h,137.83h,0.33h,,,,,766.47h,162.88h,9.43h,215.65h,,,,,25054.62h,,
,PAYME-48,[FP] Send CBPR+ pacs.009 FinancialInstitutionCreditTransfer from Pay charges,7/3/23,311.03h,139.05h,69.23h,25.00h,,,,310.25h,280.20h,26.73h,320.23h,,,,,25202.63h,,
,PAYME-47,[FP] Send CBPR+ pacs.009 FinancialInstitutionCreditTransfer from bookkeeping entries,6/7/23,310.88h,139.12h,39.47h,24.90h,,,,169.75h,166.10h,5.48h,487.22h,,,,,25365.47h,,
,PAYME-40,[FP] Send camt.056 FIToFIPaymentCancellationRequest to CBPR+,7/12/23,191.17h,96.18h,85.27h,,,,,69.68h,431.75h,876.12h,433.23h,,,,,24525.03h,,
,PAYME-14,[LV STAR] Incoming international payments form & PDF - Ultimate payer/beneficiary address,4/21/23,0.10h,118.82h,,,,,,19.98h,51.55h,91.68h,73.63h,,,,,26496.02h,,
,PAYME-39,[FP] Send pacs.008 FIToFICustomerCreditTransfer to CBPR+ - cover method,8/4/23,0.05h,145.42h,2.63h,329.23h,,,123.58h,551.70h,343.90h,1019.62h,365.98h,,23.22h,,,23973.87h,,
,PAYME-38,[FP] Send pacs.008 FIToFICustomerCreditTransfer to CBPR+ - serial method,8/4/23,0.05h,332.48h,528.62h,142.20h,,,123.62h,149.45h,309.22h,739.45h,532.63h,,23.20h,,,23974.35h,,
,PAYME-1,Missing label in STAR when deleting predefined foreign payment.,4/6/23,19.77h,0.00h,,,,,,0.00h,,2.30h,3.72h,,,,,26850.93h,,
,PAYME-36,[ISO Exchange] Store pacs.002 additional information in STATUS_REPORT,4/21/23,,18.93h,,,,,4.57h,118.58h,28.93h,19.97h,26.12h,,,168.35h,,26496.12h,,
,PAYME-35,"[CORE] Add STATUS_REASON_ADD_INFO1, STATUS_REASON_ADD_INFO2 columns to STATUS_REPORT",4/19/23,,18.85h,,,,,4.63h,124.98h,2.37h,17.45h,0.05h,,,168.33h,,26544.93h,,
,PAYME-26,[CORE] International SEPA payment can't be sent due to empty PAYER_PRIV_OTHER_ID_TYPE,4/20/23,0.00h,167.47h,,,,,,142.92h,19.18h,0.77h,47.85h,,,,,26522.25h,,
,PAYME-11,[CORE] Incoming payment transaction does not show other bank fees,4/14/23,0.60h,3.27h,,174.15h,,,,0.00h,38.60h,6.05h,24.75h,,,,,26659.73h,,
,PAYME-82,[CORE DB] New fields for processing SEPA cross border payments,5/29/23,0.28h,612.55h,0.10h,,,,79.87h,512.80h,65.57h,71.27h,0.88h,,,,,25583.47h,,
,PAYME-4,LV iBank - Foreign standing order PDF - intermediary bank data missing,4/13/23,0.53h,21.10h,,,,,,0.00h,175.00h,0.03h,46.63h,,,,,26684.23h,,
,PAYME-29,"[LV ibank] - foreign payment out form, bic is not derived for non-EUR international payments to Swedbank Group banks",4/18/23,0.73h,266.67h,,48.85h,,,,0.08h,3.20h,13.45h,97.72h,,,,,26569.85h,,
,PAYME-34,[FP] Show reason code explanation during investigation message processing,4/21/23,,18.80h,,,,,0.00h,23.13h,168.80h,4.55h,0.47h,,189.07h,146.73h,,26492.88h,,
,PAYME-5,[FP] Store AnyBIC as Name when Name is missing in incoming pacs.008,4/13/23,,269.52h,,,,,0.00h,0.00h,19.03h,24.32h,3.53h,,24.25h,18.45h,,26685.37h,,
,PAYME-10,[FP] Provide pacs.009 message preview,4/13/23,,98.57h,,,,,0.00h,2.15h,187.77h,24.38h,5.35h,,22.33h,20.60h,,26683.55h,,
,PAYME-52,[FP] Remove crebit.lisa_mitteklient usages,6/27/23,48.20h,741.72h,,49.02h,,,,864.37h,47.57h,317.53h,114.78h,,,,,24889.05h,,
,PAYME-9,Ibank EE payment order details,4/18/23,0.00h,0.92h,,0.20h,,,,505.10h,20.18h,0.52h,0.97h,,,,,26565.80h,,
,PAYME-7,LT iBank Payment order printout has wrong format of data,4/24/23,0.00h,69.58h,,,,,,90.50h,311.93h,168.25h,100.48h,,,,,26421.70h,,
,PAYME-103,"iBank: e-invoice payment in list of payments should have most of fields non-editable (LV, EE)",6/9/23,135.57h,606.28h,,188.68h,,,320.28h,46.82h,165.10h,24.57h,27.17h,330.90h,,,,25322.60h,,
,PAYME-54,[CORE] Updates in PAYMENTS_ISO.REASON_CODE,4/18/23,,18.55h,,,,,0.00h,99.17h,1.75h,22.18h,0.28h,,142.65h,360.87h,,26566.32h,,
,PAYME-229,Review UDFS changes for T2 R2023.JUN,3/23/23,,,,,,,0.00h,,,,,,164.27h,,,27192.07h,,
,PAYME-21,Investigation - ISO cleanup,6/15/23,0.08h,119.12h,,,,,,2082.05h,,0.00h,0.00h,,,,,25177.33h,,
,PAYME-20,[CORE-DB] (foreign) - ISO cleanup,6/9/23,0.20h,119.47h,,,,,,1073.27h,776.33h,19.32h,75.32h,,,,,25315.17h,,
,PAYME-8,[STAR] - Foreign payment/defined payment/standing order - ISO cleanup,4/28/23,0.05h,146.55h,,91.87h,,,,560.93h,302.32h,0.85h,70.23h,,,,,26325.08h,,
,PAYME-6,iBank - Foreign payment/defined payment/standing order - ISO cleanup,4/28/23,0.40h,120.50h,,118.13h,,,,475.05h,289.95h,72.70h,93.30h,,,,,26328.38h,,
,PAYME-72,[ISO exchange] create API endpoint to indicate change of value date,4/26/23,0.00h,2.57h,,1048.83h,,,,28.12h,119.75h,42.60h,1.30h,,,,,26376.77h,97.05h,
,PAYME-65,[FILE-BARN] migrate existing RT-1 files from FileBarn to ISOX DB,10/3/25,5811.07h,0.05h,,,,,,16960.98h,,0.00h,0.02h,,,,,4991.67h,,
,PAYME-15,[FP] Processing of payments with InstrForNxtAgt,7/10/23,1055.92h,137.38h,289.65h,337.32h,,,,574.50h,105.57h,261.40h,425.05h,,,,,24577.47h,,
,PAYME-429,Windows 2012 will turn black on October 10th 2023,10/20/23,,,,,,,44.33h,,,,3767.17h,,,,1971.77h,22125.18h,,
Production bug,PAYME-51,[CORE DB] create script to fix errors in DB - defined payments reused address and agent info from foreign payment,4/18/24,6261.45h,0.00h,,,,,,3841.07h,286.50h,72.70h,0.48h,,,,,17785.28h,,
,PAYME-27,[CORE-DB] Create new DB interface for loading nostro account transactions to GDW,5/5/23,144.72h,435.60h,,164.35h,,,,1268.63h,694.18h,5.42h,46.05h,,,,,26157.40h,,
,PAYME-23,[FP] Find dependencies of crebit.trs_name table usage by Foreign Payments (Dynasty),4/18/23,0.58h,211.48h,,2067.12h,,,,,,,,,,,,26569.23h,,
Production bug,PAYME-189,[iBank] The Confirm button is not active in iBank.,6/7/23,242.18h,328.55h,34.72h,23.35h,,,,2853.97h,284.40h,117.38h,4.87h,,,,,25362.78h,,
,PAYME-22,[FP] Improvements for OBN x-border cancelled payments processing (2),7/20/23,0.28h,1675.03h,,2761.07h,,,,47.77h,104.25h,535.05h,177.40h,,,,,24337.32h,,
,PAYME-3,[CORE] PARTMAN failing during new partitions creation in PAYMENTS_ISO schema,4/21/23,0.00h,0.00h,,1627.68h,,,,1446.38h,333.55h,0.00h,43.58h,,,,,26498.32h,,
,PAYME-53,"Simulate ""Couple"" environments in same cluster(s)",2/13/23,0.05h,0.00h,,,,,,1771.13h,48.23h,119.77h,0.00h,,,,,28105.88h,,
,PAYME-33,"[CORE DB] Missing comments on newly added columns vvmk_debt_cred, lvmk_debt_cred",8/21/23,7.25h,141.52h,,,,,,6524.22h,213.60h,3.78h,2.15h,,,,,23564.40h,,
,PAYME-49,[CORE DB] create PAYMENTS.ISO_*_ARH tables in ARCH database,12/1/23,9126.95h,0.00h,,,,,,399.77h,432.18h,0.00h,0.00h,,,,,21120.80h,,
,PAYME-16,[FP] Solution to stop/rollback message sending,11/17/23,0.00h,677.13h,286.90h,8298.22h,,,,100.80h,24.32h,143.00h,148.80h,,,,,21449.90h,,
,PAYME-50,[CORE DB] decommission payments_iso.msg_xml table,,10462.18h,0.00h,,,,,,21986.08h,,,,,,,,,,
,PAYME-32,[ISOX DB] migrate existing data from payments_iso.msg_xml - create DB table for data uploading from CORE DB,11/16/23,3407.85h,1276.47h,,0.07h,,,,5462.48h,754.48h,25.65h,0.12h,,,,,21473.17h,,
,PAYME-12,[FP] Check duplicity for manual pacs.009,5/15/23,5741.00h,315.55h,,160.30h,,,,143.35h,360.05h,49.90h,97.07h,,,,,25918.47h,,
,PAYME-17,[ibank] Incoming international payments information form (testing),5/17/23,1244.23h,635.00h,0.77h,4920.28h,,,,138.38h,95.13h,0.00h,72.60h,,,,,25867.70h,,
,PAYME-13,[FP] Adjust incoming payment manual input form,5/5/23,7031.12h,171.52h,92.33h,20.80h,,,,0.00h,394.20h,4.82h,199.80h,,,,,26161.25h,,
Production bug,PAYME-19,[CORE DB] List of payments execution failing on international payment,5/12/23,0.02h,1414.70h,,5640.17h,,,,0.00h,1201.85h,2.50h,0.00h,,,,,25988.85h,,
,PAYME-24,[FP] indicate that value date of outgoing payment message has changed,9/28/23,148.92h,119.02h,92.70h,8228.18h,,,,2519.93h,283.03h,939.30h,29.28h,,,,,22656.45h,71.43h,
,PAYME-28,[iBank] International payment signing from payment list logical error,12/7/23,266.63h,1292.90h,,10170.27h,,,,28.95h,2109.12h,100.52h,167.67h,,,,,21862.57h,,
,PAYME-55,partition manager not processing PAYMENTS_ISO tables partitions,4/21/23,0.00h,48.60h,,11878.67h,,,,0.00h,166.65h,0.00h,43.57h,,,,,26498.33h,,
,PAYME-25,[FP] Do not convert to upper case customer provided payment information,4/13/23,0.00h,571.67h,,,,,,12502.22h,,0.00h,0.00h,,,,,26689.68h,,
,PAYME-199,[STAR] Analysis: Showing History of changes in SOA in STAR,9/18/23,30590.47h,43.45h,286.77h,149.27h,,,,1077.10h,839.97h,407.63h,126.73h,0.48h,1368.40h,,,22965.58h,,1922.50h