Issue key,Issue id,Parent id,Created,Resolved,Status,Priority,Due Date,Updated,Sprint,Sprint,Sprint,Sprint,Sprint,Sprint,Sprint,Sprint,Sprint,Sprint,Custom field (Story Points),Issue Type,Resolution
PAYME-1380,2854359,,03.07.2025 08:57,,Refined,Major,,16.04.2026 08:27,BPAY PI 2026:1.4-BPAY - ChillP,,,,,,,,,,3.0,Story,
PAYME-50,1641649,,16.08.2022 10:02,,Refined,Major,,20.10.2025 12:24,,,,,,,,,,,3.0,Engineering job,
PAYME-711,2319898,,19.04.2024 12:50,,Refined,Major,,11.06.2025 14:12,,,,,,,,,,,2.0,Task,
PAYME-541,2189057,,08.01.2024 10:56,,Refined,Major,,11.06.2025 14:12,,,,,,,,,,,3.0,Engineering job,
PAYME-1734,3138980,,18.02.2026 16:15,,Refined,Major,,24.04.2026 08:04,BPAY PI 2026:2.2-BPAY - ChillP,,,,,,,,,,21.0,Story,
PAYME-1785,3151746,3138980,02.03.2026 10:19,,Refined,Major,,08.04.2026 12:35,BPAY PI 2026:2.2-BPAY - ChillP,,,,,,,,,,,Sub-task,
PAYME-1831,3186882,3138980,25.03.2026 15:22,,Refined,Major,,27.04.2026 13:38,BPAY PI 2026:2.2-BPAY - ChillP,,,,,,,,,,,Sub-task,
PAYME-1832,3186888,3138980,25.03.2026 15:26,,Refined,Major,,08.04.2026 12:36,BPAY PI 2026:2.2-BPAY - ChillP,,,,,,,,,,,Sub-task,
PAYME-1819,3180892,,23.03.2026 12:08,,Refined,Major,,28.04.2026 08:10,BPAY PI 2026:2.3-BPAY - ChillP,,,,,,,,,,1.0,Story,
PAYME-1375,2904791,,01.09.2025 13:49,,Investigation,Major,,16.04.2026 08:27,,,,,,,,,,,5.0,Story,
PAYME-1714,3119041,,03.02.2026 11:11,,Investigation,Major,,02.03.2026 08:49,,,,,,,,,,,3.0,Production bug,
PAYME-1799,3159012,,06.03.2026 12:38,,Investigation,Major,,29.04.2026 09:57,BPAY PI 2026:2.3-BPAY - ChillP,,,,,,,,,,5.0,Story,
PAYME-1884,3236520,,27.04.2026 13:02,,Investigation,Major,,28.04.2026 14:02,,,,,,,,,,,,Story,
PAYME-1742,3139583,3138980,19.02.2026 10:12,,Blocked,Major,,27.04.2026 13:47,BPAY PI 2026:2.2-BPAY - ChillP,,,,,,,,,,2.0,Sub-task,
PAYME-1830,3186875,3138980,25.03.2026 15:19,,Blocked,Major,,27.04.2026 13:47,BPAY PI 2026:2.2-BPAY - ChillP,,,,,,,,,,,Sub-task,
PAYME-1573,3046954,,04.12.2025 11:04,,Ready for Refinement,Major,,16.04.2026 08:27,,,,,,,,,,,3.0,Story,
PAYME-1110,2736276,,03.04.2025 15:48,,Ready for Refinement,Major,,19.11.2025 12:20,,,,,,,,,,,,Production bug,
PAYME-1111,2737509,,04.04.2025 11:48,,Ready for Refinement,Major,,19.11.2025 12:20,,,,,,,,,,,,Bug,
PAYME-1518,3016589,,13.11.2025 15:17,,Ready for Refinement,Major,,19.11.2025 12:22,,,,,,,,,,,,Bug,
PAYME-1833,3186895,3138980,25.03.2026 15:33,,Ready for Refinement,Major,,07.04.2026 14:56,BPAY PI 2026:2.2-BPAY - ChillP,,,,,,,,,,,Sub-task,
PAYME-1837,3192195,3138980,30.03.2026 11:30,,Ready for Refinement,Major,,30.03.2026 12:46,BPAY PI 2026:2.2-BPAY - ChillP,,,,,,,,,,,Sub-task,
PAYME-1764,3146784,,25.02.2026 13:58,,Ready for Refinement,Minor,,25.02.2026 14:06,,,,,,,,,,,,Production bug,
PAYME-1885,3236522,,27.04.2026 13:03,,Ready for Refinement,Major,,28.04.2026 15:23,,,,,,,,,,,,Story,
PAYME-1886,3236523,,27.04.2026 13:04,,Ready for Refinement,Major,,28.04.2026 16:00,,,,,,,,,,,,Story,
PAYME-1532,2973356,,16.10.2025 12:51,,Ready for test,Major,,27.04.2026 09:57,BPAY PI 2026:1.4-BPAY - ChillP,BPAY PI 2026:2.1-BPAY - ChillP,BPAY PI 2026:2.2-BPAY - ChillP,,,,,,,,2.0,Bug,
PAYME-1872,3223459,,15.04.2026 14:23,,Ready for test,Critical,,27.04.2026 12:53,BPAY PI 2026:2.1-BPAY - ChillP,BPAY PI 2026:2.2-BPAY - ChillP,,,,,,,,,,Bug,
PAYME-1531,2942683,,23.09.2025 11:18,,Ready for test,Major,,16.04.2026 08:27,BPAY PI 2026:1.4-BPAY - ChillP,,,,,,,,,,1.0,Story,
PAYME-1878,3077141,,13.01.2026 11:39,,Ready for test,Major,,29.04.2026 08:58,BPAY PI 2026:2.1-BPAY - Void,BPAY PI 2026:2.3-BPAY - ChillP,,,,,,,,,4.0,Story,
PAYME-1783,3151403,,02.03.2026 08:17,,Ready for test,Major,,28.04.2026 10:53,BPAY PI 2026:2.2-BPAY - ChillP,,,,,,,,,,2.0,Story,
PAYME-1777,3149200,,26.02.2026 14:29,,Ready for test,Major,,28.04.2026 08:23,BPAY PI 2026:2.1-BPAY - ChillP,BPAY PI 2026:2.2-BPAY - ChillP,,,,,,,,,3.0,Story,
PAYME-1776,3148999,,26.02.2026 14:28,,Ready for test,Major,,28.04.2026 14:19,BPAY PI 2026:2.1-BPAY - ChillP,BPAY PI 2026:2.4-BPAY - ChillP,,,,,,,,,1.0,Story,
PAYME-1793,3154723,,04.03.2026 08:26,,Ready for test,Major,,28.04.2026 08:23,BPAY PI 2026:2.1-BPAY - ChillP,BPAY PI 2026:2.2-BPAY - ChillP,,,,,,,,,3.0,Story,
PAYME-1834,3188192,,26.03.2026 11:11,,Ready for test,Major,,23.04.2026 15:25,BPAY PI 2026:1.4-BPAY - ChillP,BPAY PI 2026:2.1-BPAY - ChillP,BPAY PI 2026:2.2-BPAY - ChillP,,,,,,,,5.0,Story,
PAYME-1373,2868315,,17.07.2025 15:28,,In Development,Major,,22.04.2026 15:59,BPAY PI 2026:2.1-BPAY - ChillP,BPAY PI 2026:2.2-BPAY - ChillP,,,,,,,,,5.0,Bug,
PAYME-1701,2942253,,23.09.2025 08:16,,In Development,Major,,28.01.2026 08:45,,,,,,,,,,,,Engineering job,
PAYME-1752,3143106,3138980,23.02.2026 10:30,,In Development,Major,,27.04.2026 13:38,BPAY PI 2026:2.2-BPAY - ChillP,,,,,,,,,,,Sub-task,
PAYME-1574,3046972,,04.12.2025 11:20,,In Development,Major,,28.04.2026 10:41,BPAY PI 2026:2.2-BPAY - ChillP,,,,,,,,,,3.0,Story,
PAYME-1703,3025894,3002052,18.11.2025 21:45,,In Development,Major,,12.03.2026 12:37,BPAY PI 2026:1.4-BPAY - ChillP,BPAY PI 2026:2.3-BPAY - ChillP,,,,,,,,,,Sub-task,
PAYME-1840,3190140,,27.03.2026 10:28,,In Testing,Major,,27.04.2026 09:03,BPAY PI 2026:2.1-BPAY - ChillP,BPAY PI 2026:2.2-BPAY - ChillP,,,,,,,,,3.0,Production bug,
PAYME-1733,3138979,,18.02.2026 16:13,,In Testing,Major,,29.04.2026 07:59,BPAY PI 2026:2.1-BPAY - ChillP,BPAY PI 2026:2.2-BPAY - ChillP,,,,,,,,,8.0,Story,
PAYME-1870,3224065,,16.04.2026 07:42,,In Testing,Major,,28.04.2026 15:25,BPAY PI 2026:2.1-BPAY - ChillP,BPAY PI 2026:2.2-BPAY - ChillP,,,,,,,,,,Story,
PAYME-1877,3234337,,24.04.2026 11:05,,In Testing,Major,,24.04.2026 11:05,,,,,,,,,,,,Sub-task,
PAYME-1217,2768944,,25.04.2025 08:14,16.07.2025 13:44,Done,Major,,08.04.2026 10:47,BPAY PI 2025:3.2-BPAY - ChillP,,,,,,,,,,3.0,Story,Done
PAYME-1220,2768481,,24.04.2025 15:58,16.07.2025 13:37,Done,Major,,08.04.2026 10:31,BPAY PI 2025:3.2-BPAY - ChillP,,,,,,,,,,3.0,Story,Done
PAYME-961,2607683,,19.12.2024 15:28,09.07.2025 13:59,Done,Major,,09.02.2026 15:50,BPAY PI 2025:1.2-BPAY - ChillP,BPAY PI 2025:1.3-BPAY - ChillP,BPAY PI 2025:1.4-BPAY - ChillP,BPAY PI 2025:2.4-BPAY - ChillP,BPAY PI 2025:3.1-BPAY - ChillP,BPAY PI 2025:3.2-BPAY - ChillP,,,,,5.0,Story,Done
PAYME-997,2642798,,27.01.2025 13:13,09.07.2025 15:29,Done,Major,,09.02.2026 15:50,BPAY PI 2025:1.1-BPAY - ChillP,BPAY PI 2025:1.2-BPAY - ChillP,BPAY PI 2025:1.3-BPAY - ChillP,BPAY PI 2025:1.4-BPAY - ChillP,BPAY PI 2025:2.1-BPAY - ChillP,BPAY PI 2025:2.2-BPAY - ChillP,BPAY PI 2025:2.3-BPAY - ChillP,BPAY PI 2025:2.4-BPAY - ChillP,BPAY PI 2025:3.1-BPAY - ChillP,BPAY PI 2025:3.2-BPAY - ChillP,8.0,Story,Done
PAYME-1088,2719052,2642798,24.03.2025 09:15,25.03.2025 10:57,Done,Major,,25.03.2025 10:57,BPAY PI 2025:1.1-BPAY - ChillP,BPAY PI 2025:1.2-BPAY - ChillP,BPAY PI 2025:1.3-BPAY - ChillP,BPAY PI 2025:1.4-BPAY - ChillP,BPAY PI 2025:2.1-BPAY - ChillP,BPAY PI 2025:2.2-BPAY - ChillP,BPAY PI 2025:2.3-BPAY - ChillP,BPAY PI 2025:2.4-BPAY - ChillP,BPAY PI 2025:3.1-BPAY - ChillP,BPAY PI 2025:3.2-BPAY - ChillP,1.0,Sub-task,Done
PAYME-1258,2845897,,25.06.2025 12:39,09.07.2025 12:28,Done,Major,,29.12.2025 15:54,BPAY PI 2025:3.1-BPAY - ChillP,BPAY PI 2025:3.2-BPAY - ChillP,,,,,,,,,2.0,Bug,Done
PAYME-113,1945661,,11.05.2023 07:54,08.11.2023 07:59,Done,Major,,16.06.2025 13:59,,,,,,,,,,,1.0,Task,Done
PAYME-119,1945667,,11.05.2023 07:56,24.07.2023 06:10,Done,Major,,16.06.2025 13:59,,,,,,,,,,,,Task,Won't Do
PAYME-120,1945668,,11.05.2023 07:56,21.07.2023 08:38,Done,Major,,16.06.2025 14:00,,,,,,,,,,,,Task,Done
PAYME-127,1945675,,11.05.2023 07:57,24.07.2023 09:16,Done,Major,,16.06.2025 14:00,,,,,,,,,,,1.0,Task,Done
PAYME-131,1945679,,11.05.2023 07:57,22.06.2023 10:40,Done,Major,,16.06.2025 14:00,,,,,,,,,,,1.0,Task,Done
PAYME-137,1945685,,11.05.2023 07:58,24.07.2023 09:31,Done,Major,,16.06.2025 14:00,,,,,,,,,,,1.0,Task,Done
PAYME-141,1945689,,11.05.2023 08:04,22.06.2023 10:41,Done,Major,,16.06.2025 14:00,,,,,,,,,,,1.0,Task,Done
PAYME-145,1945693,,11.05.2023 08:04,24.07.2023 09:32,Done,Major,,16.06.2025 14:00,,,,,,,,,,,1.0,Task,Done
PAYME-149,1945697,,11.05.2023 08:09,27.06.2023 08:14,Done,Major,,16.06.2025 14:00,,,,,,,,,,,1.0,Task,Done
PAYME-155,1945803,,11.05.2023 08:10,24.07.2023 09:32,Done,Major,,16.06.2025 14:00,,,,,,,,,,,1.0,Task,Done
PAYME-160,1945808,,11.05.2023 08:12,27.06.2023 08:14,Done,Major,,16.06.2025 14:00,,,,,,,,,,,1.0,Task,Done
PAYME-166,1945815,,11.05.2023 08:13,24.07.2023 09:33,Done,Major,,16.06.2025 14:00,,,,,,,,,,,1.0,Task,Done
PAYME-168,1945817,,11.05.2023 08:13,03.07.2023 13:10,Done,Major,,16.06.2025 14:00,,,,,,,,,,,0.2,Task,Done
PAYME-177,1945826,,11.05.2023 08:14,28.06.2023 11:52,Done,Major,,16.06.2025 13:59,,,,,,,,,,,0.5,Task,Done
PAYME-178,1945827,,11.05.2023 08:14,03.07.2023 06:24,Done,Major,,16.06.2025 13:59,,,,,,,,,,,1.0,Task,Done
PAYME-182,1945831,,11.05.2023 08:15,28.06.2023 11:53,Done,Major,,16.06.2025 13:59,,,,,,,,,,,0.5,Task,Done
PAYME-183,1945832,,11.05.2023 08:15,17.07.2023 08:09,Done,Major,,16.06.2025 13:59,,,,,,,,,,,1.0,Task,Done
PAYME-184,1945833,,11.05.2023 08:15,24.07.2023 09:34,Done,Major,,16.06.2025 13:59,,,,,,,,,,,1.0,Task,Done
PAYME-224,1947807,,12.05.2023 12:51,08.08.2023 07:42,Done,Major,,22.04.2025 15:32,PAYME Iteration 2.3,,,,,,,,,,4.0,Engineering job,Done
PAYME-261,1987590,,21.06.2023 08:37,28.06.2023 13:50,Done,Major,,16.06.2025 14:00,,,,,,,,,,,0.5,Task,Done
PAYME-262,1987594,,21.06.2023 08:44,26.06.2023 09:19,Done,Major,,16.06.2025 14:00,,,,,,,,,,,2.0,Task,Done
PAYME-270,1993296,,27.06.2023 08:17,10.07.2023 06:36,Done,Major,,16.06.2025 14:00,,,,,,,,,,,1.0,Task,Done
PAYME-281,2001689,,03.07.2023 13:05,10.07.2023 06:37,Done,Major,,16.06.2025 14:00,,,,,,,,,,,2.0,Task,Done
PAYME-285,2006950,,11.07.2023 09:58,13.07.2023 14:43,Done,Major,,16.06.2025 13:59,,,,,,,,,,,3.0,Task,Done
PAYME-286,2009005,,13.07.2023 11:58,13.07.2023 13:44,Done,Major,,16.06.2025 13:59,,,,,,,,,,,1.0,Task,Done
PAYME-296,2015667,,31.07.2023 06:33,07.09.2023 08:54,Done,Major,,16.06.2025 13:59,,,,,,,,,,,1.0,Task,Done
PAYME-300,2021282,,08.08.2023 09:37,09.08.2023 09:17,Done,Major,,16.06.2025 13:59,,,,,,,,,,,1.0,Task,Done
PAYME-301,1962407,,26.05.2023 19:52,11.08.2023 09:46,Done,Critical,,16.06.2025 13:59,,,,,,,,,,,,Production bug,Done
PAYME-336,2051995,,07.09.2023 12:06,12.09.2023 14:32,Done,Major,,16.06.2025 13:59,,,,,,,,,,,1.0,Task,Done
PAYME-339,2036888,,24.08.2023 11:50,25.09.2023 06:18,Done,Major,,16.06.2025 13:59,,,,,,,,,,,1.0,Engineering job,Done
PAYME-400,2080040,,26.09.2023 08:13,28.11.2023 12:01,Done,Major,,16.06.2025 13:59,,,,,,,,,,,2.0,Engineering job,Done
PAYME-611,2223933,,02.02.2024 15:59,28.03.2024 15:17,Done,Major,,16.06.2025 13:57,,,,,,,,,,,5.0,Bug,Done
PAYME-680,2242958,,14.02.2024 14:31,23.08.2024 14:19,Done,Major,,16.06.2025 13:59,,,,,,,,,,,5.0,Story,Done
PAYME-682,2245178,,15.02.2024 14:40,13.09.2024 10:54,Done,Major,,16.06.2025 13:59,,,,,,,,,,,1.0,Story,Done
PAYME-683,2242993,,14.02.2024 15:02,10.09.2024 13:38,Done,Major,,16.06.2025 13:59,,,,,,,,,,,2.0,Story,Done
PAYME-684,2242477,,14.02.2024 13:15,26.06.2024 15:44,Done,Major,,16.06.2025 13:59,,,,,,,,,,,5.0,Story,Done
PAYME-686,2201390,,18.01.2024 11:29,12.07.2024 12:36,Done,Major,,16.06.2025 13:59,,,,,,,,,,,8.0,Story,Done
PAYME-688,2242428,,14.02.2024 11:52,20.09.2024 14:03,Done,Major,,16.06.2025 13:59,,,,,,,,,,,2.0,Story,Done
PAYME-689,2240462,,13.02.2024 14:27,29.05.2024 08:48,Done,Major,,16.06.2025 13:59,,,,,,,,,,,5.0,Story,Done
PAYME-690,2194879,,12.01.2024 10:35,22.07.2024 15:28,Done,Major,,16.06.2025 13:59,,,,,,,,,,,8.0,Story,Done
PAYME-691,2245120,,15.02.2024 13:52,23.08.2024 13:31,Done,Major,,16.06.2025 13:59,,,,,,,,,,,3.0,Story,Done
PAYME-692,2242417,,14.02.2024 11:29,18.07.2024 14:03,Done,Major,,16.06.2025 13:59,,,,,,,,,,,13.0,Story,Done
PAYME-694,2242977,,14.02.2024 14:39,20.09.2024 13:49,Done,Major,,16.06.2025 13:59,,,,,,,,,,,2.0,Story,Done
PAYME-695,2242920,,14.02.2024 13:58,29.05.2024 14:54,Done,Major,,16.06.2025 13:59,,,,,,,,,,,5.0,Story,Done
PAYME-697,2076951,,22.09.2023 08:12,22.05.2024 09:53,Done,Major,,16.06.2025 13:59,,,,,,,,,,,1.0,Engineering job,Done
PAYME-709,1945835,,11.05.2023 08:15,22.05.2024 13:49,Done,Major,,16.06.2025 13:58,,,,,,,,,,,1.0,Task,Done
PAYME-736,2361352,,24.05.2024 07:37,05.07.2024 12:56,Done,Major,,22.04.2025 15:33,2024:2:3-Elbrus,2024:2:4-Elbrus,,,,,,,,,1.0,Story,Done
PAYME-737,2361353,,24.05.2024 07:39,03.07.2024 15:01,Done,Major,,22.04.2025 15:33,2024:2:4-Elbrus,,,,,,,,,,2.0,Story,Done
PAYME-741,2361369,,24.05.2024 08:14,16.07.2024 14:07,Done,Major,,16.06.2025 13:57,,,,,,,,,,,2.0,Story,Done
PAYME-742,2361374,,24.05.2024 08:17,16.07.2024 08:12,Done,Major,,16.06.2025 13:57,,,,,,,,,,,2.0,Story,Done
PAYME-774,2385578,,17.06.2024 10:10,30.07.2024 14:56,Done,Major,,16.06.2025 13:59,,,,,,,,,,,2.0,Story,Done
PAYME-775,2343756,,08.05.2024 15:18,23.07.2024 14:22,Done,Major,,16.06.2025 13:59,,,,,,,,,,,2.0,Story,Done
PAYME-776,2341819,,07.05.2024 13:06,08.08.2024 13:17,Done,Major,,16.06.2025 13:59,,,,,,,,,,,2.0,Story,Done
PAYME-777,2341804,,07.05.2024 12:54,19.07.2024 11:42,Done,Major,,16.06.2025 13:59,,,,,,,,,,,2.0,Story,Done
PAYME-778,2341803,,07.05.2024 12:53,06.08.2024 14:56,Done,Major,,16.06.2025 13:59,,,,,,,,,,,2.0,Story,Done
PAYME-779,2378283,,10.06.2024 13:24,04.09.2024 12:36,Done,Major,,16.06.2025 13:59,,,,,,,,,,,5.0,Story,Done
PAYME-780,2378626,,10.06.2024 14:26,22.08.2024 14:13,Done,Major,,16.06.2025 13:59,,,,,,,,,,,2.0,Story,Done
PAYME-781,2377515,,10.06.2024 07:33,23.08.2024 14:34,Done,Major,,16.06.2025 13:59,,,,,,,,,,,5.0,Story,Done
PAYME-800,2336383,,02.05.2024 07:34,03.07.2024 12:06,Done,Major,,16.06.2025 13:58,,,,,,,,,,,1.0,Story,Done
PAYME-808,2416929,,15.07.2024 15:27,20.09.2024 07:49,Done,Major,,16.06.2025 13:59,,,,,,,,,,,1.0,Bug,Done
PAYME-813,2418457,,17.07.2024 12:44,04.10.2024 12:47,Done,Major,,16.06.2025 13:58,,,,,,,,,,,4.0,Story,Done
PAYME-827,2441790,,22.08.2024 07:17,22.08.2024 12:11,Done,Major,,16.06.2025 13:58,,,,,,,,,,,1.0,Engineering job,Done
PAYME-829,2443472,,23.08.2024 08:47,04.10.2024 14:43,Done,Major,,16.06.2025 13:58,,,,,,,,,,,1.0,Story,Done
PAYME-837,2264479,,04.03.2024 15:32,29.10.2024 11:41,Done,Major,,22.04.2025 15:33,BPAY PI2024:2.Innovation-BPAY,,,,,,,,,,3.0,Story,Done
PAYME-880,2503582,2264479,03.10.2024 09:33,18.10.2024 13:22,Done,Major,,22.04.2025 15:33,BPAY PI2024:2.Innovation-BPAY,,,,,,,,,,,Sub-task,Done
PAYME-838,2364086,,27.05.2024 16:43,15.11.2024 12:56,Done,Major,,26.09.2025 09:00,BPAY PI2024:2.Innovation-BPAY,,,,,,,,,,8.0,Story,Done
PAYME-839,2477501,,11.09.2024 13:08,31.10.2024 08:18,Done,Major,,16.06.2025 13:57,,,,,,,,,,,3.0,Story,Done
PAYME-840,2477502,,11.09.2024 13:09,31.10.2024 08:18,Done,Major,,16.06.2025 13:57,,,,,,,,,,,1.0,Story,Done
PAYME-841,2476993,,11.09.2024 13:04,31.10.2024 08:27,Done,Major,,16.06.2025 13:57,,,,,,,,,,,2.0,Story,Done
PAYME-842,2477507,,11.09.2024 13:12,08.10.2024 14:33,Done,Major,,16.06.2025 13:57,,,,,,,,,,,2.0,Story,Done
PAYME-843,2476994,,11.09.2024 13:04,31.10.2024 08:18,Done,Major,,16.06.2025 13:57,,,,,,,,,,,1.0,Story,Done
PAYME-844,2444860,,26.08.2024 07:27,06.11.2024 12:32,Done,Major,,16.06.2025 13:57,,,,,,,,,,,2.0,Story,Done
PAYME-845,2476995,,11.09.2024 13:05,30.09.2024 10:53,Done,Major,,16.06.2025 13:57,,,,,,,,,,,1.0,Story,Done
PAYME-846,2476999,,11.09.2024 13:07,02.10.2024 13:19,Done,Major,,16.06.2025 13:57,,,,,,,,,,,1.0,Story,Done
PAYME-847,2476970,,11.09.2024 12:46,24.10.2024 12:44,Done,Major,,16.06.2025 13:57,,,,,,,,,,,2.0,Story,Done
PAYME-849,2436921,,16.08.2024 06:31,05.11.2024 14:36,Done,Major,,16.06.2025 13:57,,,,,,,,,,,2.0,Story,Done
PAYME-850,2205474,,22.01.2024 14:44,11.12.2024 13:37,Done,Major,,16.06.2025 13:57,,,,,,,,,,,3.0,Story,Done
PAYME-881,2505794,2205474,04.10.2024 09:20,08.10.2024 09:58,Done,Major,,22.04.2025 15:33,,,,,,,,,,,,Sub-task,Done
PAYME-882,2505795,2205474,04.10.2024 09:21,11.12.2024 13:38,Done,Major,,22.04.2025 15:33,,,,,,,,,,,,Sub-task,Done
PAYME-883,2505796,2205474,04.10.2024 09:21,11.12.2024 13:38,Done,Major,,22.04.2025 15:33,,,,,,,,,,,,Sub-task,Done
PAYME-938,2579443,2205474,26.11.2024 13:11,27.11.2024 14:26,Done,Major,,22.04.2025 15:34,,,,,,,,,,,1.0,Sub-task,Done
PAYME-851,2453642,,01.09.2024 14:33,02.10.2024 13:13,Done,Major,,16.06.2025 13:57,,,,,,,,,,,2.0,Story,Done
PAYME-852,2436920,,16.08.2024 06:29,11.11.2024 15:23,Done,Major,,16.06.2025 13:57,,,,,,,,,,,3.0,Story,Done
PAYME-853,2459872,,05.09.2024 07:12,28.10.2024 12:32,Done,Major,,16.06.2025 13:57,,,,,,,,,,,1.0,Story,Done
PAYME-854,2459871,,05.09.2024 06:48,09.01.2025 16:12,Done,Major,,16.06.2025 13:57,,,,,,,,,,,5.0,Story,Done
PAYME-855,2413923,,10.07.2024 15:19,10.12.2024 08:14,Done,Major,,16.06.2025 13:57,,,,,,,,,,,5.0,Story,Done
PAYME-856,2404709,,01.07.2024 07:21,03.12.2024 14:21,Done,Major,,16.06.2025 13:57,,,,,,,,,,,2.0,Story,Done
PAYME-857,2404708,,01.07.2024 07:20,08.11.2024 14:19,Done,Major,,16.06.2025 13:57,,,,,,,,,,,2.0,Story,Done
PAYME-858,2403182,,28.06.2024 08:42,07.11.2024 12:08,Done,Major,,16.06.2025 13:57,,,,,,,,,,,2.0,Story,Done
PAYME-859,2348630,,14.05.2024 13:35,26.09.2024 14:25,Done,Major,,16.06.2025 13:57,,,,,,,,,,,3.0,Story,Done
PAYME-860,2348615,,14.05.2024 13:25,26.09.2024 12:38,Done,Major,,16.06.2025 13:57,,,,,,,,,,,5.0,Story,Done
PAYME-861,2351496,,16.05.2024 14:53,26.09.2024 12:28,Done,Major,,16.06.2025 13:57,,,,,,,,,,,2.0,Story,Done
PAYME-862,2348628,,14.05.2024 13:33,26.09.2024 14:19,Done,Major,,16.06.2025 13:57,,,,,,,,,,,3.0,Story,Done
PAYME-863,2348624,,14.05.2024 13:31,26.09.2024 12:38,Done,Major,,16.06.2025 13:57,,,,,,,,,,,3.0,Story,Done
PAYME-864,2470142,,10.09.2024 09:39,05.12.2024 16:58,Done,Major,,21.10.2025 11:27,,,,,,,,,,,5.0,Story,Done
PAYME-865,2486134,,17.09.2024 14:19,30.09.2024 09:13,Done,Major,,16.06.2025 13:57,,,,,,,,,,,1.0,Task,Done
PAYME-866,2487619,,18.09.2024 13:51,02.10.2024 10:15,Done,Major,,16.06.2025 13:57,,,,,,,,,,,2.0,Task,Done
PAYME-874,2498037,,27.09.2024 13:30,08.10.2024 07:50,Done,Major,,16.06.2025 13:56,,,,,,,,,,,1.0,Task,Done
PAYME-898,2539540,,31.10.2024 14:17,05.11.2024 14:06,Done,Major,,16.06.2025 13:59,,,,,,,,,,,1.0,Engineering job,Done
PAYME-902,2556468,,13.11.2024 12:18,10.12.2024 13:51,Done,Major,,16.06.2025 13:56,,,,,,,,,,,3.0,Story,Done
PAYME-904,2510512,,09.10.2024 10:23,31.12.2024 07:19,Done,Major,,29.12.2025 15:56,,,,,,,,,,,5.0,Story,Done
PAYME-939,2580257,2510512,27.11.2024 09:02,03.12.2024 15:38,Done,Major,,22.04.2025 15:34,,,,,,,,,,,1.0,Sub-task,Done
PAYME-905,2559681,,14.11.2024 21:27,05.12.2024 17:44,Done,Major,,16.06.2025 13:56,,,,,,,,,,,3.0,Story,Done
PAYME-914,2570829,,20.11.2024 08:50,27.01.2025 08:11,Done,Major,,09.02.2026 15:50,,,,,,,,,,,,Story,Done
PAYME-915,2528798,,23.10.2024 16:07,23.01.2025 11:31,Done,Major,,16.06.2025 13:56,,,,,,,,,,,,Story,Done
PAYME-916,2526131,,22.10.2024 12:36,25.11.2024 15:04,Done,Major,,16.06.2025 13:56,,,,,,,,,,,3.0,Story,Done
PAYME-918,2570825,,20.11.2024 08:48,10.01.2025 08:54,Done,Major,,09.02.2026 15:51,,,,,,,,,,,1.0,Story,Done
PAYME-919,2528793,,23.10.2024 16:04,23.01.2025 11:30,Done,Major,,16.06.2025 13:56,,,,,,,,,,,,Story,Done
PAYME-920,2526787,,22.10.2024 15:55,25.11.2024 10:33,Done,Major,,16.06.2025 13:58,,,,,,,,,,,2.0,Story,Done
PAYME-923,2528744,,23.10.2024 15:32,24.01.2025 11:53,Done,Major,,16.06.2025 13:58,,,,,,,,,,,3.0,Story,Done
PAYME-924,2528128,,23.10.2024 12:37,23.01.2025 11:33,Done,Major,,16.06.2025 13:58,,,,,,,,,,,3.0,Story,Done
PAYME-925,2526792,,22.10.2024 16:05,16.01.2025 14:42,Done,Major,,16.06.2025 13:59,,,,,,,,,,,2.0,Story,Done
PAYME-927,2527853,,23.10.2024 11:20,23.01.2025 12:26,Done,Major,,16.06.2025 13:59,,,,,,,,,,,1.0,Story,Done
PAYME-928,2527618,,23.10.2024 09:47,20.12.2024 07:31,Done,Major,,16.06.2025 13:59,,,,,,,,,,,5.0,Story,Done
PAYME-929,2527666,,23.10.2024 10:10,22.01.2025 08:38,Done,Major,,16.06.2025 13:59,,,,,,,,,,,1.0,Story,Done
PAYME-931,2527671,,23.10.2024 10:14,20.12.2024 07:31,Done,Major,,16.06.2025 13:58,,,,,,,,,,,2.0,Story,Done
PAYME-933,2527827,,23.10.2024 10:57,23.01.2025 08:19,Done,Major,,16.06.2025 13:58,,,,,,,,,,,5.0,Story,Done
PAYME-934,2527842,,23.10.2024 11:09,14.01.2025 08:18,Done,Major,,16.06.2025 13:58,,,,,,,,,,,3.0,Story,Done
PAYME-935,2527882,,23.10.2024 11:47,31.12.2024 12:59,Done,Major,,16.06.2025 13:58,,,,,,,,,,,1.0,Story,Done
PAYME-936,2574372,,21.11.2024 10:32,10.01.2025 08:54,Done,Major,,16.06.2025 13:58,,,,,,,,,,,3.0,Story,Done
PAYME-937,2576111,,22.11.2024 09:24,27.11.2024 10:04,Done,Major,,16.06.2025 13:58,,,,,,,,,,,1.0,Task,Done
PAYME-946,2591432,,06.12.2024 10:58,09.12.2024 09:05,Done,Major,,09.02.2026 15:50,,,,,,,,,,,2.0,Story,Done
PAYME-971,2615831,,08.01.2025 15:11,13.01.2025 09:21,Done,Major,,16.06.2025 13:57,,,,,,,,,,,1.0,Engineering job,Done
PAYME-976,2621806,,14.01.2025 07:54,15.01.2025 07:42,Done,Major,,16.06.2025 13:57,,,,,,,,,,,1.0,Engineering job,Done
PAYME-987,2625373,,16.01.2025 08:09,16.01.2025 14:29,Done,Major,,29.12.2025 15:55,,,,,,,,,,,1.0,Story,Done
PAYME-1137,2753799,,10.04.2025 12:21,10.04.2025 12:40,Done,Major,,29.12.2025 15:51,,,,,,,,,,,1.0,Production bug,Done
PAYME-1340,2884679,,14.08.2025 08:46,18.08.2025 09:25,Done,Major,,29.12.2025 15:56,BPAY PI 2025:3.5-BPAY - ChillP,,,,,,,,,,1.0,Bug,Done
PAYME-1039,2633720,,21.01.2025 15:59,14.03.2025 08:46,Done,Major,,23.04.2026 12:18,,,,,,,,,,,5.0,Story,Done
PAYME-917,2570833,,20.11.2024 08:51,29.01.2025 15:33,Done,Major,,09.02.2026 15:50,BPAY PI 2025:1.1-BPAY - ChillP,,,,,,,,,,0.0,Story,Done
PAYME-940,2583283,,29.11.2024 13:54,20.01.2025 09:12,Done,Major,,09.02.2026 15:49,,,,,,,,,,,2.0,Story,Done
PAYME-974,2618321,,10.01.2025 10:13,22.01.2025 14:16,Done,Major,,09.02.2026 15:50,,,,,,,,,,,2.0,Story,Done
PAYME-975,2618329,,10.01.2025 10:19,24.01.2025 12:47,Done,Major,,09.02.2026 15:50,,,,,,,,,,,3.0,Story,Done
PAYME-963,2610856,,31.12.2024 12:32,22.01.2025 08:38,Done,Major,,22.01.2025 08:38,,,,,,,,,,,,Story,Done
PAYME-871,2495723,,26.09.2024 09:04,27.09.2024 08:34,Done,Critical,,10.10.2024 09:37,,,,,,,,,,,1.0,Task,Done
PAYME-876,2386550,,17.06.2024 14:36,31.10.2024 14:09,Done,Major,,26.11.2024 10:24,,,,,,,,,,,8.0,Story,Done
PAYME-877,2387350,2386550,18.06.2024 09:34,31.10.2024 13:45,Done,Major,,31.10.2024 13:45,,,,,,,,,,,,Sub-task,Done
PAYME-878,2470159,2386550,10.09.2024 09:51,31.10.2024 11:11,Done,Major,,31.10.2024 11:11,,,,,,,,,,,,Sub-task,Done
PAYME-879,2471583,2386550,10.09.2024 11:26,29.10.2024 11:38,Done,Major,,29.10.2024 13:04,,,,,,,,,,,,Sub-task,Done
PAYME-810,2267268,,06.03.2024 12:49,17.10.2024 15:01,Done,Major,,17.10.2024 15:01,,,,,,,,,,,5.0,Production bug,Done
PAYME-818,2418291,,17.07.2024 12:02,02.08.2024 13:35,Done,Minor,,15.08.2024 12:41,,,,,,,,,,,3.0,Bug,Done
PAYME-886,2204363,,22.01.2024 08:52,13.11.2024 14:40,Done,Major,,02.12.2024 16:51,,,,,,,,,,,,Story,Done
PAYME-804,2328835,,24.04.2024 09:43,15.07.2024 12:11,Done,Major,,19.09.2024 20:05,,,,,,,,,,,4.0,Story,Done
PAYME-1141,2760129,,16.04.2025 08:16,17.04.2025 08:49,Done,Major,,29.12.2025 15:56,BPAY PI 2025:2.1-BPAY - ChillP,,,,,,,,,,1.0,Production bug,Done
PAYME-1140,2759718,,15.04.2025 14:00,18.04.2025 13:46,Done,Major,,22.04.2025 15:51,BPAY PI 2025:2.1-BPAY - ChillP,,,,,,,,,,2.0,Bug,Done
PAYME-1136,2294822,,02.04.2024 14:22,11.04.2025 11:29,Done,Major,,29.12.2025 15:57,BPAY PI 2025:2.1-BPAY - ChillP,,,,,,,,,,1.0,Production bug,Done
PAYME-885,2507846,,07.10.2024 13:19,25.10.2024 13:48,Done,Major,,26.11.2024 10:24,,,,,,,,,,,1.0,Task,Done
PAYME-817,2413652,,10.07.2024 14:38,02.09.2024 11:55,Done,Minor,,02.09.2024 11:55,,,,,,,,,,,,Bug,Done
PAYME-825,2428899,,07.08.2024 14:59,06.09.2024 07:27,Done,Major,,06.09.2024 09:18,,,,,,,,,,,2.0,Story,Done
PAYME-824,2200307,,17.01.2024 14:29,05.09.2024 08:33,Done,Major,,17.03.2025 13:46,,,,,,,,,,,,Bug,Done
PAYME-830,2444148,,23.08.2024 12:51,02.09.2024 09:21,Done,Major,,06.09.2024 14:46,,,,,,,,,,,2.0,Bug,Done
PAYME-831,2378954,,10.06.2024 17:42,10.09.2024 11:19,Done,Major,,02.10.2024 14:03,BPAY PI 2024:3.2-BPAY - SmartP,BPAY PI 2024:3.3-BPAY - SmartP,BPAY PI 2024:3.4-BPAY - SmartP,BPAY PI 2024:3.5-BPAY - SmartP,,,,,,,8.0,Story,Done
PAYME-816,2309093,,11.04.2024 13:33,04.09.2024 14:34,Done,Major,,04.09.2024 14:34,,,,,,,,,,,8.0,Story,Done
PAYME-812,2260731,,29.02.2024 11:28,23.07.2024 13:39,Done,Minor,,12.08.2024 09:58,,,,,,,,,,,2.0,Production bug,Done
PAYME-288,1989236,,22.06.2023 09:44,18.07.2023 11:01,Done,Blocker,,24.07.2023 08:50,,,,,,,,,,,,Bug,Done
PAYME-22,1782016,,08.12.2022 11:03,20.07.2023 08:59,Done,Critical,,23.07.2024 11:26,PAYME Iteration 1.2,PAYME Iteration 2.1,PAYME Iteration 2.3,,,,,,,,,Story,Done
PAYME-244,1979646,,14.06.2023 08:27,20.07.2023 08:58,Done,Critical,,19.12.2024 13:47,PAYME Iteration 1.2,PAYME Iteration 2.1,PAYME Iteration 2.3,,,,,,,,1.0,Story,Done
PAYME-269,1957149,,23.05.2023 10:12,25.09.2023 12:16,Done,Blocker,,25.09.2023 12:16,,,,,,,,,,,5.0,Story,Done
PAYME-268,1957132,,23.05.2023 09:54,26.09.2023 13:30,Done,Blocker,,26.09.2023 13:30,,,,,,,,,,,5.0,Story,Done
PAYME-267,1955006,,19.05.2023 11:04,07.09.2023 09:45,Done,Blocker,,13.09.2023 07:51,,,,,,,,,,,4.0,Story,Done
PAYME-284,2005492,,07.07.2023 13:34,20.07.2023 11:55,Done,Blocker,,24.07.2023 08:57,,,,,,,,,,,1.0,Production bug,Done
PAYME-42,1908715,,11.04.2023 07:37,18.09.2023 13:13,Done,Major,,18.09.2023 13:18,,,,,,,,,,,5.0,Story,Done
PAYME-310,2029577,1908715,17.08.2023 13:29,14.09.2023 13:10,Done,Major,,14.09.2023 13:10,,,,,,,,,,,1.0,Sub-task,Done
PAYME-216,1958573,,24.05.2023 10:57,04.10.2023 16:43,Done,Major,,06.10.2023 14:11,,,,,,,,,,,3.0,Story,Done
PAYME-320,2039944,1958573,28.08.2023 14:32,30.08.2023 09:53,Done,Major,,30.08.2023 09:53,,,,,,,,,,,1.0,Sub-task,Done
PAYME-324,2041029,1958573,29.08.2023 11:47,30.08.2023 08:27,Done,Major,,30.08.2023 08:27,,,,,,,,,,,1.0,Sub-task,Done
PAYME-325,2041649,1958573,29.08.2023 16:09,13.09.2023 10:41,Done,Major,,13.09.2023 10:41,,,,,,,,,,,1.0,Sub-task,Done
PAYME-98,1942473,,08.05.2023 14:42,18.09.2023 14:24,Done,Major,,18.09.2023 14:24,PAYME Iteration 2.3,,,,,,,,,,2.0,Story,Done
PAYME-291,2011074,,19.07.2023 11:34,13.09.2023 13:00,Done,Major,,23.07.2024 14:33,,,,,,,,,,,2.0,Bug,Done
PAYME-219,1958579,,24.05.2023 11:02,27.09.2023 11:15,Done,Major,,27.09.2023 11:15,,,,,,,,,,,4.0,Story,Done
PAYME-195,1951299,,16.05.2023 13:05,29.09.2023 10:48,Done,Major,,29.09.2023 10:48,,,,,,,,,,,3.0,Story,Done
PAYME-347,2062772,,15.09.2023 13:48,26.09.2023 15:39,Done,Major,,26.09.2023 15:39,,,,,,,,,,,3.0,Production bug,Done
PAYME-197,1951512,,16.05.2023 13:14,26.09.2023 15:47,Done,Major,,26.09.2023 15:47,PAYME Iteration 2.3,,,,,,,,,,2.0,Story,Done
PAYME-217,1958575,,24.05.2023 11:01,04.10.2023 16:39,Done,Major,,04.10.2023 16:39,,,,,,,,,,,5.0,Story,Done
PAYME-97,1942471,,08.05.2023 14:42,04.10.2023 16:41,Done,Major,,04.10.2023 16:41,,,,,,,,,,,3.0,Story,Done
PAYME-345,2057572,,12.09.2023 14:02,25.09.2023 12:37,Done,Major,,06.12.2023 12:59,,,,,,,,,,,1.0,Bug,Done
PAYME-199,566874,,04.07.2019 15:52,18.09.2023 11:34,Done,Minor,,21.05.2024 16:03,PAYME Iteration 2.1,PAYME Iteration 2.2,PAYME Iteration 2.3,,,,,,,,8.0,Engineering job,Won't Do
PAYME-253,1986642,566874,20.06.2023 12:35,17.08.2023 09:39,Done,Major,,17.08.2023 09:39,PAYME Iteration 2.1,PAYME Iteration 2.2,PAYME Iteration 2.3,,,,,,,,,Sub-task,Done
PAYME-280,2000905,,30.06.2023 14:34,04.10.2023 16:11,Done,Major,,04.10.2023 16:11,,,,,,,,,,,3.0,Engineering job,Done
PAYME-196,1951509,,16.05.2023 13:13,26.09.2023 15:50,Done,Major,,26.09.2023 15:50,PAYME Iteration 2.3,,,,,,,,,,3.0,Story,Done
PAYME-95,1941886,,08.05.2023 10:43,12.09.2023 09:30,Done,Major,,13.09.2023 07:50,PAYME Iteration 2.1,PAYME Iteration 2.2,PAYME Iteration 2.3,,,,,,,,2.0,Story,Done
PAYME-198,1951517,,16.05.2023 13:17,04.09.2023 09:19,Done,Major,,13.09.2023 07:49,,,,,,,,,,,2.0,Story,Done
PAYME-218,1958576,,24.05.2023 11:02,13.09.2023 10:26,Done,Major,,13.09.2023 10:26,,,,,,,,,,,4.0,Story,Done
PAYME-328,2041862,,30.08.2023 09:05,05.09.2023 14:01,Done,Minor,,13.09.2023 07:50,,,,,,,,,,,3.0,Production bug,Done
PAYME-220,1958582,,24.05.2023 11:11,22.08.2023 08:25,Done,Major,,13.09.2023 10:33,,,,,,,,,,,3.0,Story,Done
PAYME-192,1947862,,12.05.2023 14:29,17.07.2023 09:49,Done,Major,,17.07.2023 09:49,,,,,,,,,,,2.0,Story,Done
PAYME-73,1924300,,19.04.2023 13:53,02.08.2023 14:31,Done,Major,,21.02.2024 08:38,PAYME Iteration 1.2,PAYME Iteration 2.1,PAYME Iteration 2.2,PAYME Iteration 2.3,,,,,,,1.0,Story,Done
PAYME-105,1945572,,11.05.2023 07:37,05.10.2023 12:19,Done,Major,,05.10.2023 14:07,PAYME Iteration 2.1,PAYME Iteration 2.2,PAYME Iteration 2.3,,,,,,,,1.0,Engineering job,Done
PAYME-203,1953383,,17.05.2023 14:22,01.09.2023 13:24,Done,Major,,19.05.2025 15:53,PAYME Iteration 2.2,PAYME Iteration 2.3,,,,,,,,,1.0,Story,Done
PAYME-39,1907040,,06.04.2023 10:59,04.08.2023 12:26,Done,Major,,22.08.2024 13:08,PAYME Iteration 2.2,PAYME Iteration 2.3,,,,,,,,,3.0,Story,Done
PAYME-246,1979875,,14.06.2023 09:21,25.07.2023 13:36,Done,Major,,25.07.2023 13:36,,,,,,,,,,,4.0,Engineering job,Done
PAYME-252,1985223,,19.06.2023 14:14,17.07.2023 12:12,Done,Major,,17.07.2023 12:12,,,,,,,,,,,3.0,Story,Done
PAYME-276,1999901,,29.06.2023 15:28,17.07.2023 08:01,Done,Major,,17.07.2023 08:01,,,,,,,,,,,1.0,Engineering job,Done
PAYME-364,2076986,,22.09.2023 08:44,26.09.2023 14:26,Done,Major,,29.12.2025 14:47,,,,,,,,,,,1.0,Production bug,Done
PAYME-377,2036336,,24.08.2023 10:09,05.10.2023 13:23,Done,Major,,05.10.2023 13:23,,,,,,,,,,,2.0,Engineering job,Done
PAYME-396,2079991,,26.09.2023 07:50,05.10.2023 09:47,Done,Major,,05.10.2023 09:47,,,,,,,,,,,2.0,Bug,Done
PAYME-405,2080122,,26.09.2023 08:41,11.10.2023 15:14,Done,Critical,,06.12.2023 13:19,,,,,,,,,,,3.0,Production bug,Done
PAYME-378,2035997,,24.08.2023 07:37,10.10.2023 09:55,Done,Major,,10.10.2023 09:55,,,,,,,,,,,1.0,Engineering job,Done
PAYME-314,2029230,,17.08.2023 09:25,10.10.2023 13:47,Done,Major,,23.07.2024 11:26,,,,,,,,,,,3.0,Engineering job,Done
PAYME-414,2087059,,03.10.2023 08:06,23.10.2023 10:42,Done,Major,,06.12.2023 13:06,,,,,,,,,,,5.0,Bug,Done
PAYME-420,2060158,,14.09.2023 09:15,31.10.2023 10:50,Done,Major,,31.10.2023 10:50,,,,,,,,,,,1.0,Story,Done
PAYME-422,2060155,,14.09.2023 09:11,31.10.2023 11:19,Done,Major,,31.10.2023 11:19,,,,,,,,,,,1.0,Story,Done
PAYME-419,2041991,,30.08.2023 10:06,31.10.2023 10:01,Done,Major,,31.10.2023 10:01,,,,,,,,,,,1.0,Story,Done
PAYME-421,2034518,,23.08.2023 08:15,30.10.2023 10:24,Done,Major,,30.10.2023 10:24,,,,,,,,,,,2.0,Bug,Done
PAYME-381,1908717,,11.04.2023 07:39,20.10.2023 14:37,Done,Major,,25.08.2025 07:56,,,,,,,,,,,5.0,Story,Done
PAYME-410,2089694,,04.10.2023 15:30,18.10.2023 11:45,Done,Major,,31.10.2023 09:28,,,,,,,,,,,5.0,Bug,Done
PAYME-376,1908716,,11.04.2023 07:38,17.10.2023 08:43,Done,Major,,25.04.2025 07:45,,,,,,,,,,,5.0,Story,Done
PAYME-415,2096521,,10.10.2023 15:20,12.10.2023 13:06,Done,Major,,06.12.2023 14:26,,,,,,,,,,,1.0,Engineering job,Done
PAYME-380,2024686,,11.08.2023 11:39,27.10.2023 08:56,Done,Major,,27.10.2023 08:56,,,,,,,,,,,5.0,Engineering job,Done
PAYME-379,2027166,,15.08.2023 13:01,11.10.2023 10:36,Done,Major,,11.10.2023 10:36,,,,,,,,,,,1.0,Engineering job,Done
PAYME-375,2027169,,15.08.2023 13:19,13.10.2023 09:27,Done,Major,,13.10.2023 09:27,,,,,,,,,,,2.0,Story,Done
PAYME-383,2024934,,11.08.2023 13:41,18.10.2023 15:09,Done,Major,,19.10.2023 07:44,,,,,,,,,,,3.0,Story,Done
PAYME-382,2024936,,11.08.2023 13:45,18.10.2023 13:01,Done,Major,,19.10.2023 07:44,,,,,,,,,,,3.0,Story,Done
PAYME-32,1641647,,16.08.2022 09:58,16.11.2023 16:08,Done,Major,,16.11.2023 16:08,,,,,,,,,,,2.0,Engineering job,Done
PAYME-293,2012532,,21.07.2023 13:26,31.07.2023 15:21,Done,Major,,01.08.2023 14:41,,,,,,,,,,,,Story,Won't Do
PAYME-311,2028730,,16.08.2023 14:28,28.08.2023 13:22,Done,Major,,23.07.2024 11:26,,,,,,,,,,,2.0,Production bug,Done
PAYME-312,2029431,,17.08.2023 10:03,23.08.2023 14:33,Done,Major,,23.07.2024 11:26,,,,,,,,,,,3.0,Production bug,Done
PAYME-313,2031121,,18.08.2023 14:05,04.10.2023 09:25,Done,Major,,23.07.2024 11:26,,,,,,,,,,,2.0,Engineering job,Done
PAYME-330,2045024,,01.09.2023 13:08,03.10.2023 09:43,Done,Major,,17.10.2023 10:50,,,,,,,,,,,1.0,Bug,Done
PAYME-335,2051173,,07.09.2023 08:27,28.09.2023 14:53,Done,Major,,23.07.2024 11:26,,,,,,,,,,,2.0,Bug,Done
PAYME-329,2044571,,01.09.2023 11:13,29.09.2023 13:52,Done,Major,,03.10.2023 10:15,,,,,,,,,,,2.0,Bug,Done
PAYME-417,2099194,,12.10.2023 14:37,27.10.2023 14:26,Done,Major,,30.10.2023 11:49,,,,,,,,,,,2.0,Bug,Done
PAYME-431,2103028,,17.10.2023 12:07,26.10.2023 13:55,Done,Major,,06.12.2023 13:24,,,,,,,,,,,2.0,Story,Done
PAYME-442,2103979,,18.10.2023 09:46,08.11.2023 08:39,Done,Major,,23.07.2024 11:26,,,,,,,,,,,1.0,Production bug,Done
PAYME-441,2115829,,26.10.2023 14:09,15.11.2023 08:57,Done,Major,,23.07.2024 11:26,,,,,,,,,,,3.0,Bug,Done
PAYME-443,2113788,,25.10.2023 10:44,13.11.2023 08:36,Done,Critical,,06.12.2023 12:57,,,,,,,,,,,3.0,Production bug,Done
PAYME-490,2147817,,24.11.2023 09:19,18.12.2023 12:46,Done,Major,,18.12.2023 12:46,,,,,,,,,,,4.0,Story,Done
PAYME-523,2166040,,06.12.2023 08:44,03.01.2024 14:39,Done,Critical,,03.01.2024 14:39,,,,,,,,,,,,Production bug,Done
PAYME-505,2146411,,23.11.2023 11:54,29.01.2024 12:49,Done,Major,,08.04.2024 16:07,,,,,,,,,,,3.0,Story,Done
PAYME-508,2132944,,13.11.2023 13:18,24.01.2024 14:30,Done,Major,,06.04.2024 18:49,,,,,,,,,,,5.0,Story,Done
PAYME-503,2132939,,13.11.2023 13:15,24.01.2024 13:38,Done,Major,,08.04.2024 16:09,,,,,,,,,,,2.0,Story,Done
PAYME-398,2080032,,26.09.2023 08:00,24.01.2024 13:28,Done,Major,,26.01.2024 11:28,,,,,,,,,,,1.0,Engineering job,Done
PAYME-489,2147816,,24.11.2023 09:18,29.01.2024 09:57,Done,Major,,29.01.2024 09:57,,,,,,,,,,,3.0,Story,Done
PAYME-562,2207315,,23.01.2024 14:44,15.02.2024 14:45,Done,Major,,15.02.2024 15:45,,,,,,,,,,,3.0,Story,Done
PAYME-434,2107252,,19.10.2023 15:21,08.02.2024 13:58,Done,Major,,15.02.2024 12:47,,,,,,,,,,,2.0,Task,Done
PAYME-585,2142594,,21.11.2023 09:05,27.03.2024 11:08,Done,Major,,27.03.2024 11:09,,,,,,,,,,,3.0,Story,Done
PAYME-586,2162497,2142594,01.12.2023 13:18,14.02.2024 09:14,Done,Major,,14.02.2024 14:32,,,,,,,,,,,,Sub-task,Done
PAYME-623,2235430,2142594,12.02.2024 12:47,19.02.2024 13:48,Done,Major,,19.02.2024 13:48,,,,,,,,,,,,Sub-task,Done
PAYME-625,2242723,2142594,14.02.2024 12:28,25.03.2024 11:30,Done,Major,,25.03.2024 11:30,,,,,,,,,,,,Sub-task,Done
PAYME-610,2223433,,02.02.2024 13:43,05.03.2024 15:10,Done,Major,,18.03.2025 08:38,,,,,,,,,,,4.0,Production bug,Done
PAYME-578,2142857,,21.11.2023 09:50,06.02.2024 12:43,Done,Major,,06.02.2024 12:44,,,,,,,,,,,1.0,Story,Done
PAYME-569,2142859,,21.11.2023 09:52,06.02.2024 12:44,Done,Major,,06.02.2024 12:45,,,,,,,,,,,1.0,Story,Done
PAYME-571,2142868,,21.11.2023 10:00,07.02.2024 12:21,Done,Major,,07.02.2024 12:21,,,,,,,,,,,1.0,Story,Done
PAYME-570,2142892,,21.11.2023 10:13,06.02.2024 12:37,Done,Major,,07.02.2024 07:42,,,,,,,,,,,1.0,Story,Done
PAYME-561,2207093,,23.01.2024 14:15,06.02.2024 11:37,Done,Major,,15.02.2024 15:45,,,,,,,,,,,3.0,Story,Done
PAYME-496,2142698,,21.11.2023 09:39,02.02.2024 16:00,Done,Major,,09.08.2024 15:11,,,,,,,,,,,5.0,Story,Done
PAYME-543,2192493,2142698,10.01.2024 15:21,22.01.2024 12:07,Done,Major,,22.01.2024 12:07,,,,,,,,,,,1.0,Sub-task,Done
PAYME-545,2194207,2142698,11.01.2024 13:52,30.01.2024 11:20,Done,Major,,30.01.2024 11:20,,,,,,,,,,,,Sub-task,Done
PAYME-549,2194223,2142698,11.01.2024 14:05,02.02.2024 10:04,Done,Major,,02.02.2024 10:06,,,,,,,,,,,,Sub-task,Done
PAYME-550,2194224,2142698,11.01.2024 14:09,02.02.2024 10:57,Done,Major,,02.02.2024 10:57,,,,,,,,,,,,Sub-task,Done
PAYME-546,2194208,2142698,11.01.2024 13:54,02.02.2024 10:49,Done,Major,,02.02.2024 10:49,,,,,,,,,,,,Sub-task,Done
PAYME-547,2194215,2142698,11.01.2024 13:57,26.01.2024 14:42,Done,Major,,26.01.2024 14:42,,,,,,,,,,,,Sub-task,Done
PAYME-548,2194220,2142698,11.01.2024 14:03,23.01.2024 08:53,Done,Major,,23.01.2024 08:53,,,,,,,,,,,,Sub-task,Done
PAYME-551,2194240,2142698,11.01.2024 14:27,02.02.2024 15:54,Done,Major,,06.09.2024 11:20,,,,,,,,,,,,Sub-task,Done
PAYME-504,2133778,,14.11.2023 08:40,02.02.2024 16:49,Done,Major,,08.04.2024 16:33,,,,,,,,,,,3.0,Story,Done
PAYME-588,2214013,,29.01.2024 11:58,05.02.2024 09:07,Done,Major,,05.02.2024 10:11,,,,,,,,,,,2.0,Production bug,Done
PAYME-583,2132951,,13.11.2023 13:20,07.02.2024 08:55,Done,Major,,07.04.2024 16:30,,,,,,,,,,,3.0,Story,Done
PAYME-416,2097416,,11.10.2023 11:55,13.03.2024 14:02,Done,Major,,18.03.2024 15:59,,,,,,,,,,,2.0,Story,Done
PAYME-591,2138348,,16.11.2023 14:42,14.02.2024 14:11,Done,Major,,07.03.2024 15:40,,,,,,,,,,,2.0,Story,Done
PAYME-592,2138351,,16.11.2023 14:44,14.02.2024 13:13,Done,Major,,07.03.2024 15:40,,,,,,,,,,,2.0,Story,Done
PAYME-596,2181568,,21.12.2023 14:36,18.03.2024 12:10,Done,Major,,18.03.2024 12:10,,,,,,,,,,,2.0,Story,Done
PAYME-647,2220767,,01.02.2024 09:11,15.03.2024 10:44,Done,Major,,21.11.2025 09:28,,,,,,,,,,,13.0,Story,Done
PAYME-651,2257963,2220767,28.02.2024 05:46,01.03.2024 12:21,Done,Major,,13.03.2024 08:29,,,,,,,,,,,,Sub-task,Done
PAYME-665,2292735,,28.03.2024 13:57,10.04.2024 08:51,Done,Major,,13.06.2024 08:52,,,,,,,,,,,3.0,Production bug,Done
PAYME-666,2293097,,01.04.2024 09:35,03.05.2024 13:10,Done,Major,,03.05.2024 13:10,,,,,,,,,,,2.0,Production bug,Done
PAYME-834,2447657,,27.08.2024 13:38,10.09.2024 14:35,Done,Major,,10.09.2024 14:35,,,,,,,,,,,,Story,Done
PAYME-912,2570826,,20.11.2024 08:49,28.01.2025 13:44,Done,Major,,09.02.2026 15:50,,,,,,,,,,,8.0,Story,Done
PAYME-1138,2755609,,11.04.2025 11:11,28.04.2025 10:11,Done,Major,,29.12.2025 15:51,BPAY PI 2025:2.1-BPAY - ChillP,BPAY PI 2025:2.2-BPAY - ChillP,,,,,,,,,2.0,Production bug,Done
PAYME-1143,2760843,,16.04.2025 12:33,24.04.2025 14:03,Done,Major,,09.02.2026 15:52,BPAY PI 2025:2.1-BPAY - ChillP,BPAY PI 2025:2.2-BPAY - ChillP,,,,,,,,,3.0,Story,Done
PAYME-1148,2762569,,18.04.2025 08:24,24.04.2025 11:48,Done,Major,,28.04.2025 09:04,BPAY PI 2025:2.1-BPAY - ChillP,BPAY PI 2025:2.2-BPAY - ChillP,,,,,,,,,2.0,Bug,Done
PAYME-1142,2760752,,16.04.2025 12:30,24.04.2025 13:14,Done,Major,,09.02.2026 15:49,BPAY PI 2025:2.1-BPAY - ChillP,BPAY PI 2025:2.2-BPAY - ChillP,,,,,,,,,1.0,Story,Done
PAYME-996,2642792,,27.01.2025 13:12,24.04.2025 13:53,Done,Major,,09.02.2026 15:51,BPAY PI 2025:1.1-BPAY - ChillP,BPAY PI 2025:1.2-BPAY - ChillP,BPAY PI 2025:1.3-BPAY - ChillP,BPAY PI 2025:1.4-BPAY - ChillP,BPAY PI 2025:2.1-BPAY - ChillP,BPAY PI 2025:2.2-BPAY - ChillP,,,,,2.0,Story,Done
PAYME-1007,2647789,,28.01.2025 12:55,19.05.2025 12:16,Done,Major,,09.02.2026 15:52,BPAY PI 2025:1.4-BPAY - ChillP,BPAY PI 2025:2.1-BPAY - ChillP,BPAY PI 2025:2.2-BPAY - ChillP,BPAY PI 2025:2.3-BPAY - ChillP,,,,,,,8.0,Story,Done
PAYME-1164,2790176,,15.05.2025 15:36,16.05.2025 15:18,Done,Major,,09.02.2026 15:51,BPAY PI 2025:2.3-BPAY - ChillP,,,,,,,,,,1.0,Bug,Done
PAYME-1079,2716624,,20.03.2025 13:53,09.05.2025 07:58,Done,Major,,09.02.2026 15:51,BPAY PI 2025:2.1-BPAY - ChillP,BPAY PI 2025:2.2-BPAY - ChillP,BPAY PI 2025:2.3-BPAY - ChillP,,,,,,,,5.0,Story,Done
PAYME-1159,2779782,,07.05.2025 14:33,03.06.2025 13:44,Done,Major,,09.02.2026 15:50,BPAY PI 2025:2.4-BPAY - ChillP,,,,,,,,,,1.0,Task,Done
PAYME-1188,2808268,,29.05.2025 15:52,02.06.2025 15:08,Done,Major,,09.02.2026 15:51,BPAY PI 2025:2.4-BPAY - ChillP,,,,,,,,,,1.0,Bug,Done
PAYME-993,2642781,,27.01.2025 13:07,03.06.2025 11:46,Done,Major,,09.02.2026 15:50,BPAY PI 2025:1.1-BPAY - ChillP,BPAY PI 2025:1.2-BPAY - ChillP,BPAY PI 2025:1.3-BPAY - ChillP,BPAY PI 2025:1.4-BPAY - ChillP,BPAY PI 2025:2.1-BPAY - ChillP,BPAY PI 2025:2.2-BPAY - ChillP,BPAY PI 2025:2.3-BPAY - ChillP,BPAY PI 2025:2.4-BPAY - ChillP,,,3.0,Story,Done
PAYME-1132,2726704,,27.03.2025 14:46,03.06.2025 13:54,Done,Major,,14.04.2026 15:02,BPAY PI 2025:2.3-BPAY - ChillP,BPAY PI 2025:2.4-BPAY - ChillP,,,,,,,,,5.0,Story,Done
PAYME-1177,2796812,,21.05.2025 12:04,04.06.2025 13:45,Done,Major,,09.02.2026 15:50,BPAY PI 2025:2.4-BPAY - ChillP,,,,,,,,,,1.0,Story,Done
PAYME-1156,2775087,,02.05.2025 13:02,04.06.2025 13:09,Done,Major,,09.02.2026 15:50,BPAY PI 2025:2.4-BPAY - ChillP,,,,,,,,,,3.0,Bug,Done
PAYME-1112,2741266,,07.04.2025 12:00,22.05.2025 12:46,Done,Major,,23.04.2026 12:18,BPAY PI 2025:2.2-BPAY - ChillP,BPAY PI 2025:2.3-BPAY - ChillP,BPAY PI 2025:2.4-BPAY - ChillP,,,,,,,,3.0,Story,Done
PAYME-1059,2633737,,21.01.2025 16:06,29.05.2025 12:23,Done,Major,,23.04.2026 12:18,BPAY PI 2025:2.3-BPAY - ChillP,BPAY PI 2025:2.4-BPAY - ChillP,,,,,,,,,5.0,Story,Done
PAYME-1191,2811135,,02.06.2025 14:42,04.06.2025 13:50,Done,Major,,09.02.2026 15:50,BPAY PI 2025:2.4-BPAY - ChillP,,,,,,,,,,1.0,Bug,Done
PAYME-1009,2647919,,28.01.2025 13:01,29.05.2025 15:06,Done,Major,,09.02.2026 15:50,BPAY PI 2025:1.4-BPAY - ChillP,BPAY PI 2025:2.1-BPAY - ChillP,BPAY PI 2025:2.2-BPAY - ChillP,BPAY PI 2025:2.3-BPAY - ChillP,BPAY PI 2025:2.4-BPAY - ChillP,,,,,,8.0,Story,Done
PAYME-1066,2705793,2647919,13.03.2025 06:54,03.04.2025 11:43,Done,Major,,03.04.2025 11:43,BPAY PI 2025:1.4-BPAY - ChillP,BPAY PI 2025:2.1-BPAY - ChillP,BPAY PI 2025:2.2-BPAY - ChillP,BPAY PI 2025:2.3-BPAY - ChillP,BPAY PI 2025:2.4-BPAY - ChillP,,,,,,,Sub-task,Done
PAYME-1005,2647782,,28.01.2025 12:55,30.05.2025 08:18,Done,Major,,09.02.2026 15:51,BPAY PI 2025:1.4-BPAY - ChillP,BPAY PI 2025:2.1-BPAY - ChillP,BPAY PI 2025:2.2-BPAY - ChillP,BPAY PI 2025:2.3-BPAY - ChillP,BPAY PI 2025:2.4-BPAY - ChillP,,,,,,5.0,Story,Done
PAYME-1065,2705628,2647782,12.03.2025 15:43,14.03.2025 07:43,Done,Major,,14.03.2025 07:43,BPAY PI 2025:1.4-BPAY - ChillP,BPAY PI 2025:2.1-BPAY - ChillP,BPAY PI 2025:2.2-BPAY - ChillP,BPAY PI 2025:2.3-BPAY - ChillP,BPAY PI 2025:2.4-BPAY - ChillP,,,,,,1.0,Sub-task,Done
PAYME-1073,2714222,2647782,19.03.2025 10:29,24.03.2025 13:15,Done,Major,,24.03.2025 13:15,BPAY PI 2025:1.4-BPAY - ChillP,BPAY PI 2025:2.1-BPAY - ChillP,BPAY PI 2025:2.2-BPAY - ChillP,BPAY PI 2025:2.3-BPAY - ChillP,BPAY PI 2025:2.4-BPAY - ChillP,,,,,,1.0,Sub-task,Done
PAYME-1186,2799781,,22.05.2025 13:58,26.05.2025 14:19,Done,Critical,,29.12.2025 15:52,BPAY PI 2025:2.4-BPAY - ChillP,,,,,,,,,,2.0,Production bug,Done
PAYME-1118,2727845,,28.03.2025 13:04,30.05.2025 11:29,Done,Major,,14.08.2025 12:18,BPAY PI 2025:2.4-BPAY - ChillP,,,,,,,,,,5.0,Story,Done
PAYME-1121,2727844,,28.03.2025 13:02,30.05.2025 11:28,Done,Major,,14.08.2025 12:18,BPAY PI 2025:2.4-BPAY - ChillP,,,,,,,,,,5.0,Story,Done
PAYME-1123,2727846,,28.03.2025 13:05,29.05.2025 15:38,Done,Major,,14.08.2025 12:18,BPAY PI 2025:2.3-BPAY - ChillP,BPAY PI 2025:2.4-BPAY - ChillP,,,,,,,,,5.0,Story,Done
PAYME-1166,2790502,,15.05.2025 16:40,26.05.2025 13:35,Done,Major,,09.02.2026 15:50,BPAY PI 2025:2.3-BPAY - ChillP,BPAY PI 2025:2.4-BPAY - ChillP,,,,,,,,,2.0,Bug,Done
PAYME-1163,2789553,,15.05.2025 11:07,23.05.2025 14:21,Done,Major,,26.05.2025 07:56,BPAY PI 2025:2.3-BPAY - ChillP,BPAY PI 2025:2.4-BPAY - ChillP,,,,,,,,,3.0,Bug,Done
PAYME-1178,2798659,,22.05.2025 09:54,02.06.2025 09:45,Done,Major,,09.02.2026 15:52,BPAY PI 2025:2.4-BPAY - ChillP,,,,,,,,,,2.0,Story,Done
PAYME-1184,2800104,,22.05.2025 15:35,02.06.2025 13:00,Done,Major,,09.02.2026 15:51,BPAY PI 2025:2.4-BPAY - ChillP,,,,,,,,,,3.0,Story,Done
PAYME-1203,2820008,,10.06.2025 09:08,10.06.2025 15:02,Done,Major,,09.02.2026 15:51,BPAY PI 2025:2.5-BPAY - ChillP,,,,,,,,,,1.0,Bug,Done
PAYME-1190,2809173,,30.05.2025 12:44,06.06.2025 15:41,Done,Major,,09.02.2026 15:50,BPAY PI 2025:2.4-BPAY - ChillP,BPAY PI 2025:2.5-BPAY - ChillP,,,,,,,,,3.0,Bug,Done
PAYME-1100,2728134,,28.03.2025 14:56,09.06.2025 06:52,Done,Major,,09.02.2026 15:51,BPAY PI 2025:2.3-BPAY - ChillP,BPAY PI 2025:2.4-BPAY - ChillP,BPAY PI 2025:2.5-BPAY - ChillP,,,,,,,,5.0,Story,Done
PAYME-1192,2811904,,03.06.2025 09:34,16.06.2025 09:43,Done,Major,,29.12.2025 15:57,BPAY PI 2025:2.4-BPAY - ChillP,BPAY PI 2025:2.5-BPAY - ChillP,,,,,,,,,,Engineering job,Done
PAYME-1012,2651411,,29.01.2025 07:37,11.06.2025 16:04,Done,Major,,09.02.2026 15:52,BPAY PI 2025:1.4-BPAY - ChillP,BPAY PI 2025:2.1-BPAY - ChillP,BPAY PI 2025:2.2-BPAY - ChillP,BPAY PI 2025:2.3-BPAY - ChillP,BPAY PI 2025:2.4-BPAY - ChillP,BPAY PI 2025:2.5-BPAY - ChillP,,,,,5.0,Story,Done
PAYME-1194,2814645,2651411,04.06.2025 14:01,11.06.2025 11:03,Done,Major,,14.07.2025 11:15,BPAY PI 2025:1.4-BPAY - ChillP,BPAY PI 2025:2.1-BPAY - ChillP,BPAY PI 2025:2.2-BPAY - ChillP,BPAY PI 2025:2.3-BPAY - ChillP,BPAY PI 2025:2.4-BPAY - ChillP,BPAY PI 2025:2.5-BPAY - ChillP,,,,,,Bug Sub-Task,Done
PAYME-1195,2814677,2651411,04.06.2025 14:28,02.07.2025 07:56,Done,Major,,03.07.2025 13:27,BPAY PI 2025:1.4-BPAY - ChillP,BPAY PI 2025:2.1-BPAY - ChillP,BPAY PI 2025:2.2-BPAY - ChillP,BPAY PI 2025:2.3-BPAY - ChillP,BPAY PI 2025:2.4-BPAY - ChillP,BPAY PI 2025:2.5-BPAY - ChillP,,,,,,Bug Sub-Task,Done
PAYME-1198,2817134,2651411,05.06.2025 18:35,10.06.2025 16:36,Done,Major,,10.06.2025 16:36,BPAY PI 2025:1.4-BPAY - ChillP,BPAY PI 2025:2.1-BPAY - ChillP,BPAY PI 2025:2.2-BPAY - ChillP,BPAY PI 2025:2.3-BPAY - ChillP,BPAY PI 2025:2.4-BPAY - ChillP,BPAY PI 2025:2.5-BPAY - ChillP,,,,,,Bug Sub-Task,Done
PAYME-1200,2817140,2651411,05.06.2025 23:14,10.06.2025 10:02,Done,Major,,10.06.2025 10:02,BPAY PI 2025:1.4-BPAY - ChillP,BPAY PI 2025:2.1-BPAY - ChillP,BPAY PI 2025:2.2-BPAY - ChillP,BPAY PI 2025:2.3-BPAY - ChillP,BPAY PI 2025:2.4-BPAY - ChillP,BPAY PI 2025:2.5-BPAY - ChillP,,,,,,Bug Sub-Task,Done
PAYME-1204,2820379,2651411,10.06.2025 10:45,10.06.2025 13:13,Done,Major,,10.06.2025 13:13,BPAY PI 2025:1.4-BPAY - ChillP,BPAY PI 2025:2.1-BPAY - ChillP,BPAY PI 2025:2.2-BPAY - ChillP,BPAY PI 2025:2.3-BPAY - ChillP,BPAY PI 2025:2.4-BPAY - ChillP,BPAY PI 2025:2.5-BPAY - ChillP,,,,,,Bug Sub-Task,Done
PAYME-994,2642786,,27.01.2025 13:09,11.06.2025 08:09,Done,Major,,09.02.2026 15:50,BPAY PI 2025:1.1-BPAY - ChillP,BPAY PI 2025:1.2-BPAY - ChillP,BPAY PI 2025:1.3-BPAY - ChillP,BPAY PI 2025:1.4-BPAY - ChillP,BPAY PI 2025:2.1-BPAY - ChillP,BPAY PI 2025:2.2-BPAY - ChillP,BPAY PI 2025:2.3-BPAY - ChillP,BPAY PI 2025:2.4-BPAY - ChillP,BPAY PI 2025:2.5-BPAY - ChillP,,3.0,Story,Done
PAYME-1006,2647785,,28.01.2025 12:55,09.06.2025 11:33,Done,Major,,09.02.2026 15:51,BPAY PI 2025:1.4-BPAY - ChillP,BPAY PI 2025:2.1-BPAY - ChillP,BPAY PI 2025:2.2-BPAY - ChillP,BPAY PI 2025:2.3-BPAY - ChillP,BPAY PI 2025:2.4-BPAY - ChillP,BPAY PI 2025:2.5-BPAY - ChillP,,,,,13.0,Story,Done
PAYME-1189,2808580,2647785,30.05.2025 09:37,05.06.2025 16:27,Done,Major,,17.07.2025 09:56,BPAY PI 2025:1.4-BPAY - ChillP,BPAY PI 2025:2.1-BPAY - ChillP,BPAY PI 2025:2.2-BPAY - ChillP,BPAY PI 2025:2.3-BPAY - ChillP,BPAY PI 2025:2.4-BPAY - ChillP,BPAY PI 2025:2.5-BPAY - ChillP,,,,,,Bug Sub-Task,Done
PAYME-1193,2813530,2647785,04.06.2025 09:06,09.06.2025 10:14,Done,Major,,09.06.2025 10:14,BPAY PI 2025:1.4-BPAY - ChillP,BPAY PI 2025:2.1-BPAY - ChillP,BPAY PI 2025:2.2-BPAY - ChillP,BPAY PI 2025:2.3-BPAY - ChillP,BPAY PI 2025:2.4-BPAY - ChillP,BPAY PI 2025:2.5-BPAY - ChillP,,,,,,Bug Sub-Task,Done
PAYME-1197,2817129,2647785,05.06.2025 17:58,09.06.2025 10:31,Done,Major,,09.06.2025 10:31,BPAY PI 2025:1.4-BPAY - ChillP,BPAY PI 2025:2.1-BPAY - ChillP,BPAY PI 2025:2.2-BPAY - ChillP,BPAY PI 2025:2.3-BPAY - ChillP,BPAY PI 2025:2.4-BPAY - ChillP,BPAY PI 2025:2.5-BPAY - ChillP,,,,,,Bug Sub-Task,Done
PAYME-992,2637010,,23.01.2025 11:33,12.06.2025 08:26,Done,Major,,09.02.2026 15:50,BPAY PI 2025:1.1-BPAY - ChillP,BPAY PI 2025:1.2-BPAY - ChillP,BPAY PI 2025:1.3-BPAY - ChillP,BPAY PI 2025:1.4-BPAY - ChillP,BPAY PI 2025:2.1-BPAY - ChillP,BPAY PI 2025:2.2-BPAY - ChillP,BPAY PI 2025:2.3-BPAY - ChillP,BPAY PI 2025:2.4-BPAY - ChillP,BPAY PI 2025:2.5-BPAY - ChillP,,3.0,Story,Done
PAYME-1014,2655039,2637010,30.01.2025 07:46,03.02.2025 12:36,Done,Major,,03.02.2025 12:36,BPAY PI 2025:1.1-BPAY - ChillP,BPAY PI 2025:1.2-BPAY - ChillP,BPAY PI 2025:1.3-BPAY - ChillP,BPAY PI 2025:1.4-BPAY - ChillP,BPAY PI 2025:2.1-BPAY - ChillP,BPAY PI 2025:2.2-BPAY - ChillP,BPAY PI 2025:2.3-BPAY - ChillP,BPAY PI 2025:2.4-BPAY - ChillP,BPAY PI 2025:2.5-BPAY - ChillP,,1.0,Sub-task,Done
PAYME-1160,2782446,2637010,09.05.2025 08:37,13.05.2025 09:59,Done,Blocker,,13.05.2025 09:59,BPAY PI 2025:1.1-BPAY - ChillP,BPAY PI 2025:1.2-BPAY - ChillP,BPAY PI 2025:1.3-BPAY - ChillP,BPAY PI 2025:1.4-BPAY - ChillP,BPAY PI 2025:2.1-BPAY - ChillP,BPAY PI 2025:2.2-BPAY - ChillP,BPAY PI 2025:2.3-BPAY - ChillP,BPAY PI 2025:2.4-BPAY - ChillP,BPAY PI 2025:2.5-BPAY - ChillP,,1.0,Sub-task,Done
PAYME-1146,2761066,,16.04.2025 15:08,09.06.2025 10:22,Done,Minor,30.04.2025 00:00,09.02.2026 15:50,BPAY PI 2025:2.4-BPAY - ChillP,BPAY PI 2025:2.5-BPAY - ChillP,,,,,,,,,3.0,Bug,Done
PAYME-1202,2819748,,10.06.2025 08:13,,Done,Major,,29.12.2025 15:55,,,,,,,,,,,1.0,Production bug,
PAYME-1162,2788313,,14.05.2025 13:19,19.05.2025 13:32,Done,Major,,09.02.2026 15:51,BPAY PI 2025:2.3-BPAY - ChillP,,,,,,,,,,2.0,Bug,Done
PAYME-1145,2761055,,16.04.2025 14:57,15.05.2025 07:04,Done,Minor,30.04.2025 00:00,09.02.2026 15:51,BPAY PI 2025:2.2-BPAY - ChillP,BPAY PI 2025:2.3-BPAY - ChillP,,,,,,,,,1.0,Story,Done
PAYME-1151,2770946,,28.04.2025 11:27,15.05.2025 13:05,Done,Major,,21.05.2025 15:09,BPAY PI 2025:2.2-BPAY - ChillP,BPAY PI 2025:2.3-BPAY - ChillP,,,,,,,,,5.0,Bug,Done
PAYME-1155,2774712,,02.05.2025 08:26,,Done,Major,,29.12.2025 15:52,BPAY PI 2025:2.2-BPAY - ChillP,BPAY PI 2025:2.3-BPAY - ChillP,,,,,,,,,,Story,
PAYME-1116,2726279,,27.03.2025 14:17,30.04.2025 13:39,Done,Major,,12.09.2025 08:07,BPAY PI 2025:2.1-BPAY - ChillP,BPAY PI 2025:2.2-BPAY - ChillP,,,,,,,,,5.0,Story,Done
PAYME-1150,2766893,,24.04.2025 06:39,15.05.2025 08:07,Done,Major,,09.02.2026 15:51,BPAY PI 2025:2.1-BPAY - ChillP,BPAY PI 2025:2.2-BPAY - ChillP,BPAY PI 2025:2.3-BPAY - ChillP,,,,,,,,5.0,Bug,Done
PAYME-1139,2758399,,15.04.2025 06:57,13.05.2025 09:13,Done,Major,,09.02.2026 15:50,BPAY PI 2025:2.1-BPAY - ChillP,BPAY PI 2025:2.2-BPAY - ChillP,BPAY PI 2025:2.3-BPAY - ChillP,,,,,,,,5.0,Story,Done
PAYME-1157,2776580,,05.05.2025 13:29,20.05.2025 09:50,Done,Major,,09.02.2026 15:50,BPAY PI 2025:2.3-BPAY - ChillP,,,,,,,,,,2.0,Story,Done
PAYME-1161,2787941,,14.05.2025 12:10,21.05.2025 11:29,Done,Major,,09.02.2026 15:52,BPAY PI 2025:2.3-BPAY - ChillP,,,,,,,,,,2.0,Story,Done
PAYME-1124,2726296,,27.03.2025 14:43,04.06.2025 16:15,Done,Major,,04.06.2025 16:15,BPAY PI 2025:2.3-BPAY - ChillP,BPAY PI 2025:2.4-BPAY - ChillP,,,,,,,,,5.0,Story,Done
PAYME-1175,2793741,,19.05.2025 15:19,21.05.2025 19:30,Done,Major,,09.02.2026 15:51,BPAY PI 2025:2.3-BPAY - ChillP,,,,,,,,,,2.0,Bug,Done
PAYME-1173,2793655,,19.05.2025 14:24,21.05.2025 09:38,Done,Major,,09.02.2026 15:51,BPAY PI 2025:2.3-BPAY - ChillP,,,,,,,,,,2.0,Bug,Done
PAYME-1080,2716557,,20.03.2025 14:15,31.03.2025 13:31,Done,Major,,09.02.2026 15:50,,,,,,,,,,,3.0,Story,Done
PAYME-1095,2718864,,24.03.2025 08:59,28.03.2025 14:31,Done,Major,,29.12.2025 15:56,,,,,,,,,,,3.0,Production bug,Done
PAYME-1077,2715290,,20.03.2025 08:09,03.04.2025 08:22,Done,Major,,09.02.2026 15:51,,,,,,,,,,,2.0,Story,Done
PAYME-1096,2720264,,24.03.2025 14:55,28.03.2025 12:41,Done,Major,,29.12.2025 15:55,,,,,,,,,,,2.0,Production bug,Done
PAYME-1105,2730468,,01.04.2025 09:04,07.04.2025 13:39,Done,Major,,29.12.2025 15:56,,,,,,,,,,,,Production bug,Done
PAYME-1078,2559243,,14.11.2024 16:34,07.04.2025 08:31,Done,Major,,29.12.2025 15:54,,,,,,,,,,,3.0,Production bug,Done
PAYME-1109,2735637,,03.04.2025 12:47,04.04.2025 12:11,Done,Critical,,29.12.2025 15:52,,,,,,,,,,,,Bug,Done
PAYME-1070,2711030,,17.03.2025 10:55,07.04.2025 09:15,Done,Major,,29.12.2025 15:57,,,,,,,,,,,3.0,Production bug,Done
PAYME-1117,2726276,,27.03.2025 14:13,10.04.2025 11:45,Done,Major,,08.10.2025 08:32,BPAY PI 2025:2.1-BPAY - ChillP,,,,,,,,,,0.5,Story,Done
PAYME-1133,2726275,,27.03.2025 14:10,10.04.2025 11:45,Done,Major,,22.04.2025 15:40,BPAY PI 2025:2.1-BPAY - ChillP,,,,,,,,,,0.5,Story,Done
PAYME-1101,2728722,,31.03.2025 08:49,16.04.2025 14:48,Done,Major,,09.02.2026 15:51,BPAY PI 2025:2.1-BPAY - ChillP,,,,,,,,,,2.0,Story,Done
PAYME-999,2643011,,27.01.2025 13:16,02.05.2025 13:06,Done,Major,,09.02.2026 15:50,BPAY PI 2025:1.1-BPAY - ChillP,BPAY PI 2025:1.2-BPAY - ChillP,BPAY PI 2025:1.3-BPAY - ChillP,BPAY PI 2025:1.4-BPAY - ChillP,BPAY PI 2025:2.1-BPAY - ChillP,BPAY PI 2025:2.2-BPAY - ChillP,,,,,3.0,Story,Done
PAYME-1250,2847558,,26.06.2025 11:25,19.07.2025 13:07,Done,Major,,09.02.2026 15:50,BPAY PI 2025:3.2-BPAY - ChillP,BPAY PI 2025:3.3-BPAY - ChillP,,,,,,,,,5.0,Story,Done
PAYME-1214,2768143,,24.04.2025 13:43,17.07.2025 11:36,Done,Major,,08.04.2026 10:21,BPAY PI 2025:3.1-BPAY - ChillP,BPAY PI 2025:3.2-BPAY - ChillP,BPAY PI 2025:3.3-BPAY - ChillP,,,,,,,,3.0,Story,Done
PAYME-1271,2869064,,21.07.2025 09:14,21.07.2025 10:47,Done,Major,,23.07.2025 08:55,BPAY PI 2025:3.1-BPAY - ChillP,BPAY PI 2025:3.2-BPAY - ChillP,BPAY PI 2025:3.3-BPAY - ChillP,,,,,,,,1.0,Bug,Done
PAYME-1131,2727849,,28.03.2025 13:06,12.08.2025 13:21,Done,Major,,13.08.2025 14:46,BPAY PI 2025:3.2-BPAY - ChillP,BPAY PI 2025:3.3-BPAY - ChillP,BPAY PI 2025:3.4-BPAY - ChillP,,,,,,,,5.0,Story,Done
PAYME-953,2598893,,13.12.2024 13:02,05.08.2025 15:23,Done,Major,,09.02.2026 15:51,BPAY PI 2025:1.2-BPAY - ChillP,BPAY PI 2025:1.3-BPAY - ChillP,BPAY PI 2025:1.4-BPAY - ChillP,BPAY PI 2025:2.2-BPAY - ChillP,BPAY PI 2025:2.3-BPAY - ChillP,BPAY PI 2025:2.4-BPAY - ChillP,BPAY PI 2025:3.3-BPAY - ChillP,BPAY PI 2025:3.4-BPAY - ChillP,,,8.0,Story,Done
PAYME-954,2598896,,13.12.2024 13:05,12.08.2025 11:53,Done,Major,,09.02.2026 15:50,BPAY PI 2025:1.3-BPAY - ChillP,BPAY PI 2025:1.4-BPAY - ChillP,BPAY PI 2025:2.2-BPAY - ChillP,BPAY PI 2025:2.3-BPAY - ChillP,BPAY PI 2025:2.4-BPAY - ChillP,BPAY PI 2025:3.3-BPAY - ChillP,BPAY PI 2025:3.4-BPAY - ChillP,,,,8.0,Story,Done
PAYME-1316,2877103,,04.08.2025 16:40,12.08.2025 09:10,Done,Major,,29.12.2025 15:55,BPAY PI 2025:3.4-BPAY - ChillP,,,,,,,,,,1.0,Bug,Done
PAYME-1227,2759467,,15.04.2025 13:22,12.08.2025 16:33,Done,Major,,01.09.2025 13:05,BPAY PI 2025:3.3-BPAY - ChillP,BPAY PI 2025:3.4-BPAY - ChillP,,,,,,,,,5.0,Story,Done
PAYME-1125,2726705,,27.03.2025 14:47,11.08.2025 10:58,Done,Major,,14.04.2026 15:02,BPAY PI 2025:3.2-BPAY - ChillP,BPAY PI 2025:3.3-BPAY - ChillP,BPAY PI 2025:3.4-BPAY - ChillP,,,,,,,,5.0,Story,Done
PAYME-1280,2873351,,29.07.2025 11:17,07.08.2025 08:48,Done,Major,,25.08.2025 16:00,BPAY PI 2025:3.3-BPAY - ChillP,BPAY PI 2025:3.4-BPAY - ChillP,,,,,,,,,5.0,Story,Done
PAYME-1097,2727143,,28.03.2025 08:57,,Done,Major,,29.12.2025 15:51,,,,,,,,,,,2.0,Story,
PAYME-989,2556211,,13.11.2024 10:43,07.02.2025 08:04,Done,Major,,29.12.2025 15:56,,,,,,,,,,,2.0,Production bug,Done
PAYME-1015,2660669,,04.02.2025 09:47,14.02.2025 07:52,Done,Minor,,29.12.2025 15:51,,,,,,,,,,,2.0,Task,Done
PAYME-802,2403828,,28.06.2024 12:39,04.07.2024 12:15,Done,Major,,23.07.2024 14:33,,,,,,,,,,,1.0,Production bug,Done
PAYME-721,2337419,,02.05.2024 14:05,16.05.2024 21:59,Done,Major,,23.07.2024 14:33,,,,,,,,,,,5.0,Story,Done
PAYME-616,2202825,,19.01.2024 09:43,09.05.2024 09:22,Done,Major,,06.06.2024 08:09,,,,,,,,,,,2.0,Story,Done
PAYME-664,2293509,,02.04.2024 08:12,10.04.2024 14:13,Done,Major,,10.04.2024 14:13,,,,,,,,,,,,Bug,Done
PAYME-563,2207328,,23.01.2024 14:54,14.02.2024 09:14,Done,Major,,14.02.2024 09:14,,,,,,,,,,,1.0,Story,Done
PAYME-572,2142860,,21.11.2023 09:53,06.02.2024 12:53,Done,Major,,06.02.2024 12:54,,,,,,,,,,,1.0,Story,Done
PAYME-576,2142862,,21.11.2023 09:55,06.02.2024 13:25,Done,Major,,06.02.2024 13:25,,,,,,,,,,,1.0,Story,Done
PAYME-567,2142863,,21.11.2023 09:57,07.02.2024 07:08,Done,Major,,07.02.2024 07:09,,,,,,,,,,,1.0,Story,Done
PAYME-573,2142867,,21.11.2023 09:58,07.02.2024 12:01,Done,Major,,07.02.2024 12:01,,,,,,,,,,,1.0,Story,Done
PAYME-577,2142855,,21.11.2023 09:49,06.02.2024 12:57,Done,Major,,06.02.2024 12:57,,,,,,,,,,,1.0,Story,Done
PAYME-574,2142873,,21.11.2023 10:03,06.02.2024 12:25,Done,Major,,06.02.2024 12:25,,,,,,,,,,,1.0,Story,Done
PAYME-575,2142877,,21.11.2023 10:05,06.02.2024 12:58,Done,Major,,06.02.2024 12:58,,,,,,,,,,,1.0,Story,Done
PAYME-579,2142881,,21.11.2023 10:06,06.02.2024 11:40,Done,Major,,06.02.2024 12:12,,,,,,,,,,,1.0,Story,Done
PAYME-580,2142883,,21.11.2023 10:08,07.02.2024 08:01,Done,Major,,07.02.2024 13:23,,,,,,,,,,,1.0,Story,Done
PAYME-568,2142887,,21.11.2023 10:11,06.02.2024 13:03,Done,Major,,06.02.2024 13:03,,,,,,,,,,,1.0,Story,Done
PAYME-497,2142678,,21.11.2023 09:20,14.02.2024 14:40,Done,Major,,14.02.2024 14:59,,,,,,,,,,,1.0,Story,Done
PAYME-584,2132952,,13.11.2023 13:20,07.02.2024 15:11,Done,Major,,07.04.2024 17:25,,,,,,,,,,,3.0,Story,Done
PAYME-581,2132949,,13.11.2023 13:19,06.02.2024 13:04,Done,Major,,07.04.2024 16:03,,,,,,,,,,,1.0,Story,Done
PAYME-582,2132950,,13.11.2023 13:19,06.02.2024 15:12,Done,Major,,07.04.2024 16:15,,,,,,,,,,,1.0,Story,Done
PAYME-589,2138316,,16.11.2023 13:55,13.02.2024 12:38,Done,Major,,07.03.2024 15:40,,,,,,,,,,,2.0,Story,Done
PAYME-590,2138317,,16.11.2023 13:56,15.02.2024 12:36,Done,Major,,07.03.2024 15:40,,,,,,,,,,,2.0,Story,Done
PAYME-593,2169154,,08.12.2023 14:13,29.02.2024 13:52,Done,Major,,29.02.2024 15:27,,,,,,,,,,,2.0,Story,Done
PAYME-594,2169156,,08.12.2023 14:15,07.03.2024 12:45,Done,Major,,07.03.2024 12:45,,,,,,,,,,,5.0,Story,Done
PAYME-595,2175362,,14.12.2023 14:28,15.02.2024 15:26,Done,Major,,28.02.2024 15:40,,,,,,,,,,,3.0,Story,Done
PAYME-517,2161335,,30.11.2023 14:13,11.04.2024 15:53,Done,Minor,,11.04.2024 15:53,,,,,,,,,,,5.0,Production bug,Done
PAYME-556,2198412,,16.01.2024 12:17,29.01.2024 11:47,Done,Major,,29.01.2024 11:47,,,,,,,,,,,2.0,Engineering job,Done
PAYME-514,2158867,,29.11.2023 12:18,17.01.2024 14:34,Done,Critical,,23.07.2024 14:33,,,,,,,,,,,4.0,Production bug,Done
PAYME-539,2177524,,18.12.2023 10:21,19.01.2024 12:53,Done,Major,,23.07.2024 14:33,,,,,,,,,,,5.0,Story,Done
PAYME-525,2168702,,08.12.2023 08:39,12.12.2023 10:46,Done,Major,,23.07.2024 14:33,,,,,,,,,,,2.0,Production bug,Done
PAYME-493,2142682,,21.11.2023 09:26,17.01.2024 11:07,Done,Major,,17.01.2024 11:07,,,,,,,,,,,5.0,Story,Done
PAYME-495,2142695,,21.11.2023 09:36,04.01.2024 12:57,Done,Major,,04.01.2024 12:57,,,,,,,,,,,3.0,Story,Done
PAYME-498,2132934,,13.11.2023 13:13,23.01.2024 09:02,Done,Major,,08.04.2024 16:34,,,,,,,,,,,5.0,Story,Done
PAYME-499,2132935,,13.11.2023 13:13,23.01.2024 14:24,Done,Major,,08.04.2024 16:36,,,,,,,,,,,2.0,Story,Done
PAYME-500,2132936,,13.11.2023 13:14,17.01.2024 10:33,Done,Major,,08.04.2024 16:37,,,,,,,,,,,6.0,Story,Done
PAYME-501,2132937,,13.11.2023 13:14,11.12.2023 10:02,Done,Major,,08.04.2024 16:37,,,,,,,,,,,2.0,Story,Done
PAYME-502,2132938,,13.11.2023 13:14,11.12.2023 13:04,Done,Major,,08.04.2024 16:38,,,,,,,,,,,2.0,Story,Done
PAYME-506,2132940,,13.11.2023 13:17,08.01.2024 14:55,Done,Major,,01.04.2024 14:56,,,,,,,,,,,2.0,Story,Done
PAYME-507,2132941,,13.11.2023 13:18,10.01.2024 15:43,Done,Major,,01.04.2024 14:59,,,,,,,,,,,2.0,Story,Done
PAYME-509,2132946,,13.11.2023 13:18,12.12.2023 15:18,Done,Major,,07.04.2024 13:13,,,,,,,,,,,2.0,Story,Done
PAYME-391,2079604,,25.09.2023 14:48,30.11.2023 09:51,Done,Major,,30.11.2023 09:51,,,,,,,,,,,1.0,Engineering job,Done
PAYME-510,2132947,,13.11.2023 13:18,13.12.2023 15:09,Done,Major,,07.04.2024 13:47,,,,,,,,,,,5.0,Story,Done
PAYME-511,2132948,,13.11.2023 13:19,11.01.2024 13:15,Done,Major,,07.04.2024 15:38,,,,,,,,,,,2.0,Story,Done
PAYME-418,2099743,,13.10.2023 08:41,13.10.2023 14:04,Done,Major,,23.07.2024 11:26,,,,,,,,,,,1.0,Production bug,Done
PAYME-404,2080694,,26.09.2023 13:57,15.11.2023 13:35,Done,Major,,29.12.2025 14:47,,,,,,,,,,,4.0,Production bug,Done
PAYME-28,1502864,,15.03.2022 10:38,07.12.2023 09:07,Done,Major,,07.12.2023 09:07,PAYME Iteration 1.1,PAYME Iteration 1.2,PAYME Iteration 2.1,PAYME Iteration 2.2,PAYME Iteration 2.3,,,,,,1.0,Story,Done
PAYME-385,2079484,,25.09.2023 14:33,12.10.2023 15:26,Done,Major,,12.10.2023 15:26,,,,,,,,,,,2.0,Engineering job,Done
PAYME-386,2079495,,25.09.2023 14:41,12.10.2023 15:26,Done,Major,,12.10.2023 15:26,,,,,,,,,,,5.0,Engineering job,Done
PAYME-362,2077381,,22.09.2023 10:42,12.10.2023 08:42,Done,Major,,17.10.2023 10:51,,,,,,,,,,,2.0,Engineering job,Done
PAYME-250,1985030,,19.06.2023 12:45,20.07.2023 13:58,Done,Major,,20.07.2023 13:58,PAYME Iteration 2.3,,,,,,,,,,1.0,Bug,Won't Do
PAYME-18,1909383,,11.04.2023 12:21,17.04.2023 14:45,Done,Major,,17.04.2023 14:45,PAYME Iteration 1.1,,,,,,,,,,2.0,Engineering job,Done
PAYME-62,1912127,,13.04.2023 08:25,17.04.2023 14:45,Done,Major,,17.04.2023 14:45,PAYME Iteration 1.1,,,,,,,,,,2.0,Engineering job,Done
PAYME-93,1940376,,05.05.2023 13:06,16.05.2023 15:45,Done,Major,,23.07.2024 12:45,PAYME Iteration 1.2,PAYME Iteration 2.1,,,,,,,,,2.0,Bug,Done
PAYME-242,1978327,,13.06.2023 08:10,13.06.2023 14:52,Done,Major,,06.12.2023 13:05,PAYME Iteration 2.3,,,,,,,,,,3.0,Story,Won't Do
PAYME-202,1953413,,17.05.2023 12:55,13.06.2023 09:07,Done,Minor,,23.07.2024 12:45,PAYME Iteration 2.3,,,,,,,,,,3.0,Production bug,Done
PAYME-213,1931395,,26.04.2023 09:29,12.06.2023 15:07,Done,Major,,23.07.2024 12:45,PAYME Iteration 2.3,,,,,,,,,,1.0,Bug,Done
PAYME-207,1955076,,19.05.2023 13:19,01.09.2023 13:25,Done,Major,,19.05.2025 15:52,PAYME Iteration 2.2,PAYME Iteration 2.3,,,,,,,,,2.0,Story,Done
PAYME-40,1908710,,11.04.2023 07:28,12.07.2023 13:16,Done,Major,,12.07.2023 13:16,PAYME Iteration 1.2,PAYME Iteration 2.1,PAYME Iteration 2.2,PAYME Iteration 2.3,,,,,,,2.0,Story,Done
PAYME-38,1907039,,06.04.2023 10:58,04.08.2023 11:57,Done,Major,,22.08.2024 13:08,PAYME Iteration 1.2,PAYME Iteration 2.1,PAYME Iteration 2.2,PAYME Iteration 2.3,,,,,,,3.0,Story,Done
PAYME-52,1895747,,28.03.2023 10:00,27.06.2023 09:15,Done,Major,,23.07.2024 11:26,PAYME Iteration 2.3,,,,,,,,,,1.0,Story,Done
PAYME-208,1955081,,19.05.2023 13:36,01.09.2023 13:24,Done,Major,,01.09.2023 13:24,PAYME Iteration 2.3,,,,,,,,,,4.0,Story,Done
PAYME-24,1546757,,22.04.2022 10:01,28.09.2023 09:52,Done,Major,,28.09.2023 09:52,,,,,,,,,,,3.0,Engineering job,Done
PAYME-317,2038682,1546757,28.08.2023 06:31,09.10.2023 11:47,Done,Major,,09.10.2023 13:52,,,,,,,,,,,,Sub-task,Done
PAYME-234,1974087,,07.06.2023 15:14,12.09.2023 12:27,Done,Major,,06.12.2023 13:20,PAYME Iteration 2.3,,,,,,,,,,,Bug,Done
PAYME-189,1795971,,27.12.2022 13:02,07.06.2023 15:32,Done,Minor,,06.12.2023 12:59,PAYME Iteration 2.1,PAYME Iteration 2.2,PAYME Iteration 2.3,,,,,,,,3.0,Production bug,Done
PAYME-266,1989447,,22.06.2023 10:31,22.06.2023 10:31,Done,Major,,22.06.2023 10:31,,,,,,,,,,,1.0,Story,Done
PAYME-271,1943529,,09.05.2023 11:22,11.08.2023 13:37,Done,Minor,,23.07.2024 12:45,,,,,,,,,,,3.0,Story,Done
PAYME-278,2000374,,30.06.2023 10:51,14.07.2023 12:43,Done,Minor,,07.01.2025 14:20,,,,,,,,,,,3.0,Story,Done
PAYME-279,2000376,,30.06.2023 10:51,14.07.2023 14:40,Done,Minor,,08.01.2025 09:51,,,,,,,,,,,2.0,Story,Done
PAYME-274,1994983,,27.06.2023 12:03,12.07.2023 10:52,Done,Major,,06.12.2023 13:03,,,,,,,,,,,5.0,Engineering job,Done
PAYME-275,1998050,,28.06.2023 13:01,11.07.2023 12:19,Done,Major,,27.07.2023 14:50,,,,,,,,,,,2.0,Engineering job,Done
PAYME-299,2020875,,07.08.2023 14:00,18.08.2023 13:37,Done,Major,,23.07.2024 11:26,,,,,,,,,,,2.0,Production bug,Done
PAYME-289,2009693,,17.07.2023 07:49,24.07.2023 06:54,Done,Blocker,,24.07.2023 06:54,,,,,,,,,,,3.0,Bug,Done
PAYME-248,1982468,,15.06.2023 14:43,11.08.2023 13:58,Done,Major,,02.04.2026 09:28,,,,,,,,,,,2.0,Story,Done
PAYME-103,1892388,,24.03.2023 09:15,09.06.2023 09:17,Done,Major,,23.07.2024 10:40,PAYME Iteration 2.1,PAYME Iteration 2.2,,,,,,,,,2.0,Story,Done
PAYME-100,1944412,,10.05.2023 08:14,25.05.2023 09:48,Done,Major,,06.12.2023 13:18,PAYME Iteration 1.2,PAYME Iteration 2.1,PAYME Iteration 2.2,,,,,,,,1.0,Production bug,Done
PAYME-232,1973205,,07.06.2023 08:19,29.06.2023 13:08,Done,Major,,06.12.2023 12:59,PAYME Iteration 2.3,,,,,,,,,,1.0,Task,Done
PAYME-236,1974739,,08.06.2023 10:41,08.06.2023 13:49,Done,Critical,,06.12.2023 12:56,PAYME Iteration 2.3,,,,,,,,,,1.0,Production bug,Done
PAYME-212,1921896,,18.04.2023 15:15,16.06.2023 14:00,Done,Major,,06.12.2023 13:14,PAYME Iteration 2.3,,,,,,,,,,2.0,Bug,Done
PAYME-211,1921883,,18.04.2023 15:11,16.06.2023 14:02,Done,Major,,23.07.2024 12:42,PAYME Iteration 2.3,,,,,,,,,,2.0,Bug,Done
PAYME-247,1979923,,14.06.2023 10:04,03.07.2023 09:40,Done,Major,,03.07.2023 09:40,,,,,,,,,,,1.0,Engineering job,Done
PAYME-222,1962158,,26.05.2023 16:39,16.06.2023 10:46,Done,Major,,16.06.2023 10:46,PAYME Iteration 2.3,,,,,,,,,,1.0,Engineering job,Done
PAYME-33,1744780,,08.11.2022 08:22,21.08.2023 13:54,Done,Minor,,21.08.2023 13:54,PAYME Iteration 2.2,PAYME Iteration 2.3,,,,,,,,,1.0,Story,Done
PAYME-298,2019986,,04.08.2023 12:02,18.08.2023 08:37,Done,Major,,13.09.2023 10:37,,,,,,,,,,,2.0,Bug,Done
PAYME-260,1987739,,21.06.2023 07:31,03.07.2023 16:07,Done,Major,,04.08.2023 12:47,,,,,,,,,,,2.0,Story,Done
PAYME-245,1979654,,14.06.2023 08:53,10.07.2023 09:19,Done,Major,,10.07.2023 09:19,,,,,,,,,,,2.0,Production bug,Done
PAYME-228,1964517,,30.05.2023 09:00,09.06.2023 08:22,Done,Minor,,06.12.2023 13:23,PAYME Iteration 2.1,PAYME Iteration 2.3,,,,,,,,,,Engineering job,Won't Do
PAYME-233,1937719,,03.05.2023 16:09,28.06.2023 08:10,Done,Major,,23.07.2024 12:34,PAYME Iteration 2.3,,,,,,,,,,2.0,Production bug,Done
PAYME-214,1947319,,12.05.2023 10:00,16.06.2023 14:33,Done,Trivial,,06.12.2023 12:56,PAYME Iteration 2.3,,,,,,,,,,2.0,Production bug,Done
PAYME-237,1974924,,08.06.2023 10:55,09.06.2023 13:46,Done,Critical,,06.12.2023 13:11,PAYME Iteration 2.3,,,,,,,,,,1.0,Production bug,Done
PAYME-87,1935850,,02.05.2023 14:12,03.05.2023 11:30,Done,Major,,03.05.2023 11:30,PAYME Iteration 1.2,,,,,,,,,,1.0,Task,Done
PAYME-17,1630373,,26.07.2022 12:09,17.05.2023 14:37,Done,Minor,,19.05.2023 13:36,PAYME Iteration 1.2,,,,,,,,,,2.0,Engineering job,Won't Do
PAYME-7,1893391,,24.03.2023 14:49,24.04.2023 12:36,Done,Minor,,24.04.2023 12:36,PAYME Iteration 1.1,,,,,,,,,,2.0,Story,Done
PAYME-4,1902221,,03.04.2023 10:44,13.04.2023 14:04,Done,Major,,13.04.2023 14:04,PAYME Iteration 1.1,,,,,,,,,,1.0,Story,Done
PAYME-29,1900721,,31.03.2023 09:42,18.04.2023 08:27,Done,Minor,,24.04.2023 14:02,PAYME Iteration 1.1,,,,,,,,,,2.0,Story,Done
PAYME-9,1894552,,27.03.2023 12:33,18.04.2023 12:30,Done,Minor,,26.04.2023 08:33,PAYME Iteration 1.1,,,,,,,,,,1.0,Engineering job,Done
PAYME-77,1926503,,20.04.2023 14:26,21.04.2023 14:40,Done,Major,,24.04.2023 14:04,PAYME Iteration 1.1,,,,,,,,,,2.0,Bug,Done
PAYME-30,1909947,,11.04.2023 14:34,18.04.2023 08:37,Done,Minor,,24.04.2023 14:02,PAYME Iteration 1.1,,,,,,,,,,2.0,Story,Done
PAYME-74,1919528,,18.04.2023 09:21,21.04.2023 14:35,Done,Minor,,21.04.2023 14:35,PAYME Iteration 1.1,,,,,,,,,,2.0,Bug,Done
PAYME-14,1907718,,06.04.2023 14:29,21.04.2023 10:18,Done,Major,,21.04.2023 10:18,PAYME Iteration 1.1,,,,,,,,,,2.0,Story,Done
PAYME-34,1897925,,29.03.2023 13:48,21.04.2023 13:25,Done,Major,,12.05.2023 08:34,PAYME Iteration 1.1,,,,,,,,,,2.0,Story,Done
PAYME-5,1897920,,29.03.2023 13:46,13.04.2023 12:56,Done,Major,,17.04.2023 11:17,PAYME Iteration 1.1,,,,,,,,,,2.0,Story,Done
PAYME-10,1897902,,29.03.2023 13:33,13.04.2023 14:46,Done,Major,,24.04.2023 14:02,PAYME Iteration 1.1,,,,,,,,,,4.0,Story,Done
PAYME-55,1406746,,01.12.2021 13:27,21.04.2023 07:58,Done,Major,,21.04.2023 07:58,PAYME Iteration 1.1,,,,,,,,,,,Story,Done
PAYME-11,1903350,,04.04.2023 07:07,14.04.2023 14:35,Done,Major,,14.04.2023 14:35,PAYME Iteration 1.1,,,,,,,,,,2.0,Bug,Done
PAYME-3,1772754,,01.12.2022 11:45,21.04.2023 07:59,Done,Major,,21.04.2023 08:09,PAYME Iteration 1.1,,,,,,,,,,2.0,Bug,Done
PAYME-23,1809752,,13.01.2023 08:52,18.04.2023 09:04,Done,Major,,18.04.2023 09:04,,,,,,,,,,,,Engineering job,Won't Do
PAYME-25,1355209,,15.10.2021 14:42,13.04.2023 08:38,Done,Minor,,13.04.2023 08:38,,,,,,,,,,,2.0,Story,Done
PAYME-66,1915240,,14.04.2023 15:39,17.04.2023 14:35,Done,Major,,17.04.2023 14:35,PAYME Iteration 1.1,,,,,,,,,,1.0,Bug,Done
PAYME-26,1904356,,04.04.2023 13:51,20.04.2023 08:04,Done,Major,,20.04.2023 08:04,PAYME Iteration 1.1,,,,,,,,,,2.0,Story,Done
PAYME-54,1889145,,22.03.2023 13:29,18.04.2023 12:00,Done,Major,,18.04.2023 12:00,PAYME Iteration 1.1,,,,,,,,,,1.0,Engineering job,Done
PAYME-35,1905092,,05.04.2023 08:38,19.04.2023 09:23,Done,Major,,19.04.2023 09:23,PAYME Iteration 1.1,,,,,,,,,,1.0,Engineering job,Done
PAYME-36,1905096,,05.04.2023 08:41,21.04.2023 10:11,Done,Major,,24.04.2023 14:04,PAYME Iteration 1.1,,,,,,,,,,3.0,Engineering job,Done
PAYME-53,1766204,,24.11.2022 12:12,13.02.2023 07:25,Done,Major,,12.04.2023 13:59,,,,,,,,,,,3.0,Engineering job,Done
PAYME-429,1856323,,21.02.2023 12:51,20.10.2023 13:08,Done,Major,,08.11.2023 12:24,,,,,,,,,,,5.0,Engineering job,Done
PAYME-229,1882930,,16.03.2023 12:58,23.03.2023 09:14,Done,Major,,31.05.2023 10:32,,,,,,,,,,,,Story,Done
PAYME-1,1906110,,05.04.2023 13:33,06.04.2023 15:23,Done,Minor,,23.07.2024 12:45,,,,,,,,,,,1.0,Bug,Done
PAYME-63,1912128,,13.04.2023 08:26,13.04.2023 08:28,Done,Major,,13.04.2023 08:28,,,,,,,,,,,2.0,Engineering job,Won't Do
PAYME-56,1911541,,12.04.2023 14:44,26.04.2023 07:10,Done,Major,,26.04.2023 07:10,PAYME Iteration 1.1,,,,,,,,,,5.0,Engineering job,Done
PAYME-8,1874993,,10.03.2023 15:21,28.04.2023 13:13,Done,Major,,28.04.2023 13:13,PAYME Iteration 1.1,PAYME Iteration 1.2,,,,,,,,,1.0,Story,Done
PAYME-84,1933890,,28.04.2023 10:32,28.04.2023 11:59,Done,Major,,06.12.2023 13:15,PAYME Iteration 1.2,,,,,,,,,,1.0,Story,Done
PAYME-6,1874975,,10.03.2023 14:52,28.04.2023 09:55,Done,Major,,28.04.2023 12:55,PAYME Iteration 1.1,PAYME Iteration 1.2,,,,,,,,,1.0,Story,Done
PAYME-86,1934276,,28.04.2023 13:15,08.05.2023 07:59,Done,Major,,06.12.2023 13:05,PAYME Iteration 1.2,,,,,,,,,,,Bug,Done
PAYME-204,1953396,,17.05.2023 14:35,22.05.2023 11:39,Done,Major,,06.12.2023 13:27,PAYME Iteration 2.1,,,,,,,,,,3.0,Production bug,Done
PAYME-191,1947505,,12.05.2023 10:47,12.05.2023 12:15,Done,Critical,,14.12.2023 14:13,PAYME Iteration 1.1,PAYME Iteration 1.2,PAYME Iteration 2.1,,,,,,,,5.0,Production bug,Won't Do
PAYME-79,1929117,,24.04.2023 14:05,12.05.2023 09:26,Done,Major,,06.12.2023 13:30,PAYME Iteration 1.2,PAYME Iteration 2.1,,,,,,,,,1.0,Bug,Done
PAYME-190,1947116,,12.05.2023 08:34,16.05.2023 14:52,Done,Major,,23.07.2024 11:26,PAYME Iteration 2.1,,,,,,,,,,1.0,Production bug,Done
PAYME-71,1924032,,19.04.2023 13:13,03.05.2023 09:04,Done,Major,,03.05.2023 09:04,PAYME Iteration 1.2,,,,,,,,,,1.0,Bug,Done
PAYME-78,1928915,,24.04.2023 12:56,26.04.2023 09:06,Done,Major,,23.07.2024 11:26,PAYME Iteration 1.2,,,,,,,,,,2.0,Engineering job,Done
PAYME-70,1923975,,19.04.2023 12:47,26.04.2023 12:21,Done,Major,,23.07.2024 11:26,PAYME Iteration 1.1,PAYME Iteration 1.2,,,,,,,,,2.0,Bug,Done
PAYME-13,1595546,,09.06.2022 14:25,05.05.2023 09:03,Done,Major,,05.05.2023 09:03,PAYME Iteration 1.1,PAYME Iteration 1.2,,,,,,,,,1.0,Engineering job,Done
PAYME-12,1632889,,02.08.2022 08:35,15.05.2023 11:51,Done,Major,,27.06.2023 11:10,PAYME Iteration 1.2,PAYME Iteration 2.1,,,,,,,,,1.0,Story,Done
PAYME-19,1584963,,31.05.2022 10:11,12.05.2023 13:28,Done,Critical,,06.12.2023 13:07,PAYME Iteration 1.1,PAYME Iteration 1.2,PAYME Iteration 2.1,,,,,,,,5.0,Production bug,Done
PAYME-67,1919247,,18.04.2023 08:18,16.05.2023 13:37,Done,Major,,16.05.2023 13:37,PAYME Iteration 1.2,PAYME Iteration 2.1,,,,,,,,,,Story,Done
PAYME-69,1919566,,18.04.2023 09:59,11.05.2023 13:13,Done,Major,,11.05.2023 13:13,PAYME Iteration 1.2,PAYME Iteration 2.1,,,,,,,,,1.0,Engineering job,Done
PAYME-85,1934245,,28.04.2023 12:02,08.06.2023 06:58,Done,Major,,21.06.2023 13:14,PAYME Iteration 2.1,PAYME Iteration 2.2,PAYME Iteration 2.3,,,,,,,,1.0,Engineering job,Done
PAYME-82,1902352,,03.04.2023 11:27,29.05.2023 10:50,Done,Major,,29.05.2023 10:50,PAYME Iteration 2.1,PAYME Iteration 2.2,,,,,,,,,2.0,Story,Done
PAYME-90,1938972,,04.05.2023 11:59,25.05.2023 13:57,Done,Major,,06.12.2023 13:15,PAYME Iteration 2.1,PAYME Iteration 2.2,,,,,,,,,1.0,Engineering job,Done
PAYME-20,1881220,,15.03.2023 14:12,09.06.2023 15:08,Done,Major,,09.06.2023 15:08,PAYME Iteration 1.2,PAYME Iteration 2.1,PAYME Iteration 2.2,PAYME Iteration 2.3,,,,,,,2.0,Engineering job,Done
PAYME-46,1908714,,11.04.2023 07:36,04.08.2023 06:45,Done,Major,,04.08.2023 06:45,PAYME Iteration 2.1,PAYME Iteration 2.2,PAYME Iteration 2.3,,,,,,,,2.0,Story,Done
PAYME-230,1959149,,24.05.2023 14:09,23.08.2023 13:29,Done,Major,,23.07.2024 11:26,PAYME Iteration 2.3,,,,,,,,,,2.0,Production bug,Done
PAYME-91,1938368,,04.05.2023 09:49,25.05.2023 08:29,Done,Minor,,06.12.2023 13:20,PAYME Iteration 2.1,PAYME Iteration 2.2,,,,,,,,,1.0,Engineering job,Done
PAYME-27,1809988,,13.01.2023 12:54,05.05.2023 12:55,Done,Major,,06.12.2023 13:05,PAYME Iteration 1.1,PAYME Iteration 1.2,,,,,,,,,1.0,Story,Done
PAYME-75,1925555,,20.04.2023 10:41,03.05.2023 08:13,Done,Major,,03.05.2023 08:16,PAYME Iteration 1.2,,,,,,,,,,2.0,Engineering job,Done
PAYME-68,1919286,,18.04.2023 08:44,27.04.2023 14:36,Done,Major,,25.04.2025 08:56,PAYME Iteration 1.1,PAYME Iteration 1.2,,,,,,,,,2.0,Engineering job,Done
PAYME-72,1864081,,01.03.2023 12:16,26.04.2023 09:32,Done,Major,,26.04.2023 09:32,PAYME Iteration 1.1,PAYME Iteration 1.2,,,,,,,,,1.0,Engineering job,Done
PAYME-80,1932127,,26.04.2023 14:12,02.05.2023 09:47,Done,Major,,02.05.2023 09:47,PAYME Iteration 1.2,,,,,,,,,,1.0,Task,Done
PAYME-88,1937039,,03.05.2023 11:41,09.05.2023 08:04,Done,Major,,09.05.2023 08:04,PAYME Iteration 1.2,,,,,,,,,,1.0,Task,Done
PAYME-89,1938790,,04.05.2023 11:11,08.05.2023 12:38,Done,Major,,08.05.2023 12:38,PAYME Iteration 1.2,,,,,,,,,,1.0,Task,Done
PAYME-92,1939356,1938790,04.05.2023 13:52,08.05.2023 12:38,Done,Major,,08.05.2023 12:38,PAYME Iteration 1.2,,,,,,,,,,,Sub-task,Done
PAYME-94,1941405,1938790,08.05.2023 06:11,08.05.2023 12:38,Done,Major,,08.05.2023 12:38,PAYME Iteration 1.2,,,,,,,,,,,Sub-task,Done
PAYME-241,1976323,,09.06.2023 15:29,20.08.2023 12:16,Done,Major,,23.07.2024 11:26,,,,,,,,,,,3.0,Production bug,Done
PAYME-297,2019806,,04.08.2023 06:32,16.08.2023 09:08,Done,Major,,13.09.2023 10:38,,,,,,,,,,,2.0,Bug,Done
PAYME-96,1942140,,08.05.2023 11:56,07.09.2023 15:05,Done,Blocker,,13.09.2023 07:51,,,,,,,,,,,5.0,Story,Done
PAYME-16,1712148,,10.10.2022 09:11,17.11.2023 15:24,Done,Major,,23.07.2024 11:26,,,,,,,,,,,7.0,Engineering job,Done
PAYME-448,2127702,1712148,08.11.2023 08:37,10.11.2023 08:13,Done,Major,,10.11.2023 08:13,,,,,,,,,,,1.0,Sub-task,Done
PAYME-251,1985206,,19.06.2023 13:46,18.08.2023 11:59,Done,Major,,13.09.2023 10:38,,,,,,,,,,,2.0,Story,Done
PAYME-99,1942864,,09.05.2023 08:24,12.05.2023 09:42,Done,Major,,12.05.2023 09:42,PAYME Iteration 1.2,PAYME Iteration 2.1,,,,,,,,,1.0,Task,Done
PAYME-109,1945656,,11.05.2023 07:54,22.06.2023 10:38,Done,Major,,11.12.2023 13:01,PAYME Iteration 2.3,,,,,,,,,,1.0,Task,Done
PAYME-179,1945828,,11.05.2023 08:15,22.06.2023 10:37,Done,Major,,22.06.2023 10:37,PAYME Iteration 2.3,,,,,,,,,,,Task,Done
PAYME-115,1945663,,11.05.2023 07:55,16.05.2023 14:18,Done,Major,,16.05.2023 14:18,PAYME Iteration 2.1,,,,,,,,,,,Task,Done
PAYME-116,1945664,,11.05.2023 07:55,17.05.2023 11:18,Done,Major,,17.05.2023 11:18,PAYME Iteration 2.1,,,,,,,,,,1.0,Task,Done
PAYME-360,2077367,,22.09.2023 10:36,05.10.2023 10:16,Done,Major,,06.10.2023 14:30,,,,,,,,,,,1.0,Engineering job,Done
PAYME-121,1945669,,11.05.2023 07:56,19.05.2023 10:26,Done,Major,,19.05.2023 10:26,PAYME Iteration 2.1,,,,,,,,,,2.0,Task,Done
PAYME-123,1945671,,11.05.2023 07:56,20.06.2023 15:05,Done,Major,,20.06.2023 15:05,PAYME Iteration 2.3,,,,,,,,,,,Task,Done
PAYME-125,1945673,,11.05.2023 07:57,20.06.2023 15:05,Done,Major,,20.06.2023 15:05,PAYME Iteration 2.3,,,,,,,,,,,Task,Done
PAYME-128,1945676,,11.05.2023 07:57,24.05.2023 08:31,Done,Major,,24.05.2023 08:31,PAYME Iteration 2.1,,,,,,,,,,2.0,Task,Done
PAYME-139,1945687,,11.05.2023 08:04,24.05.2023 08:31,Done,Major,,24.05.2023 08:31,PAYME Iteration 2.1,,,,,,,,,,2.0,Task,Done
PAYME-106,1945653,,11.05.2023 07:53,24.05.2023 08:33,Done,Major,,24.05.2023 08:33,PAYME Iteration 2.1,,,,,,,,,,3.0,Task,Done
PAYME-15,1861561,,27.02.2023 13:00,10.07.2023 08:50,Done,Major,,10.07.2023 08:50,PAYME Iteration 2.2,PAYME Iteration 2.3,,,,,,,,,1.0,Story,Done
PAYME-283,2001941,1861561,03.07.2023 14:34,13.07.2023 08:31,Done,Major,,13.07.2023 08:31,PAYME Iteration 2.2,PAYME Iteration 2.3,,,,,,,,,1.0,Sub-task,Done
PAYME-188,1945929,,11.05.2023 09:12,30.06.2023 08:07,Done,Major,,30.06.2023 08:07,PAYME Iteration 2.2,PAYME Iteration 2.3,,,,,,,,,1.0,Story,Done
PAYME-249,1984939,,19.06.2023 12:35,26.06.2023 08:04,Done,Major,,26.06.2023 08:04,,,,,,,,,,,1.0,Engineering job,Done
PAYME-48,1908712,,11.04.2023 07:33,03.07.2023 11:13,Done,Major,,11.08.2023 07:48,PAYME Iteration 2.1,PAYME Iteration 2.2,,,,,,,,,1.0,Story,Done
PAYME-41,1908713,,11.04.2023 07:34,03.07.2023 12:04,Done,Major,,10.08.2023 09:31,PAYME Iteration 2.2,PAYME Iteration 2.3,,,,,,,,,1.0,Story,Done
PAYME-47,1908711,,11.04.2023 07:32,07.06.2023 12:51,Done,Major,,11.08.2023 07:48,PAYME Iteration 2.1,PAYME Iteration 2.2,PAYME Iteration 2.3,,,,,,,,2.0,Story,Done
PAYME-146,1945694,,11.05.2023 08:09,06.06.2023 08:15,Done,Major,,06.06.2023 08:15,PAYME Iteration 2.2,,,,,,,,,,1.0,Task,Done
PAYME-157,1945805,,11.05.2023 08:12,06.06.2023 08:15,Done,Major,,06.06.2023 08:15,PAYME Iteration 2.2,,,,,,,,,,2.0,Task,Done
PAYME-169,1945818,,11.05.2023 08:13,06.06.2023 08:15,Done,Major,,06.06.2023 08:15,PAYME Iteration 2.2,,,,,,,,,,2.0,Task,Done
PAYME-172,1945821,,11.05.2023 08:13,07.06.2023 06:04,Done,Major,,07.06.2023 06:04,PAYME Iteration 2.2,,,,,,,,,,1.0,Task,Done
PAYME-173,1945822,,11.05.2023 08:14,09.06.2023 08:18,Done,Major,,09.06.2023 08:18,PAYME Iteration 2.2,PAYME Iteration 2.3,,,,,,,,,1.0,Task,Done
PAYME-118,1945666,,11.05.2023 07:56,06.06.2023 08:15,Done,Major,,06.06.2023 08:15,PAYME Iteration 2.2,,,,,,,,,,1.0,Task,Done
PAYME-287,2009276,,14.07.2023 09:22,20.07.2023 13:10,Done,Major,,20.07.2023 13:11,,,,,,,,,,,,Engineering job,Done
PAYME-21,1881253,,15.03.2023 14:41,15.06.2023 08:58,Done,Major,,15.06.2023 08:58,,,,,,,,,,,,Engineering job,Done
PAYME-221,1959769,,25.05.2023 09:22,25.05.2023 09:34,Done,Major,,23.07.2024 11:26,,,,,,,,,,,,Bug,Won't Do
PAYME-225,1960516,,25.05.2023 13:01,13.06.2023 08:19,Done,Major,,20.06.2023 11:45,PAYME Iteration 2.2,PAYME Iteration 2.3,,,,,,,,,2.0,Engineering job,Done
PAYME-235,1974519,,08.06.2023 08:03,08.06.2023 08:06,Done,Minor,,06.12.2023 13:07,PAYME Iteration 2.1,PAYME Iteration 2.2,PAYME Iteration 2.3,,,,,,,,3.0,Production bug,Won't Do
PAYME-238,1974788,,08.06.2023 11:28,02.08.2023 15:52,Done,Major,,11.12.2023 13:04,,,,,,,,,,,3.0,Task,Done
PAYME-239,1974799,,08.06.2023 11:52,26.06.2023 09:49,Done,Major,,26.02.2024 12:49,,,,,,,,,,,1.0,Task,Done
PAYME-240,1977000,,12.06.2023 06:11,13.06.2023 08:19,Done,Major,,13.06.2023 08:19,PAYME Iteration 2.3,,,,,,,,,,2.0,Task,Done
PAYME-450,2129291,,09.11.2023 09:08,09.11.2023 14:25,Done,Critical,,06.12.2023 13:03,,,,,,,,,,,2.0,Production bug,Done
PAYME-435,2094104,,09.10.2023 09:24,24.10.2023 13:35,Done,Major,,24.10.2023 13:35,,,,,,,,,,,5.0,Story,Done
PAYME-427,2084254,,29.09.2023 08:43,15.11.2023 10:15,Done,Minor,,23.07.2024 12:42,,,,,,,,,,,3.0,Bug,Done
PAYME-444,2118660,,30.10.2023 15:10,14.11.2023 14:28,Done,Major,,14.11.2023 14:28,,,,,,,,,,,3.0,Bug,Done
PAYME-399,2080037,,26.09.2023 08:08,09.11.2023 10:36,Done,Major,,14.11.2023 09:46,,,,,,,,,,,3.0,Engineering job,Done
PAYME-555,1994002,,27.06.2023 09:07,29.01.2024 12:43,Done,Major,,29.01.2024 12:43,,,,,,,,,,,3.0,Engineering job,Done
PAYME-272,1994204,,27.06.2023 09:22,07.08.2023 09:08,Done,Major,,07.08.2023 09:08,,,,,,,,,,,,Test,Won't Do
PAYME-628,1994591,,27.06.2023 11:37,18.04.2024 08:36,Done,Major,,21.05.2024 16:07,,,,,,,,,,,13.0,Story,Done
PAYME-393,2079613,,25.09.2023 14:59,25.10.2023 11:40,Done,Major,,31.10.2023 09:27,,,,,,,,,,,3.0,Engineering job,Done
PAYME-908,2007271,,11.07.2023 13:19,12.02.2025 15:02,Done,Major,,12.02.2025 15:02,BPAY PI 2025:1.4-BPAY - ChillP,,,,,,,,,,1.0,Story,Done
PAYME-909,2363509,2007271,27.05.2024 12:12,12.02.2025 14:36,Done,Major,,12.02.2025 14:36,BPAY PI 2025:1.4-BPAY - ChillP,,,,,,,,,,,Sub-task,Done
PAYME-910,2524250,2007271,21.10.2024 12:30,30.01.2025 09:13,Done,Major,,30.01.2025 09:13,BPAY PI 2025:1.4-BPAY - ChillP,,,,,,,,,,,Sub-task,Done
PAYME-911,2524862,2007271,21.10.2024 15:58,04.02.2025 14:24,Done,Major,,04.02.2025 14:24,BPAY PI 2025:1.4-BPAY - ChillP,,,,,,,,,,,Sub-task,Done
PAYME-344,2009286,,14.07.2023 09:42,27.09.2023 11:11,Done,Major,,13.10.2023 08:04,,,,,,,,,,,2.0,Engineering job,Done
PAYME-290,2011019,,18.07.2023 15:30,20.07.2023 09:17,Done,Critical,,23.07.2024 12:45,,,,,,,,,,,,Production bug,Done
PAYME-294,2012604,,24.07.2023 06:07,25.07.2023 07:24,Done,Major,,25.07.2023 07:24,,,,,,,,,,,3.0,Engineering job,Done
PAYME-302,2024463,,11.08.2023 07:48,15.08.2023 08:56,Done,Major,,23.07.2024 11:26,,,,,,,,,,,2.0,Production bug,Done
PAYME-316,2032713,,21.08.2023 15:46,25.08.2023 10:23,Done,Major,,21.09.2023 08:24,,,,,,,,,,,2.0,Story,Done
PAYME-315,2032718,,21.08.2023 15:48,25.08.2023 12:38,Done,Major,,21.09.2023 08:25,,,,,,,,,,,2.0,Story,Done
PAYME-321,2033070,,22.08.2023 08:46,08.09.2023 11:32,Done,Major,,21.11.2023 09:49,,,,,,,,,,,5.0,Story,Done
PAYME-322,2033075,,22.08.2023 08:49,11.09.2023 12:49,Done,Major,,21.11.2023 09:50,,,,,,,,,,,2.0,Story,Done
PAYME-326,2033077,,22.08.2023 08:50,06.10.2023 13:27,Done,Major,,21.11.2023 09:52,,,,,,,,,,,2.0,Story,Done
PAYME-327,2033084,,22.08.2023 08:54,06.10.2023 13:29,Done,Major,,21.11.2023 09:54,,,,,,,,,,,2.0,Story,Done
PAYME-332,2033331,,22.08.2023 09:25,21.09.2023 07:20,Done,Major,,21.11.2023 09:56,,,,,,,,,,,2.0,Story,Done
PAYME-333,2033333,,22.08.2023 09:28,27.09.2023 11:46,Done,Major,,21.11.2023 09:57,,,,,,,,,,,2.0,Story,Done
PAYME-350,2033644,,22.08.2023 11:47,11.10.2023 13:21,Done,Major,,21.11.2023 09:58,,,,,,,,,,,2.0,Story,Done
PAYME-342,2033646,,22.08.2023 11:53,11.10.2023 13:23,Done,Major,,21.11.2023 10:00,,,,,,,,,,,2.0,Story,Done
PAYME-340,2033647,,22.08.2023 11:54,04.10.2023 15:48,Done,Major,,21.11.2023 10:03,,,,,,,,,,,2.0,Story,Done
PAYME-337,2033651,,22.08.2023 12:17,06.10.2023 13:24,Done,Major,,21.11.2023 10:05,,,,,,,,,,,1.0,Story,Done
PAYME-349,2033655,,22.08.2023 12:28,04.10.2023 16:03,Done,Major,,21.11.2023 10:06,,,,,,,,,,,5.0,Story,Done
PAYME-351,2033659,,22.08.2023 12:29,17.10.2023 10:57,Done,Major,,17.10.2023 10:58,,,,,,,,,,,5.0,Story,Done
PAYME-354,2033677,,22.08.2023 12:42,26.10.2023 10:46,Done,Major,,21.11.2023 10:08,,,,,,,,,,,5.0,Story,Done
PAYME-352,2033667,,22.08.2023 12:34,19.10.2023 13:58,Done,Major,,21.11.2023 10:11,,,,,,,,,,,5.0,Story,Done
PAYME-353,2033673,,22.08.2023 12:39,25.10.2023 14:09,Done,Major,,21.11.2023 10:13,,,,,,,,,,,5.0,Story,Done
PAYME-341,2033679,,22.08.2023 12:45,28.09.2023 10:49,Done,Major,,21.11.2023 10:15,,,,,,,,,,,2.0,Story,Done
PAYME-355,2033678,,22.08.2023 12:43,20.10.2023 13:59,Done,Major,,21.11.2023 10:16,,,,,,,,,,,2.0,Story,Done
PAYME-365,2077479,,22.09.2023 13:00,05.10.2023 10:11,Done,Major,,06.10.2023 14:30,,,,,,,,,,,1.0,Engineering job,Done
PAYME-626,2034574,,23.08.2023 09:26,13.03.2024 09:23,Done,Minor,,23.07.2024 14:33,,,,,,,,,,,3.0,Bug,Done
PAYME-631,2197748,,16.01.2024 07:59,07.03.2024 14:05,Done,Major,,23.07.2024 14:33,,,,,,,,,,,5.0,Story,Done
PAYME-338,2036880,,24.08.2023 11:43,12.09.2023 14:36,Done,Major,,12.09.2023 14:36,,,,,,,,,,,,Story,Done
PAYME-334,2042512,,30.08.2023 13:22,26.09.2023 10:25,Done,Major,,06.12.2023 13:08,,,,,,,,,,,3.0,Production bug,Done
PAYME-343,2052913,,07.09.2023 15:02,29.09.2023 11:46,Done,Major,,06.12.2023 13:17,,,,,,,,,,,2.0,Production bug,Done
PAYME-357,2060756,,14.09.2023 12:06,05.10.2023 07:55,Done,Major,,06.10.2023 14:30,,,,,,,,,,,1.0,Engineering job,Done
PAYME-346,2062696,,15.09.2023 14:17,29.09.2023 14:02,Done,Major,,06.12.2023 13:20,,,,,,,,,,,3.0,Production bug,Done
PAYME-348,2065104,,18.09.2023 11:52,02.10.2023 10:01,Done,Major,,06.12.2023 13:22,,,,,,,,,,,2.0,Bug,Done
PAYME-454,2094840,,09.10.2023 14:12,16.11.2023 10:03,Done,Minor,,06.12.2023 13:03,,,,,,,,,,,2.0,Bug,Done
PAYME-358,2077356,,22.09.2023 10:33,05.10.2023 07:55,Done,Major,,06.10.2023 14:31,,,,,,,,,,,1.0,Engineering job,Done
PAYME-359,2077359,,22.09.2023 10:34,05.10.2023 07:55,Done,Major,,06.10.2023 14:31,,,,,,,,,,,1.0,Engineering job,Done
PAYME-363,2077459,,22.09.2023 12:10,05.10.2023 15:36,Done,Major,,06.10.2023 14:31,,,,,,,,,,,1.0,Engineering job,Done
PAYME-366,2077482,,22.09.2023 13:02,05.10.2023 10:08,Done,Major,,06.10.2023 14:31,,,,,,,,,,,1.0,Engineering job,Done
PAYME-367,2077485,,22.09.2023 13:03,05.10.2023 10:51,Done,Major,,06.10.2023 14:31,,,,,,,,,,,1.0,Engineering job,Done
PAYME-368,2077487,,22.09.2023 13:04,05.10.2023 10:09,Done,Major,,06.10.2023 14:31,,,,,,,,,,,1.0,Engineering job,Done
PAYME-369,2077489,,22.09.2023 13:05,05.10.2023 12:01,Done,Major,,06.10.2023 14:31,,,,,,,,,,,1.0,Engineering job,Done
PAYME-370,2077490,,22.09.2023 13:06,05.10.2023 10:09,Done,Major,,06.10.2023 14:31,,,,,,,,,,,1.0,Engineering job,Done
PAYME-371,2077491,,22.09.2023 13:07,05.10.2023 15:35,Done,Major,,06.10.2023 14:31,,,,,,,,,,,1.0,Engineering job,Done
PAYME-361,2077377,,22.09.2023 10:39,12.10.2023 08:36,Done,Major,,12.10.2023 08:36,,,,,,,,,,,1.0,Engineering job,Done
PAYME-372,2077492,,22.09.2023 13:08,06.10.2023 14:32,Done,Major,,06.10.2023 14:32,,,,,,,,,,,1.0,Engineering job,Done
PAYME-373,2077493,,22.09.2023 13:09,05.10.2023 15:39,Done,Major,,06.10.2023 14:32,,,,,,,,,,,1.0,Engineering job,Won't Do
PAYME-51,1839081,,07.02.2023 09:47,18.04.2024 09:02,Done,Minor,,18.04.2024 09:02,,,,,,,,,,,2.0,Production bug,Done
PAYME-587,2142803,,21.11.2023 09:08,27.03.2024 13:41,Done,Major,,27.03.2024 13:54,,,,,,,,,,,3.0,Story,Done
PAYME-49,1715098,,12.10.2022 10:35,01.12.2023 08:30,Done,Minor,,06.12.2023 13:18,,,,,,,,,,,2.0,Engineering job,Done
PAYME-458,2133671,,14.11.2023 08:26,17.11.2023 11:04,Done,Major,,06.12.2023 13:21,,,,,,,,,,,1.0,Production bug,Done
PAYME-215,1950853,,16.05.2023 09:40,20.11.2023 08:23,Done,Major,,13.06.2024 09:28,,,,,,,,,,,5.0,Production bug,Done
PAYME-384,2079189,,25.09.2023 12:37,12.10.2023 11:41,Done,Major,,12.10.2023 11:41,,,,,,,,,,,1.0,Engineering job,Done
PAYME-387,2079497,,25.09.2023 14:45,17.10.2023 13:59,Done,Major,,17.10.2023 13:59,,,,,,,,,,,3.0,Engineering job,Done
PAYME-388,2079498,,25.09.2023 14:46,26.10.2023 15:21,Done,Major,,31.10.2023 09:23,,,,,,,,,,,3.0,Engineering job,Done
PAYME-389,2079499,,25.09.2023 14:46,09.11.2023 13:56,Done,Major,,14.11.2023 09:45,,,,,,,,,,,3.0,Engineering job,Done
PAYME-390,2079602,,25.09.2023 14:48,08.11.2023 12:09,Done,Major,,14.11.2023 09:46,,,,,,,,,,,3.0,Engineering job,Done
PAYME-491,2147818,,24.11.2023 09:20,15.12.2023 10:24,Done,Major,,17.01.2024 13:05,,,,,,,,,,,1.0,Story,Done
PAYME-515,2079607,,25.09.2023 14:50,30.11.2023 12:26,Done,Major,,23.07.2024 12:34,,,,,,,,,,,1.0,Story,Done
PAYME-394,2080027,,26.09.2023 07:48,25.10.2023 11:42,Done,Major,,31.10.2023 09:27,,,,,,,,,,,3.0,Engineering job,Done
PAYME-395,2080028,,26.09.2023 07:49,30.10.2023 15:27,Done,Major,,30.10.2023 15:27,,,,,,,,,,,,Engineering job,Done
PAYME-425,2100318,,13.10.2023 13:35,27.10.2023 13:24,Done,Major,,27.10.2023 13:24,,,,,,,,,,,3.0,Task,Done
PAYME-397,2080029,,26.09.2023 07:52,14.11.2023 08:33,Done,Major,,14.11.2023 08:33,,,,,,,,,,,,Engineering job,Done
PAYME-401,2080077,,26.09.2023 08:52,08.11.2023 12:09,Done,Major,,14.11.2023 09:47,,,,,,,,,,,3.0,Engineering job,Done
PAYME-402,2080080,,26.09.2023 08:55,20.11.2023 11:29,Done,Major,,20.11.2023 11:29,,,,,,,,,,,,Engineering job,Done
PAYME-426,2100319,,13.10.2023 13:35,14.11.2023 12:26,Done,Major,,14.11.2023 12:26,,,,,,,,,,,3.0,Task,Done
PAYME-403,2080509,,26.09.2023 10:06,27.11.2023 11:07,Done,Major,,06.12.2023 13:20,,,,,,,,,,,5.0,Production bug,Done
PAYME-411,2090085,,05.10.2023 08:48,11.10.2023 13:15,Done,Major,,11.10.2023 13:15,,,,,,,,,,,1.0,Engineering job,Done
PAYME-412,2092334,,06.10.2023 11:03,09.01.2024 13:23,Done,Major,,12.01.2024 10:51,,,,,,,,,,,5.0,Production bug,Done
PAYME-521,2163393,2092334,04.12.2023 09:30,13.12.2023 10:13,Done,Major,,13.12.2023 10:13,,,,,,,,,,,,Sub-task,Done
PAYME-413,2093908,,09.10.2023 07:30,11.10.2023 13:26,Done,Major,,11.10.2023 13:26,,,,,,,,,,,1.0,Engineering job,Done
PAYME-437,2095895,,10.10.2023 12:28,30.10.2023 13:49,Done,Major,,06.12.2023 13:23,,,,,,,,,,,2.0,Production bug,Done
PAYME-446,2097390,,11.10.2023 13:56,29.11.2023 10:15,Done,Major,,06.12.2023 12:59,,,,,,,,,,,,Production bug,Done
PAYME-423,2100316,,13.10.2023 13:33,19.10.2023 09:32,Done,Major,,19.10.2023 09:32,,,,,,,,,,,3.0,Task,Done
PAYME-424,2100317,,13.10.2023 13:34,14.11.2023 09:39,Done,Major,,14.11.2023 09:39,,,,,,,,,,,3.0,Task,Done
PAYME-428,2101128,,16.10.2023 08:24,07.11.2023 12:06,Done,Major,,23.07.2024 11:26,,,,,,,,,,,3.0,Production bug,Done
PAYME-432,2106453,,19.10.2023 10:49,20.10.2023 12:26,Done,Major,,20.10.2023 12:26,,,,,,,,,,,2.0,Task,Done
PAYME-436,2106964,,19.10.2023 13:37,27.10.2023 08:57,Done,Major,,06.12.2023 13:21,,,,,,,,,,,1.0,Story,Done
PAYME-438,2110139,,23.10.2023 11:45,24.10.2023 14:40,Done,Major,,06.12.2023 13:01,,,,,,,,,,,2.0,Production bug,Done
PAYME-439,2112739,,24.10.2023 14:49,30.10.2023 14:02,Done,Major,,06.12.2023 13:27,,,,,,,,,,,2.0,Production bug,Done
PAYME-461,2116412,,27.10.2023 09:04,29.11.2023 15:19,Done,Major,,23.07.2024 12:42,,,,,,,,,,,,Bug,Done
PAYME-445,2125239,,06.11.2023 10:27,09.11.2023 13:27,Done,Major,,23.07.2024 11:26,,,,,,,,,,,2.0,Production bug,Done
PAYME-447,2127575,,08.11.2023 08:29,10.11.2023 09:20,Done,Major,,10.11.2023 09:20,,,,,,,,,,,1.0,Task,Done
PAYME-449,2128589,,08.11.2023 15:23,17.11.2023 12:51,Done,Major,,06.12.2023 13:13,,,,,,,,,,,5.0,Bug,Done
PAYME-451,2130807,,10.11.2023 10:09,15.11.2023 13:28,Done,Major,,06.12.2023 12:58,,,,,,,,,,,3.0,Production bug,Done
PAYME-453,2132200,,13.11.2023 06:40,27.11.2023 08:21,Done,Major,,06.12.2023 13:07,,,,,,,,,,,1.0,Production bug,Done
PAYME-459,2135328,,15.11.2023 08:38,17.11.2023 11:04,Done,Major,,06.12.2023 13:00,,,,,,,,,,,1.0,Production bug,Done
PAYME-530,2138003,,16.11.2023 12:16,14.12.2023 11:32,Done,Minor,,14.12.2023 11:32,,,,,,,,,,,5.0,Story,Done
PAYME-645,2138363,,16.11.2023 14:54,25.03.2024 14:41,Done,Major,,23.10.2024 08:46,,,,,,,,,,,1.0,Story,Done
PAYME-646,2265269,,05.03.2024 09:33,22.03.2024 14:33,Done,Major,,22.03.2024 14:33,,,,,,,,,,,1.0,Story,Done
PAYME-465,2138452,,16.11.2023 15:37,27.11.2023 07:55,Done,Major,,06.12.2023 13:14,,,,,,,,,,,1.0,Engineering job,Done
PAYME-540,2144695,,22.11.2023 13:52,17.01.2024 09:29,Done,Major,,17.01.2024 09:29,,,,,,,,,,,2.0,Bug,Done
PAYME-482,2144696,,22.11.2023 13:53,24.11.2023 11:42,Done,Critical,,23.07.2024 11:26,,,,,,,,,,,,Story,Done
PAYME-483,2147081,,23.11.2023 15:13,24.11.2023 09:56,Done,Critical,,23.07.2024 11:26,,,,,,,,,,,1.0,Production bug,Done
PAYME-481,2144878,,22.11.2023 14:11,26.11.2023 16:56,Done,Major,,26.11.2023 16:56,,,,,,,,,,,10.0,Story,Done
PAYME-553,2149575,,27.11.2023 09:06,17.01.2024 06:45,Done,Major,,17.01.2024 06:47,,,,,,,,,,,1.0,Production bug,Done
PAYME-512,2157286,,29.11.2023 07:48,30.11.2023 14:55,Done,Major,,23.07.2024 11:26,,,,,,,,,,,1.0,Production bug,Done
PAYME-513,2158823,,29.11.2023 11:51,12.12.2023 10:28,Done,Major,,12.12.2023 10:28,,,,,,,,,,,1.0,Production bug,Done
PAYME-516,2160879,,30.11.2023 13:05,07.12.2023 12:50,Done,Trivial,,07.12.2023 12:50,,,,,,,,,,,1.0,Bug,Done
PAYME-392,2079606,,25.09.2023 14:49,14.12.2023 11:20,Done,Major,,14.12.2023 11:21,,,,,,,,,,,1.0,Engineering job,Done
PAYME-520,2163130,,04.12.2023 07:41,09.01.2024 12:30,Done,Major,,09.01.2024 12:31,,,,,,,,,,,2.0,Production bug,Done
PAYME-522,2164600,,05.12.2023 08:46,22.12.2023 14:03,Done,Critical,,22.12.2023 14:03,,,,,,,,,,,2.0,Production bug,Done
PAYME-528,2166937,,06.12.2023 14:23,15.12.2023 09:35,Done,Trivial,,04.01.2024 08:11,,,,,,,,,,,1.0,Production bug,Done
PAYME-527,2168056,,07.12.2023 13:10,19.12.2023 12:30,Done,Major,,23.07.2024 14:33,,,,,,,,,,,1.0,Production bug,Done
PAYME-526,2168871,,08.12.2023 12:02,13.12.2023 15:11,Done,Critical,,02.01.2024 12:50,,,,,,,,,,,2.0,Production bug,Done
PAYME-537,2175017,,14.12.2023 11:34,12.01.2024 10:34,Done,Major,,12.01.2024 10:34,,,,,,,,,,,2.0,Task,Done
PAYME-532,2175337,,14.12.2023 14:03,22.12.2023 10:00,Done,Major,,04.01.2024 08:12,,,,,,,,,,,2.0,Task,Done
PAYME-531,2176532,,15.12.2023 13:25,19.12.2023 09:45,Done,Major,,03.01.2024 08:39,,,,,,,,,,,1.0,Story,Done
PAYME-533,2183634,,28.12.2023 12:01,08.01.2024 14:59,Done,Major,,08.01.2024 14:59,,,,,,,,,,,2.0,Production bug,Done
PAYME-534,2185557,,03.01.2024 09:09,26.01.2024 11:00,Done,Major,,26.01.2024 11:00,,,,,,,,,,,5.0,Production bug,Done
PAYME-535,2185865,,03.01.2024 12:01,03.01.2024 15:34,Done,Major,,03.01.2024 15:34,,,,,,,,,,,,Task,Done
PAYME-538,2186899,,04.01.2024 12:29,12.01.2024 10:34,Done,Major,,12.01.2024 10:35,,,,,,,,,,,5.0,Task,Done
PAYME-542,2190528,,09.01.2024 12:31,12.01.2024 14:04,Done,Major,,12.01.2024 14:04,,,,,,,,,,,2.0,Production bug,Done
PAYME-552,2194439,,11.01.2024 16:01,17.01.2024 14:16,Done,Minor,,17.01.2024 14:16,,,,,,,,,,,1.0,Bug,Done
PAYME-554,2196152,,15.01.2024 09:01,18.01.2024 11:39,Done,Major,,19.12.2024 15:28,,,,,,,,,,,1.0,Production bug,Done
PAYME-558,2200180,,17.01.2024 14:03,22.01.2024 08:17,Done,Minor,,22.01.2024 08:17,,,,,,,,,,,1.0,Production bug,Done
PAYME-826,2200320,,17.01.2024 14:49,24.09.2024 11:12,Done,Minor,,04.10.2024 12:35,,,,,,,,,,,5.0,Bug,Done
PAYME-617,2202468,,19.01.2024 08:43,19.02.2024 08:42,Done,Major,,06.06.2024 08:12,,,,,,,,,,,1.0,Story,Done
PAYME-621,2202491,,19.01.2024 09:11,05.06.2024 11:05,Done,Major,,10.06.2024 14:37,,,,,,,,,,,1.0,Story,Done
PAYME-622,2202812,,19.01.2024 09:31,05.06.2024 11:05,Done,Major,,10.06.2024 14:38,,,,,,,,,,,1.0,Story,Done
PAYME-724,2344162,,09.05.2024 12:50,07.06.2024 08:43,Done,Major,,10.06.2024 14:28,,,,,,,,,,,5.0,Task,Done
PAYME-619,2202824,,19.01.2024 09:42,18.04.2024 15:47,Done,Major,,06.06.2024 08:05,,,,,,,,,,,5.0,Story,Done
PAYME-618,2202830,,19.01.2024 09:46,16.05.2024 16:03,Done,Major,,06.06.2024 08:14,,,,,,,,,,,1.0,Story,Done
PAYME-614,2202835,,19.01.2024 09:50,16.05.2024 16:03,Done,Major,,06.06.2024 08:15,,,,,,,,,,,1.0,Story,Done
PAYME-615,2202840,,19.01.2024 09:53,23.02.2024 08:17,Done,Major,,23.02.2024 08:17,,,,,,,,,,,,Story,Done
PAYME-613,2202841,,19.01.2024 09:54,23.02.2024 08:17,Done,Major,,23.02.2024 08:17,,,,,,,,,,,,Story,Done
PAYME-620,2202842,,19.01.2024 09:57,05.06.2024 11:44,Done,Major,,06.06.2024 08:16,,,,,,,,,,,,Story,Done
PAYME-559,2204275,,22.01.2024 08:21,24.01.2024 13:28,Done,Major,,24.01.2024 13:28,,,,,,,,,,,3.0,Task,Done
PAYME-637,2142687,,21.11.2023 09:29,15.03.2024 10:43,Done,Major,,30.08.2024 09:48,,,,,,,,,,,13.0,Story,Done
PAYME-638,2247871,2142687,19.02.2024 11:06,27.02.2024 09:30,Done,Major,,29.02.2024 08:47,,,,,,,,,,,,Sub-task,Done
PAYME-639,2254071,2142687,23.02.2024 12:23,27.02.2024 09:36,Done,Major,,29.02.2024 08:47,,,,,,,,,,,,Sub-task,Done
PAYME-653,2273714,,13.03.2024 08:41,28.03.2024 08:18,Done,Major,,28.03.2024 08:18,,,,,,,,,,,3.0,Story,Done
PAYME-565,2213252,,29.01.2024 08:24,30.01.2024 09:11,Done,Major,,30.01.2024 09:11,,,,,,,,,,,1.0,Task,Done
PAYME-608,2223419,,02.02.2024 13:27,21.02.2024 14:12,Done,Major,,21.02.2024 14:12,,,,,,,,,,,3.0,Production bug,Done
PAYME-557,2198845,,16.01.2024 14:17,15.02.2024 09:30,Done,Major,,23.07.2024 14:33,,,,,,,,,,,2.0,Story,Done
PAYME-612,2225469,,05.02.2024 14:34,08.02.2024 15:49,Done,Major,,08.02.2024 15:49,,,,,,,,,,,1.0,Production bug,Done
PAYME-641,2232159,,09.02.2024 11:15,11.04.2024 08:48,Done,Major,,11.04.2024 08:48,,,,,,,,,,,5.0,Production bug,Done
PAYME-630,2254083,,23.02.2024 12:48,26.02.2024 08:41,Done,Major,,28.02.2024 11:11,,,,,,,,,,,1.0,Task,Done
PAYME-634,2257716,,27.02.2024 14:40,01.03.2024 08:40,Done,Major,,08.03.2024 09:59,,,,,,,,,,,3.0,Production bug,Done
PAYME-635,2258859,,28.02.2024 11:31,11.04.2024 11:58,Done,Major,,27.02.2026 08:35,,,,,,,,,,,3.0,Production bug,Done
PAYME-636,2259495,,28.02.2024 15:36,13.03.2024 09:10,Done,Major,,13.03.2024 09:10,,,,,,,,,,,3.0,Story,Done
PAYME-642,2260659,,29.02.2024 10:58,13.03.2024 12:57,Done,Major,,23.07.2024 14:33,,,,,,,,,,,3.0,Production bug,Done
PAYME-644,2267947,,07.03.2024 08:19,07.03.2024 11:31,Done,Major,,21.03.2024 09:59,,,,,,,,,,,1.0,Production bug,Done
PAYME-661,2285026,,22.03.2024 09:23,25.03.2024 15:26,Done,Major,,23.07.2024 14:33,,,,,,,,,,,2.0,Bug,Done
PAYME-652,2275570,,14.03.2024 09:32,03.04.2024 16:01,Done,Major,,04.04.2024 12:05,,,,,,,,,,,8.0,Task,Done
PAYME-656,2277685,,15.03.2024 11:19,29.03.2024 11:08,Done,Minor,,23.07.2024 14:33,,,,,,,,,,,3.0,Story,Done
PAYME-658,2280342,,19.03.2024 09:31,20.03.2024 13:22,Done,Critical,,23.07.2024 14:33,,,,,,,,,,,2.0,Production bug,Done
PAYME-659,2282124,,20.03.2024 10:38,13.06.2024 11:50,Done,Major,,13.11.2024 11:15,,,,,,,,,,,5.0,Story,Done
PAYME-678,2284157,,21.03.2024 14:47,18.04.2024 14:37,Done,Major,,18.04.2024 14:37,,,,,,,,,,,2.0,Production bug,Done
PAYME-712,2285540,,22.03.2024 14:43,16.05.2024 12:49,Done,Major,,29.05.2024 08:20,,,,,,,,,,,3.0,Story,Done
PAYME-668,2297259,,04.04.2024 12:01,15.04.2024 14:32,Done,Major,,15.04.2024 14:32,,,,,,,,,,,3.0,Task,Done
PAYME-806,2298213,,04.04.2024 18:23,10.07.2024 13:46,Done,Critical,,18.07.2024 10:51,BPAY PI 2024:3.2-BPAY - SmartP,,,,,,,,,,8.0,Production bug,Done
PAYME-674,2308928,,11.04.2024 12:49,15.04.2024 08:34,Done,Minor,,15.04.2024 08:34,,,,,,,,,,,1.0,Task,Done
PAYME-675,2309757,,12.04.2024 07:57,12.04.2024 13:39,Done,Critical,,23.07.2024 14:33,,,,,,,,,,,,Production bug,Done
PAYME-743,2310931,,12.04.2024 14:31,30.05.2024 12:36,Done,Major,,10.06.2024 14:06,,,,,,,,,,,3.0,Production bug,Done
PAYME-677,2311976,,15.04.2024 11:32,19.04.2024 12:28,Done,Major,,23.07.2024 14:33,,,,,,,,,,,2.0,Production bug,Done
PAYME-1029,2288832,,26.03.2024 12:06,25.02.2025 09:27,Done,Minor,,29.12.2025 15:51,,,,,,,,,,,3.0,Production bug,Done
PAYME-715,2319298,,19.04.2024 09:26,07.05.2024 13:29,Done,Major,,07.05.2024 13:29,,,,,,,,,,,1.0,Task,Done
PAYME-713,2323511,,22.04.2024 14:17,25.04.2024 07:13,Done,Major,,25.04.2024 11:06,,,,,,,,,,,2.0,Production bug,Done
PAYME-714,2327756,,23.04.2024 15:22,23.04.2024 15:37,Done,Major,,25.04.2024 11:07,,,,,,,,,,,1.0,Production bug,Done
PAYME-716,2329771,,24.04.2024 13:31,25.04.2024 07:06,Done,Major,,25.04.2024 11:07,,,,,,,,,,,2.0,Production bug,Done
PAYME-717,2330865,,25.04.2024 10:13,26.04.2024 09:11,Done,Major,,26.04.2024 09:11,,,,,,,,,,,1.0,Task,Done
PAYME-718,2330867,,25.04.2024 10:14,26.04.2024 09:13,Done,Major,,26.04.2024 09:13,,,,,,,,,,,2.0,Task,Done
PAYME-719,2332564,,26.04.2024 10:21,11.06.2024 12:50,Done,Major,,11.06.2024 12:50,,,,,,,,,,,2.0,Task,Done
PAYME-722,2343076,,08.05.2024 11:06,10.07.2024 13:06,Done,Major,,01.08.2024 15:10,,,,,,,,,,,8.0,Story,Done
PAYME-723,2344080,,09.05.2024 09:24,22.05.2024 09:56,Done,Major,,22.05.2024 09:56,,,,,,,,,,,3.0,Engineering job,Done
PAYME-725,2344781,,10.05.2024 09:48,18.09.2024 08:52,Done,Major,,18.09.2024 08:52,,,,,,,,,,,1.0,Task,Done
PAYME-726,2347717,,14.05.2024 07:54,23.05.2024 09:15,Done,Major,,30.05.2024 11:04,,,,,,,,,,,1.0,Story,Done
PAYME-727,2347718,,14.05.2024 07:55,23.05.2024 09:16,Done,Major,,30.05.2024 11:04,,,,,,,,,,,1.0,Story,Done
PAYME-728,2347719,,14.05.2024 07:56,23.05.2024 09:16,Done,Major,,30.05.2024 10:56,,,,,,,,,,,1.0,Story,Done
PAYME-730,2351085,,16.05.2024 12:45,23.05.2024 15:23,Done,Major,,23.07.2024 14:33,,,,,,,,,,,2.0,Bug,Done
PAYME-643,2267718,,06.03.2024 15:57,13.09.2024 08:39,Done,Major,,31.10.2024 12:29,,,,,,,,,,,2.0,Story,Done
PAYME-867,2490194,,20.09.2024 13:39,30.09.2024 10:54,Done,Major,,25.10.2024 08:44,,,,,,,,,,,3.0,Task,Done
PAYME-899,2541431,,04.11.2024 10:21,27.11.2024 15:26,Done,Major,,27.11.2024 15:26,,,,,,,,,,,3.0,Bug,Done
PAYME-897,2525078,,22.10.2024 08:41,08.11.2024 11:58,Done,Major,,22.05.2025 13:42,,,,,,,,,,,,Story,Done
PAYME-893,2524570,,21.10.2024 14:30,11.11.2024 13:12,Done,Major,,26.11.2024 10:24,,,,,,,,,,,1.0,Task,Done
PAYME-894,2510729,,09.10.2024 11:45,24.10.2024 14:41,Done,Major,,13.11.2024 14:26,,,,,,,,,,,1.0,Story,Done
PAYME-895,2280018,,18.03.2024 16:11,05.11.2024 14:33,Done,Major,,05.11.2024 14:33,BPAY PI 2024:4.3-BPAY - SmartP,,,,,,,,,,5.0,Story,Done
PAYME-731,2351882,,17.05.2024 08:55,22.05.2024 13:15,Done,Major,,22.05.2024 13:15,,,,,,,,,,,2.0,Story,Done
PAYME-732,2351884,,17.05.2024 08:59,22.05.2024 13:15,Done,Major,,30.05.2024 10:58,2024:2:3-Elbrus,2024:2:2-Elbrus,,,,,,,,,1.0,Task,Done
PAYME-733,2351887,,17.05.2024 09:01,23.05.2024 12:05,Done,Major,,30.05.2024 10:58,2024:2:3-Elbrus,2024:2:2-Elbrus,,,,,,,,,1.0,Task,Done
PAYME-734,2351889,,17.05.2024 09:03,23.05.2024 12:06,Done,Major,,23.05.2024 12:06,2024:2:3-Elbrus,,,,,,,,,,2.0,Task,Done
PAYME-744,2363078,,27.05.2024 10:05,30.05.2024 15:34,Done,Major,,10.06.2024 14:39,,,,,,,,,,,3.0,Production bug,Done
PAYME-746,2364609,,28.05.2024 09:41,30.05.2024 08:31,Done,Major,,30.05.2024 08:31,,,,,,,,,,,1.0,Engineering job,Done
PAYME-755,2374958,,05.06.2024 15:30,07.06.2024 08:41,Done,Major,,13.08.2024 13:00,,,,,,,,,,,1.0,Task,Done
PAYME-1880,3076804,,13.01.2026 09:57,28.04.2026 08:25,Done,Major,,28.04.2026 08:32,BPAY PI 2026:2.1-BPAY - Void,BPAY PI 2026:2.2-BPAY - ChillP,,,,,,,,,4.0,Story,Done
PAYME-801,2392669,,20.06.2024 07:24,14.08.2024 08:57,Done,Major,,16.08.2024 14:19,,,,,,,,,,,5.0,Engineering job,Done
PAYME-873,2365650,,28.05.2024 16:21,14.10.2024 10:20,Done,Minor,,28.10.2024 12:21,BPAY PI 2024:3.2-BPAY - SmartP,,,,,,,,,,3.0,Story,Done
PAYME-814,2418990,,18.07.2024 09:35,22.07.2024 15:00,Done,Major,,22.07.2024 15:00,,,,,,,,,,,1.0,Task,Done
PAYME-815,2420641,,22.07.2024 13:19,22.07.2024 14:59,Done,Major,,13.08.2024 12:56,,,,,,,,,,,1.0,Bug,Done
PAYME-819,2426260,,01.08.2024 15:10,14.08.2024 13:22,Done,Major,,14.08.2024 13:22,,,,,,,,,,,2.0,Production bug,Done
PAYME-822,2429898,,08.08.2024 18:34,14.08.2024 12:15,Done,Major,,15.08.2024 12:45,,,,,,,,,,,3.0,Bug,Done
PAYME-823,2430268,,09.08.2024 10:27,14.08.2024 14:27,Done,Major,,14.08.2024 14:27,,,,,,,,,,,2.0,Task,Done
PAYME-828,2442119,,22.08.2024 08:35,20.09.2024 14:16,Done,Minor,,20.09.2024 14:16,,,,,,,,,,,1.0,Production bug,Done
PAYME-1032,2444195,,23.08.2024 13:53,28.02.2025 10:44,Done,Minor,,29.12.2025 15:51,,,,,,,,,,,2.0,Production bug,Done
PAYME-833,2447519,,27.08.2024 11:48,10.09.2024 11:43,Done,Major,,10.09.2024 11:43,,,,,,,,,,,,Story,Done
PAYME-991,2636489,,23.01.2025 10:17,29.01.2025 15:11,Done,Major,,04.02.2025 08:21,BPAY PI 2025:1.1-BPAY - ChillP,,,,,,,,,,1.0,Engineering job,Done
PAYME-836,2472488,,10.09.2024 13:08,16.09.2024 09:05,Done,Major,,20.09.2024 13:50,,,,,,,,,,,2.0,Production bug,Done
PAYME-870,2489388,,19.09.2024 20:05,26.09.2024 10:18,Done,Minor,,10.10.2024 09:33,,,,,,,,,,,1.0,Bug,Done
PAYME-869,2490333,,20.09.2024 14:05,04.10.2024 09:00,Done,Major,,04.10.2024 09:00,,,,,,,,,,,2.0,Bug,Done
PAYME-892,2501211,,01.10.2024 11:24,21.10.2024 11:03,Done,Major,,28.10.2024 12:19,,,,,,,,,,,1.0,Story,Done
PAYME-884,2507279,,07.10.2024 09:32,08.10.2024 10:17,Done,Critical,,10.10.2024 09:36,,,,,,,,,,,2.0,Production bug,Done
PAYME-888,2513294,,10.10.2024 15:16,14.10.2024 14:02,Done,Major,,28.10.2024 12:18,,,,,,,,,,,1.0,Production bug,Done
PAYME-889,2517049,,15.10.2024 10:04,17.10.2024 11:29,Done,Major,,17.10.2024 11:29,,,,,,,,,,,1.0,Task,Done
PAYME-890,2518577,,16.10.2024 09:36,21.11.2024 13:41,Done,Major,,26.11.2024 10:24,,,,,,,,,,,2.0,Task,Done
PAYME-891,2518784,,16.10.2024 11:45,16.10.2024 16:18,Done,Major,,16.10.2024 16:18,,,,,,,,,,,1.0,Task,Done
PAYME-1037,2522435,,18.10.2024 15:10,04.03.2025 12:50,Done,Minor,,29.12.2025 15:51,,,,,,,,,,,1.0,Engineering job,Done
PAYME-932,2527858,,23.10.2024 11:30,28.01.2025 10:53,Done,Major,,29.01.2025 13:06,,,,,,,,,,,2.0,Story,Done
PAYME-930,2527895,,23.10.2024 12:13,04.02.2025 12:12,Done,Major,,04.02.2025 12:12,BPAY PI 2025:1.2-BPAY - ChillP,,,,,,,,,,1.0,Story,Done
PAYME-926,2528104,,23.10.2024 12:15,31.01.2025 15:59,Done,Major,,31.01.2025 15:59,BPAY PI 2025:1.1-BPAY - ChillP,,,,,,,,,,1.0,Story,Done
PAYME-922,2528777,,23.10.2024 15:50,28.01.2025 10:34,Done,Major,,29.01.2025 13:07,,,,,,,,,,,3.0,Story,Done
PAYME-921,2528787,,23.10.2024 15:55,28.01.2025 10:35,Done,Major,,29.01.2025 13:06,,,,,,,,,,,3.0,Story,Done
PAYME-986,2623623,,15.01.2025 09:17,28.01.2025 10:36,Done,Major,,29.01.2025 13:07,,,,,,,,,,,1.0,Story,Done
PAYME-906,2493857,,25.09.2024 07:46,07.02.2025 09:10,Done,Major,,07.02.2025 09:10,BPAY PI 2025:1.1-BPAY - ChillP,,,,,,,,,,8.0,Story,Done
PAYME-960,2607488,2493857,19.12.2024 14:02,14.01.2025 08:17,Done,Major,,14.01.2025 08:17,BPAY PI 2025:1.1-BPAY - ChillP,,,,,,,,,,,Sub-task,Done
PAYME-979,2622054,2493857,14.01.2025 09:50,16.01.2025 12:12,Done,Major,,16.01.2025 12:12,BPAY PI 2025:1.1-BPAY - ChillP,,,,,,,,,,1.0,Sub-task,Done
PAYME-981,2622222,2493857,14.01.2025 10:27,15.01.2025 09:27,Done,Major,,15.01.2025 09:27,BPAY PI 2025:1.1-BPAY - ChillP,,,,,,,,,,1.0,Sub-task,Done
PAYME-982,2622633,2493857,14.01.2025 12:53,27.01.2025 09:45,Done,Major,,27.01.2025 09:45,BPAY PI 2025:1.1-BPAY - ChillP,,,,,,,,,,,Sub-task,Done
PAYME-983,2622668,2493857,14.01.2025 13:34,21.01.2025 08:09,Done,Major,,21.01.2025 08:09,BPAY PI 2025:1.1-BPAY - ChillP,,,,,,,,,,1.0,Sub-task,Done
PAYME-984,2622936,2493857,14.01.2025 14:34,22.01.2025 08:32,Done,Major,,22.01.2025 08:32,BPAY PI 2025:1.1-BPAY - ChillP,,,,,,,,,,,Sub-task,Done
PAYME-988,2626580,2493857,16.01.2025 11:52,07.02.2025 09:09,Done,Major,,07.02.2025 09:09,BPAY PI 2025:1.1-BPAY - ChillP,,,,,,,,,,2.0,Sub-task,Done
PAYME-972,2616915,,09.01.2025 11:47,05.02.2025 14:30,Done,Major,,26.03.2025 09:29,,,,,,,,,,,1.0,Story,Done
PAYME-872,2496460,,26.09.2024 11:30,27.09.2024 08:34,Done,Critical,,24.10.2024 14:18,,,,,,,,,,,1.0,Story,Done
PAYME-896,2534858,,29.10.2024 08:06,30.10.2024 09:18,Done,Major,,30.10.2024 09:18,,,,,,,,,,,2.0,Task,Done
PAYME-900,2550481,,08.11.2024 15:27,14.11.2024 09:26,Done,Major,,27.11.2024 15:45,,,,,,,,,,,,Engineering job,Done
PAYME-945,2558870,,14.11.2024 15:01,05.12.2024 09:15,Done,Major,,24.01.2025 09:11,,,,,,,,,,,2.0,Production bug,Done
PAYME-903,2560286,,15.11.2024 12:27,15.11.2024 13:50,Done,Major,,15.11.2024 13:50,,,,,,,,,,,,Engineering job,Done
PAYME-944,2585077,,02.12.2024 15:01,04.12.2024 09:08,Done,Major,,03.12.2025 14:19,,,,,,,,,,,,Production bug,Done
PAYME-941,2585838,,03.12.2024 08:58,27.12.2024 09:45,Done,Major,,29.12.2025 15:51,,,,,,,,,,,2.0,Production bug,Done
PAYME-942,2585840,2585838,03.12.2024 08:59,27.12.2024 09:44,Done,Major,,27.12.2024 09:44,,,,,,,,,,,3.0,Sub-task,Done
PAYME-943,2585855,2585838,03.12.2024 09:21,27.12.2024 09:45,Done,Major,,27.12.2024 09:45,,,,,,,,,,,3.0,Sub-task,Done
PAYME-1035,2589927,,05.12.2024 11:12,27.02.2025 08:12,Done,Minor,,29.12.2025 15:51,,,,,,,,,,,2.0,Bug,Done
PAYME-1031,2592019,,06.12.2024 15:21,21.03.2025 13:22,Done,Minor,,29.12.2025 15:55,,,,,,,,,,,3.0,Bug,Done
PAYME-1071,2711133,,17.03.2025 11:11,20.03.2025 11:19,Done,Major,,09.02.2026 15:51,,,,,,,,,,,2.0,Story,Done
PAYME-956,2592254,,09.12.2024 07:47,06.01.2025 14:14,Done,Minor,,29.12.2025 15:57,,,,,,,,,,,2.0,Story,Done
PAYME-947,2593602,,09.12.2024 14:17,11.12.2024 10:52,Done,Major,,09.02.2026 15:52,,,,,,,,,,,1.0,Story,Done
PAYME-948,2593613,,09.12.2024 14:19,10.01.2025 08:53,Done,Major,,09.02.2026 15:51,,,,,,,,,,,5.0,Story,Done
PAYME-949,2593616,,09.12.2024 14:20,10.01.2025 08:53,Done,Major,,09.02.2026 15:50,,,,,,,,,,,8.0,Story,Done
PAYME-958,2602676,,17.12.2024 09:21,20.02.2025 09:27,Done,Major,,29.12.2025 15:56,,,,,,,,,,,3.0,Production bug,Done
PAYME-1028,2671766,,12.02.2025 11:09,14.02.2025 09:27,Done,Major,,29.12.2025 15:56,,,,,,,,,,,1.0,Production bug,Done
PAYME-957,2603041,,17.12.2024 10:22,18.12.2024 11:11,Done,Critical,,29.12.2025 15:56,,,,,,,,,,,,Production bug,Done
PAYME-1067,2652879,,29.01.2025 10:53,02.04.2025 15:05,Done,Major,,18.04.2025 08:24,BPAY PI 2025:1.2-BPAY - SmartP,BPAY PI 2025:1.3-BPAY - SmartP,BPAY PI 2025:1.4-BPAY - SmartP,,,,,,,,5.0,Story,Done
PAYME-964,2612221,,03.01.2025 12:00,06.01.2025 12:04,Done,Major,,29.12.2025 15:52,,,,,,,,,,,2.0,Production bug,Done
PAYME-965,2612582,,06.01.2025 08:36,10.01.2025 11:34,Done,Major,,29.12.2025 15:55,,,,,,,,,,,2.0,Production bug,Done
PAYME-985,2617933,,10.01.2025 07:13,16.01.2025 13:47,Done,Major,,21.01.2025 07:36,,,,,,,,,,,,Production bug,Done
PAYME-1043,2620426,,13.01.2025 10:29,01.04.2025 11:09,Done,Minor,,29.12.2025 15:56,,,,,,,,,,,3.0,Production bug,Done
PAYME-1019,2621504,,13.01.2025 16:02,14.02.2025 12:10,Done,Major,,29.12.2025 15:51,,,,,,,,,,,3.0,Production bug,Done
PAYME-978,2621910,,14.01.2025 08:31,15.01.2025 12:18,Done,Major,,29.12.2025 15:57,,,,,,,,,,,2.0,Task,Done
PAYME-970,2614353,,07.01.2025 14:20,16.01.2025 14:35,Done,Minor,,16.01.2025 14:35,,,,,,,,,,,3.0,Story,Done
PAYME-1022,2633435,,21.01.2025 14:30,14.02.2025 14:20,Done,Major,,29.12.2025 15:56,,,,,,,,,,,3.0,Story,Done
PAYME-990,2634325,,22.01.2025 08:41,23.01.2025 11:42,Done,Major,,23.01.2025 11:42,,,,,,,,,,,,Story,Done
PAYME-1004,2647604,,28.01.2025 12:20,30.01.2025 09:06,Done,Major,,30.01.2025 09:06,BPAY PI 2025:1.1-BPAY - ChillP,,,,,,,,,,1.0,Story,Done
PAYME-1008,2647915,,28.01.2025 13:00,12.03.2025 12:09,Done,Major,,09.02.2026 15:50,BPAY PI 2025:1.3-BPAY - ChillP,,,,,,,,,,5.0,Story,Done
PAYME-1068,2659864,,03.02.2025 14:14,20.03.2025 11:43,Done,Major,,29.12.2025 15:55,,,,,,,,,,,3.0,Production bug,Done
PAYME-1018,2662513,,05.02.2025 09:49,07.03.2025 09:43,Done,Major,,12.03.2025 13:04,,,,,,,,,,,13.0,Story,Done
PAYME-1030,2664882,,06.02.2025 13:17,05.03.2025 12:14,Done,Major,,12.03.2025 13:05,,,,,,,,,,,5.0,Bug,Done
PAYME-1027,2665138,,06.02.2025 14:40,25.02.2025 08:34,Done,Major,,27.02.2025 10:36,,,,,,,,,,,3.0,Story,Done
PAYME-1017,2662519,,05.02.2025 09:53,20.02.2025 13:29,Done,Major,,27.02.2025 10:36,,,,,,,,,,,5.0,Story,Done
PAYME-1016,2662290,,05.02.2025 09:26,21.02.2025 13:03,Done,Major,,27.02.2025 10:37,,,,,,,,,,,3.0,Story,Done
PAYME-1033,2665704,,07.02.2025 09:01,27.02.2025 07:52,Done,Major,,13.03.2025 16:39,,,,,,,,,,,1.0,Bug,Done
PAYME-1023,2665966,,07.02.2025 10:54,24.03.2025 13:43,Done,Major,,29.12.2025 15:52,,,,,,,,,,,3.0,Engineering job,Done
PAYME-1025,2670580,,11.02.2025 14:49,12.02.2025 09:22,Done,Major,,29.12.2025 15:56,,,,,,,,,,,1.0,Task,Done
PAYME-1045,2671840,,12.02.2025 11:31,07.03.2025 14:26,Done,Major,,29.12.2025 15:56,,,,,,,,,,,2.0,Production bug,Done
PAYME-1064,2680485,,19.02.2025 13:00,31.03.2025 08:12,Done,Major,,29.12.2025 15:57,,,,,,,,,,,2.0,Production bug,Done
PAYME-1038,2684174,,24.02.2025 07:53,18.03.2025 08:23,Done,Major,,29.12.2025 15:52,,,,,,,,,,,3.0,Story,Done
PAYME-1036,2688170,,26.02.2025 14:03,12.03.2025 12:24,Done,Major,,29.12.2025 15:56,,,,,,,,,,,2.0,Bug,Done
PAYME-1044,2693180,,03.03.2025 14:38,24.03.2025 13:56,Done,Major,,05.02.2026 11:58,,,,,,,,,,,2.0,Engineering job,Done
PAYME-1254,2853628,,02.07.2025 14:19,08.07.2025 14:17,Done,Major,,09.02.2026 15:51,BPAY PI 2025:3.1-BPAY - ChillP,,,,,,,,,,2.0,Bug,Done
PAYME-998,2643004,,27.01.2025 13:14,19.06.2025 13:47,Done,Major,,09.02.2026 15:51,BPAY PI 2025:1.2-BPAY - ChillP,BPAY PI 2025:1.3-BPAY - ChillP,BPAY PI 2025:1.4-BPAY - ChillP,BPAY PI 2025:2.2-BPAY - ChillP,BPAY PI 2025:2.3-BPAY - ChillP,BPAY PI 2025:2.4-BPAY - ChillP,BPAY PI 2025:3.1-BPAY - ChillP,,,,2.0,Story,Done
PAYME-959,2607479,,19.12.2024 13:47,04.07.2025 13:52,Done,Major,,09.02.2026 15:51,BPAY PI 2025:1.3-BPAY - ChillP,BPAY PI 2025:1.4-BPAY - ChillP,BPAY PI 2025:2.2-BPAY - ChillP,BPAY PI 2025:2.3-BPAY - ChillP,BPAY PI 2025:2.4-BPAY - ChillP,BPAY PI 2025:3.1-BPAY - ChillP,,,,,5.0,Story,Done
PAYME-995,2642788,,27.01.2025 13:10,16.06.2025 14:21,Done,Major,,09.02.2026 15:51,BPAY PI 2025:1.2-BPAY - ChillP,BPAY PI 2025:1.3-BPAY - ChillP,BPAY PI 2025:1.4-BPAY - ChillP,BPAY PI 2025:2.1-BPAY - ChillP,BPAY PI 2025:2.2-BPAY - ChillP,BPAY PI 2025:2.3-BPAY - ChillP,BPAY PI 2025:2.4-BPAY - ChillP,,,,2.0,Story,Done
PAYME-1257,2859890,,07.07.2025 15:44,21.07.2025 07:23,Done,Major,,22.07.2025 08:38,BPAY PI 2025:3.2-BPAY - ChillP,BPAY PI 2025:3.3-BPAY - ChillP,,,,,,,,,1.0,Bug,Done
PAYME-1228,2752291,,09.04.2025 14:25,01.09.2025 13:00,Done,Major,,09.09.2025 10:33,BPAY PI 2025:3.2-BPAY - ChillP,BPAY PI 2025:3.3-BPAY - ChillP,BPAY PI 2025:3.4-BPAY - ChillP,BPAY PI 2025:3.5-BPAY - ChillP,,,,,,,8.0,Story,Done
PAYME-1226,2752620,,09.04.2025 15:09,19.08.2025 19:20,Done,Major,,10.10.2025 09:02,BPAY PI 2025:3.3-BPAY - ChillP,BPAY PI 2025:3.4-BPAY - ChillP,BPAY PI 2025:3.5-BPAY - ChillP,,,,,,,,8.0,Story,Done
PAYME-1224,2752619,,09.04.2025 15:08,27.08.2025 15:21,Done,Major,,16.04.2026 13:49,BPAY PI 2025:3.3-BPAY - ChillP,BPAY PI 2025:3.4-BPAY - ChillP,BPAY PI 2025:3.5-BPAY - ChillP,,,,,,,,5.0,Story,Done
PAYME-1119,2735970,,03.04.2025 14:08,21.08.2025 09:10,Done,Major,,21.08.2025 09:10,BPAY PI 2025:3.5-BPAY - ChillP,,,,,,,,,,2.0,Story,Done
PAYME-1337,2883901,,13.08.2025 11:27,27.08.2025 15:10,Done,Major,,27.08.2025 15:10,BPAY PI 2025:3.5-BPAY - ChillP,,,,,,,,,,1.0,Story,Done
PAYME-1338,2883982,,13.08.2025 14:12,25.08.2025 16:01,Done,Major,,25.08.2025 16:01,BPAY PI 2025:3.5-BPAY - ChillP,,,,,,,,,,1.0,Story,Done
PAYME-1345,2896900,,26.08.2025 08:41,04.09.2025 09:20,Done,Major,,09.09.2025 10:33,,,,,,,,,,,,Story,Done
PAYME-1216,2768415,,24.04.2025 14:42,29.09.2025 14:32,Done,Major,,08.04.2026 10:22,BPAY PI 2025:3.2-BPAY - ChillP,BPAY PI 2025:3.3-BPAY - ChillP,BPAY PI 2025:3.4-BPAY - ChillP,BPAY PI 2025:3.5-BPAY - ChillP,BPAY PI 2025:4.2-BPAY - ChillP,,,,,,3.0,Story,Done
PAYME-1221,2768181,,24.04.2025 14:10,29.09.2025 12:03,Done,Major,,08.04.2026 10:27,BPAY PI 2025:3.2-BPAY - ChillP,BPAY PI 2025:3.3-BPAY - ChillP,BPAY PI 2025:3.4-BPAY - ChillP,BPAY PI 2025:3.5-BPAY - ChillP,BPAY PI 2025:4.1-BPAY - ChillP,BPAY PI 2025:4.2-BPAY - ChillP,,,,,3.0,Story,Done
PAYME-1207,2768137,,24.04.2025 13:38,29.09.2025 12:41,Done,Major,,08.04.2026 10:18,BPAY PI 2025:3.2-BPAY - ChillP,BPAY PI 2025:3.3-BPAY - ChillP,BPAY PI 2025:3.4-BPAY - ChillP,BPAY PI 2025:3.5-BPAY - ChillP,BPAY PI 2025:4.2-BPAY - ChillP,,,,,,3.0,Story,Done
PAYME-1213,2768185,,24.04.2025 14:16,25.09.2025 13:49,Done,Major,,08.04.2026 10:27,BPAY PI 2025:3.2-BPAY - ChillP,BPAY PI 2025:3.3-BPAY - ChillP,BPAY PI 2025:3.4-BPAY - ChillP,BPAY PI 2025:3.5-BPAY - ChillP,BPAY PI 2025:4.1-BPAY - ChillP,BPAY PI 2025:4.2-BPAY - ChillP,,,,,3.0,Story,Done
PAYME-1386,2886862,,15.08.2025 12:20,24.09.2025 14:17,Done,Major,,21.04.2026 11:07,BPAY PI 2025:4.2-BPAY - ChillP,,,,,,,,,,0.0,Story,Done
PAYME-1241,2799604,,22.05.2025 13:12,26.09.2025 12:27,Done,Major,,08.04.2026 14:18,BPAY PI 2025:3.4-BPAY - ChillP,BPAY PI 2025:3.5-BPAY - ChillP,BPAY PI 2025:4.1-BPAY - ChillP,BPAY PI 2025:4.2-BPAY - ChillP,,,,,,,3.0,Story,Done
PAYME-1235,2799409,,22.05.2025 11:42,26.09.2025 11:37,Done,Major,,13.04.2026 12:11,BPAY PI 2025:3.2-BPAY - ChillP,BPAY PI 2025:3.3-BPAY - ChillP,BPAY PI 2025:3.4-BPAY - ChillP,BPAY PI 2025:3.5-BPAY - ChillP,BPAY PI 2025:4.1-BPAY - ChillP,BPAY PI 2025:4.2-BPAY - ChillP,,,,,3.0,Story,Done
PAYME-1215,2768142,,24.04.2025 13:43,01.10.2025 14:49,Done,Major,,08.04.2026 10:19,BPAY PI 2025:3.2-BPAY - ChillP,BPAY PI 2025:3.3-BPAY - ChillP,BPAY PI 2025:3.4-BPAY - ChillP,BPAY PI 2025:3.5-BPAY - ChillP,BPAY PI 2025:4.2-BPAY - ChillP,,,,,,3.0,Story,Done
PAYME-1240,2799411,,22.05.2025 11:44,24.09.2025 12:19,Done,Major,,13.04.2026 12:12,BPAY PI 2025:3.2-BPAY - ChillP,BPAY PI 2025:3.3-BPAY - ChillP,BPAY PI 2025:3.4-BPAY - ChillP,BPAY PI 2025:3.5-BPAY - ChillP,BPAY PI 2025:4.1-BPAY - ChillP,,,,,,3.0,Story,Done
PAYME-1233,2799413,,22.05.2025 11:45,24.09.2025 12:17,Done,Major,,13.04.2026 12:13,BPAY PI 2025:3.2-BPAY - ChillP,BPAY PI 2025:3.3-BPAY - ChillP,BPAY PI 2025:3.4-BPAY - ChillP,BPAY PI 2025:3.5-BPAY - ChillP,BPAY PI 2025:4.1-BPAY - ChillP,,,,,,3.0,Story,Done
PAYME-1231,2799729,,22.05.2025 13:34,14.09.2025 07:07,Done,Major,,13.01.2026 10:55,BPAY PI 2025:3.5-BPAY - ChillP,BPAY PI 2025:4.1-BPAY - ChillP,,,,,,,,,3.0,Story,Done
PAYME-1229,2799716,,22.05.2025 13:31,12.09.2025 13:49,Done,Major,,08.04.2026 14:19,BPAY PI 2025:3.4-BPAY - ChillP,BPAY PI 2025:3.5-BPAY - ChillP,BPAY PI 2025:4.1-BPAY - ChillP,,,,,,,,3.0,Story,Done
PAYME-1234,2799707,,22.05.2025 13:26,14.09.2025 06:30,Done,Major,,13.01.2026 10:55,BPAY PI 2025:3.4-BPAY - ChillP,BPAY PI 2025:3.5-BPAY - ChillP,BPAY PI 2025:4.1-BPAY - ChillP,,,,,,,,3.0,Story,Done
PAYME-1237,2799615,,22.05.2025 13:16,16.09.2025 20:00,Done,Major,,08.04.2026 14:20,BPAY PI 2025:3.4-BPAY - ChillP,BPAY PI 2025:3.5-BPAY - ChillP,BPAY PI 2025:4.1-BPAY - ChillP,,,,,,,,3.0,Story,Done
PAYME-1212,2765260,,23.04.2025 08:59,17.09.2025 16:03,Done,Major,,08.04.2026 10:17,BPAY PI 2025:3.2-BPAY - ChillP,BPAY PI 2025:3.3-BPAY - ChillP,BPAY PI 2025:3.4-BPAY - ChillP,BPAY PI 2025:3.5-BPAY - ChillP,BPAY PI 2025:4.1-BPAY - ChillP,,,,,,3.0,Story,Done
PAYME-1210,2768499,,24.04.2025 16:12,18.09.2025 17:15,Done,Major,,08.04.2026 10:29,BPAY PI 2025:3.2-BPAY - ChillP,BPAY PI 2025:3.3-BPAY - ChillP,BPAY PI 2025:3.4-BPAY - ChillP,BPAY PI 2025:3.5-BPAY - ChillP,BPAY PI 2025:4.1-BPAY - ChillP,,,,,,3.0,Story,Done
PAYME-1236,2799400,,22.05.2025 11:38,15.09.2025 13:25,Done,Major,,13.04.2026 12:10,BPAY PI 2025:3.2-BPAY - ChillP,BPAY PI 2025:3.3-BPAY - ChillP,BPAY PI 2025:3.4-BPAY - ChillP,BPAY PI 2025:3.5-BPAY - ChillP,BPAY PI 2025:4.1-BPAY - ChillP,,,,,,3.0,Story,Done
PAYME-1371,2712589,,18.03.2025 11:18,11.09.2025 09:53,Done,Major,,29.12.2025 15:51,BPAY PI 2025:4.1-BPAY - ChillP,,,,,,,,,,1.0,Story,Done
PAYME-1399,2931987,,12.09.2025 10:10,16.09.2025 08:32,Done,Major,,29.12.2025 15:56,BPAY PI 2025:4.1-BPAY - ChillP,,,,,,,,,,1.0,Engineering job,Done
PAYME-1397,2932071,,12.09.2025 08:06,15.09.2025 15:12,Done,Major,,25.09.2025 10:14,BPAY PI 2025:4.1-BPAY - ChillP,,,,,,,,,,1.0,Bug,Done
PAYME-1396,2931550,,11.09.2025 14:08,17.09.2025 13:02,Done,Major,,09.02.2026 15:50,BPAY PI 2025:4.1-BPAY - ChillP,,,,,,,,,,1.0,Production bug,Done
PAYME-1272,2718154,,21.03.2025 14:16,17.09.2025 10:46,Done,Major,,29.12.2025 15:51,BPAY PI 2025:3.3-BPAY - ChillP,BPAY PI 2025:3.4-BPAY - ChillP,BPAY PI 2025:3.5-BPAY - ChillP,BPAY PI 2025:4.1-BPAY - ChillP,,,,,,,2.0,Story,Done
PAYME-1223,2757611,,14.04.2025 10:45,17.09.2025 11:49,Done,Major,,10.10.2025 09:02,BPAY PI 2025:3.2-BPAY - ChillP,BPAY PI 2025:3.3-BPAY - ChillP,BPAY PI 2025:3.4-BPAY - ChillP,BPAY PI 2025:3.5-BPAY - ChillP,BPAY PI 2025:4.1-BPAY - ChillP,,,,,,5.0,Story,Done
PAYME-1348,2898227,2757611,26.08.2025 15:12,30.08.2025 15:14,Done,Major,,30.08.2025 15:14,BPAY PI 2025:3.2-BPAY - ChillP,BPAY PI 2025:3.3-BPAY - ChillP,BPAY PI 2025:3.4-BPAY - ChillP,BPAY PI 2025:3.5-BPAY - ChillP,BPAY PI 2025:4.1-BPAY - ChillP,,,,,,,Sub-task,Done
PAYME-1349,2898233,2757611,26.08.2025 15:15,29.08.2025 11:55,Done,Major,,29.08.2025 11:55,BPAY PI 2025:3.2-BPAY - ChillP,BPAY PI 2025:3.3-BPAY - ChillP,BPAY PI 2025:3.4-BPAY - ChillP,BPAY PI 2025:3.5-BPAY - ChillP,BPAY PI 2025:4.1-BPAY - ChillP,,,,,,,Sub-task,Done
PAYME-1350,2898235,2757611,26.08.2025 15:16,30.08.2025 15:14,Done,Major,,01.09.2025 08:31,BPAY PI 2025:3.2-BPAY - ChillP,BPAY PI 2025:3.3-BPAY - ChillP,BPAY PI 2025:3.4-BPAY - ChillP,BPAY PI 2025:3.5-BPAY - ChillP,BPAY PI 2025:4.1-BPAY - ChillP,,,,,,,Sub-task,Done
PAYME-1351,2898237,2757611,26.08.2025 15:17,16.09.2025 14:40,Done,Major,,16.09.2025 14:40,BPAY PI 2025:3.2-BPAY - ChillP,BPAY PI 2025:3.3-BPAY - ChillP,BPAY PI 2025:3.4-BPAY - ChillP,BPAY PI 2025:3.5-BPAY - ChillP,BPAY PI 2025:4.1-BPAY - ChillP,,,,,,,Sub-task,Done
PAYME-1352,2898239,2757611,26.08.2025 15:18,14.09.2025 10:23,Done,Major,,14.09.2025 10:23,BPAY PI 2025:3.2-BPAY - ChillP,BPAY PI 2025:3.3-BPAY - ChillP,BPAY PI 2025:3.4-BPAY - ChillP,BPAY PI 2025:3.5-BPAY - ChillP,BPAY PI 2025:4.1-BPAY - ChillP,,,,,,,Sub-task,Done
PAYME-1353,2898242,2757611,26.08.2025 15:19,16.09.2025 15:10,Done,Major,,19.09.2025 15:42,BPAY PI 2025:3.2-BPAY - ChillP,BPAY PI 2025:3.3-BPAY - ChillP,BPAY PI 2025:3.4-BPAY - ChillP,BPAY PI 2025:3.5-BPAY - ChillP,BPAY PI 2025:4.1-BPAY - ChillP,,,,,,,Sub-task,Done
PAYME-1354,2898244,2757611,26.08.2025 15:19,29.08.2025 12:27,Done,Major,,29.08.2025 12:27,BPAY PI 2025:3.2-BPAY - ChillP,BPAY PI 2025:3.3-BPAY - ChillP,BPAY PI 2025:3.4-BPAY - ChillP,BPAY PI 2025:3.5-BPAY - ChillP,BPAY PI 2025:4.1-BPAY - ChillP,,,,,,,Sub-task,Done
PAYME-1355,2898247,2757611,26.08.2025 15:19,16.09.2025 15:15,Done,Major,,16.09.2025 15:15,BPAY PI 2025:3.2-BPAY - ChillP,BPAY PI 2025:3.3-BPAY - ChillP,BPAY PI 2025:3.4-BPAY - ChillP,BPAY PI 2025:3.5-BPAY - ChillP,BPAY PI 2025:4.1-BPAY - ChillP,,,,,,,Sub-task,Done
PAYME-1356,2898248,2757611,26.08.2025 15:20,15.09.2025 20:42,Done,Major,,17.09.2025 11:45,BPAY PI 2025:3.2-BPAY - ChillP,BPAY PI 2025:3.3-BPAY - ChillP,BPAY PI 2025:3.4-BPAY - ChillP,BPAY PI 2025:3.5-BPAY - ChillP,BPAY PI 2025:4.1-BPAY - ChillP,,,,,,,Sub-task,Done
PAYME-1357,2898249,2757611,26.08.2025 15:20,15.09.2025 15:05,Done,Major,,15.09.2025 15:05,BPAY PI 2025:3.2-BPAY - ChillP,BPAY PI 2025:3.3-BPAY - ChillP,BPAY PI 2025:3.4-BPAY - ChillP,BPAY PI 2025:3.5-BPAY - ChillP,BPAY PI 2025:4.1-BPAY - ChillP,,,,,,,Sub-task,Done
PAYME-1358,2898250,2757611,26.08.2025 15:21,06.09.2025 15:51,Done,Major,,06.09.2025 15:54,BPAY PI 2025:3.2-BPAY - ChillP,BPAY PI 2025:3.3-BPAY - ChillP,BPAY PI 2025:3.4-BPAY - ChillP,BPAY PI 2025:3.5-BPAY - ChillP,BPAY PI 2025:4.1-BPAY - ChillP,,,,,,,Sub-task,Done
PAYME-1359,2898251,2757611,26.08.2025 15:22,29.08.2025 12:17,Done,Major,,29.08.2025 12:18,BPAY PI 2025:3.2-BPAY - ChillP,BPAY PI 2025:3.3-BPAY - ChillP,BPAY PI 2025:3.4-BPAY - ChillP,BPAY PI 2025:3.5-BPAY - ChillP,BPAY PI 2025:4.1-BPAY - ChillP,,,,,,,Sub-task,Done
PAYME-1360,2898252,2757611,26.08.2025 15:22,06.09.2025 15:54,Done,Major,,06.09.2025 15:54,BPAY PI 2025:3.2-BPAY - ChillP,BPAY PI 2025:3.3-BPAY - ChillP,BPAY PI 2025:3.4-BPAY - ChillP,BPAY PI 2025:3.5-BPAY - ChillP,BPAY PI 2025:4.1-BPAY - ChillP,,,,,,,Sub-task,Done
PAYME-1361,2898253,2757611,26.08.2025 15:23,15.09.2025 20:41,Done,Major,,15.09.2025 20:41,BPAY PI 2025:3.2-BPAY - ChillP,BPAY PI 2025:3.3-BPAY - ChillP,BPAY PI 2025:3.4-BPAY - ChillP,BPAY PI 2025:3.5-BPAY - ChillP,BPAY PI 2025:4.1-BPAY - ChillP,,,,,,,Sub-task,Done
PAYME-1362,2898254,2757611,26.08.2025 15:23,14.09.2025 12:55,Done,Major,,14.09.2025 12:55,BPAY PI 2025:3.2-BPAY - ChillP,BPAY PI 2025:3.3-BPAY - ChillP,BPAY PI 2025:3.4-BPAY - ChillP,BPAY PI 2025:3.5-BPAY - ChillP,BPAY PI 2025:4.1-BPAY - ChillP,,,,,,,Sub-task,Done
PAYME-1403,2934794,2757611,15.09.2025 20:45,16.09.2025 18:57,Done,Major,,16.09.2025 18:57,BPAY PI 2025:3.2-BPAY - ChillP,BPAY PI 2025:3.3-BPAY - ChillP,BPAY PI 2025:3.4-BPAY - ChillP,BPAY PI 2025:3.5-BPAY - ChillP,BPAY PI 2025:4.1-BPAY - ChillP,,,,,,,Sub-task,Done
PAYME-1404,2934795,2757611,15.09.2025 20:45,16.09.2025 17:36,Done,Major,,16.09.2025 17:36,BPAY PI 2025:3.2-BPAY - ChillP,BPAY PI 2025:3.3-BPAY - ChillP,BPAY PI 2025:3.4-BPAY - ChillP,BPAY PI 2025:3.5-BPAY - ChillP,BPAY PI 2025:4.1-BPAY - ChillP,,,,,,,Sub-task,Done
PAYME-1405,2934796,2757611,15.09.2025 20:45,17.09.2025 11:46,Done,Major,,17.09.2025 11:46,BPAY PI 2025:3.2-BPAY - ChillP,BPAY PI 2025:3.3-BPAY - ChillP,BPAY PI 2025:3.4-BPAY - ChillP,BPAY PI 2025:3.5-BPAY - ChillP,BPAY PI 2025:4.1-BPAY - ChillP,,,,,,,Sub-task,Done
PAYME-1218,2767948,,24.04.2025 12:05,01.10.2025 15:23,Done,Major,,08.04.2026 10:16,BPAY PI 2025:3.1-BPAY - ChillP,BPAY PI 2025:3.2-BPAY - ChillP,BPAY PI 2025:3.3-BPAY - ChillP,BPAY PI 2025:3.4-BPAY - ChillP,BPAY PI 2025:3.5-BPAY - ChillP,BPAY PI 2025:4.2-BPAY - ChillP,,,,,5.0,Story,Done
PAYME-1211,2768162,,24.04.2025 13:57,01.10.2025 14:13,Done,Major,,08.04.2026 10:42,BPAY PI 2025:3.2-BPAY - ChillP,BPAY PI 2025:3.3-BPAY - ChillP,BPAY PI 2025:3.4-BPAY - ChillP,BPAY PI 2025:3.5-BPAY - ChillP,BPAY PI 2025:4.2-BPAY - ChillP,,,,,,3.0,Story,Done
PAYME-1450,2945957,,25.09.2025 08:43,01.10.2025 13:32,Done,Major,,29.12.2025 15:57,BPAY PI 2025:4.2-BPAY - ChillP,,,,,,,,,,2.0,Production bug,Done
PAYME-1464,2951235,,30.09.2025 07:33,01.10.2025 09:34,Done,Major,,29.12.2025 15:52,BPAY PI 2025:4.2-BPAY - ChillP,,,,,,,,,,1.0,Production bug,Done
PAYME-1206,2768914,,25.04.2025 07:09,18.09.2025 17:33,Done,Major,,08.04.2026 10:29,BPAY PI 2025:3.2-BPAY - ChillP,BPAY PI 2025:3.3-BPAY - ChillP,BPAY PI 2025:3.4-BPAY - ChillP,BPAY PI 2025:3.5-BPAY - ChillP,BPAY PI 2025:4.1-BPAY - ChillP,,,,,,3.0,Story,Done
PAYME-1209,2765219,,23.04.2025 08:11,24.09.2025 14:54,Done,Major,,25.09.2025 08:25,BPAY PI 2025:3.4-BPAY - ChillP,BPAY PI 2025:3.5-BPAY - ChillP,BPAY PI 2025:4.1-BPAY - ChillP,,,,,,,,2.0,Story,Done
PAYME-1238,2797467,,21.05.2025 14:41,11.09.2025 12:59,Done,Major,,24.09.2025 09:19,BPAY PI 2025:3.4-BPAY - ChillP,BPAY PI 2025:3.5-BPAY - ChillP,BPAY PI 2025:4.1-BPAY - ChillP,,,,,,,,3.0,Story,Done
PAYME-1230,2799480,,22.05.2025 12:48,16.09.2025 20:04,Done,Major,,08.04.2026 14:17,BPAY PI 2025:3.4-BPAY - ChillP,BPAY PI 2025:3.5-BPAY - ChillP,BPAY PI 2025:4.1-BPAY - ChillP,,,,,,,,3.0,Story,Done
PAYME-1239,2799498,,22.05.2025 13:08,14.09.2025 06:04,Done,Major,,08.04.2026 14:18,BPAY PI 2025:3.4-BPAY - ChillP,BPAY PI 2025:3.5-BPAY - ChillP,BPAY PI 2025:4.1-BPAY - ChillP,,,,,,,,3.0,Story,Done
PAYME-1232,2799610,,22.05.2025 13:14,24.09.2025 12:48,Done,Major,,08.04.2026 14:19,BPAY PI 2025:3.4-BPAY - ChillP,BPAY PI 2025:3.5-BPAY - ChillP,BPAY PI 2025:4.1-BPAY - ChillP,,,,,,,,3.0,Story,Done
PAYME-1242,2799199,,22.05.2025 11:36,01.10.2025 16:15,Done,Major,,13.04.2026 12:09,BPAY PI 2025:3.2-BPAY - ChillP,BPAY PI 2025:3.3-BPAY - ChillP,BPAY PI 2025:3.4-BPAY - ChillP,BPAY PI 2025:3.5-BPAY - ChillP,BPAY PI 2025:4.1-BPAY - ChillP,BPAY PI 2025:4.2-BPAY - ChillP,,,,,5.0,Story,Done
PAYME-1251,2847778,,26.06.2025 13:50,30.09.2025 13:57,Done,Major,,09.02.2026 15:50,BPAY PI 2025:3.5-BPAY - ChillP,BPAY PI 2025:4.1-BPAY - ChillP,BPAY PI 2025:4.2-BPAY - ChillP,,,,,,,,0.0,Story,Done
PAYME-1056,2690969,,28.02.2025 09:36,24.09.2025 15:34,Done,Major,,09.02.2026 15:51,BPAY PI 2025:4.3-BPAY - ChillP,,,,,,,,,,3.0,Story,Done
PAYME-1058,2629708,,20.01.2025 09:46,24.09.2025 15:35,Done,Major,,09.02.2026 15:51,BPAY PI 2025:2.4-BPAY - ChillP,BPAY PI 2025:3.5-BPAY - ChillP,BPAY PI 2025:4.2-BPAY - ChillP,,,,,,,,3.0,Story,Done
PAYME-1147,2762624,,17.04.2025 16:13,24.09.2025 15:34,Done,Major,,23.04.2026 12:17,BPAY PI 2025:2.3-BPAY - ChillP,BPAY PI 2025:2.4-BPAY - ChillP,BPAY PI 2025:3.5-BPAY - ChillP,BPAY PI 2025:4.3-BPAY - ChillP,,,,,,,3.0,Story,Done
PAYME-1053,2690950,,28.02.2025 09:09,24.09.2025 15:34,Done,Major,,24.02.2026 10:31,BPAY PI 2025:2.4-BPAY - ChillP,BPAY PI 2025:4.1-BPAY - ChillP,,,,,,,,,5.0,Story,Done
PAYME-1366,2908904,,03.09.2025 12:16,29.09.2025 12:12,Done,Major,,09.02.2026 15:50,BPAY PI 2025:4.1-BPAY - ChillP,BPAY PI 2025:4.2-BPAY - ChillP,,,,,,,,,1.0,Bug,Done
PAYME-1369,2906501,,02.09.2025 11:33,15.09.2025 14:05,Done,Blocker,,09.02.2026 15:51,BPAY PI 2025:4.3-BPAY - ChillP,,,,,,,,,,5.0,Story,Done
PAYME-1364,2906826,,02.09.2025 12:57,10.09.2025 10:49,Done,Major,,10.09.2025 10:49,,,,,,,,,,,,Task,Done
PAYME-1114,2745754,,08.04.2025 10:42,08.09.2025 09:58,Done,Major,,09.02.2026 15:51,BPAY PI 2025:2.2-BPAY - ChillP,BPAY PI 2025:2.3-BPAY - ChillP,BPAY PI 2025:2.4-BPAY - ChillP,BPAY PI 2025:3.1-BPAY - ChillP,BPAY PI 2025:3.2-BPAY - ChillP,BPAY PI 2025:3.3-BPAY - ChillP,BPAY PI 2025:3.4-BPAY - ChillP,BPAY PI 2025:3.5-BPAY - ChillP,,,13.0,Story,Done
PAYME-1205,2821721,2745754,11.06.2025 07:48,08.09.2025 09:59,Done,Major,,08.09.2025 09:59,BPAY PI 2025:2.2-BPAY - ChillP,BPAY PI 2025:2.3-BPAY - ChillP,BPAY PI 2025:2.4-BPAY - ChillP,BPAY PI 2025:3.1-BPAY - ChillP,BPAY PI 2025:3.2-BPAY - ChillP,BPAY PI 2025:3.3-BPAY - ChillP,BPAY PI 2025:3.4-BPAY - ChillP,BPAY PI 2025:3.5-BPAY - ChillP,,,3.0,Sub-task,Done
PAYME-962,2607685,,19.12.2024 15:32,,Done,Major,,09.02.2026 15:50,BPAY PI 2025:1.3-BPAY - ChillP,BPAY PI 2025:1.4-BPAY - ChillP,BPAY PI 2025:2.3-BPAY - ChillP,BPAY PI 2025:3.1-BPAY - ChillP,BPAY PI 2025:3.2-BPAY - ChillP,BPAY PI 2025:3.3-BPAY - ChillP,BPAY PI 2025:3.4-BPAY - ChillP,,,,0.0,Story,
PAYME-1256,2859609,,07.07.2025 14:29,25.07.2025 14:00,Done,Major,,09.02.2026 15:50,BPAY PI 2025:3.1-BPAY - ChillP,BPAY PI 2025:3.2-BPAY - ChillP,BPAY PI 2025:3.3-BPAY - ChillP,,,,,,,,2.0,Task,Done
PAYME-1185,2802400,,24.05.2025 15:26,20.06.2025 09:55,Done,Blocker,,09.02.2026 15:51,BPAY PI 2025:2.4-BPAY - ChillP,BPAY PI 2025:3.1-BPAY - ChillP,,,,,,,,,2.0,Bug,Done
PAYME-980,2621997,,14.01.2025 10:12,,Done,Major,,09.02.2026 15:50,BPAY PI 2025:1.3-BPAY - ChillP,BPAY PI 2025:1.4-BPAY - ChillP,BPAY PI 2025:2.3-BPAY - ChillP,BPAY PI 2025:2.4-BPAY - ChillP,,,,,,,0.0,Story,
PAYME-1187,2807929,2621997,29.05.2025 06:50,29.05.2025 12:47,Done,Major,,29.05.2025 12:47,BPAY PI 2025:1.3-BPAY - ChillP,BPAY PI 2025:1.4-BPAY - ChillP,BPAY PI 2025:2.3-BPAY - ChillP,BPAY PI 2025:2.4-BPAY - ChillP,,,,,,,,Sub-task,Done
PAYME-1176,2795437,,20.05.2025 14:22,20.06.2025 12:00,Done,Major,,09.02.2026 15:51,BPAY PI 2025:2.4-BPAY - ChillP,BPAY PI 2025:3.1-BPAY - ChillP,,,,,,,,,3.0,Bug,Done
PAYME-952,2598892,,13.12.2024 13:01,26.07.2025 04:53,Done,Major,,09.02.2026 15:51,BPAY PI 2025:1.2-BPAY - ChillP,BPAY PI 2025:1.3-BPAY - ChillP,BPAY PI 2025:1.4-BPAY - ChillP,BPAY PI 2025:2.1-BPAY - ChillP,BPAY PI 2025:2.2-BPAY - ChillP,BPAY PI 2025:2.4-BPAY - ChillP,BPAY PI 2025:3.3-BPAY - ChillP,,,,8.0,Story,Done
PAYME-955,2598897,,13.12.2024 13:06,29.07.2025 14:50,Done,Major,,09.02.2026 15:51,BPAY PI 2025:1.2-BPAY - ChillP,BPAY PI 2025:1.3-BPAY - ChillP,BPAY PI 2025:1.4-BPAY - ChillP,BPAY PI 2025:2.2-BPAY - ChillP,BPAY PI 2025:2.3-BPAY - ChillP,BPAY PI 2025:2.4-BPAY - ChillP,BPAY PI 2025:3.3-BPAY - ChillP,,,,8.0,Story,Done
PAYME-1122,2727839,,28.03.2025 12:53,03.07.2025 13:45,Done,Major,,07.07.2025 15:45,BPAY PI 2025:2.4-BPAY - ChillP,BPAY PI 2025:3.1-BPAY - ChillP,,,,,,,,,2.0,Story,Done
PAYME-1158,2779749,,07.05.2025 13:35,28.08.2025 13:12,Done,Major,,09.09.2025 10:35,BPAY PI 2025:3.5-BPAY - ChillP,,,,,,,,,,1.0,Story,Done
PAYME-1115,2726281,,27.03.2025 14:18,27.08.2025 09:36,Done,Major,,25.09.2025 08:56,BPAY PI 2025:2.2-BPAY - ChillP,BPAY PI 2025:2.3-BPAY - ChillP,BPAY PI 2025:2.4-BPAY - ChillP,BPAY PI 2025:3.1-BPAY - ChillP,BPAY PI 2025:3.2-BPAY - ChillP,BPAY PI 2025:3.3-BPAY - ChillP,BPAY PI 2025:3.4-BPAY - ChillP,BPAY PI 2025:3.5-BPAY - ChillP,,,8.0,Story,Done
PAYME-1274,2871101,2726281,23.07.2025 15:58,31.07.2025 13:21,Done,Major,,31.07.2025 13:21,BPAY PI 2025:2.2-BPAY - ChillP,BPAY PI 2025:2.3-BPAY - ChillP,BPAY PI 2025:2.4-BPAY - ChillP,BPAY PI 2025:3.1-BPAY - ChillP,BPAY PI 2025:3.2-BPAY - ChillP,BPAY PI 2025:3.3-BPAY - ChillP,BPAY PI 2025:3.4-BPAY - ChillP,BPAY PI 2025:3.5-BPAY - ChillP,,,,Bug Sub-Task,Done
PAYME-1275,2871178,2726281,24.07.2025 09:39,31.07.2025 13:45,Done,Major,,31.07.2025 13:45,BPAY PI 2025:2.2-BPAY - ChillP,BPAY PI 2025:2.3-BPAY - ChillP,BPAY PI 2025:2.4-BPAY - ChillP,BPAY PI 2025:3.1-BPAY - ChillP,BPAY PI 2025:3.2-BPAY - ChillP,BPAY PI 2025:3.3-BPAY - ChillP,BPAY PI 2025:3.4-BPAY - ChillP,BPAY PI 2025:3.5-BPAY - ChillP,,,,Bug Sub-Task,Done
PAYME-1276,2871191,2726281,24.07.2025 09:53,05.08.2025 13:48,Done,Major,,05.08.2025 13:54,BPAY PI 2025:2.2-BPAY - ChillP,BPAY PI 2025:2.3-BPAY - ChillP,BPAY PI 2025:2.4-BPAY - ChillP,BPAY PI 2025:3.1-BPAY - ChillP,BPAY PI 2025:3.2-BPAY - ChillP,BPAY PI 2025:3.3-BPAY - ChillP,BPAY PI 2025:3.4-BPAY - ChillP,BPAY PI 2025:3.5-BPAY - ChillP,,,,Bug Sub-Task,Done
PAYME-1308,2878182,2726281,06.08.2025 07:32,27.08.2025 08:47,Done,Major,,27.08.2025 08:47,BPAY PI 2025:2.2-BPAY - ChillP,BPAY PI 2025:2.3-BPAY - ChillP,BPAY PI 2025:2.4-BPAY - ChillP,BPAY PI 2025:3.1-BPAY - ChillP,BPAY PI 2025:3.2-BPAY - ChillP,BPAY PI 2025:3.3-BPAY - ChillP,BPAY PI 2025:3.4-BPAY - ChillP,BPAY PI 2025:3.5-BPAY - ChillP,,,,Bug Sub-Task,Done
PAYME-1196,2816819,,05.06.2025 13:55,20.06.2025 12:07,Done,Minor,,09.02.2026 15:51,,,,,,,,,,,1.0,Bug,Done
PAYME-1128,2736309,,03.04.2025 15:29,15.08.2025 13:55,Done,Major,,15.08.2025 13:55,BPAY PI 2025:3.5-BPAY - ChillP,,,,,,,,,,2.0,Story,Done
PAYME-1120,2727847,,28.03.2025 13:05,30.07.2025 12:07,Done,Major,,27.08.2025 16:46,BPAY PI 2025:3.2-BPAY - ChillP,BPAY PI 2025:3.3-BPAY - ChillP,,,,,,,,,5.0,Story,Done
PAYME-1130,2727848,,28.03.2025 13:06,29.08.2025 14:54,Done,Major,,09.09.2025 10:35,BPAY PI 2025:3.2-BPAY - ChillP,BPAY PI 2025:3.3-BPAY - ChillP,BPAY PI 2025:3.4-BPAY - ChillP,BPAY PI 2025:3.5-BPAY - ChillP,,,,,,,5.0,Story,Done
PAYME-1127,2726700,,27.03.2025 14:44,30.07.2025 15:26,Done,Major,,30.07.2025 15:26,BPAY PI 2025:3.1-BPAY - ChillP,BPAY PI 2025:3.2-BPAY - ChillP,BPAY PI 2025:3.3-BPAY - ChillP,,,,,,,,5.0,Story,Done
PAYME-1259,2861089,2726700,09.07.2025 08:41,22.07.2025 13:40,Done,Major,,22.07.2025 13:40,BPAY PI 2025:3.1-BPAY - ChillP,BPAY PI 2025:3.2-BPAY - ChillP,BPAY PI 2025:3.3-BPAY - ChillP,,,,,,,,,Bug Sub-Task,Done
PAYME-1129,2726717,,27.03.2025 14:57,25.07.2025 15:49,Done,Major,,07.10.2025 16:06,BPAY PI 2025:3.2-BPAY - ChillP,BPAY PI 2025:3.3-BPAY - ChillP,,,,,,,,,2.0,Story,Done
PAYME-1255,2857943,,04.07.2025 15:02,22.07.2025 08:45,Done,Major,,29.12.2025 15:57,BPAY PI 2025:3.2-BPAY - ChillP,BPAY PI 2025:3.3-BPAY - ChillP,,,,,,,,,3.0,Story,Done
PAYME-1222,2776045,,05.05.2025 08:53,21.08.2025 16:30,Done,Major,,21.08.2025 16:30,BPAY PI 2025:3.4-BPAY - ChillP,BPAY PI 2025:3.5-BPAY - ChillP,,,,,,,,,5.0,Story,Done
PAYME-1107,2733862,,02.04.2025 13:05,08.04.2025 10:44,Done,Major,,08.04.2025 14:27,,,,,,,,,,,,Story,Done
PAYME-1024,2670356,,11.02.2025 11:45,14.03.2025 08:48,Done,Major,,09.02.2026 15:51,BPAY PI 2025:1.4-BPAY - ChillP,,,,,,,,,,5.0,Story,Done
PAYME-1047,2697377,,06.03.2025 12:26,06.03.2025 12:58,Done,Major,,06.03.2025 12:58,,,,,,,,,,,,Test,Done
PAYME-1048,2697475,,06.03.2025 12:28,06.03.2025 13:10,Done,Major,,06.03.2025 13:10,,,,,,,,,,,,Test,Done
PAYME-1049,2697478,,06.03.2025 12:29,06.03.2025 13:50,Done,Major,,06.03.2025 13:50,,,,,,,,,,,,Test,Done
PAYME-1050,2697479,,06.03.2025 12:29,06.03.2025 13:20,Done,Major,,06.03.2025 13:20,,,,,,,,,,,,Test,Done
PAYME-1051,2697480,,06.03.2025 12:29,06.03.2025 14:01,Done,Major,,06.03.2025 14:01,,,,,,,,,,,,Test,Done
PAYME-1069,2710143,,17.03.2025 08:21,18.03.2025 08:30,Done,Major,,09.02.2026 15:51,,,,,,,,,,,5.0,Story,Done
PAYME-1072,2711445,,17.03.2025 13:46,04.04.2025 12:08,Done,Major,,29.12.2025 15:54,,,,,,,,,,,5.0,Production bug,Done
PAYME-1087,2713381,,18.03.2025 15:31,28.03.2025 12:59,Done,Major,,29.12.2025 15:54,,,,,,,,,,,3.0,Production bug,Done
PAYME-1074,2714383,,19.03.2025 11:51,19.03.2025 13:42,Done,Major,,19.03.2025 13:42,,,,,,,,,,,,Test,Done
PAYME-1075,2714384,,19.03.2025 11:52,20.03.2025 11:18,Done,Major,,20.03.2025 11:18,,,,,,,,,,,,Test,Done
PAYME-1092,2719901,,24.03.2025 12:42,01.04.2025 10:01,Done,Major,,01.04.2025 10:01,,,,,,,,,,,,Test,Done
PAYME-1093,2719902,,24.03.2025 12:43,01.04.2025 11:19,Done,Major,,01.04.2025 11:19,,,,,,,,,,,,Test,Done
PAYME-1099,2727322,,28.03.2025 09:27,29.04.2025 09:45,Done,Major,,29.12.2025 15:57,,,,,,,,,,,0.0,Production bug,Done
PAYME-1102,2729442,,31.03.2025 12:24,01.04.2025 11:13,Done,Major,,29.12.2025 15:55,BPAY PI 2025:1.4-BPAY - ChillP,,,,,,,,,,1.0,Engineering job,Done
PAYME-1089,2719598,,24.03.2025 12:41,29.05.2025 12:52,Done,Major,,29.05.2025 12:52,,,,,,,,,,,,Test,Done
PAYME-1091,2719900,,24.03.2025 12:42,30.05.2025 08:11,Done,Major,,30.05.2025 08:11,,,,,,,,,,,,Test,Done
PAYME-1108,2734491,,03.04.2025 07:37,03.04.2025 15:00,Done,Major,,29.12.2025 15:54,,,,,,,,,,,,Production bug,Done
PAYME-1135,2751481,,09.04.2025 11:40,09.04.2025 13:41,Done,Major,,09.04.2025 13:41,,,,,,,,,,,1.0,Task,Done
PAYME-1219,2768955,,25.04.2025 08:30,16.07.2025 13:55,Done,Major,,08.04.2026 10:48,BPAY PI 2025:3.2-BPAY - ChillP,,,,,,,,,,3.0,Story,Done
PAYME-1149,2762589,,18.04.2025 09:39,23.04.2025 11:08,Done,Critical,,29.12.2025 15:54,BPAY PI 2025:2.1-BPAY - ChillP,,,,,,,,,,2.0,Bug,Done
PAYME-1342,2769381,,25.04.2025 13:11,26.08.2025 09:35,Done,Minor,,29.12.2025 15:51,BPAY PI 2025:3.5-BPAY - ChillP,,,,,,,,,,2.0,Production bug,Done
PAYME-1152,2772250,,29.04.2025 10:53,09.05.2025 07:42,Done,Major,,09.05.2025 07:42,,,,,,,,,,,,Test,Done
PAYME-1153,2772252,,29.04.2025 10:55,08.05.2025 13:25,Done,Major,,08.05.2025 15:31,,,,,,,,,,,,Test,Done
PAYME-1154,2772254,,29.04.2025 10:56,08.05.2025 12:33,Done,Major,,08.05.2025 13:26,,,,,,,,,,,,Test,Done
PAYME-1167,2791576,,16.05.2025 15:19,19.05.2025 11:16,Done,Major,,19.05.2025 11:16,,,,,,,,,,,,Test,Done
PAYME-1168,2791577,,16.05.2025 15:20,16.05.2025 15:58,Done,Major,,16.05.2025 15:58,,,,,,,,,,,,Test,Done
PAYME-1169,2791578,,16.05.2025 15:21,19.05.2025 12:01,Done,Major,,19.05.2025 12:01,,,,,,,,,,,,Test,Done
PAYME-1170,2793309,,19.05.2025 12:03,19.05.2025 12:10,Done,Major,,19.05.2025 12:10,,,,,,,,,,,,Test,Done
PAYME-1171,2793320,,19.05.2025 12:11,19.05.2025 12:15,Done,Major,,19.05.2025 12:57,,,,,,,,,,,,Test,Done
PAYME-1172,2793196,,19.05.2025 12:50,04.06.2025 15:10,Done,Major,,09.02.2026 15:51,BPAY PI 2025:2.3-BPAY - ChillP,BPAY PI 2025:2.4-BPAY - ChillP,,,,,,,,,2.0,Bug,Done
PAYME-1174,2793807,,19.05.2025 14:48,21.05.2025 11:28,Done,Major,,21.05.2025 11:28,,,,,,,,,,,,Test,Done
PAYME-1506,3003241,,07.11.2025 14:40,14.11.2025 09:17,Done,Major,,29.12.2025 15:55,BPAY PI 2025:4.5-BPAY - ChillP,,,,,,,,,,3.0,Production bug,Done
PAYME-1548,2970985,,15.10.2025 08:52,05.02.2026 07:36,Done,Major,,09.02.2026 15:52,BPAY PI 2025:5.4-BPAY - ChillP,BPAY PI 2026:1.1-BPAY - ChillP,,,,,,,,,3.0,Bug,Done
PAYME-1698,3104722,,27.01.2026 12:53,10.02.2026 09:05,Done,Major,,03.03.2026 13:56,BPAY PI 2026:1.1-BPAY - ChillP,BPAY PI 2026:1.3-BPAY - ChillP,,,,,,,,,3.0,Story,Done
PAYME-1650,3077958,,13.01.2026 15:28,02.03.2026 12:29,Done,Major,,11.03.2026 13:59,BPAY PI 2025:5.4-BPAY - ChillP,BPAY PI 2026:1.1-BPAY - ChillP,BPAY PI 2026:1.2-BPAY - ChillP,BPAY PI 2026:1.3-BPAY - ChillP,,,,,,,13.0,Story,Done
PAYME-1499,2998963,,05.11.2025 14:30,26.02.2026 14:59,Done,Major,,16.03.2026 09:59,BPAY PI 2025:5.2-BPAY - ChillP,BPAY PI 2025:5.3-BPAY - ChillP,BPAY PI 2025:5.4-BPAY - ChillP,BPAY PI 2026:1.1-BPAY - ChillP,BPAY PI 2026:1.2-BPAY - ChillP,BPAY PI 2026:1.3-BPAY - ChillP,,,,,5.0,Story,Done
PAYME-1578,3048891,2998963,05.12.2025 14:10,14.01.2026 14:31,Done,Major,,23.02.2026 14:39,BPAY PI 2025:5.2-BPAY - ChillP,BPAY PI 2025:5.3-BPAY - ChillP,BPAY PI 2025:5.4-BPAY - ChillP,BPAY PI 2026:1.1-BPAY - ChillP,BPAY PI 2026:1.2-BPAY - ChillP,BPAY PI 2026:1.3-BPAY - ChillP,,,,,,Sub-task,Done
PAYME-1697,3104715,,27.01.2026 12:52,02.02.2026 12:15,Done,Major,,03.03.2026 13:56,BPAY PI 2026:1.1-BPAY - ChillP,BPAY PI 2026:1.3-BPAY - ChillP,,,,,,,,,2.0,Story,Done
PAYME-1759,3145069,,24.02.2026 13:17,27.02.2026 13:36,Done,Major,,03.03.2026 13:56,BPAY PI 2026:1.2-BPAY - ChillP,BPAY PI 2026:1.3-BPAY - ChillP,,,,,,,,,2.0,Bug,Done
PAYME-1760,3146257,,25.02.2026 10:41,27.02.2026 08:04,Done,Major,,27.02.2026 08:04,BPAY PI 2026:1.3-BPAY - ChillP,,,,,,,,,,1.0,Bug,Done
PAYME-1724,3128747,,11.02.2026 09:45,27.02.2026 10:59,Done,Major,,17.04.2026 11:43,BPAY PI 2026:1.3-BPAY - ChillP,,,,,,,,,,1.0,Bug,Done
PAYME-1382,2850429,,30.06.2025 08:33,02.03.2026 08:48,Done,Major,,02.03.2026 08:48,BPAY PI 2025:4.3-BPAY - ChillP,BPAY PI 2025:4.4-BPAY - ChillP,BPAY PI 2025:5.1-BPAY - ChillP,BPAY PI 2025:5.2-BPAY - ChillP,BPAY PI 2025:5.3-BPAY - ChillP,BPAY PI 2025:5.4-BPAY - ChillP,BPAY PI 2026:1.1-BPAY - ChillP,BPAY PI 2026:1.2-BPAY - ChillP,BPAY PI 2026:1.3-BPAY - ChillP,,1.0,Story,Done
PAYME-1491,2988917,2850429,29.10.2025 09:49,19.01.2026 09:49,Done,Minor,,19.01.2026 09:49,BPAY PI 2025:4.3-BPAY - ChillP,BPAY PI 2025:4.4-BPAY - ChillP,BPAY PI 2025:5.1-BPAY - ChillP,BPAY PI 2025:5.2-BPAY - ChillP,BPAY PI 2025:5.3-BPAY - ChillP,BPAY PI 2025:5.4-BPAY - ChillP,BPAY PI 2026:1.1-BPAY - ChillP,BPAY PI 2026:1.2-BPAY - ChillP,BPAY PI 2026:1.3-BPAY - ChillP,,2.0,Sub-task,Done
PAYME-1500,3000836,2850429,06.11.2025 11:32,02.03.2026 08:47,Done,Major,,02.03.2026 08:47,BPAY PI 2025:4.3-BPAY - ChillP,BPAY PI 2025:4.4-BPAY - ChillP,BPAY PI 2025:5.1-BPAY - ChillP,BPAY PI 2025:5.2-BPAY - ChillP,BPAY PI 2025:5.3-BPAY - ChillP,BPAY PI 2025:5.4-BPAY - ChillP,BPAY PI 2026:1.1-BPAY - ChillP,BPAY PI 2026:1.2-BPAY - ChillP,BPAY PI 2026:1.3-BPAY - ChillP,,2.0,Bug Sub-Task,Done
PAYME-1769,3146898,,25.02.2026 15:03,04.03.2026 15:24,Done,Major,,04.03.2026 15:24,BPAY PI 2026:1.3-BPAY - ChillP,,,,,,,,,,3.0,Bug,Done
PAYME-1779,3149477,,27.02.2026 08:51,04.03.2026 11:02,Done,Critical,,04.03.2026 11:02,BPAY PI 2026:1.3-BPAY - ChillP,,,,,,,,,,3.0,Bug,Done
PAYME-1716,3120457,,04.02.2026 10:11,03.03.2026 14:39,Done,Critical,,03.03.2026 14:39,BPAY PI 2026:1.2-BPAY - ChillP,BPAY PI 2026:1.3-BPAY - ChillP,,,,,,,,,3.0,Bug,Done
PAYME-1786,3152250,,02.03.2026 13:09,04.03.2026 11:37,Done,Major,,04.03.2026 11:37,BPAY PI 2026:1.3-BPAY - ChillP,,,,,,,,,,2.0,Bug,Done
PAYME-1547,2877799,,05.08.2025 14:44,12.03.2026 09:43,Done,Major,,12.03.2026 09:43,BPAY PI 2025:5.4-BPAY - ChillP,BPAY PI 2026:1.2-BPAY - ChillP,BPAY PI 2026:1.3-BPAY - ChillP,BPAY PI 2026:1.4-BPAY - ChillP,,,,,,,3.0,Story,Done
PAYME-1775,3148958,,26.02.2026 13:46,17.03.2026 13:35,Done,Major,,19.03.2026 13:32,BPAY PI 2026:1.2-BPAY - ChillP,BPAY PI 2026:1.3-BPAY - ChillP,BPAY PI 2026:1.4-BPAY - ChillP,,,,,,,,3.0,Bug,Done
PAYME-1553,2937736,,17.09.2025 14:57,06.03.2026 14:18,Done,Major,,06.03.2026 14:18,BPAY PI 2025:5.4-BPAY - ChillP,BPAY PI 2026:1.1-BPAY - ChillP,BPAY PI 2026:1.2-BPAY - ChillP,BPAY PI 2026:1.3-BPAY - ChillP,,,,,,,1.0,Story,Done
PAYME-1601,3057439,,15.12.2025 09:59,12.03.2026 13:19,Done,Major,,23.04.2026 12:18,BPAY PI 2025:5.4-BPAY - ChillP,BPAY PI 2026:1.3-BPAY - ChillP,BPAY PI 2026:1.4-BPAY - ChillP,,,,,,,,3.0,Story,Done
PAYME-1791,3152924,,03.03.2026 07:48,09.03.2026 09:23,Done,Major,,19.03.2026 13:32,BPAY PI 2026:1.3-BPAY - ChillP,,,,,,,,,,1.0,Story,Done
PAYME-1810,3170115,,13.03.2026 16:38,16.03.2026 14:21,Done,Critical,,16.03.2026 14:21,BPAY PI 2026:1.4-BPAY - ChillP,,,,,,,,,,2.0,Bug,Done
PAYME-1806,3167195,,12.03.2026 12:25,16.03.2026 14:45,Done,Major,,16.03.2026 14:45,BPAY PI 2026:1.4-BPAY - ChillP,,,,,,,,,,3.0,Production bug,Done
PAYME-1758,3144859,,24.02.2026 12:31,17.03.2026 14:44,Done,Major,,30.03.2026 08:14,BPAY PI 2026:1.3-BPAY - ChillP,BPAY PI 2026:1.4-BPAY - ChillP,,,,,,,,,2.0,Bug,Done
PAYME-1807,3167400,,12.03.2026 13:13,13.03.2026 16:37,Done,Critical,,19.03.2026 13:32,BPAY PI 2026:1.4-BPAY - ChillP,,,,,,,,,,2.0,Bug,Done
PAYME-1817,3174106,,18.03.2026 08:24,19.03.2026 09:22,Done,Major,,19.03.2026 13:32,BPAY PI 2026:1.4-BPAY - ChillP,,,,,,,,,,2.0,Bug,Done
PAYME-1530,2937729,,17.09.2025 14:47,10.03.2026 11:55,Done,Major,,10.03.2026 11:55,BPAY PI 2026:1.3-BPAY - ChillP,,,,,,,,,,3.0,Story,Done
PAYME-1603,3057820,,15.12.2025 12:13,02.04.2026 07:59,Done,Major,,02.04.2026 08:01,BPAY PI 2025:5.4-BPAY - ChillP,BPAY PI 2026:1.4-BPAY - ChillP,BPAY PI 2026:2.1-BPAY - ChillP,,,,,,,,2.0,Story,Done
PAYME-1812,3171866,,16.03.2026 15:10,23.04.2026 12:14,Done,Major,,23.04.2026 12:14,BPAY PI 2026:2.1-BPAY - ChillP,BPAY PI 2026:2.2-BPAY - ChillP,,,,,,,,,1.0,Story,Done
PAYME-1851,3194604,,31.03.2026 09:11,09.04.2026 10:02,Done,Major,,09.04.2026 10:02,BPAY PI 2026:2.1-BPAY - ChillP,,,,,,,,,,0.0,Story,Done
PAYME-65,1861617,,27.02.2023 13:30,03.10.2025 10:38,Done,Major,,29.12.2025 15:56,,,,,,,,,,,3.0,Engineering job,Done
PAYME-1381,2808723,,30.05.2025 08:47,24.09.2025 15:06,Done,Major,,09.02.2026 16:05,BPAY PI 2025:4.1-BPAY - ChillP,,,,,,,,,,1.0,Story,Done
PAYME-1471,2966150,,10.10.2025 08:37,14.10.2025 13:55,Done,Major,,20.10.2025 09:08,BPAY PI 2025:4.3-BPAY - ChillP,,,,,,,,,,2.0,Production bug,Done
PAYME-1374,2870952,,23.07.2025 14:40,24.10.2025 10:41,Done,Major,,09.02.2026 15:50,BPAY PI 2025:4.3-BPAY - ChillP,BPAY PI 2025:4.4-BPAY - ChillP,,,,,,,,,5.0,Story,Done
PAYME-1385,2814064,,04.06.2025 10:48,01.10.2025 11:42,Done,Major,,21.04.2026 11:07,BPAY PI 2025:4.2-BPAY - ChillP,,,,,,,,,,0.0,Story,Done
PAYME-1199,2817139,,05.06.2025 22:31,,Done,Major,,09.02.2026 15:50,,,,,,,,,,,,Bug,
PAYME-1144,2760713,,16.04.2025 11:28,13.06.2025 14:34,Done,Major,,29.12.2025 15:56,BPAY PI 2025:2.4-BPAY - ChillP,BPAY PI 2025:2.5-BPAY - ChillP,,,,,,,,,,Production bug,Done
PAYME-1201,2817272,,06.06.2025 09:30,13.06.2025 12:29,Done,Major,,09.02.2026 15:50,BPAY PI 2025:2.5-BPAY - ChillP,,,,,,,,,,3.0,Story,Done
PAYME-1243,2826886,,13.06.2025 13:02,19.06.2025 14:42,Done,Major,,29.12.2025 15:56,,,,,,,,,,,,Task,Done
PAYME-1057,2690951,,28.02.2025 09:12,01.09.2025 08:56,Done,Major,,09.02.2026 15:49,BPAY PI 2025:2.4-BPAY - ChillP,,,,,,,,,,3.0,Story,Done
PAYME-1392,2875374,,31.07.2025 16:52,27.09.2025 08:55,Done,Major,,09.02.2026 16:05,BPAY PI 2025:4.1-BPAY - ChillP,BPAY PI 2025:4.2-BPAY - ChillP,,,,,,,,,3.0,Story,Done
PAYME-1054,2629700,,20.01.2025 09:42,24.09.2025 15:35,Done,Major,,09.02.2026 15:51,BPAY PI 2025:2.2-BPAY - ChillP,BPAY PI 2025:2.3-BPAY - ChillP,BPAY PI 2025:2.4-BPAY - ChillP,BPAY PI 2025:4.1-BPAY - ChillP,,,,,,,5.0,Story,Done
PAYME-1055,2629701,,20.01.2025 09:44,02.09.2025 08:35,Done,Major,,09.02.2026 15:52,BPAY PI 2025:2.4-BPAY - ChillP,,,,,,,,,,3.0,Story,Done
PAYME-1244,2829416,,16.06.2025 11:26,16.06.2025 14:08,Done,Major,,09.02.2026 15:51,,,,,,,,,,,,Bug,Done
PAYME-1252,2848707,,27.06.2025 08:36,20.08.2025 12:03,Done,Major,,09.02.2026 15:50,BPAY PI 2025:3.5-BPAY - ChillP,,,,,,,,,,1.0,Story,Done
PAYME-1253,2850251,,27.06.2025 17:36,04.07.2025 12:10,Done,Major,,09.07.2025 15:48,BPAY PI 2025:2.2-BPAY - ChillP,BPAY PI 2025:2.3-BPAY - ChillP,BPAY PI 2025:2.4-BPAY - ChillP,BPAY PI 2025:3.1-BPAY - ChillP,,,,,,,2.0,Bug,Done
PAYME-1379,2855093,,03.07.2025 13:23,29.09.2025 11:51,Done,Major,,09.02.2026 15:50,BPAY PI 2025:4.1-BPAY - ChillP,BPAY PI 2025:4.2-BPAY - ChillP,,,,,,,,,3.0,Story,Done
PAYME-1263,2866322,,15.07.2025 13:49,04.08.2025 14:05,Done,Minor,,04.08.2025 14:05,,,,,,,,,,,,Task,Done
PAYME-1270,2868932,,20.07.2025 10:05,08.09.2025 08:42,Done,Major,,09.02.2026 15:51,BPAY PI 2025:3.3-BPAY - ChillP,BPAY PI 2025:3.4-BPAY - ChillP,BPAY PI 2025:3.5-BPAY - ChillP,,,,,,,,,Bug,Done
PAYME-1318,2882474,2868932,12.08.2025 12:47,12.08.2025 13:22,Done,Major,,12.08.2025 13:37,BPAY PI 2025:3.3-BPAY - ChillP,BPAY PI 2025:3.4-BPAY - ChillP,BPAY PI 2025:3.5-BPAY - ChillP,,,,,,,,,Sub-task,Done
PAYME-1320,2882482,2868932,12.08.2025 12:55,12.08.2025 13:22,Done,Major,,12.08.2025 13:38,BPAY PI 2025:3.3-BPAY - ChillP,BPAY PI 2025:3.4-BPAY - ChillP,BPAY PI 2025:3.5-BPAY - ChillP,,,,,,,,,Sub-task,Done
PAYME-1321,2882483,2868932,12.08.2025 12:57,12.08.2025 13:23,Done,Major,,12.08.2025 13:38,BPAY PI 2025:3.3-BPAY - ChillP,BPAY PI 2025:3.4-BPAY - ChillP,BPAY PI 2025:3.5-BPAY - ChillP,,,,,,,,,Sub-task,Done
PAYME-1323,2882487,2868932,12.08.2025 12:59,12.08.2025 13:26,Done,Major,,12.08.2025 13:39,BPAY PI 2025:3.3-BPAY - ChillP,BPAY PI 2025:3.4-BPAY - ChillP,BPAY PI 2025:3.5-BPAY - ChillP,,,,,,,,,Sub-task,Done
PAYME-1324,2882490,2868932,12.08.2025 13:00,12.08.2025 13:26,Done,Major,,12.08.2025 13:59,BPAY PI 2025:3.3-BPAY - ChillP,BPAY PI 2025:3.4-BPAY - ChillP,BPAY PI 2025:3.5-BPAY - ChillP,,,,,,,,,Sub-task,Done
PAYME-1327,2882499,2868932,12.08.2025 13:05,18.08.2025 11:32,Done,Major,,18.08.2025 11:32,BPAY PI 2025:3.3-BPAY - ChillP,BPAY PI 2025:3.4-BPAY - ChillP,BPAY PI 2025:3.5-BPAY - ChillP,,,,,,,,,Sub-task,Done
PAYME-1328,2882701,2868932,12.08.2025 13:06,18.08.2025 11:33,Done,Major,,18.08.2025 11:33,BPAY PI 2025:3.3-BPAY - ChillP,BPAY PI 2025:3.4-BPAY - ChillP,BPAY PI 2025:3.5-BPAY - ChillP,,,,,,,,,Sub-task,Done
PAYME-1329,2882702,2868932,12.08.2025 13:07,18.08.2025 11:34,Done,Major,,18.08.2025 11:34,BPAY PI 2025:3.3-BPAY - ChillP,BPAY PI 2025:3.4-BPAY - ChillP,BPAY PI 2025:3.5-BPAY - ChillP,,,,,,,,,Sub-task,Done
PAYME-1332,2882707,2868932,12.08.2025 13:12,18.08.2025 15:21,Done,Major,,18.08.2025 15:21,BPAY PI 2025:3.3-BPAY - ChillP,BPAY PI 2025:3.4-BPAY - ChillP,BPAY PI 2025:3.5-BPAY - ChillP,,,,,,,,,Sub-task,Done
PAYME-1333,2882711,2868932,12.08.2025 13:14,04.09.2025 08:02,Done,Major,,18.09.2025 09:47,BPAY PI 2025:3.3-BPAY - ChillP,BPAY PI 2025:3.4-BPAY - ChillP,BPAY PI 2025:3.5-BPAY - ChillP,,,,,,,,,Sub-task,Done
PAYME-1334,2882714,2868932,12.08.2025 13:14,07.09.2025 09:01,Done,Major,,04.03.2026 11:34,BPAY PI 2025:3.3-BPAY - ChillP,BPAY PI 2025:3.4-BPAY - ChillP,BPAY PI 2025:3.5-BPAY - ChillP,,,,,,,,,Sub-task,Done
PAYME-1335,2882717,2868932,12.08.2025 13:18,28.08.2025 08:30,Done,Major,,28.08.2025 08:30,BPAY PI 2025:3.3-BPAY - ChillP,BPAY PI 2025:3.4-BPAY - ChillP,BPAY PI 2025:3.5-BPAY - ChillP,,,,,,,,,Sub-task,Done
PAYME-1336,2882718,2868932,12.08.2025 13:19,20.08.2025 13:42,Done,Major,,20.08.2025 13:42,BPAY PI 2025:3.3-BPAY - ChillP,BPAY PI 2025:3.4-BPAY - ChillP,BPAY PI 2025:3.5-BPAY - ChillP,,,,,,,,,Sub-task,Done
PAYME-1278,2870560,,23.07.2025 09:54,28.07.2025 16:55,Done,Major,,29.12.2025 15:56,BPAY PI 2025:3.3-BPAY - ChillP,,,,,,,,,,1.0,Production bug,Done
PAYME-1563,2872817,,28.07.2025 12:34,28.11.2025 09:49,Done,Major,,29.12.2025 15:55,BPAY PI 2025:5.1-BPAY - ChillP,,,,,,,,,,1.0,Production bug,Done
PAYME-1126,2736159,,03.04.2025 14:48,15.08.2025 13:59,Done,Major,,15.08.2025 13:59,BPAY PI 2025:3.4-BPAY - ChillP,BPAY PI 2025:3.5-BPAY - ChillP,,,,,,,,,2.0,Story,Done
PAYME-1311,2879676,,07.08.2025 18:47,07.09.2025 08:56,Done,Major,,09.02.2026 15:50,BPAY PI 2025:3.5-BPAY - ChillP,,,,,,,,,,,Task,Done
PAYME-1312,2879677,2879676,07.08.2025 18:54,07.09.2025 08:55,Done,Major,,07.09.2025 08:55,BPAY PI 2025:3.5-BPAY - ChillP,,,,,,,,,,,Sub-task,Done
PAYME-1313,2879678,2879676,07.08.2025 18:55,07.09.2025 08:55,Done,Major,,07.09.2025 08:55,BPAY PI 2025:3.5-BPAY - ChillP,,,,,,,,,,,Sub-task,Done
PAYME-1314,2879679,2879676,07.08.2025 18:56,07.09.2025 08:56,Done,Major,,07.09.2025 08:56,BPAY PI 2025:3.5-BPAY - ChillP,,,,,,,,,,,Sub-task,Done
PAYME-1225,2757684,,14.04.2025 12:48,28.08.2025 15:42,Done,Major,,09.09.2025 10:35,BPAY PI 2025:3.5-BPAY - ChillP,,,,,,,,,,5.0,Story,Done
PAYME-1339,2884304,,13.08.2025 14:32,25.08.2025 15:05,Done,Major,,25.08.2025 15:05,BPAY PI 2025:3.5-BPAY - ChillP,,,,,,,,,,1.0,Story,Done
PAYME-1598,3056704,,12.12.2025 13:47,29.12.2025 10:06,Done,Major,,09.02.2026 16:05,BPAY PI 2025:5.2-BPAY - ChillP,BPAY PI 2025:5.3-BPAY - ChillP,,,,,,,,,2.0,Bug,Done
PAYME-1501,3000837,,06.11.2025 11:32,22.12.2025 11:04,Done,Major,,09.02.2026 16:05,BPAY PI 2025:4.5-BPAY - ChillP,BPAY PI 2025:5.1-BPAY - ChillP,BPAY PI 2025:5.2-BPAY - ChillP,BPAY PI 2025:5.3-BPAY - ChillP,,,,,,,3.0,Story,Done
PAYME-1455,2813123,,03.06.2025 16:13,22.12.2025 12:52,Done,Major,,09.02.2026 16:05,BPAY PI 2025:4.2-BPAY - ChillP,BPAY PI 2025:4.3-BPAY - ChillP,BPAY PI 2025:4.4-BPAY - ChillP,BPAY PI 2025:5.1-BPAY - ChillP,BPAY PI 2025:5.2-BPAY - ChillP,BPAY PI 2025:5.3-BPAY - ChillP,,,,,8.0,Story,Done
PAYME-1589,3055200,2813123,11.12.2025 11:08,17.12.2025 12:07,Done,Minor,,19.12.2025 07:24,BPAY PI 2025:4.2-BPAY - ChillP,BPAY PI 2025:4.3-BPAY - ChillP,BPAY PI 2025:4.4-BPAY - ChillP,BPAY PI 2025:5.1-BPAY - ChillP,BPAY PI 2025:5.2-BPAY - ChillP,BPAY PI 2025:5.3-BPAY - ChillP,,,,,1.0,Sub-task,Done
PAYME-1606,3061360,2813123,17.12.2025 15:02,19.12.2025 10:00,Done,Major,,19.12.2025 10:00,BPAY PI 2025:4.2-BPAY - ChillP,BPAY PI 2025:4.3-BPAY - ChillP,BPAY PI 2025:4.4-BPAY - ChillP,BPAY PI 2025:5.1-BPAY - ChillP,BPAY PI 2025:5.2-BPAY - ChillP,BPAY PI 2025:5.3-BPAY - ChillP,,,,,,Sub-task,Done
PAYME-1627,3067806,2813123,02.01.2026 09:32,05.01.2026 10:20,Done,Major,,05.01.2026 10:20,BPAY PI 2025:4.2-BPAY - ChillP,BPAY PI 2025:4.3-BPAY - ChillP,BPAY PI 2025:4.4-BPAY - ChillP,BPAY PI 2025:5.1-BPAY - ChillP,BPAY PI 2025:5.2-BPAY - ChillP,BPAY PI 2025:5.3-BPAY - ChillP,,,,,,Sub-task,Done
PAYME-1504,3000853,,06.11.2025 11:47,22.12.2025 13:08,Done,Major,,09.02.2026 16:06,BPAY PI 2025:5.1-BPAY - ChillP,BPAY PI 2025:5.2-BPAY - ChillP,BPAY PI 2025:5.3-BPAY - ChillP,,,,,,,,3.0,Story,Done
PAYME-1520,2882150,,12.08.2025 09:36,18.12.2025 08:19,Done,Major,,23.04.2026 12:17,BPAY PI 2025:5.2-BPAY - ChillP,BPAY PI 2025:5.3-BPAY - ChillP,,,,,,,,,3.0,Story,Done
PAYME-1583,3050549,,08.12.2025 11:45,18.12.2025 08:53,Done,Major,,29.12.2025 15:51,BPAY PI 2025:5.2-BPAY - ChillP,BPAY PI 2025:5.3-BPAY - ChillP,,,,,,,,,2.0,Production bug,Done
PAYME-1596,3056170,,12.12.2025 10:35,18.12.2025 09:47,Done,Major,,09.02.2026 16:05,BPAY PI 2025:5.2-BPAY - ChillP,BPAY PI 2025:5.3-BPAY - ChillP,,,,,,,,,1.0,Bug,Done
PAYME-1592,3055365,,11.12.2025 14:21,18.12.2025 11:33,Done,Major,,09.02.2026 16:05,BPAY PI 2025:5.2-BPAY - ChillP,BPAY PI 2025:5.3-BPAY - ChillP,,,,,,,,,2.0,Bug,Done
PAYME-1525,2881385,,11.08.2025 12:46,31.12.2025 10:23,Done,Major,,23.04.2026 12:18,BPAY PI 2025:5.1-BPAY - ChillP,BPAY PI 2025:5.2-BPAY - ChillP,BPAY PI 2025:5.3-BPAY - ChillP,,,,,,,,3.0,Story,Done
PAYME-1605,3059281,,16.12.2025 13:20,19.12.2025 13:58,Done,Major,,29.12.2025 15:55,BPAY PI 2025:5.2-BPAY - ChillP,BPAY PI 2025:5.3-BPAY - ChillP,,,,,,,,,1.0,Bug,Done
PAYME-1600,3056811,,12.12.2025 14:58,19.12.2025 12:58,Done,Major,,26.01.2026 12:25,BPAY PI 2025:5.2-BPAY - ChillP,BPAY PI 2025:5.3-BPAY - ChillP,,,,,,,,,1.0,Production bug,Done
PAYME-1575,3047588,,04.12.2025 14:19,31.12.2025 13:02,Done,Major,,09.01.2026 14:17,BPAY PI 2025:5.2-BPAY - ChillP,BPAY PI 2025:5.3-BPAY - ChillP,,,,,,,,,5.0,Story,Done
PAYME-1564,3038682,,27.11.2025 12:54,22.12.2025 12:50,Done,Major,,09.02.2026 16:05,BPAY PI 2025:5.1-BPAY - ChillP,BPAY PI 2025:5.2-BPAY - ChillP,BPAY PI 2025:5.3-BPAY - ChillP,,,,,,,,1.0,Bug,Done
PAYME-1599,3056961,,15.12.2025 07:25,17.12.2025 14:34,Done,Major,,13.01.2026 09:49,BPAY PI 2025:5.2-BPAY - ChillP,,,,,,,,,,5.0,Story,Done
PAYME-1521,2883379,,13.08.2025 09:26,15.12.2025 15:11,Done,Major,,23.04.2026 12:17,BPAY PI 2025:5.2-BPAY - ChillP,,,,,,,,,,3.0,Story,Done
PAYME-1524,2883382,,13.08.2025 09:28,18.12.2025 23:37,Done,Major,,23.04.2026 12:18,BPAY PI 2025:5.2-BPAY - ChillP,BPAY PI 2025:5.3-BPAY - ChillP,,,,,,,,,3.0,Story,Done
PAYME-1527,2883600,,13.08.2025 09:40,18.12.2025 23:07,Done,Major,,23.04.2026 12:18,BPAY PI 2025:5.2-BPAY - ChillP,BPAY PI 2025:5.3-BPAY - ChillP,,,,,,,,,3.0,Story,Done
PAYME-1699,3104725,,27.01.2026 12:53,02.02.2026 14:33,Done,Major,,17.02.2026 09:42,BPAY PI 2026:1.1-BPAY - ChillP,BPAY PI 2026:1.2-BPAY - ChillP,,,,,,,,,2.0,Story,Done
PAYME-1649,3076592,,13.01.2026 09:49,02.02.2026 14:03,Done,Major,,26.03.2026 11:11,BPAY PI 2026:1.1-BPAY - ChillP,,,,,,,,,,5.0,Story,Done
PAYME-1648,3076579,,13.01.2026 09:43,02.02.2026 14:32,Done,Major,,19.02.2026 08:47,BPAY PI 2026:1.1-BPAY - ChillP,,,,,,,,,,2.0,Story,Done
PAYME-1683,3092079,,22.01.2026 13:27,29.01.2026 15:09,Done,Major,,09.02.2026 16:05,BPAY PI 2025:5.4-BPAY - ChillP,BPAY PI 2026:1.1-BPAY - ChillP,,,,,,,,,1.0,Bug,Done
PAYME-1676,3085843,,19.01.2026 15:53,02.02.2026 08:56,Done,Major,,09.02.2026 16:05,BPAY PI 2025:5.4-BPAY - ChillP,BPAY PI 2026:1.1-BPAY - ChillP,,,,,,,,,1.0,Bug,Done
PAYME-1643,3075395,,12.01.2026 12:47,01.02.2026 09:24,Done,Major,,02.02.2026 09:22,BPAY PI 2025:5.4-BPAY - ChillP,BPAY PI 2026:1.1-BPAY - ChillP,,,,,,,,,2.0,Production bug,Done
PAYME-1700,3104728,,27.01.2026 12:54,02.02.2026 08:41,Done,Major,,12.02.2026 08:55,BPAY PI 2026:1.2-BPAY - ChillP,,,,,,,,,,2.0,Story,Done
PAYME-1680,3088763,,21.01.2026 10:23,30.01.2026 09:29,Done,Major,,12.02.2026 08:55,BPAY PI 2025:5.4-BPAY - ChillP,BPAY PI 2026:1.2-BPAY - ChillP,,,,,,,,,0.0,Story,Done
PAYME-1666,3084396,,19.01.2026 09:17,13.02.2026 12:25,Done,Major,,13.02.2026 12:25,BPAY PI 2025:5.4-BPAY - ChillP,BPAY PI 2026:1.1-BPAY - ChillP,BPAY PI 2026:1.2-BPAY - ChillP,,,,,,,,2.0,Bug,Done
PAYME-1383,2904844,,01.09.2025 13:34,19.02.2026 11:51,Done,Major,,23.04.2026 13:54,BPAY PI 2025:4.2-BPAY - ChillP,BPAY PI 2025:4.3-BPAY - ChillP,BPAY PI 2025:4.4-BPAY - ChillP,BPAY PI 2025:5.2-BPAY - ChillP,BPAY PI 2025:5.3-BPAY - ChillP,BPAY PI 2025:5.4-BPAY - ChillP,BPAY PI 2026:1.1-BPAY - ChillP,BPAY PI 2026:1.2-BPAY - ChillP,,,8.0,Story,Done
PAYME-1663,3083816,2904844,16.01.2026 14:34,02.02.2026 09:07,Done,Minor,,02.02.2026 09:07,BPAY PI 2025:4.2-BPAY - ChillP,BPAY PI 2025:4.3-BPAY - ChillP,BPAY PI 2025:4.4-BPAY - ChillP,BPAY PI 2025:5.2-BPAY - ChillP,BPAY PI 2025:5.3-BPAY - ChillP,BPAY PI 2025:5.4-BPAY - ChillP,BPAY PI 2026:1.1-BPAY - ChillP,BPAY PI 2026:1.2-BPAY - ChillP,,,,Sub-task,Done
PAYME-1682,3091162,2904844,22.01.2026 09:23,02.02.2026 09:24,Done,Major,,02.02.2026 09:24,BPAY PI 2025:4.2-BPAY - ChillP,BPAY PI 2025:4.3-BPAY - ChillP,BPAY PI 2025:4.4-BPAY - ChillP,BPAY PI 2025:5.2-BPAY - ChillP,BPAY PI 2025:5.3-BPAY - ChillP,BPAY PI 2025:5.4-BPAY - ChillP,BPAY PI 2026:1.1-BPAY - ChillP,BPAY PI 2026:1.2-BPAY - ChillP,,,,Sub-task,Done
PAYME-1684,3092155,2904844,22.01.2026 13:47,02.02.2026 09:33,Done,Major,,02.02.2026 09:33,BPAY PI 2025:4.2-BPAY - ChillP,BPAY PI 2025:4.3-BPAY - ChillP,BPAY PI 2025:4.4-BPAY - ChillP,BPAY PI 2025:5.2-BPAY - ChillP,BPAY PI 2025:5.3-BPAY - ChillP,BPAY PI 2025:5.4-BPAY - ChillP,BPAY PI 2026:1.1-BPAY - ChillP,BPAY PI 2026:1.2-BPAY - ChillP,,,,Sub-task,Done
PAYME-1685,3092998,2904844,23.01.2026 08:07,02.02.2026 09:40,Done,Major,,02.02.2026 09:40,BPAY PI 2025:4.2-BPAY - ChillP,BPAY PI 2025:4.3-BPAY - ChillP,BPAY PI 2025:4.4-BPAY - ChillP,BPAY PI 2025:5.2-BPAY - ChillP,BPAY PI 2025:5.3-BPAY - ChillP,BPAY PI 2025:5.4-BPAY - ChillP,BPAY PI 2026:1.1-BPAY - ChillP,BPAY PI 2026:1.2-BPAY - ChillP,,,,Sub-task,Done
PAYME-1686,3093204,2904844,23.01.2026 08:12,02.02.2026 09:45,Done,Major,,02.02.2026 09:45,BPAY PI 2025:4.2-BPAY - ChillP,BPAY PI 2025:4.3-BPAY - ChillP,BPAY PI 2025:4.4-BPAY - ChillP,BPAY PI 2025:5.2-BPAY - ChillP,BPAY PI 2025:5.3-BPAY - ChillP,BPAY PI 2025:5.4-BPAY - ChillP,BPAY PI 2026:1.1-BPAY - ChillP,BPAY PI 2026:1.2-BPAY - ChillP,,,,Sub-task,Done
PAYME-1689,3094158,2904844,23.01.2026 13:39,02.02.2026 09:56,Done,Major,,02.02.2026 09:56,BPAY PI 2025:4.2-BPAY - ChillP,BPAY PI 2025:4.3-BPAY - ChillP,BPAY PI 2025:4.4-BPAY - ChillP,BPAY PI 2025:5.2-BPAY - ChillP,BPAY PI 2025:5.3-BPAY - ChillP,BPAY PI 2025:5.4-BPAY - ChillP,BPAY PI 2026:1.1-BPAY - ChillP,BPAY PI 2026:1.2-BPAY - ChillP,,,,Sub-task,Done
PAYME-1690,3094405,2904844,23.01.2026 14:06,02.02.2026 10:19,Done,Major,,02.02.2026 10:19,BPAY PI 2025:4.2-BPAY - ChillP,BPAY PI 2025:4.3-BPAY - ChillP,BPAY PI 2025:4.4-BPAY - ChillP,BPAY PI 2025:5.2-BPAY - ChillP,BPAY PI 2025:5.3-BPAY - ChillP,BPAY PI 2025:5.4-BPAY - ChillP,BPAY PI 2026:1.1-BPAY - ChillP,BPAY PI 2026:1.2-BPAY - ChillP,,,,Sub-task,Done
PAYME-1713,3118522,2904844,03.02.2026 08:53,17.02.2026 15:54,Done,Major,,17.02.2026 15:54,BPAY PI 2025:4.2-BPAY - ChillP,BPAY PI 2025:4.3-BPAY - ChillP,BPAY PI 2025:4.4-BPAY - ChillP,BPAY PI 2025:5.2-BPAY - ChillP,BPAY PI 2025:5.3-BPAY - ChillP,BPAY PI 2025:5.4-BPAY - ChillP,BPAY PI 2026:1.1-BPAY - ChillP,BPAY PI 2026:1.2-BPAY - ChillP,,,,Sub-task,Done
PAYME-1729,3136552,,17.02.2026 10:12,19.02.2026 13:16,Done,Major,,25.02.2026 12:59,BPAY PI 2026:1.2-BPAY - ChillP,,,,,,,,,,1.0,Bug,Done
PAYME-1732,3138902,,18.02.2026 14:20,23.02.2026 10:38,Done,Major,,25.02.2026 13:00,BPAY PI 2026:1.2-BPAY - ChillP,,,,,,,,,,2.0,Bug,Done
PAYME-1755,3143761,,23.02.2026 14:39,25.02.2026 11:16,Done,Major,,25.02.2026 11:16,BPAY PI 2026:1.2-BPAY - ChillP,,,,,,,,,,1.0,Story,Done
PAYME-1754,3143728,,23.02.2026 13:53,25.02.2026 15:12,Done,Major,,25.02.2026 15:12,BPAY PI 2026:1.2-BPAY - ChillP,,,,,,,,,,1.0,Bug,Done
PAYME-1757,3144830,,24.02.2026 11:27,24.02.2026 14:18,Done,Major,,25.02.2026 13:01,BPAY PI 2026:1.2-BPAY - ChillP,,,,,,,,,,1.0,Production bug,Done
PAYME-1687,3094074,,23.01.2026 12:26,19.02.2026 09:15,Done,Major,,24.02.2026 12:31,BPAY PI 2025:5.4-BPAY - ChillP,BPAY PI 2026:1.1-BPAY - ChillP,BPAY PI 2026:1.2-BPAY - ChillP,,,,,,,,5.0,Bug,Done
PAYME-1406,2937081,,17.09.2025 11:19,24.02.2026 13:16,Done,Major,,24.02.2026 13:16,BPAY PI 2025:4.3-BPAY - ChillP,BPAY PI 2025:4.4-BPAY - ChillP,BPAY PI 2025:5.1-BPAY - ChillP,BPAY PI 2025:5.2-BPAY - ChillP,BPAY PI 2025:5.3-BPAY - ChillP,BPAY PI 2025:5.4-BPAY - ChillP,BPAY PI 2026:1.1-BPAY - ChillP,BPAY PI 2026:1.2-BPAY - ChillP,,,5.0,Story,Done
PAYME-1723,3128634,2937081,11.02.2026 09:05,23.02.2026 14:50,Done,Major,,23.02.2026 14:50,BPAY PI 2025:4.3-BPAY - ChillP,BPAY PI 2025:4.4-BPAY - ChillP,BPAY PI 2025:5.1-BPAY - ChillP,BPAY PI 2025:5.2-BPAY - ChillP,BPAY PI 2025:5.3-BPAY - ChillP,BPAY PI 2025:5.4-BPAY - ChillP,BPAY PI 2026:1.1-BPAY - ChillP,BPAY PI 2026:1.2-BPAY - ChillP,,,,Bug Sub-Task,Done
PAYME-1514,2950783,,29.09.2025 16:03,17.02.2026 13:52,Done,Major,,20.02.2026 13:17,BPAY PI 2025:5.3-BPAY - ChillP,BPAY PI 2025:5.4-BPAY - ChillP,BPAY PI 2026:1.1-BPAY - ChillP,BPAY PI 2026:1.2-BPAY - ChillP,,,,,,,5.0,Story,Done
PAYME-1492,2968247,,13.10.2025 11:45,23.02.2026 13:01,Done,Major,,23.02.2026 13:01,BPAY PI 2025:5.3-BPAY - ChillP,BPAY PI 2025:5.4-BPAY - ChillP,BPAY PI 2026:1.1-BPAY - ChillP,BPAY PI 2026:1.2-BPAY - ChillP,,,,,,,5.0,Story,Done
PAYME-1679,3088588,2968247,21.01.2026 09:57,22.01.2026 09:28,Done,Major,,22.01.2026 09:28,BPAY PI 2025:5.3-BPAY - ChillP,BPAY PI 2025:5.4-BPAY - ChillP,BPAY PI 2026:1.1-BPAY - ChillP,BPAY PI 2026:1.2-BPAY - ChillP,,,,,,,,Sub-task,Done
PAYME-1711,3116476,2968247,30.01.2026 16:38,16.02.2026 12:20,Done,Major,,16.02.2026 12:20,BPAY PI 2025:5.3-BPAY - ChillP,BPAY PI 2025:5.4-BPAY - ChillP,BPAY PI 2026:1.1-BPAY - ChillP,BPAY PI 2026:1.2-BPAY - ChillP,,,,,,,,Bug Sub-Task,Done
PAYME-1715,3120454,2968247,04.02.2026 10:02,20.02.2026 12:15,Done,Major,,24.02.2026 13:33,BPAY PI 2025:5.3-BPAY - ChillP,BPAY PI 2025:5.4-BPAY - ChillP,BPAY PI 2026:1.1-BPAY - ChillP,BPAY PI 2026:1.2-BPAY - ChillP,,,,,,,,Bug Sub-Task,Done
PAYME-1688,3094127,,23.01.2026 13:11,24.02.2026 13:13,Done,Blocker,,24.02.2026 13:13,BPAY PI 2025:5.4-BPAY - ChillP,BPAY PI 2026:1.1-BPAY - ChillP,BPAY PI 2026:1.2-BPAY - ChillP,,,,,,,,5.0,Bug,Done
PAYME-1717,3123472,,06.02.2026 08:47,24.02.2026 13:12,Done,Major,,25.02.2026 13:02,BPAY PI 2026:1.1-BPAY - ChillP,BPAY PI 2026:1.2-BPAY - ChillP,,,,,,,,,8.0,Bug,Done
PAYME-1731,3137092,,17.02.2026 14:12,20.02.2026 08:50,Done,Major,,20.02.2026 08:50,BPAY PI 2026:1.2-BPAY - ChillP,,,,,,,,,,1.0,Bug,Done
PAYME-1652,3081740,,15.01.2026 11:45,19.02.2026 11:52,Done,Major,,19.02.2026 11:52,BPAY PI 2026:1.1-BPAY - ChillP,BPAY PI 2026:1.2-BPAY - ChillP,,,,,,,,,2.0,Bug,Done
PAYME-1718,3126288,,09.02.2026 15:25,18.02.2026 15:06,Done,Major,,09.03.2026 08:30,BPAY PI 2026:1.2-BPAY - ChillP,,,,,,,,,,1.0,Bug,Done
PAYME-1626,3067510,,30.12.2025 15:52,06.02.2026 11:43,Done,Major,,29.03.2026 16:48,BPAY PI 2025:5.4-BPAY - ChillP,BPAY PI 2026:1.1-BPAY - ChillP,,,,,,,,,3.0,Production bug,Done
PAYME-1546,2696419,,05.03.2025 14:25,09.03.2026 15:17,Done,Major,,09.03.2026 15:17,BPAY PI 2025:2.2-BPAY - ChillP,BPAY PI 2025:2.3-BPAY - ChillP,BPAY PI 2025:2.4-BPAY - ChillP,BPAY PI 2025:2.5-BPAY - ChillP,BPAY PI 2025:5.3-BPAY - ChillP,BPAY PI 2025:5.4-BPAY - ChillP,BPAY PI 2026:1.1-BPAY - ChillP,BPAY PI 2026:1.2-BPAY - ChillP,BPAY PI 2026:1.3-BPAY - ChillP,,3.0,Story,Done
PAYME-1512,2950296,,29.09.2025 14:25,16.01.2026 14:06,Done,Major,,09.02.2026 16:05,BPAY PI 2025:4.5-BPAY - ChillP,BPAY PI 2025:5.1-BPAY - ChillP,BPAY PI 2025:5.2-BPAY - ChillP,BPAY PI 2025:5.3-BPAY - ChillP,BPAY PI 2025:5.4-BPAY - ChillP,,,,,,5.0,Story,Done
PAYME-1513,3011066,2950296,12.11.2025 12:18,12.12.2025 14:19,Done,Major,,12.12.2025 14:19,BPAY PI 2025:4.5-BPAY - ChillP,BPAY PI 2025:5.1-BPAY - ChillP,BPAY PI 2025:5.2-BPAY - ChillP,BPAY PI 2025:5.3-BPAY - ChillP,BPAY PI 2025:5.4-BPAY - ChillP,,,,,,,Sub-task,Done
PAYME-1537,3021235,2950296,17.11.2025 13:49,12.12.2025 14:18,Done,Major,,12.12.2025 14:18,BPAY PI 2025:4.5-BPAY - ChillP,BPAY PI 2025:5.1-BPAY - ChillP,BPAY PI 2025:5.2-BPAY - ChillP,BPAY PI 2025:5.3-BPAY - ChillP,BPAY PI 2025:5.4-BPAY - ChillP,,,,,,,Sub-task,Done
PAYME-1565,3040076,2950296,28.11.2025 12:06,22.12.2025 13:43,Done,Major,,03.02.2026 11:45,BPAY PI 2025:4.5-BPAY - ChillP,BPAY PI 2025:5.1-BPAY - ChillP,BPAY PI 2025:5.2-BPAY - ChillP,BPAY PI 2025:5.3-BPAY - ChillP,BPAY PI 2025:5.4-BPAY - ChillP,,,,,,,Sub-task,Done
PAYME-1389,2874509,,30.07.2025 15:03,21.01.2026 10:34,Done,Major,,11.03.2026 13:59,BPAY PI 2025:4.4-BPAY - ChillP,BPAY PI 2025:5.1-BPAY - ChillP,BPAY PI 2025:5.2-BPAY - ChillP,BPAY PI 2025:5.3-BPAY - ChillP,BPAY PI 2025:5.4-BPAY - ChillP,,,,,,8.0,Story,Done
PAYME-1476,2973700,2874509,16.10.2025 14:08,11.12.2025 14:35,Done,Major,,23.01.2026 11:39,BPAY PI 2025:4.4-BPAY - ChillP,BPAY PI 2025:5.1-BPAY - ChillP,BPAY PI 2025:5.2-BPAY - ChillP,BPAY PI 2025:5.3-BPAY - ChillP,BPAY PI 2025:5.4-BPAY - ChillP,,,,,,3.0,Sub-task,Done
PAYME-1493,2992649,2874509,31.10.2025 10:28,10.12.2025 14:19,Done,Major,,13.04.2026 19:49,BPAY PI 2025:4.4-BPAY - ChillP,BPAY PI 2025:5.1-BPAY - ChillP,BPAY PI 2025:5.2-BPAY - ChillP,BPAY PI 2025:5.3-BPAY - ChillP,BPAY PI 2025:5.4-BPAY - ChillP,,,,,,,Sub-task,Done
PAYME-1494,2993948,2874509,03.11.2025 09:29,11.12.2025 12:42,Done,Major,,11.12.2025 12:42,BPAY PI 2025:4.4-BPAY - ChillP,BPAY PI 2025:5.1-BPAY - ChillP,BPAY PI 2025:5.2-BPAY - ChillP,BPAY PI 2025:5.3-BPAY - ChillP,BPAY PI 2025:5.4-BPAY - ChillP,,,,,,,Sub-task,Done
PAYME-1584,3051907,2874509,09.12.2025 09:50,07.01.2026 12:30,Done,Major,,13.04.2026 19:49,BPAY PI 2025:4.4-BPAY - ChillP,BPAY PI 2025:5.1-BPAY - ChillP,BPAY PI 2025:5.2-BPAY - ChillP,BPAY PI 2025:5.3-BPAY - ChillP,BPAY PI 2025:5.4-BPAY - ChillP,,,,,,,Bug Sub-Task,Done
PAYME-1587,3052591,2874509,09.12.2025 14:51,30.12.2025 12:22,Done,Major,,30.12.2025 12:22,BPAY PI 2025:4.4-BPAY - ChillP,BPAY PI 2025:5.1-BPAY - ChillP,BPAY PI 2025:5.2-BPAY - ChillP,BPAY PI 2025:5.3-BPAY - ChillP,BPAY PI 2025:5.4-BPAY - ChillP,,,,,,,Bug Sub-Task,Done
PAYME-1588,3053058,2874509,10.12.2025 09:05,05.01.2026 09:10,Done,Minor,,05.01.2026 09:10,BPAY PI 2025:4.4-BPAY - ChillP,BPAY PI 2025:5.1-BPAY - ChillP,BPAY PI 2025:5.2-BPAY - ChillP,BPAY PI 2025:5.3-BPAY - ChillP,BPAY PI 2025:5.4-BPAY - ChillP,,,,,,,Bug Sub-Task,Done
PAYME-1625,3067414,2874509,30.12.2025 15:08,21.01.2026 10:32,Done,Major,,21.01.2026 10:32,BPAY PI 2025:4.4-BPAY - ChillP,BPAY PI 2025:5.1-BPAY - ChillP,BPAY PI 2025:5.2-BPAY - ChillP,BPAY PI 2025:5.3-BPAY - ChillP,BPAY PI 2025:5.4-BPAY - ChillP,,,,,,,Bug Sub-Task,Done
PAYME-1639,3072615,2874509,08.01.2026 14:30,12.01.2026 10:12,Done,Major,,12.01.2026 10:12,BPAY PI 2025:4.4-BPAY - ChillP,BPAY PI 2025:5.1-BPAY - ChillP,BPAY PI 2025:5.2-BPAY - ChillP,BPAY PI 2025:5.3-BPAY - ChillP,BPAY PI 2025:5.4-BPAY - ChillP,,,,,,,Bug Sub-Task,Done
PAYME-1510,3010270,,12.11.2025 11:21,22.01.2026 10:42,Done,Major,,09.02.2026 16:05,BPAY PI 2025:4.5-BPAY - ChillP,BPAY PI 2025:5.1-BPAY - ChillP,BPAY PI 2025:5.2-BPAY - ChillP,BPAY PI 2025:5.3-BPAY - ChillP,BPAY PI 2025:5.4-BPAY - ChillP,,,,,,3.0,Story,Done
PAYME-1571,3041631,3010270,01.12.2025 10:27,03.12.2025 13:51,Done,Major,,11.12.2025 11:24,BPAY PI 2025:4.5-BPAY - ChillP,BPAY PI 2025:5.1-BPAY - ChillP,BPAY PI 2025:5.2-BPAY - ChillP,BPAY PI 2025:5.3-BPAY - ChillP,BPAY PI 2025:5.4-BPAY - ChillP,,,,,,,Bug Sub-Task,Done
PAYME-1395,2906943,,03.09.2025 08:06,15.01.2026 15:25,Done,Major,,09.02.2026 16:05,BPAY PI 2025:4.3-BPAY - ChillP,BPAY PI 2025:4.4-BPAY - ChillP,BPAY PI 2025:5.2-BPAY - ChillP,BPAY PI 2025:5.3-BPAY - ChillP,BPAY PI 2025:5.4-BPAY - ChillP,,,,,,5.0,Story,Done
PAYME-1502,3000848,2906943,06.11.2025 11:41,15.01.2026 15:22,Done,Major,,15.01.2026 15:22,BPAY PI 2025:4.3-BPAY - ChillP,BPAY PI 2025:4.4-BPAY - ChillP,BPAY PI 2025:5.2-BPAY - ChillP,BPAY PI 2025:5.3-BPAY - ChillP,BPAY PI 2025:5.4-BPAY - ChillP,,,,,,,Sub-task,Done
PAYME-1616,3065725,2906943,23.12.2025 08:01,13.01.2026 11:39,Done,Major,,13.01.2026 11:39,BPAY PI 2025:4.3-BPAY - ChillP,BPAY PI 2025:4.4-BPAY - ChillP,BPAY PI 2025:5.2-BPAY - ChillP,BPAY PI 2025:5.3-BPAY - ChillP,BPAY PI 2025:5.4-BPAY - ChillP,,,,,,,Sub-task,Done
PAYME-1617,3065726,2906943,23.12.2025 08:01,14.01.2026 13:24,Done,Major,,14.01.2026 13:24,BPAY PI 2025:4.3-BPAY - ChillP,BPAY PI 2025:4.4-BPAY - ChillP,BPAY PI 2025:5.2-BPAY - ChillP,BPAY PI 2025:5.3-BPAY - ChillP,BPAY PI 2025:5.4-BPAY - ChillP,,,,,,,Sub-task,Done
PAYME-1644,3075700,,12.01.2026 13:35,14.01.2026 11:29,Done,Major,,09.02.2026 16:05,BPAY PI 2025:5.4-BPAY - ChillP,,,,,,,,,,3.0,Story,Done
PAYME-1538,3028600,,19.11.2025 13:49,,Done,Major,,09.02.2026 16:05,BPAY PI 2025:5.1-BPAY - ChillP,BPAY PI 2025:5.2-BPAY - ChillP,BPAY PI 2025:5.3-BPAY - ChillP,BPAY PI 2025:5.4-BPAY - ChillP,,,,,,,2.0,Story,
PAYME-1577,3048697,,05.12.2025 11:43,16.01.2026 14:23,Done,Major,,09.02.2026 16:05,BPAY PI 2025:5.3-BPAY - ChillP,BPAY PI 2025:5.4-BPAY - ChillP,,,,,,,,,3.0,Story,Done
PAYME-1621,3067080,,30.12.2025 12:47,16.01.2026 14:23,Done,Major,,09.02.2026 16:05,BPAY PI 2025:5.3-BPAY - ChillP,BPAY PI 2025:5.4-BPAY - ChillP,,,,,,,,,3.0,Story,Done
PAYME-1634,3069595,,06.01.2026 15:15,15.01.2026 13:42,Done,Major,,09.02.2026 16:05,BPAY PI 2025:4.3-BPAY - ChillP,BPAY PI 2025:4.4-BPAY - ChillP,BPAY PI 2025:5.2-BPAY - ChillP,BPAY PI 2025:5.3-BPAY - ChillP,BPAY PI 2025:5.4-BPAY - ChillP,,,,,,1.0,Bug,Done
PAYME-1641,3073379,,09.01.2026 10:51,23.01.2026 12:04,Done,Major,,09.02.2026 16:05,BPAY PI 2025:5.3-BPAY - ChillP,BPAY PI 2025:5.4-BPAY - ChillP,,,,,,,,,3.0,Story,Done
PAYME-1636,3071309,,08.01.2026 09:13,16.01.2026 14:23,Done,Major,,09.02.2026 16:05,BPAY PI 2025:5.3-BPAY - ChillP,BPAY PI 2025:5.4-BPAY - ChillP,,,,,,,,,3.0,Story,Done
PAYME-1515,3010946,,12.11.2025 12:38,04.03.2026 08:29,Done,Major,,04.03.2026 08:32,BPAY PI 2025:5.4-BPAY - ChillP,BPAY PI 2026:1.2-BPAY - ChillP,BPAY PI 2026:1.3-BPAY - ChillP,,,,,,,,13.0,Story,Done
PAYME-1552,2972357,,15.10.2025 15:08,19.01.2026 11:26,Done,Major,,09.02.2026 15:50,BPAY PI 2025:5.3-BPAY - ChillP,BPAY PI 2025:5.4-BPAY - ChillP,,,,,,,,,1.0,Story,Done
PAYME-1550,2961861,,08.10.2025 09:55,19.01.2026 12:16,Done,Major,,09.02.2026 15:49,BPAY PI 2025:5.3-BPAY - ChillP,BPAY PI 2025:5.4-BPAY - ChillP,,,,,,,,,3.0,Story,Done
PAYME-1551,2970418,,14.10.2025 14:12,23.01.2026 14:07,Done,Major,,09.02.2026 15:51,BPAY PI 2025:5.3-BPAY - ChillP,BPAY PI 2025:5.4-BPAY - ChillP,,,,,,,,,3.0,Story,Done
PAYME-1743,3139887,,19.02.2026 11:33,19.03.2026 08:12,Done,Major,,19.03.2026 13:32,BPAY PI 2026:1.2-BPAY - ChillP,BPAY PI 2026:1.3-BPAY - ChillP,BPAY PI 2026:1.4-BPAY - ChillP,,,,,,,,3.0,Bug,Done
PAYME-1795,3099947,,26.01.2026 15:40,18.03.2026 12:36,Done,Major,,19.03.2026 13:32,BPAY PI 2026:1.4-BPAY - ChillP,,,,,,,,,,3.0,Story,Done
PAYME-1467,2952818,,30.09.2025 14:20,,Done,Major,,09.02.2026 15:51,BPAY PI 2025:4.2-BPAY - ChillP,BPAY PI 2025:4.3-BPAY - ChillP,BPAY PI 2025:4.4-BPAY - ChillP,BPAY PI 2025:4.5-BPAY - ChillP,BPAY PI 2025:5.4-BPAY - ChillP,,,,,,0.0,Story,
PAYME-1474,2960958,,07.10.2025 14:30,20.10.2025 12:52,Done,Major,,29.10.2025 12:30,BPAY PI 2025:4.3-BPAY - ChillP,,,,,,,,,,5.0,Production bug,Done
PAYME-1481,2980970,,22.10.2025 19:04,29.10.2025 13:22,Done,Major,,10.11.2025 10:21,BPAY PI 2025:4.4-BPAY - ChillP,,,,,,,,,,1.0,Story,Done
PAYME-1480,2980969,,22.10.2025 19:03,30.10.2025 07:25,Done,Major,,10.11.2025 10:21,BPAY PI 2025:4.4-BPAY - ChillP,,,,,,,,,,1.0,Story,Done
PAYME-1363,2899965,,27.08.2025 16:42,29.08.2025 14:51,Done,Major,,09.09.2025 10:35,,,,,,,,,,,2.0,Bug,Done
PAYME-1378,2908082,,03.09.2025 09:14,07.10.2025 13:52,Done,Major,,09.02.2026 15:50,BPAY PI 2025:4.1-BPAY - ChillP,BPAY PI 2025:4.2-BPAY - ChillP,,,,,,,,,3.0,Story,Done
PAYME-1377,2906891,,02.09.2025 14:09,06.10.2025 13:21,Done,Major,,09.02.2026 15:50,BPAY PI 2025:4.2-BPAY - ChillP,,,,,,,,,,2.0,Story,Done
PAYME-1370,2914077,,05.09.2025 14:31,08.09.2025 10:55,Done,Major,,09.02.2026 15:50,,,,,,,,,,,1.0,Engineering job,Done
PAYME-1390,2914281,,05.09.2025 15:07,23.12.2025 14:26,Done,Major,,09.02.2026 16:05,BPAY PI 2025:4.2-BPAY - ChillP,BPAY PI 2025:4.3-BPAY - ChillP,BPAY PI 2025:4.4-BPAY - ChillP,BPAY PI 2025:5.2-BPAY - ChillP,BPAY PI 2025:5.3-BPAY - ChillP,,,,,,3.0,Story,Done
PAYME-1570,3039737,,28.11.2025 09:26,02.12.2025 13:22,Done,Major,,29.12.2025 15:57,BPAY PI 2025:5.1-BPAY - ChillP,,,,,,,,,,1.0,Bug,Done
PAYME-1544,3029800,,20.11.2025 08:50,22.12.2025 15:18,Done,Major,,09.02.2026 16:05,BPAY PI 2025:5.1-BPAY - ChillP,BPAY PI 2025:5.2-BPAY - ChillP,BPAY PI 2025:5.3-BPAY - ChillP,,,,,,,,3.0,Story,Done
PAYME-1384,2879274,,07.08.2025 11:38,14.01.2026 09:52,Done,Major,,09.02.2026 16:05,BPAY PI 2025:4.3-BPAY - ChillP,BPAY PI 2025:4.4-BPAY - ChillP,BPAY PI 2025:5.1-BPAY - ChillP,BPAY PI 2025:5.2-BPAY - ChillP,BPAY PI 2025:5.3-BPAY - ChillP,,,,,,3.0,Story,Done
PAYME-1597,3056455,2879274,12.12.2025 13:31,17.12.2025 10:15,Done,Major,,22.12.2025 13:02,BPAY PI 2025:4.3-BPAY - ChillP,BPAY PI 2025:4.4-BPAY - ChillP,BPAY PI 2025:5.1-BPAY - ChillP,BPAY PI 2025:5.2-BPAY - ChillP,BPAY PI 2025:5.3-BPAY - ChillP,,,,,,,Bug Sub-Task,Done
PAYME-1607,3063954,2879274,19.12.2025 09:50,14.01.2026 09:50,Done,Major,,14.01.2026 09:50,BPAY PI 2025:4.3-BPAY - ChillP,BPAY PI 2025:4.4-BPAY - ChillP,BPAY PI 2025:5.1-BPAY - ChillP,BPAY PI 2025:5.2-BPAY - ChillP,BPAY PI 2025:5.3-BPAY - ChillP,,,,,,,Sub-task,Done
PAYME-1615,3065724,2879274,23.12.2025 07:58,06.01.2026 16:13,Done,Major,,06.01.2026 16:13,BPAY PI 2025:4.3-BPAY - ChillP,BPAY PI 2025:4.4-BPAY - ChillP,BPAY PI 2025:5.1-BPAY - ChillP,BPAY PI 2025:5.2-BPAY - ChillP,BPAY PI 2025:5.3-BPAY - ChillP,,,,,,,Bug Sub-Task,Done
PAYME-1391,2914527,,05.09.2025 15:18,14.01.2026 09:36,Done,Major,,09.02.2026 16:05,BPAY PI 2025:4.3-BPAY - ChillP,BPAY PI 2025:4.4-BPAY - ChillP,BPAY PI 2025:5.3-BPAY - ChillP,,,,,,,,3.0,Story,Done
PAYME-1460,2951010,2914527,29.09.2025 15:34,27.10.2025 16:06,Done,Major,,27.10.2025 16:06,BPAY PI 2025:4.3-BPAY - ChillP,BPAY PI 2025:4.4-BPAY - ChillP,BPAY PI 2025:5.3-BPAY - ChillP,,,,,,,,,Sub-task,Done
PAYME-1461,2951013,2914527,29.09.2025 15:36,28.10.2025 10:30,Done,Major,,28.10.2025 10:30,BPAY PI 2025:4.3-BPAY - ChillP,BPAY PI 2025:4.4-BPAY - ChillP,BPAY PI 2025:5.3-BPAY - ChillP,,,,,,,,,Sub-task,Done
PAYME-1462,2951015,2914527,29.09.2025 15:39,04.11.2025 09:06,Done,Major,,04.11.2025 09:06,BPAY PI 2025:4.3-BPAY - ChillP,BPAY PI 2025:4.4-BPAY - ChillP,BPAY PI 2025:5.3-BPAY - ChillP,,,,,,,,,Sub-task,Done
PAYME-1463,2951017,2914527,29.09.2025 15:40,12.11.2025 08:16,Done,Major,,12.11.2025 08:16,BPAY PI 2025:4.3-BPAY - ChillP,BPAY PI 2025:4.4-BPAY - ChillP,BPAY PI 2025:5.3-BPAY - ChillP,,,,,,,,,Sub-task,Done
PAYME-1388,2874125,,30.07.2025 12:08,07.01.2026 09:12,Done,Major,,09.02.2026 16:05,BPAY PI 2025:4.3-BPAY - ChillP,BPAY PI 2025:4.4-BPAY - ChillP,BPAY PI 2025:4.5-BPAY - ChillP,BPAY PI 2025:5.2-BPAY - ChillP,BPAY PI 2025:5.3-BPAY - ChillP,,,,,,2.0,Story,Done
PAYME-1604,3058106,2874125,15.12.2025 13:59,07.01.2026 09:07,Done,Major,,07.01.2026 09:07,BPAY PI 2025:4.3-BPAY - ChillP,BPAY PI 2025:4.4-BPAY - ChillP,BPAY PI 2025:4.5-BPAY - ChillP,BPAY PI 2025:5.2-BPAY - ChillP,BPAY PI 2025:5.3-BPAY - ChillP,,,,,,,Bug Sub-Task,Done
PAYME-1484,2986911,,27.10.2025 17:39,19.12.2025 12:19,Done,Major,,09.02.2026 16:05,BPAY PI 2025:4.4-BPAY - ChillP,BPAY PI 2025:4.5-BPAY - ChillP,BPAY PI 2025:5.1-BPAY - ChillP,BPAY PI 2025:5.2-BPAY - ChillP,BPAY PI 2025:5.3-BPAY - ChillP,,,,,,3.0,Story,Done
PAYME-1495,2994892,,03.11.2025 16:07,28.11.2025 10:28,Done,Major,,09.02.2026 16:05,BPAY PI 2025:5.1-BPAY - ChillP,,,,,,,,,,1.0,Story,Done
PAYME-1535,3019767,2994892,17.11.2025 08:00,21.11.2025 10:01,Done,Major,,04.12.2025 11:57,BPAY PI 2025:5.1-BPAY - ChillP,,,,,,,,,,1.0,Sub-task,Done
PAYME-1447,2942273,,23.09.2025 09:24,27.09.2025 09:21,Done,Major,,29.12.2025 15:56,BPAY PI 2025:4.2-BPAY - ChillP,,,,,,,,,,1.0,Engineering job,Done
PAYME-1457,2945717,,24.09.2025 15:40,13.10.2025 15:43,Done,Major,,29.12.2025 15:55,BPAY PI 2025:4.2-BPAY - ChillP,BPAY PI 2025:4.3-BPAY - ChillP,,,,,,,,,2.0,Story,Done
PAYME-1458,2948906,,26.09.2025 11:58,29.09.2025 12:25,Done,Major,,29.12.2025 15:52,BPAY PI 2025:4.2-BPAY - ChillP,,,,,,,,,,1.0,Production bug,Done
PAYME-1459,2950020,,29.09.2025 09:54,29.09.2025 12:26,Done,Major,,29.12.2025 15:56,BPAY PI 2025:4.2-BPAY - ChillP,,,,,,,,,,1.0,Task,Done
PAYME-1465,2952321,,30.09.2025 11:01,10.10.2025 07:31,Done,Major,,29.12.2025 15:55,BPAY PI 2025:4.3-BPAY - ChillP,,,,,,,,,,2.0,Engineering job,Done
PAYME-1387,2909625,,04.09.2025 08:09,24.11.2025 07:34,Done,Major,,20.04.2026 07:34,BPAY PI 2025:4.3-BPAY - ChillP,BPAY PI 2025:4.4-BPAY - ChillP,BPAY PI 2025:4.5-BPAY - ChillP,,,,,,,,0.0,Story,Done
PAYME-1470,2961307,,07.10.2025 16:06,09.10.2025 15:49,Done,Major,,13.10.2025 22:37,BPAY PI 2025:4.3-BPAY - ChillP,,,,,,,,,,2.0,Production bug,Done
PAYME-1343,2896631,,25.08.2025 16:00,19.11.2025 13:29,Done,Major,,19.11.2025 13:29,BPAY PI 2025:4.3-BPAY - ChillP,BPAY PI 2025:4.4-BPAY - ChillP,BPAY PI 2025:4.5-BPAY - ChillP,,,,,,,,5.0,Story,Done
PAYME-1466,2954000,,01.10.2025 10:25,04.11.2025 09:18,Done,Major,,09.02.2026 16:05,BPAY PI 2025:4.4-BPAY - ChillP,,,,,,,,,,2.0,Story,Done
PAYME-1473,2963404,,09.10.2025 07:15,13.10.2025 10:12,Done,Major,,15.10.2025 10:07,BPAY PI 2025:4.3-BPAY - ChillP,,,,,,,,,,1.0,Production bug,Done
PAYME-1479,2979495,,22.10.2025 09:55,24.10.2025 12:20,Done,Major,,29.12.2025 15:51,BPAY PI 2025:4.3-BPAY - ChillP,BPAY PI 2025:4.4-BPAY - ChillP,,,,,,,,,2.0,Task,Done
PAYME-1208,2727500,,28.03.2025 09:57,07.11.2025 10:48,Done,Major,,07.11.2025 11:06,BPAY PI 2025:3.5-BPAY - ChillP,BPAY PI 2025:4.4-BPAY - ChillP,,,,,,,,,2.0,Story,Done
PAYME-1477,2975319,,17.10.2025 14:44,24.10.2025 07:44,Done,Major,,09.02.2026 16:05,BPAY PI 2025:4.4-BPAY - ChillP,,,,,,,,,,1.0,Story,Done
PAYME-1483,2985209,,27.10.2025 08:56,27.10.2025 12:48,Done,Major,,29.12.2025 15:52,BPAY PI 2025:4.4-BPAY - ChillP,,,,,,,,,,1.0,Production bug,Done
PAYME-1507,3002756,,07.11.2025 12:14,12.11.2025 12:15,Done,Major,,29.12.2025 15:54,BPAY PI 2025:4.5-BPAY - ChillP,,,,,,,,,,,Production bug,Done
PAYME-1505,3002582,,07.11.2025 12:30,12.11.2025 08:16,Done,Major,,29.12.2025 15:56,BPAY PI 2025:4.4-BPAY - ChillP,BPAY PI 2025:4.5-BPAY - ChillP,,,,,,,,,2.0,Task,Done
PAYME-1509,3010242,,12.11.2025 11:05,13.11.2025 14:37,Done,Major,,09.02.2026 16:05,BPAY PI 2025:4.5-BPAY - ChillP,,,,,,,,,,3.0,Story,Done
PAYME-1517,3016505,,13.11.2025 14:40,14.11.2025 11:50,Done,Major,,09.02.2026 16:05,BPAY PI 2025:4.5-BPAY - ChillP,,,,,,,,,,3.0,Story,Done
PAYME-1516,3014647,,13.11.2025 10:57,14.11.2025 13:50,Done,Major,,29.12.2025 15:54,BPAY PI 2025:4.5-BPAY - ChillP,,,,,,,,,,,Production bug,Done
PAYME-1475,2971731,,15.10.2025 11:34,08.12.2025 07:31,Done,Major,,08.12.2025 07:31,BPAY PI 2025:4.5-BPAY - ChillP,,,,,,,,,,,Story,Done
PAYME-1454,2914532,,05.09.2025 15:24,28.11.2025 11:56,Done,Major,,09.02.2026 16:05,BPAY PI 2025:4.4-BPAY - ChillP,BPAY PI 2025:5.1-BPAY - ChillP,,,,,,,,,1.0,Story,Done
PAYME-1451,2814232,,04.06.2025 11:54,23.12.2025 13:06,Done,Major,,09.02.2026 16:06,BPAY PI 2025:4.3-BPAY - ChillP,BPAY PI 2025:4.4-BPAY - ChillP,BPAY PI 2025:5.1-BPAY - ChillP,BPAY PI 2025:5.2-BPAY - ChillP,BPAY PI 2025:5.3-BPAY - ChillP,,,,,,3.0,Story,Done
PAYME-1452,2850930,,30.06.2025 10:32,18.12.2025 12:19,Done,Major,,09.02.2026 16:05,BPAY PI 2025:4.4-BPAY - ChillP,BPAY PI 2025:5.1-BPAY - ChillP,BPAY PI 2025:5.2-BPAY - ChillP,BPAY PI 2025:5.3-BPAY - ChillP,,,,,,,8.0,Story,Done
PAYME-1556,3031952,2850930,21.11.2025 08:10,28.11.2025 12:12,Done,Major,,28.11.2025 12:12,BPAY PI 2025:4.4-BPAY - ChillP,BPAY PI 2025:5.1-BPAY - ChillP,BPAY PI 2025:5.2-BPAY - ChillP,BPAY PI 2025:5.3-BPAY - ChillP,,,,,,,,Sub-task,Done
PAYME-1557,3031958,2850930,21.11.2025 08:21,28.11.2025 13:07,Done,Major,,28.11.2025 13:07,BPAY PI 2025:4.4-BPAY - ChillP,BPAY PI 2025:5.1-BPAY - ChillP,BPAY PI 2025:5.2-BPAY - ChillP,BPAY PI 2025:5.3-BPAY - ChillP,,,,,,,,Sub-task,Done
PAYME-1558,3032227,2850930,21.11.2025 09:39,28.11.2025 12:38,Done,Major,,03.02.2026 11:45,BPAY PI 2025:4.4-BPAY - ChillP,BPAY PI 2025:5.1-BPAY - ChillP,BPAY PI 2025:5.2-BPAY - ChillP,BPAY PI 2025:5.3-BPAY - ChillP,,,,,,,,Sub-task,Done
PAYME-1585,3052614,2850930,09.12.2025 13:42,18.12.2025 09:33,Done,Major,,18.12.2025 09:33,BPAY PI 2025:4.4-BPAY - ChillP,BPAY PI 2025:5.1-BPAY - ChillP,BPAY PI 2025:5.2-BPAY - ChillP,BPAY PI 2025:5.3-BPAY - ChillP,,,,,,,,Sub-task,Done
PAYME-1534,3018679,,14.11.2025 14:15,19.12.2025 10:28,Done,Major,,09.02.2026 16:05,BPAY PI 2025:5.1-BPAY - ChillP,BPAY PI 2025:5.2-BPAY - ChillP,BPAY PI 2025:5.3-BPAY - ChillP,,,,,,,,3.0,Story,Done
PAYME-1579,3050581,3018679,08.12.2025 12:36,19.12.2025 10:20,Done,Major,,19.12.2025 10:20,BPAY PI 2025:5.1-BPAY - ChillP,BPAY PI 2025:5.2-BPAY - ChillP,BPAY PI 2025:5.3-BPAY - ChillP,,,,,,,,,Sub-task,Done
PAYME-1586,3052683,3018679,09.12.2025 14:39,17.12.2025 13:07,Done,Major,,19.12.2025 07:25,BPAY PI 2025:5.1-BPAY - ChillP,BPAY PI 2025:5.2-BPAY - ChillP,BPAY PI 2025:5.3-BPAY - ChillP,,,,,,,,1.0,Sub-task,Done
PAYME-1456,2926548,,10.09.2025 09:28,06.01.2026 15:21,Done,Major,,09.02.2026 16:05,BPAY PI 2025:4.2-BPAY - ChillP,BPAY PI 2025:4.3-BPAY - ChillP,BPAY PI 2025:4.4-BPAY - ChillP,BPAY PI 2025:5.1-BPAY - ChillP,BPAY PI 2025:5.2-BPAY - ChillP,BPAY PI 2025:5.3-BPAY - ChillP,,,,,5.0,Story,Done
PAYME-1468,2958475,2926548,06.10.2025 10:30,04.11.2025 09:20,Done,Major,,19.11.2025 11:48,BPAY PI 2025:4.2-BPAY - ChillP,BPAY PI 2025:4.3-BPAY - ChillP,BPAY PI 2025:4.4-BPAY - ChillP,BPAY PI 2025:5.1-BPAY - ChillP,BPAY PI 2025:5.2-BPAY - ChillP,BPAY PI 2025:5.3-BPAY - ChillP,,,,,,Sub-task,Done
PAYME-1567,3040303,2926548,28.11.2025 12:50,08.12.2025 15:45,Done,Major,,08.12.2025 15:45,BPAY PI 2025:4.2-BPAY - ChillP,BPAY PI 2025:4.3-BPAY - ChillP,BPAY PI 2025:4.4-BPAY - ChillP,BPAY PI 2025:5.1-BPAY - ChillP,BPAY PI 2025:5.2-BPAY - ChillP,BPAY PI 2025:5.3-BPAY - ChillP,,,,,,Sub-task,Done
PAYME-1498,2997016,,04.11.2025 16:14,26.11.2025 15:23,Done,Major,,15.12.2025 07:25,BPAY PI 2025:5.1-BPAY - ChillP,,,,,,,,,,5.0,Story,Done
PAYME-1673,3085375,,19.01.2026 13:45,12.03.2026 08:28,Done,Major,,25.03.2026 11:03,BPAY PI 2026:1.2-BPAY - ChillP,BPAY PI 2026:1.3-BPAY - ChillP,BPAY PI 2026:1.4-BPAY - ChillP,,,,,,,,1.0,Task,Done
PAYME-1751,3139929,,19.02.2026 11:18,25.02.2026 09:56,Done,Major,,25.02.2026 09:56,BPAY PI 2026:1.2-BPAY - ChillP,,,,,,,,,,2.0,Bug,Done
PAYME-1372,2868304,,17.07.2025 15:02,18.03.2026 14:43,Done,Major,,18.03.2026 14:43,BPAY PI 2025:5.4-BPAY - ChillP,BPAY PI 2026:1.2-BPAY - ChillP,BPAY PI 2026:1.3-BPAY - ChillP,BPAY PI 2026:1.4-BPAY - ChillP,,,,,,,8.0,Bug,Done
PAYME-1545,2877783,,05.08.2025 14:20,25.02.2026 13:25,Done,Major,,25.02.2026 13:25,BPAY PI 2025:5.3-BPAY - ChillP,BPAY PI 2025:5.4-BPAY - ChillP,BPAY PI 2026:1.2-BPAY - ChillP,,,,,,,,3.0,Story,Done
PAYME-1549,2995393,,04.11.2025 09:04,19.03.2026 12:34,Done,Major,,19.03.2026 12:34,BPAY PI 2025:5.3-BPAY - ChillP,BPAY PI 2025:5.4-BPAY - ChillP,BPAY PI 2026:1.1-BPAY - ChillP,BPAY PI 2026:1.2-BPAY - ChillP,BPAY PI 2026:1.3-BPAY - ChillP,BPAY PI 2026:1.4-BPAY - ChillP,,,,,1.0,Bug,Done
PAYME-1707,3101128,,27.01.2026 08:42,06.03.2026 13:56,Done,Major,,09.04.2026 10:10,BPAY PI 2026:1.2-BPAY - ChillP,BPAY PI 2026:1.3-BPAY - ChillP,,,,,,,,,2.0,Story,Done
PAYME-1708,3101131,,27.01.2026 08:43,06.03.2026 13:56,Done,Major,,09.04.2026 10:09,BPAY PI 2026:1.2-BPAY - ChillP,BPAY PI 2026:1.3-BPAY - ChillP,,,,,,,,,2.0,Story,Done
PAYME-1559,3032484,,21.11.2025 12:20,03.12.2025 10:07,Done,Major,,29.12.2025 15:55,BPAY PI 2025:5.1-BPAY - ChillP,,,,,,,,,,1.0,Production bug,Done
PAYME-1562,3035597,,25.11.2025 13:20,11.12.2025 09:02,Done,Major,,09.02.2026 16:05,BPAY PI 2025:5.1-BPAY - ChillP,BPAY PI 2025:5.2-BPAY - ChillP,,,,,,,,,5.0,Story,Done
PAYME-1568,3040703,,28.11.2025 15:17,02.12.2025 10:47,Done,Major,,29.12.2025 15:56,BPAY PI 2025:5.1-BPAY - ChillP,,,,,,,,,,1.0,Production bug,Done
PAYME-1533,2978235,,21.10.2025 11:23,10.12.2025 15:19,Done,Major,,09.02.2026 15:51,BPAY PI 2025:5.2-BPAY - ChillP,,,,,,,,,,1.0,Engineering job,Done
PAYME-1593,3050655,,08.12.2025 12:15,17.12.2025 08:26,Done,Major,,13.01.2026 09:43,BPAY PI 2025:5.2-BPAY - ChillP,,,,,,,,,,2.0,Story,Done
PAYME-1580,3050832,,08.12.2025 13:47,09.12.2025 14:52,Done,Major,,09.02.2026 16:05,BPAY PI 2025:5.2-BPAY - ChillP,,,,,,,,,,3.0,Story,Done
PAYME-1595,3055963,,12.12.2025 08:59,12.12.2025 10:10,Done,Major,,29.12.2025 15:55,,,,,,,,,,,1.0,Production bug,Done
PAYME-1629,3064009,,19.12.2025 09:23,21.01.2026 10:55,Done,Major,,23.01.2026 09:23,BPAY PI 2025:5.3-BPAY - ChillP,BPAY PI 2025:5.4-BPAY - ChillP,,,,,,,,,2.0,Production bug,Done
PAYME-1609,3065363,,22.12.2025 13:28,08.01.2026 13:08,Done,Major,,09.02.2026 16:05,BPAY PI 2025:5.3-BPAY - ChillP,,,,,,,,,,2.0,Bug,Done
PAYME-1611,3065619,,22.12.2025 14:58,29.12.2025 15:21,Done,Major,,29.12.2025 15:21,,,,,,,,,,,,Test,Done
PAYME-1612,3065622,,22.12.2025 15:04,07.01.2026 11:15,Done,Major,,07.01.2026 11:15,,,,,,,,,,,,Test,Done
PAYME-1613,3065623,,22.12.2025 15:05,02.01.2026 11:52,Done,Major,,02.01.2026 11:52,,,,,,,,,,,,Test,Done
PAYME-1618,3065758,,23.12.2025 09:56,06.01.2026 09:15,Done,Major,,09.02.2026 16:05,BPAY PI 2025:5.3-BPAY - ChillP,,,,,,,,,,1.0,Bug,Done
PAYME-1640,3066997,,30.12.2025 09:12,12.01.2026 10:04,Done,Major,,12.01.2026 10:04,BPAY PI 2025:5.3-BPAY - ChillP,,,,,,,,,,3.0,Bug,Done
PAYME-1628,3067834,,02.01.2026 11:24,07.01.2026 11:11,Done,Major,,09.02.2026 16:05,BPAY PI 2025:5.3-BPAY - ChillP,,,,,,,,,,1.0,Bug,Done
PAYME-1453,2809048,,30.05.2025 12:30,07.01.2026 11:12,Done,Major,,09.02.2026 16:05,BPAY PI 2025:4.2-BPAY - ChillP,BPAY PI 2025:4.3-BPAY - ChillP,BPAY PI 2025:4.4-BPAY - ChillP,BPAY PI 2025:5.1-BPAY - ChillP,BPAY PI 2025:5.2-BPAY - ChillP,BPAY PI 2025:5.3-BPAY - ChillP,,,,,5.0,Story,Done
PAYME-1630,3068718,,05.01.2026 12:17,13.01.2026 10:21,Done,Major,,13.01.2026 10:21,BPAY PI 2025:5.3-BPAY - ChillP,,,,,,,,,,3.0,Story,Done
PAYME-1635,3071058,,08.01.2026 08:01,,Done,Major,,21.01.2026 10:16,BPAY PI 2025:5.3-BPAY - ChillP,BPAY PI 2025:5.4-BPAY - ChillP,,,,,,,,,3.0,Story,
PAYME-1638,3072123,,08.01.2026 12:20,09.01.2026 12:26,Done,Major,,09.01.2026 12:27,BPAY PI 2025:5.3-BPAY - ChillP,,,,,,,,,,1.0,Bug,Done
PAYME-1645,3075718,,12.01.2026 13:52,16.01.2026 12:00,Done,Major,,16.01.2026 12:00,BPAY PI 2025:5.4-BPAY - ChillP,,,,,,,,,,,Test,Done
PAYME-1646,3075719,,12.01.2026 13:53,16.01.2026 14:14,Done,Major,,16.01.2026 14:14,BPAY PI 2025:5.4-BPAY - ChillP,,,,,,,,,,,Test,Done
PAYME-1647,3075721,,12.01.2026 13:53,16.01.2026 14:17,Done,Major,,16.01.2026 14:17,BPAY PI 2025:5.4-BPAY - ChillP,,,,,,,,,,,Test,Done
PAYME-1619,3066120,,23.12.2025 14:25,23.01.2026 08:59,Done,Major,,23.01.2026 08:59,BPAY PI 2025:5.4-BPAY - ChillP,,,,,,,,,,2.0,Bug,Done
PAYME-1654,3083380,,16.01.2026 12:12,16.01.2026 12:51,Done,Major,,16.01.2026 12:51,,,,,,,,,,,,Test,Done
PAYME-1655,3083603,,16.01.2026 12:52,23.01.2026 12:01,Done,Major,,23.01.2026 12:01,,,,,,,,,,,,Test,Done
PAYME-1657,3083615,,16.01.2026 13:11,16.01.2026 13:20,Done,Major,,16.01.2026 13:20,,,,,,,,,,,,Test,Done
PAYME-1658,3083625,,16.01.2026 13:21,16.01.2026 13:23,Done,Major,,19.01.2026 12:48,,,,,,,,,,,,Test,Done
PAYME-1659,3083628,,16.01.2026 13:24,16.01.2026 14:17,Done,Major,,19.01.2026 12:54,,,,,,,,,,,,Test,Done
PAYME-1660,3083677,,16.01.2026 14:18,16.01.2026 14:24,Done,Major,,19.01.2026 12:53,,,,,,,,,,,,Test,Done
PAYME-1661,3083802,,16.01.2026 14:20,16.01.2026 14:21,Done,Major,,16.01.2026 14:21,,,,,,,,,,,,Test,Done
PAYME-1662,3083683,,16.01.2026 14:28,16.01.2026 14:40,Done,Major,,16.01.2026 14:40,,,,,,,,,,,,Test,Done
PAYME-1664,3083692,,16.01.2026 14:41,23.01.2026 12:02,Done,Major,,23.01.2026 12:02,,,,,,,,,,,,Test,Done
PAYME-1134,2720169,,24.03.2025 14:15,11.06.2025 14:19,Done,Major,,16.01.2026 16:24,BPAY PI 2025:2.4-BPAY - ChillP,BPAY PI 2025:2.5-BPAY - ChillP,,,,,,,,,,Story,Done
PAYME-1667,3084713,,19.01.2026 09:52,19.01.2026 11:57,Done,Major,,19.01.2026 11:57,,,,,,,,,,,,Test,Done
PAYME-1668,3084714,,19.01.2026 09:52,19.01.2026 12:11,Done,Major,,19.01.2026 12:11,,,,,,,,,,,,Test,Done
PAYME-1669,3084715,,19.01.2026 09:53,19.01.2026 12:01,Done,Major,,19.01.2026 12:35,,,,,,,,,,,,Test,Done
PAYME-1670,3084716,,19.01.2026 09:53,23.01.2026 12:03,Done,Major,,23.01.2026 12:03,,,,,,,,,,,,Test,Done
PAYME-1671,3085094,,19.01.2026 12:32,23.01.2026 08:25,Done,Major,,09.02.2026 16:05,BPAY PI 2025:5.4-BPAY - ChillP,,,,,,,,,,2.0,Bug,Done
PAYME-1709,3115058,,30.01.2026 07:26,09.02.2026 13:52,Done,Major,,09.02.2026 16:05,BPAY PI 2026:1.1-BPAY - ChillP,,,,,,,,,,2.0,Bug,Done
PAYME-1710,3115553,,30.01.2026 10:49,10.02.2026 15:48,Done,Major,,10.02.2026 15:48,BPAY PI 2026:1.1-BPAY - ChillP,,,,,,,,,,3.0,Bug,Done
PAYME-1873,3230604,,22.04.2026 08:25,29.04.2026 09:54,Done,Major,,29.04.2026 09:54,BPAY PI 2026:2.1-BPAY - ChillP,BPAY PI 2026:2.2-BPAY - ChillP,,,,,,,,,1.0,Engineering job,Done
PAYME-1869,3118388,,03.02.2026 08:44,27.04.2026 13:36,Done,Major,,27.04.2026 13:36,BPAY PI 2026:2.1-BPAY - ChillP,BPAY PI 2026:2.2-BPAY - ChillP,,,,,,,,,1.0,Bug,Done
PAYME-1855,3203220,,02.04.2026 10:50,28.04.2026 08:00,Done,Major,,28.04.2026 08:00,BPAY PI 2026:2.1-BPAY - ChillP,BPAY PI 2026:2.2-BPAY - ChillP,,,,,,,,,2.0,Engineering job,Done
PAYME-1824,3138985,,18.02.2026 16:16,24.04.2026 10:00,Done,Major,,24.04.2026 10:00,BPAY PI 2026:2.1-BPAY - ChillP,BPAY PI 2026:2.2-BPAY - ChillP,,,,,,,,,3.0,Story,Done
PAYME-1781,3150557,,27.02.2026 13:15,09.04.2026 13:55,Done,Critical,,09.04.2026 13:55,BPAY PI 2026:2.1-BPAY - ChillP,,,,,,,,,,2.0,Story,Done
PAYME-1737,3139275,,19.02.2026 08:12,29.04.2026 07:58,Done,Major,,29.04.2026 08:06,BPAY PI 2026:2.1-BPAY - ChillP,BPAY PI 2026:2.2-BPAY - ChillP,,,,,,,,,8.0,Story,Done
PAYME-1856,3204647,3139275,03.04.2026 11:12,,Done,Major,,15.04.2026 14:58,BPAY PI 2026:2.1-BPAY - ChillP,BPAY PI 2026:2.2-BPAY - ChillP,,,,,,,,,,Sub-task,
PAYME-1857,3204648,3139275,03.04.2026 11:12,,Done,Major,,15.04.2026 14:59,BPAY PI 2026:2.1-BPAY - ChillP,BPAY PI 2026:2.2-BPAY - ChillP,,,,,,,,,,Sub-task,
PAYME-1858,3204649,3139275,03.04.2026 11:12,15.04.2026 14:59,Done,Major,,15.04.2026 14:59,BPAY PI 2026:2.1-BPAY - ChillP,BPAY PI 2026:2.2-BPAY - ChillP,,,,,,,,,,Sub-task,Done
PAYME-1827,3147491,,26.02.2026 07:46,27.04.2026 12:47,Done,Major,,27.04.2026 12:47,BPAY PI 2026:2.1-BPAY - ChillP,BPAY PI 2026:2.2-BPAY - ChillP,,,,,,,,,5.0,Story,Done
PAYME-1825,3152923,,03.03.2026 07:44,28.04.2026 15:25,Done,Major,,28.04.2026 15:25,BPAY PI 2026:2.1-BPAY - ChillP,BPAY PI 2026:2.2-BPAY - ChillP,,,,,,,,,8.0,Story,Done
PAYME-1828,3160702,3152923,09.03.2026 11:21,24.04.2026 10:59,Done,Major,,24.04.2026 10:59,BPAY PI 2026:2.1-BPAY - ChillP,BPAY PI 2026:2.2-BPAY - ChillP,,,,,,,,,1.0,Sub-task,Done
PAYME-1841,3196244,,31.03.2026 12:52,24.04.2026 10:52,Done,Major,,24.04.2026 10:52,BPAY PI 2026:2.2-BPAY - ChillP,,,,,,,,,,1.0,Engineering job,Done
PAYME-1860,3205570,,07.04.2026 08:40,09.04.2026 08:53,Done,Major,,09.04.2026 08:57,BPAY PI 2026:2.1-BPAY - ChillP,,,,,,,,,,1.0,Task,Done
PAYME-1865,3214426,,09.04.2026 08:05,09.04.2026 08:53,Done,Major,,09.04.2026 08:53,BPAY PI 2026:2.1-BPAY - ChillP,,,,,,,,,,1.0,Task,Done
PAYME-1746,3140773,,20.02.2026 08:59,23.02.2026 08:03,Done,Major,,23.02.2026 08:06,BPAY PI 2025:5.3-BPAY - ChillP,BPAY PI 2025:5.4-BPAY - ChillP,BPAY PI 2026:1.1-BPAY - ChillP,BPAY PI 2026:1.2-BPAY - ChillP,,,,,,,1.0,Bug,Done
PAYME-1859,3144617,,24.02.2026 10:01,,Done,Major,,15.04.2026 14:59,BPAY PI 2026:2.1-BPAY - ChillP,,,,,,,,,,,Story,
PAYME-1823,3147492,,26.02.2026 07:47,22.04.2026 13:56,Done,Major,,22.04.2026 13:56,BPAY PI 2026:2.1-BPAY - ChillP,,,,,,,,,,3.0,Story,Done
PAYME-1826,3152920,,03.03.2026 07:39,27.04.2026 12:40,Done,Major,,27.04.2026 12:40,BPAY PI 2026:2.1-BPAY - ChillP,BPAY PI 2026:2.2-BPAY - ChillP,,,,,,,,,5.0,Story,Done
PAYME-1822,3159914,,09.03.2026 07:48,13.04.2026 12:48,Done,Major,,13.04.2026 12:48,BPAY PI 2026:2.1-BPAY - ChillP,,,,,,,,,,1.0,Story,Done
PAYME-1796,3099628,,26.01.2026 15:11,10.04.2026 13:35,Done,Major,,10.04.2026 13:35,BPAY PI 2026:1.4-BPAY - ChillP,BPAY PI 2026:2.1-BPAY - ChillP,,,,,,,,,1.0,Story,Done
PAYME-1835,3190390,3099628,27.03.2026 12:55,10.04.2026 13:35,Done,Major,,10.04.2026 13:35,BPAY PI 2026:1.4-BPAY - ChillP,BPAY PI 2026:2.1-BPAY - ChillP,,,,,,,,,1.0,Sub-task,Done
PAYME-1805,3157528,,05.03.2026 13:59,17.03.2026 07:24,Done,Major,,19.03.2026 13:32,BPAY PI 2026:1.4-BPAY - ChillP,,,,,,,,,,2.0,Production bug,Done
PAYME-1808,3157544,,05.03.2026 14:05,18.03.2026 11:51,Done,Major,,19.03.2026 13:32,BPAY PI 2026:1.4-BPAY - ChillP,,,,,,,,,,2.0,Production bug,Done
PAYME-1800,3160761,,09.03.2026 12:56,12.03.2026 13:03,Done,Major,,12.03.2026 13:03,,,,,,,,,,,,Story,Done
PAYME-1811,3170908,,16.03.2026 09:54,16.03.2026 14:59,Done,Major,,17.03.2026 13:08,BPAY PI 2026:1.4-BPAY - ChillP,,,,,,,,,,1.0,Story,Done
PAYME-1818,3173345,,17.03.2026 13:58,20.03.2026 10:32,Done,Blocker,,23.03.2026 09:54,BPAY PI 2026:1.4-BPAY - ChillP,,,,,,,,,,2.0,Bug,Done
PAYME-1815,3173528,,17.03.2026 14:48,19.03.2026 08:53,Done,Major,,19.03.2026 08:53,BPAY PI 2026:1.4-BPAY - ChillP,,,,,,,,,,3.0,Story,Done
PAYME-1816,3173696,,17.03.2026 15:59,19.03.2026 10:07,Done,Major,,19.03.2026 13:32,BPAY PI 2026:1.4-BPAY - ChillP,,,,,,,,,,2.0,Production bug,Done
PAYME-1804,3156173,,04.03.2026 16:08,30.03.2026 16:19,Done,Major,,09.04.2026 08:04,BPAY PI 2026:1.4-BPAY - ChillP,BPAY PI 2026:2.1-BPAY - ChillP,,,,,,,,,5.0,Story,Done
PAYME-1747,3141166,,20.02.2026 10:42,30.03.2026 13:19,Done,Critical,,09.04.2026 08:04,BPAY PI 2026:1.4-BPAY - ChillP,,,,,,,,,,5.0,Story,Done
PAYME-1801,3162948,3141166,10.03.2026 15:46,30.03.2026 09:34,Done,Major,,30.03.2026 09:34,BPAY PI 2026:1.4-BPAY - ChillP,,,,,,,,,,3.0,Sub-task,Done
PAYME-1802,3162949,3141166,10.03.2026 15:47,27.03.2026 14:25,Done,Major,,27.03.2026 14:25,BPAY PI 2026:1.4-BPAY - ChillP,,,,,,,,,,2.0,Sub-task,Done
PAYME-1803,3162950,3141166,10.03.2026 15:47,30.03.2026 13:19,Done,Major,,09.04.2026 08:04,BPAY PI 2026:1.4-BPAY - ChillP,,,,,,,,,,,Sub-task,Done
PAYME-1794,3117590,,02.02.2026 13:44,15.04.2026 15:44,Done,Major,,15.04.2026 15:44,BPAY PI 2026:1.4-BPAY - ChillP,BPAY PI 2026:2.1-BPAY - ChillP,,,,,,,,,5.0,Story,Done
PAYME-1839,3192722,,30.03.2026 13:13,13.04.2026 14:15,Done,Major,,13.04.2026 14:15,BPAY PI 2026:2.1-BPAY - ChillP,,,,,,,,,,2.0,Production bug,Done
PAYME-1821,3117840,,02.02.2026 14:19,16.04.2026 07:10,Done,Major,,16.04.2026 07:10,BPAY PI 2026:1.4-BPAY - ChillP,BPAY PI 2026:2.1-BPAY - ChillP,,,,,,,,,5.0,Story,Done
PAYME-1842,3196251,3117840,31.03.2026 12:53,15.04.2026 11:58,Done,Major,,15.04.2026 15:35,BPAY PI 2026:1.4-BPAY - ChillP,BPAY PI 2026:2.1-BPAY - ChillP,,,,,,,,,2.0,Sub-task,Done
PAYME-1843,3196252,3117840,31.03.2026 12:53,10.04.2026 15:26,Done,Major,,10.04.2026 15:26,BPAY PI 2026:1.4-BPAY - ChillP,BPAY PI 2026:2.1-BPAY - ChillP,,,,,,,,,,Sub-task,Done
PAYME-1844,3196255,3117840,31.03.2026 12:54,15.04.2026 16:07,Done,Major,,15.04.2026 16:07,BPAY PI 2026:1.4-BPAY - ChillP,BPAY PI 2026:2.1-BPAY - ChillP,,,,,,,,,,Sub-task,Done
PAYME-1845,3196259,3117840,31.03.2026 12:55,15.04.2026 15:35,Done,Major,,15.04.2026 15:35,BPAY PI 2026:1.4-BPAY - ChillP,BPAY PI 2026:2.1-BPAY - ChillP,,,,,,,,,,Sub-task,Done
PAYME-1846,3196260,3117840,31.03.2026 12:55,15.04.2026 16:08,Done,Major,,15.04.2026 16:08,BPAY PI 2026:1.4-BPAY - ChillP,BPAY PI 2026:2.1-BPAY - ChillP,,,,,,,,,,Sub-task,Done
PAYME-1820,3122870,,05.02.2026 13:33,24.04.2026 12:29,Done,Major,,24.04.2026 12:29,BPAY PI 2026:2.1-BPAY - ChillP,BPAY PI 2026:2.2-BPAY - ChillP,,,,,,,,,5.0,Story,Done
PAYME-1735,3138984,,18.02.2026 16:15,27.04.2026 13:22,Done,Major,,27.04.2026 13:22,BPAY PI 2026:2.1-BPAY - ChillP,BPAY PI 2026:2.2-BPAY - ChillP,,,,,,,,,2.0,Story,Done
PAYME-1829,3184243,,24.03.2026 15:08,08.04.2026 13:11,Done,Major,,08.04.2026 13:11,BPAY PI 2026:1.4-BPAY - ChillP,BPAY PI 2026:2.1-BPAY - ChillP,,,,,,,,,3.0,Story,Done
PAYME-1712,3117277,,02.02.2026 11:13,02.04.2026 08:30,Done,Major,,02.04.2026 08:30,BPAY PI 2026:1.1-BPAY - ChillP,BPAY PI 2026:1.2-BPAY - ChillP,BPAY PI 2026:1.3-BPAY - ChillP,BPAY PI 2026:1.4-BPAY - ChillP,BPAY PI 2026:2.1-BPAY - ChillP,,,,,,1.0,Story,Done
PAYME-1678,3020577,,17.11.2025 11:03,01.04.2026 08:28,Done,Major,,07.04.2026 15:36,BPAY PI 2026:1.4-BPAY - ChillP,BPAY PI 2026:2.1-BPAY - ChillP,,,,,,,,,1.0,Story,Done
PAYME-1704,3025895,3002052,18.11.2025 21:46,24.03.2026 13:38,Done,Major,,24.03.2026 13:38,BPAY PI 2026:1.4-BPAY - ChillP,BPAY PI 2026:2.3-BPAY - ChillP,,,,,,,,,1.0,Sub-task,Done
PAYME-1705,3025896,3002052,18.11.2025 21:47,23.03.2026 11:28,Done,Major,,23.03.2026 11:28,BPAY PI 2026:1.4-BPAY - ChillP,BPAY PI 2026:2.3-BPAY - ChillP,,,,,,,,,1.0,Sub-task,Done
PAYME-1706,3025897,3002052,18.11.2025 21:48,12.03.2026 11:06,Done,Major,,12.03.2026 11:06,BPAY PI 2026:1.4-BPAY - ChillP,BPAY PI 2026:2.3-BPAY - ChillP,,,,,,,,,,Sub-task,Done
PAYME-1848,3194600,,31.03.2026 09:10,09.04.2026 09:32,Done,Major,,09.04.2026 09:32,BPAY PI 2026:2.1-BPAY - ChillP,,,,,,,,,,0.0,Story,Done
PAYME-1850,3194601,,31.03.2026 09:10,09.04.2026 09:34,Done,Major,,09.04.2026 09:34,BPAY PI 2026:2.1-BPAY - ChillP,,,,,,,,,,0.0,Story,Done
PAYME-1852,3194602,,31.03.2026 09:10,09.04.2026 10:00,Done,Major,,09.04.2026 10:00,BPAY PI 2026:2.1-BPAY - ChillP,,,,,,,,,,0.0,Story,Done
PAYME-1847,3194608,,31.03.2026 09:12,13.04.2026 13:45,Done,Major,,13.04.2026 13:45,BPAY PI 2026:2.1-BPAY - ChillP,,,,,,,,,,1.0,Story,Done
PAYME-1868,3214898,,09.04.2026 10:20,15.04.2026 11:52,Done,Major,,15.04.2026 11:52,BPAY PI 2026:2.1-BPAY - ChillP,,,,,,,,,,2.0,Bug,Done
PAYME-1602,3057445,,15.12.2025 10:01,31.03.2026 12:38,Done,Major,,28.04.2026 12:07,BPAY PI 2025:5.4-BPAY - ChillP,BPAY PI 2026:1.3-BPAY - ChillP,BPAY PI 2026:1.4-BPAY - ChillP,BPAY PI 2026:2.2-BPAY - ChillP,,,,,,,,Story,Done
PAYME-1874,3232285,,23.04.2026 09:47,23.04.2026 13:15,Done,Critical,,23.04.2026 13:15,,,,,,,,,,,1.0,Production bug,Done
PAYME-1879,3234263,,24.04.2026 12:24,24.04.2026 14:03,Done,Major,,24.04.2026 14:03,BPAY PI 2026:2.2-BPAY - ChillP,,,,,,,,,,1.0,Engineering job,Done
PAYME-1882,3235907,,27.04.2026 10:35,27.04.2026 10:35,Done,Major,,27.04.2026 10:35,,,,,,,,,,,,Sub-task,Done
PAYME-1883,3235914,,27.04.2026 10:38,27.04.2026 10:38,Done,Major,,27.04.2026 10:38,,,,,,,,,,,,Bug Sub-Task,Done
PAYME-1001,2624346,,15.01.2025 13:35,,Open,Major,,11.12.2025 15:56,BPAY PI 2025:1.4-BPAY - ChillP,,,,,,,,,,8.0,Story,
PAYME-1347,2897535,,26.08.2025 12:30,,Open,Major,,26.08.2025 12:30,,,,,,,,,,,,Bug Sub-Task,
PAYME-1554,3022241,,18.11.2025 08:28,,Open,Major,,13.01.2026 10:04,,,,,,,,,,,1.0,Story,
PAYME-1555,3022243,,18.11.2025 08:29,,Open,Major,,13.01.2026 10:06,,,,,,,,,,,5.0,Story,
PAYME-1702,3002052,,07.11.2025 09:04,,Open,Major,,31.03.2026 14:27,BPAY PI 2026:1.4-BPAY - ChillP,BPAY PI 2026:2.3-BPAY - ChillP,,,,,,,,,,Story,
PAYME-1887,3236524,,27.04.2026 13:04,,Open,Major,,27.04.2026 13:08,,,,,,,,,,,,Story,
