Type,Key,Summary,Resolution Date,Open,Investigation,Ready for Refinement,Backlog,Reopened,On Hold,Refined,In Development,Ready for test,In Testing,Waiting for acceptance,In Progress,Done,Abandoned,,,,
,,Average time taken (from table),,776.54h,382.42h,363.74h,371.12h,613.38h,112.16h,128.13h,201.00h,89.64h,76.05h,19.74h,247.72h,4639.95h,5008.35h,,,,
,CALLS-1623,Create Configuration Items for Zabbix application hosts,,139.05h,,,,,,,,,,,,,,,,,
,CALLS-1622,FLM - Spring Boot 4 Migration,,142.32h,,,,,,,,,,,,,,,,,
,CALLS-1621,update Kafka topic that provides payment order status updates to Batch Handler,,0.00h,186.45h,1.17h,,,,,,,,,,,,,,,
,CALLS-1618,Update change type for DLT reprocess job in spacetime management,,192.17h,,,,,,,,,,,,,,,,,
,CALLS-1616,SQL Server health alerting and notifications,,90.77h,48.12h,0.02h,,,,144.88h,,,,,,,,,,,
,CALLS-1615,Add SQL Server metrics to Grafana dashboards,,121.77h,,47.87h,,,,24.77h,120.37h,,,,,,,,,,
,CALLS-1614,Switch on alerts for prod,,330.20h,,,,,,,,,,,,,,,,,
,CALLS-1613,Adjust the DMN table to ensure proper ISO code resolution when setting the CANC code,4/24/26,147.87h,,0.00h,,,,0.00h,67.40h,0.00h,0.00h,,,120.72h,,,,,
,CALLS-1611,Setup JenkinsFileProd for applications,,359.88h,,,,,,,,,,,,,,,,,
,CALLS-1608,[FLM] Incorrect reverting of Daily/Monthy limits,,0.00h,,433.97h,,,,0.00h,,0.00h,22.43h,,,,,,,,
,CALLS-1607,[FLM] Include checkIfHeaderFinalized for delegate SendMessagePOValidationResultFromNotHappyPath,4/15/26,0.35h,,18.35h,,,,0.00h,5.82h,66.42h,52.53h,,,333.02h,,,,,
,CALLS-1606,[FLM] Combine multiple log lines into one for Validate and Enrich delegate,4/9/26,0.00h,,1.93h,,,,0.00h,17.20h,0.30h,0.02h,,,480.28h,,,,,
,CALLS-1605,"Include default user, group into initial DB installation",4/8/26,0.02h,,0.00h,,,,0.00h,3.13h,0.00h,0.00h,,,503.65h,,,,,
,CALLS-1604,[FLM] Some Camunda Engine log entries in Grafana do not have trace_id,4/13/26,18.20h,,6.17h,,,,0.00h,112.90h,3.10h,0.00h,,,381.78h,,,,,
,CALLS-1600,Alert when 'Unauthorized' error appears in admin app,,671.90h,,,,,,,,,,,,,,,,,
,CALLS-1599,Monitor API calls,4/1/26,0.87h,,,,,,,,,,,,,671.97h,,,,
,CALLS-1598,Add alerts for certificate expiration,4/16/26,340.33h,,0.00h,,,,0.00h,18.57h,0.00h,0.00h,,,314.03h,,,,,
,CALLS-1597,Monitor technical duplicates at entry point,4/1/26,1.38h,,,,,,,,,,,,,671.97h,,,,
,CALLS-1596,[FLM] Slow performance of FLM in Azure calling APIs,,0.23h,,4.63h,,,,441.63h,,76.68h,150.35h,,,,,,,,
,CALLS-1595,Preparation for production readiness meeting with Andromeda team,,673.65h,,,,,,,,,,,,,,,,,
,CALLS-1594,1. [BH] Update the Payment Order Kafka topic,4/2/26,24.97h,,,,,,,,,,,,,648.85h,,,,
,CALLS-1593,[Investigate] Implement Log storing policy for Flow Manager,,673.85h,,,,,,,,,,,,,,,,,
,CALLS-1601,CVUL0074714,4/21/26,383.03h,120.00h,0.00h,,,,,,,,,,194.45h,,,,,
,CALLS-1591,[FLM] Slow performance of FLM entrypoint in Azure reading from kafka,,1.90h,,27.57h,,,,668.97h,,,,,,,,,,,
,CALLS-1590,[FLM | Use gateway limits] Internal sever error,,0.10h,,332.55h,,,,332.93h,,0.00h,51.45h,,,,,,,,
,CALLS-1589,Migrate FLM kafka pipelines to GHA,4/27/26,0.05h,,47.97h,,,,143.48h,241.43h,245.25h,,,,43.60h,,,,,
,CALLS-1587,Payment total processing time monitoring,,790.27h,,,,,,,,,,,,,,,,,
,CALLS-1586,Monitoring of external application response,,597.20h,47.83h,0.07h,,,,119.27h,25.90h,,,,,,,,,,
,CALLS-1585,Kafka Consumer Lag,,765.60h,,0.02h,,,,5.92h,18.97h,,,,,,,,,,
,CALLS-1583,Cleanup logged information in java delegates and script tasks,,810.10h,,,,,,,,,,,,,,,,,
,CALLS-1582,ensure Camunda Engine work distribution between VOP task and other processes,,0.03h,,810.67h,,,,,,,,,,,,,,,
,CALLS-1581,[FLM] | FPO SPOs with disabled currency - BGN are validated and processed through,4/23/26,668.82h,,,,,,,,,,,,145.70h,,,,,
,CALLS-1580,Introduce Flow Manager functionality for Maintenance team,,815.52h,,,,,,,,,,,,,,,,,
,CALLS-1579,"[Camunda admin] In Maintenance tab, not possible to send more than 2100 PI for Retry",4/15/26,0.00h,,30.03h,,,,312.05h,1.10h,87.80h,48.55h,,,337.27h,,,,,
,CALLS-1592,Callisto team: E2E test & bug-fix of new processing flow for signed SGW files,,2.68h,,834.12h,,,,,,,,,,,,,,,
,CALLS-1578,make adjustments to singlePaymentOrderDefinition to encapsulate Verification of Payee,,161.68h,194.82h,501.53h,,,,,,,,,,,,,,,
,CALLS-1576,Remove Openshift configurations for SSO,,883.02h,,,,,,,,,,,,,,,,,
,CALLS-1575,[FLM] pain.001 MsgID is not saved,,65.57h,407.83h,0.02h,,,,481.30h,,,,,,,,,,,
,CALLS-1574,[FLM | Enrich customer data] Debtor internal name missing,3/26/26,65.37h,0.00h,2.87h,,,,0.00h,5.12h,64.27h,0.88h,,,816.80h,,,,,
,CALLS-1572,Add transaction date and number in debit-event for snapshot service,3/20/26,0.00h,,0.00h,,,,0.00h,0.77h,0.00h,0.00h,,,957.10h,,,,,
,CALLS-1571,Introduce priority processing for massPaymentHeaderDefinition Jobs,3/20/26,0.00h,,0.93h,,,,0.00h,1.23h,1.15h,1.42h,,,954.82h,,,,,
,CALLS-1570,"set VOP status for Intrabank, foreign and urgent payments",,0.95h,477.63h,501.03h,,,,,,,,,,,,,,,
,CALLS-1569,Test IBM guardium setup on Test environment and define monitoring rule,,116.27h,47.67h,1.20h,,,,214.08h,602.05h,,,,,,,,,,
,CALLS-1568,Move FLM tests environment to Azure,3/24/26,0.00h,,0.02h,,,,120.48h,2.37h,0.00h,0.00h,,,861.18h,,,,,
,CALLS-1567,modify trigger on DP table to broadcast SGW payments only to BPAYStream app,3/30/26,0.22h,0.00h,0.48h,,,,1.65h,21.03h,1.93h,243.47h,,,716.13h,,,,,
,CALLS-1565,[DB] Adjust Liquibase install scripts for prod context,3/25/26,18.77h,,0.02h,,,,25.32h,118.13h,0.00h,0.03h,,,840.63h,,,,,
,CALLS-1564,Implement possibility for Payment flow manager to use Notification Center API,,1010.05h,,,,,,,,,,,,,,,,,
,CALLS-1563,[FLM | Decide on payment priority and out_channel_code] Exception while closing command context,3/26/26,0.00h,,20.30h,,,,0.00h,50.20h,113.23h,22.70h,,,817.72h,,,,,
,CALLS-1562,Register FLM to be added to NC whitelist (API),,1024.85h,,,,,,,,,,,,,,,,,
,CALLS-1560,implement logging of user actions in Camunda GUI,,0.00h,,1032.47h,,,,,,,,,,,,,,,
,CALLS-1559,[FLM] Payment is not updated in DP after it is cancelled in FLM not passing gateway limits check,3/18/26,0.07h,,17.70h,,,,6.45h,,16.07h,5.20h,,,1004.67h,,,,,
,CALLS-1558,"Data mapping and error handling for ""verification of payee"" service task in singlePaymentOrderDefinition",,77.67h,448.30h,530.37h,,,,,,,,,,,,,,,
,CALLS-1557,Onboard Flow Manager to Verification of Payee service,,71.30h,,985.05h,,,,,,,,,,,,,,,
,CALLS-1556,Order access rights via SAML on prod,,831.77h,,0.03h,,,,313.05h,,,,,,,,,,,
,CALLS-1555,Create modules for flow manager library,3/16/26,0.00h,,0.00h,,,,22.47h,71.95h,0.00h,0.00h,,,1054.03h,,,,,
,CALLS-1554,gracefully finalize running process instances for maintenance needs,,406.13h,,813.47h,,,,,,,,,,,,,,,
,CALLS-1553,"[FLM | Resolve ISO status] Broadcast final status fails - Expected 'Number', got 'STRING'",3/9/26,0.08h,,2.10h,,,,,,,,,,,1218.35h,,,,
,CALLS-1551,[FLM] Use String instead of BigDecimal for variables in Camunda,3/20/26,0.00h,47.85h,94.73h,,,,97.53h,23.42h,69.90h,2.48h,,,959.05h,,,,,
,CALLS-1550,Canceling future FPO in Forms Teller raises incident in FLM,3/10/26,0.97h,,2.90h,,,,0.00h,,69.02h,28.48h,,,1194.48h,,,,,
,CALLS-1548,[FLM] Split insert/select counting Java Delegates by hardcoded event name,3/25/26,0.00h,,114.17h,,,,77.30h,95.93h,0.00h,189.38h,,,837.77h,,,,,
,CALLS-1547,Integrate reprocessing DLT into spacetime management,4/28/26,0.03h,,451.95h,,,,1.93h,747.47h,68.38h,21.87h,,,24.63h,,,,,
,CALLS-1546,[FLM] Output counting variables only when count matches,3/6/26,0.00h,,0.48h,,,,0.00h,2.40h,16.42h,0.00h,,,1297.07h,,,,,
,CALLS-1545,[DB] Add new permissions as a script to authorization management,3/6/26,0.58h,,0.00h,,,,0.00h,22.20h,0.00h,0.00h,,,1293.82h,,,,,
,CALLS-1544,Cleanup execution metrics from ACT_RU_METER_LOG,,1321.60h,,,,,,,,,,,,,,,,,
,CALLS-1543,Remove indexes from History tables (1),3/9/26,18.62h,,0.43h,,,,0.12h,94.57h,0.00h,0.13h,,,1224.22h,,,,,
,CALLS-1542,[placeholder] Monitor/alert for Kafka DLT topics,,1318.73h,,0.08h,,,,24.82h,,,,,,,,,,,
,CALLS-1541,[FLM Entrypoint] implement idempotency check for new Payment Order,4/20/26,4.72h,,19.10h,,,,119.68h,818.10h,49.20h,119.38h,,,213.45h,,,,,
,CALLS-1538,Move application context to common lib,3/5/26,0.05h,,45.65h,,,,0.00h,0.00h,1.18h,0.00h,,,1319.13h,,,,,
,CALLS-1537,Create custom logger for usage in script tasks,3/6/26,0.08h,,28.95h,,,,0.00h,42.60h,0.10h,0.00h,,,1294.32h,,,,,
,CALLS-1536,Move complex script tasks to java delegates,3/26/26,0.15h,,338.17h,,,,0.02h,25.70h,0.63h,189.68h,,,811.77h,,,,,
,CALLS-1535,Create a component for cancellation script tasks,3/5/26,0.18h,,0.00h,,,,0.00h,28.83h,15.55h,0.00h,,,1321.60h,,,,,
,CALLS-1529,modify trigger on DP table to broadcast payments to BPAY streaming application,,19.70h,,0.00h,,,,1488.00h,,,,,,,,,,,
,CALLS-1528,"[FLM] Error ""Expected 'Number', got 'STRING'"" while processing mass payment (instdAmt)",2/27/26,0.00h,1.03h,16.68h,,,,0.00h,28.47h,0.22h,2.57h,,,1462.58h,,,,,
,CALLS-1527,[FLM|Entrypoint] Change processVariables to processVariablesToTriggeredScope when sending payment state change,2/25/26,16.18h,,0.00h,,,,0.00h,2.98h,0.02h,3.02h,,,1506.85h,,,,,
,CALLS-1526,"[FLM] Optimize signal event usage in Process definitions, send with variables",2/27/26,0.00h,70.27h,0.00h,,,,0.00h,2.17h,0.00h,0.00h,,,1458.00h,,,,,
,CALLS-1525,[FLM] Status update from core DB not correctly updated in FLM,3/2/26,0.00h,70.15h,0.00h,,,,0.00h,2.33h,69.88h,2.58h,,,1385.53h,,,,,
,CALLS-1524,[FLM] Creditor MIG address validation for domestic payment,2/26/26,45.62h,,,,,,,,,,,,,1488.27h,,,,
,CALLS-1522,[FLM | Validate and Enrich] Creditor MIG address validation address line,3/2/26,69.82h,,0.00h,,,,0.00h,0.67h,2.73h,93.42h,,,1388.13h,,,,,
,CALLS-1521,[FLM] Create an incident when limit usage ID already exists when calling Limits API,,0.00h,,1631.10h,,,,,,,,,,,,,,,
,CALLS-1518,Penetration tests,3/10/26,0.00h,,0.00h,,,,191.13h,268.92h,0.00h,0.00h,,,1193.90h,,,,,
,CALLS-1514,[FLM] Limits service does not return BPMNerror when NOT_FOUND,2/19/26,0.00h,,18.77h,,,,0.95h,20.43h,30.95h,0.58h,,,1651.47h,,,,,
,CALLS-1512,[payment-services] Sometimes error code -2 returned when executing payment,2/20/26,0.00h,,94.30h,,,,28.55h,18.23h,30.42h,0.07h,,,1627.05h,,,,,
,CALLS-1510,Direct Flow manager to payments owned services on openshift cluster,2/19/26,0.00h,,3.15h,,,,0.00h,22.50h,88.72h,49.95h,,,1656.43h,,,,,
,CALLS-1509,Link service accounts with AD groups,3/20/26,794.05h,,0.00h,,,,72.13h,0.18h,0.00h,0.00h,,,959.18h,,,,,
,CALLS-1507,Implement backoff mechanism for History cleanup job,2/19/26,0.90h,,44.40h,,,,120.22h,27.78h,0.00h,20.47h,,,1655.08h,,,,,
,CALLS-1506,[FLM Entrypoint] Reduce errors when processing status updates (singlePaymentOrderCatchStateChange),,0.00h,,213.47h,,,,773.95h,810.93h,17.40h,53.73h,,,,,,,,
,CALLS-1505,[FLM] Implement DB cleaning job for counting table,3/9/26,21.68h,0.32h,360.40h,,,,0.47h,164.88h,24.10h,73.75h,,,1225.00h,,,,,
,CALLS-1504,[FLM | LimitUsage] Limit usage replaces last object in rltdSys list,2/13/26,0.00h,,16.60h,,,,6.80h,45.77h,1.03h,23.80h,,,1795.97h,,,,,
,CALLS-1500,Add application configs,2/17/26,0.05h,,0.00h,,,,10.38h,178.47h,0.00h,0.00h,,,1706.22h,,,,,
,CALLS-1499,Prepare DB scripts,2/9/26,0.23h,,0.00h,,,,0.00h,2.08h,0.00h,0.00h,,,1892.85h,,,,,
,CALLS-1498,Make admin applications session aware (only TEST/PROD env),2/17/26,0.00h,,70.83h,,,,118.13h,,0.00h,0.00h,,,1706.22h,,,,,
,CALLS-1502,[FLM | Entrypoint] Debtor address (not used),2/23/26,0.00h,72.95h,210.72h,,,,0.00h,1.55h,28.53h,94.53h,,,1556.37h,,,,,
,CALLS-1496,Verify and adjust MIG/BH vs PODM array/object conversion,2/17/26,0.08h,1.68h,260.97h,,,,,,,,,,,1704.17h,,,,
,CALLS-1503,[FLM | Entrypoint] Ultimate party residence country (not used),2/18/26,0.00h,94.57h,195.30h,,,,0.00h,16.98h,6.03h,0.00h,,,1673.40h,,,,,
,CALLS-1495,Verify header logging for all JavaDelegate APIs,,0.00h,,1988.03h,,,,,,,,,,,,,,,
,CALLS-1494,Enable Sonar for all flow manager projects,3/2/26,0.07h,,0.00h,,,,168.98h,432.08h,0.05h,0.00h,,,1388.63h,,,,,
,CALLS-1493,Remove payment services performance test page in ibank,2/5/26,2.53h,,16.25h,,,,1.70h,0.00h,0.02h,0.00h,,,1989.95h,,,,,
,CALLS-1492,Alert to notify excessive rebalancing of Kafka consumers,,2010.50h,,,,,,,,,,,,,,,,,
,CALLS-1497,[FLM | Entrypoint] Creditor agent account in correspondent bank (FPO),2/26/26,0.00h,0.78h,306.90h,,,,72.32h,113.60h,35.03h,1.07h,,,1481.57h,,,,,
,CALLS-1491,DB: Create new error code - The whole Mass file will be rejected,2/11/26,166.38h,,,,,,,,,,,,,1847.23h,,,,
,CALLS-1490,Reduce history level (possibly),,478.53h,966.47h,569.33h,,,,,,,,,,,,,,,
,CALLS-1488,[FLM] ERROR thrown in logs when single payment order waiting for Mass header processing,3/19/26,0.00h,,696.52h,,,,103.37h,0.00h,215.65h,15.75h,,,985.58h,,,,,
,CALLS-1487,[Flow Manager] Mass header from BH can not be proceseed,2/4/26,0.00h,,0.03h,,,,0.00h,21.93h,1.95h,0.00h,,,2010.27h,,,,,
,CALLS-1486,Investigate possibility to add retry values in Camunda worker log,,0.00h,,2130.70h,,,,,,,,,,,,,,,
,CALLS-1485,Make application changes,2/10/26,0.00h,,0.00h,,,,0.00h,99.30h,164.58h,0.97h,,,1867.42h,,,,,
,CALLS-1489,DB: Create new error code - Mass payment contains non-domestic payments,,2134.28h,,,,,,,,,,,,,,,,,
,CALLS-1484,Create UNIQUE constraint on ACT_HI_PROCINST table,2/4/26,1.10h,,0.00h,,,,0.00h,118.28h,0.00h,0.00h,,,2016.72h,,,,,
,CALLS-1480,reorder certificates for production,4/20/26,1890.07h,,0.00h,,,,4.28h,19.63h,76.03h,0.00h,,,212.83h,,,,,
,CALLS-1479,Cleanup activity for counting of closed MassPayments Headers,2/11/26,356.82h,,,,,,,,,,,,,1848.10h,,,,
,CALLS-1482,CVUL0076456,2/18/26,533.48h,,,,,,,,,,,,1675.27h,,,,,
,CALLS-1481,CVUL0075096,2/18/26,533.50h,,,,,,,,,,,,1675.27h,,,,,
,CALLS-1478,[Test] Reading messages from Action kafka topic,,1487.85h,0.00h,721.40h,,,,,,,,,,,,,,,
,CALLS-1477,Execute test cases for SGW process in Flow Manager,,401.88h,,0.00h,,,,458.83h,,0.00h,1364.93h,0.00h,,,,,,,
,CALLS-1475,[Flow Manager] - Test Automation Placeholder,,2229.48h,,,,,,,,,,,,,,,,,
,CALLS-1471,[Flow Manager] - Test Automation Placeholder,,2303.82h,,,,,,,,,,,,,,,,,
,CALLS-1470,[SQL] Create SGW agreements and limits for payments test users,2/5/26,0.00h,,0.00h,,,,0.00h,310.73h,0.00h,18.02h,,,1993.50h,,,,,
,CALLS-1483,Preserve payment list sorting order on page reload,2/2/26,0.22h,,262.88h,,,,0.00h,,0.00h,0.30h,,,2063.10h,,,,,
,CALLS-1469,[Flowmanager] - Payment Information MIG rules testing - payment status & priority,,2346.70h,,,,,,,,,,,,,,,,,
,CALLS-1468,Refactor PaymentHeaderTotalsVerification delegate - save variables in different contexts,2/4/26,0.00h,,17.55h,,,,0.00h,239.47h,76.27h,1.72h,,,2013.23h,,,,,
,CALLS-1467,Re-order test flow manager certificate to include azure zone,1/29/26,0.35h,,0.42h,,,,0.00h,189.53h,6.98h,0.00h,,,2153.20h,,,,,
,CALLS-1464,ensure technical duplicates catching with the same business key,2/4/26,0.38h,193.92h,0.00h,,,,44.45h,119.53h,0.87h,0.10h,,,2015.70h,,,,,
,CALLS-1462,[FlowManager] json can not be parsed when Creditor prvtId Othr is added,2/4/26,0.00h,,195.68h,,,,17.68h,128.45h,0.30h,22.73h,,,2011.50h,,,,,
,CALLS-1461,define test cases for Validation and Enrichment of Payment Order,,2394.37h,,,,,,,,,,,,,,,,,
,CALLS-1456,FLM orchestration impact to current SQL monitoring,,2495.78h,,,,,,,,,,,,,,,,,
,CALLS-1455,[STAR] Cancel future date payment (FLM),2/19/26,0.00h,0.73h,474.62h,,,,142.23h,4.27h,208.90h,30.78h,,,1652.98h,,,,,
,CALLS-1454,[FLM Entrypoint] make adjustments to reflect changed name of Kafka schema from BpayStream app,2/13/26,528.72h,,0.00h,,,,0.48h,0.82h,96.22h,98.78h,,,1795.97h,,,,,
Production bug,CALLS-1459,RTGS payment with 'AnyBIC' Party_ID_type fails to validate,2/2/26,0.00h,,75.23h,,,,0.68h,63.82h,102.23h,238.00h,,,2060.23h,,,,,
,CALLS-1453,Set-up environments in Skyvault - Linux Dev and Gate,,47.72h,,0.00h,,,,0.00h,2495.72h,,,,,,,,,,
Production bug,CALLS-1457,Payment in repeater is processed by two nodes simultaneously,1/19/26,0.10h,,51.33h,,,,0.00h,1.23h,19.40h,74.63h,,,2396.80h,,,,,
,CALLS-1452,"SEPA- RT1 (Instant) regression testing on Skyvault in EE, LV,LT [26-30.01.2026]",3/19/26,313.55h,,548.43h,,,,697.75h,,,,,,,983.85h,,,,
,CALLS-1451,"SEPA- STEP2 (Normal- Clearing cycles) regression testing on Skyvault in EE, LV,LT [26-30.01.2026]",3/19/26,311.33h,0.00h,550.67h,,,,697.75h,,,,,,,983.85h,,,,
,CALLS-1450,[Forms Teller] Electronical payments (FLM) - status correction,4/6/26,0.00h,,1745.85h,,,,28.27h,65.23h,5.05h,169.38h,,,548.17h,,,,,
,CALLS-1449,create technical test cases for Process definitions,3/26/26,936.97h,815.05h,0.00h,,,,0.00h,,,,0.00h,,815.72h,,,,,
,CALLS-1448,create technical test cases to cover,1/15/26,71.18h,,,,,,,,,,,,,2496.58h,,,,
,CALLS-1447,Monitor all Camunda incidents,,2568.67h,,,,,,,,,,,,,,,,,
,CALLS-1460,"[iBank Business] Possible to initiated instant payment, when its switched off",1/29/26,0.62h,,193.57h,,,,0.00h,0.00h,168.97h,142.98h,,,2156.18h,,,,,
,CALLS-1446,"Data mapping and error handling for ""Broadcast MASS header status"" service task in massPaymentHeaderDefinition",1/17/26,0.00h,4.58h,19.72h,,,,29.33h,119.97h,46.08h,25.85h,,,2442.78h,,,,,
,CALLS-1444,Configure massPaymentHeaderDefinition to process iBank initiated batch payments,,24.82h,2689.17h,0.00h,,,,0.00h,0.00h,0.00h,,,,,,,,,
,CALLS-1443,Configure singlePaymentOrderDefinition to process iBank initiated batch payments,,24.82h,2689.18h,,,,,,,,,,,,,,,,
,CALLS-1442,Collect information for Dashboard about all BPMN errors (and Alert on selected ones),,2417.75h,,0.00h,,,,173.95h,138.53h,,,,,,,,,,
Production bug,CALLS-1445,"Payment can be signed from Smart form, if daily limit is exceeded",1/8/26,0.05h,,26.62h,,,,0.05h,20.10h,19.33h,2.83h,,,2663.65h,,,,,
,CALLS-1441,Enhance record counting for header with currency,1/7/26,0.07h,,113.07h,,,,,,,,,,,2688.53h,,,,
,CALLS-1465,[Flowmanager] Create basis for flow manager automated tests,1/7/26,,,,0.00h,,,,,,,,171.22h,2684.95h,,,,,
,CALLS-1440,[FlowManager] json can not be parsed when rgltryRptg added,2/10/26,0.00h,,840.65h,,,,20.83h,110.62h,11.70h,23.13h,,,1868.25h,,,,,
Production bug,CALLS-1458,Cannot search for payments by account number,1/29/26,666.30h,,0.03h,,,,176.20h,141.23h,1.15h,0.00h,,,2154.78h,,,,,
,CALLS-1439,"pain.001 V09 EE, LV - creditor address handling in domestic payment",12/22/25,0.37h,,0.27h,,,,25.40h,1.20h,2.68h,67.73h,,,3071.42h,,,,,
,CALLS-1438,"Data mapping and error handling for ""Revert used limit"" service task in massPaymentHeader process definition",2/19/26,0.00h,117.77h,575.07h,,,,3.87h,95.20h,600.07h,142.32h,,,1654.63h,,,,,
,CALLS-1437,Create Java delegate to identify if future execution date and set datetime in UTC,2/12/26,0.00h,,25.17h,,,,450.80h,81.28h,0.23h,0.17h,,,2635.82h,,,,,
,CALLS-1436,Monitor all BPMN errors,4/1/26,2538.85h,,,,,,,,,,,,,673.20h,,,,
,CALLS-1434,Setup user authorization groups in prod,,2.58h,0.72h,2899.28h,,,,312.90h,,,,,,,,,,,
,CALLS-1433,Improve archiving process for better utilization of partitions,12/17/25,0.00h,,0.00h,,,,0.00h,28.53h,0.00h,0.00h,,,3186.97h,,,,,
,CALLS-1432,"Data mapping and error handling for ""Calculate foreign exchange (FX)"" service task in massPaymentHeader process definition",1/19/26,0.05h,,0.83h,,,,32.65h,507.07h,75.05h,125.80h,,,2474.60h,,,,,
,CALLS-1431,Refactor Java delegates to be used in two definitions,12/18/25,0.00h,,23.42h,,,,3.88h,1.38h,20.82h,21.60h,,,3167.68h,,,,,
,CALLS-1430,"Data mapping and error handling for ""Use Gateway limits"" service task in massPaymentHeader process definition",3/3/26,0.10h,,91.67h,,,,717.47h,295.10h,452.33h,380.73h,,,1369.28h,,,,,
,CALLS-1429,Rename header total and largest amount fields in PaymentHeaderTotalsVerification delegate,12/18/25,0.00h,,91.80h,,,,3.75h,1.38h,20.80h,21.73h,,,3167.55h,,,,,
,CALLS-1428,Prepare script for user group setup in DB,1/12/26,769.77h,,0.00h,,,,0.00h,2.92h,0.00h,0.00h,,,2563.13h,,,,,
,CALLS-1427,Create service limitation API Java Delegate for SALAHeader (MASS) process definition,1/14/26,0.00h,,18.00h,,,,123.90h,114.87h,72.20h,23.18h,,,3002.03h,,,,,
,CALLS-1426,Move BPMN cancellation script task functionality to JavaDelegate,1/7/26,0.00h,,4.43h,,,,0.00h,145.83h,164.20h,356.73h,,,2688.28h,,,,,
,CALLS-1425,Remittance information (unstructured) MIG rules testing,3/3/26,29.03h,,0.00h,,,,0.00h,,1961.62h,,,,,1369.23h,,,,
,CALLS-1424,Remittance information (Structured) MIG rules testing,3/3/26,29.07h,,0.00h,,,,0.00h,,1961.60h,,,,,1369.25h,,,,
,CALLS-1423,Regulatory reporting MIG rules testing,3/4/26,29.20h,,0.00h,,,,0.00h,,1773.73h,221.18h,,,1335.95h,,,,,
,CALLS-1422,Creditor MIG rules testing,3/13/26,29.22h,,0.00h,,,,0.00h,,17.77h,2190.18h,,,1122.88h,,,,,
,CALLS-1421,Creditor agent MIG rules testing,3/17/26,29.22h,,0.00h,,,,0.00h,,888.22h,1416.73h,,,1025.90h,,,,,
,CALLS-1420,Intermediary agent1 MIG rules testing,2/20/26,29.23h,,0.00h,,,,0.00h,,1290.02h,413.78h,,,1627.05h,,,,,
,CALLS-1419,Ultimate Creditor MIG rules testing,1/19/26,29.25h,,0.00h,,,,0.00h,,665.77h,271.13h,,,2393.97h,,,,,
,CALLS-1418,Ultimate Debtor MIG rules testing,1/16/26,29.28h,,0.00h,,,,0.00h,,452.70h,406.88h,,,2471.28h,,,,,
,CALLS-1417,Debtor MIG rules testing,2/12/26,29.30h,,0.00h,,,,0.00h,,0.37h,1506.18h,,,1824.30h,,,,,
,CALLS-1416,Payment Information MIG rules testing,2/18/26,29.38h,,0.00h,,,,0.00h,,230.87h,1421.42h,,,1678.60h,,,,,
,CALLS-1415,Request and response logging for Entrypoint applications,12/11/25,0.00h,,0.03h,,,,0.02h,21.92h,44.38h,6.55h,,,3330.92h,,,,,
,CALLS-1414,SEPA- STEP2 (Normal- Clearing cycles) regression testing on Skyvault in LV [15.12-17.12],12/17/25,0.00h,,73.20h,,,,94.25h,,,,51.62h,,3189.55h,,,,,
,CALLS-1413,SEPA- RT1 (Instant) regression testing on Skyvault in LV [15.12-17.12],12/17/25,0.02h,,73.20h,,,,94.25h,,,,51.62h,,3189.55h,,,,,
,CALLS-1411,adjust java delegate for customer data Enrichment,12/9/25,0.00h,,20.87h,,,,20.68h,5.40h,1.08h,93.58h,,,3383.28h,,,,,
,CALLS-1410,[FORMS] remove/disable bottom STOP from electronical payments FORM,12/8/25,0.00h,,21.27h,,,,0.10h,25.62h,73.58h,0.28h,,,3404.53h,,,,,
,CALLS-1409,Enable Camunda Authorizations,11/28/25,16.60h,0.00h,0.00h,,,,0.00h,3.70h,0.00h,0.00h,,,3646.25h,,,,,
,CALLS-1408,Basic performance testing of external API’s,2/13/26,1783.83h,,0.00h,,,,0.00h,89.30h,0.00h,0.00h,,,1799.90h,,,,,
,CALLS-1407,Deploy process definition,2/17/26,1804.33h,,0.00h,,,,0.00h,168.05h,0.00h,0.00h,,,1701.22h,,,,,
,CALLS-1406,Update Monitoring/alerts for flow manager applications,2/9/26,1796.23h,,0.00h,,,,0.00h,0.52h,0.00h,0.00h,,,1892.93h,,,,,
,CALLS-1405,Setup Kafka configuration,2/4/26,1536.95h,,0.00h,,,,0.00h,142.22h,0.00h,0.00h,,,2010.57h,,,,,
,CALLS-1404,Onboard (Update monitoring setup) to Redgate SQL Monitor,3/5/26,1865.87h,,0.00h,,,,384.58h,119.92h,0.00h,0.00h,,,1319.53h,,,,,
,CALLS-1403,Setup DB archiving process,2/24/26,1697.60h,,0.02h,,,,22.30h,432.57h,0.00h,0.00h,,,1537.52h,,,,,
,CALLS-1402,Setup Liquibase setup,1/29/26,1341.38h,0.00h,0.00h,,,,189.73h,0.00h,0.00h,0.00h,,,2159.07h,,,,,
,CALLS-1401,"Review configuration items (CI), Register missing",3/2/26,1866.48h,,0.00h,,,,194.15h,239.53h,0.00h,0.00h,,,1390.18h,,,,,
,CALLS-1400,"Review connection to services provided outside Payments VDE, add network policies where needed",1/30/26,1537.63h,,0.00h,,,,0.00h,19.90h,0.00h,0.00h,,,2132.90h,,,,,
,CALLS-1399,Add network policy to call payment-services from flow manager azure namespace,1/29/26,1537.75h,,,,,,,,,,,,2152.93h,,,,,
,CALLS-1398,Open firewalls to Databases from terminal servers and from Namespaces,1/23/26,1341.83h,,0.08h,,,,0.00h,48.75h,0.00h,0.00h,,,2300.12h,,,,,
,CALLS-1397,Order and configure MSSQL DB,1/8/26,187.47h,,0.03h,,,,22.97h,818.97h,0.00h,0.00h,,,2661.55h,,,,,
,CALLS-1396,Order and configure namespace,2/12/26,499.07h,,0.00h,,,,0.00h,1374.67h,0.00h,0.00h,,,1817.57h,,,,,
,CALLS-1395,Define user groups in Camunda for mapping with AD,12/16/25,333.10h,0.08h,167.83h,,,,0.00h,0.00h,0.00h,0.00h,,,3215.52h,,,,,
,CALLS-1394,implement possibility to use gateway limits for SALA header,12/16/25,0.03h,526.58h,,,,,,,,,,,,3216.37h,,,,
,CALLS-1393,Request adding our Prod CN to other services,1/27/26,1608.63h,,,,,,,,,,,,,2202.95h,,,,
,CALLS-1392,Basic performance testing for STORE MASS payment header using API call to PODM,11/25/25,0.03h,,90.30h,,,,0.00h,,,,,,,3721.33h,,,,
Production bug,CALLS-1391,Party_ID's still gets lost after 19-NOV,12/1/25,0.05h,,69.32h,,,,8.37h,87.42h,47.57h,28.85h,,,3573.20h,,,,,
,CALLS-1390,Performance tests of SGW process definition,2/20/26,2118.07h,91.93h,0.00h,,,,0.00h,,0.00h,0.00h,,,1630.93h,,,,,
,CALLS-1378,Set-up environments in Skyvault - Linux PROD,,819.12h,0.00h,0.00h,,,,0.00h,3069.95h,,,,,,,,,,
,CALLS-1377,Deploy Linux applications to Skyvault environment in Dev and Gate,3/20/26,2233.58h,,0.00h,,,,1.87h,692.10h,0.00h,1.92h,,,959.62h,,,,,
,CALLS-1466,[Ibank] update existing MASS payments test cases from previous bugs,12/9/25,0.82h,,0.00h,590.62h,,,2.00h,,,,,,3383.93h,,,,,
,CALLS-1374,Create task/process which reprocess DLT messages,3/4/26,1963.25h,,0.00h,,,,0.05h,410.07h,99.70h,189.65h,,,1339.77h,,,,,
,CALLS-1373,Create test cases from SGW error labels,3/26/26,1731.23h,1411.53h,0.02h,,,,0.00h,,,,0.00h,,815.73h,,,,,
,CALLS-1372,Create test cases from experience,2/19/26,338.48h,2010.63h,0.00h,,,,0.00h,,0.00h,6.45h,,,1650.97h,,,,,
,CALLS-1371,Create test cases from other system testing/regression (Star/iBank/...),1/16/26,1271.73h,263.02h,0.00h,,,,,,,,,,2471.82h,,,,,
,CALLS-1370,Create test cases to target each tasks/gateway/path in massPaymentHeaderDefinition,1/26/26,1271.57h,506.83h,4.98h,,,,,,,,,,2223.22h,,,,,
,CALLS-1369,Create test cases to target each tasks/gateway/path in Single Payment Order process definition,1/26/26,651.52h,649.08h,482.55h,,,,,,,,,,2223.43h,,,,,
,CALLS-1368,Improve performance for payment execution from the same debtor account,12/30/25,0.00h,,625.47h,,,,30.32h,26.08h,422.18h,29.22h,,,2875.15h,,,,,
,CALLS-1366,[CORE DB] Create procedure to rollback einvoice status,11/11/25,0.00h,,0.00h,,,,0.00h,4.58h,0.00h,0.00h,,,4053.43h,,,,,
,CALLS-1463,[International payments] Create intragroup payments initiation tests using Smart form,12/17/25,,,,522.75h,,,,,,,,361.82h,3189.55h,,,,,
,CALLS-1412,Setup BPAY GitHub Teams,1/30/26,1.95h,,603.37h,,,,597.88h,743.72h,0.00h,0.00h,,,2134.62h,,,,,
,CALLS-1365,Order FW opening in pre-prod for services with local .svc urls,11/6/25,2.53h,,,,,,,,,,,,4166.90h,,,,,
,CALLS-1364,Adjust Kafka topic partition count,11/12/25,0.00h,19.20h,0.30h,,,,74.33h,2.77h,39.57h,0.50h,,,4032.72h,,,,,
,CALLS-1363,"Basic performance testing for ""counting in header process definition"" service tasks",12/8/25,0.00h,3.30h,332.43h,,,,21.48h,410.18h,0.00h,0.00h,,,3405.12h,,,,,
,CALLS-1362,Setup Kafka configuration in PROD,4/27/26,3860.75h,,0.02h,,,,23.97h,96.40h,148.83h,,,,43.58h,,,,,
,CALLS-1361,"SEPA- STEP2 (Normal- Clearing cycles) regression testing on Skyvault in LV, LT, EE [24.11-26.11]",11/25/25,15.78h,,337.67h,,,,119.53h,0.00h,0.00h,25.08h,,,3719.15h,,,,,
,CALLS-1360,"SEPA- RT1 (Instant) regression testing on Skyvault in LV, EE, LT [24.11-26.11]",11/25/25,15.78h,,337.67h,,,,119.55h,0.00h,0.00h,25.08h,,,3719.15h,,,,,
,CALLS-1389,[Investigate] Adjust SEPA exchange (FLM),12/2/25,1.60h,120.85h,549.95h,,,,,,,,,,3550.88h,,,,,
,CALLS-1388,[Investigate] Adjust EPE (FLM),12/2/25,1.62h,101.58h,569.53h,,,,,,,,,,3550.57h,,,,,
,CALLS-1387,[Investigate] Adjust STAR (FLM),12/16/25,1.63h,456.70h,549.93h,,,,,,,,,,3215.03h,,,,,
,CALLS-1386,[Investigate] Adjust iBank (FLM),12/12/25,1.67h,101.60h,569.35h,,,,2.75h,72.15h,70.12h,102.05h,,,3303.62h,,,,,
,CALLS-1367,Adjust Core DB procedures (FLM),12/3/25,1.72h,101.17h,570.18h,,,,0.60h,20.78h,0.00h,0.05h,,,3504.90h,,,,,
,CALLS-1385,Adjust Forms Teller (FLM),12/3/25,1.73h,70.17h,600.55h,,,,2.37h,24.57h,0.12h,0.00h,,,3523.85h,,,,,
,CALLS-1384,Forms Teller - Electronical payments (FLM),12/11/25,0.00h,575.47h,141.03h,,,,3.62h,25.62h,74.13h,73.15h,,,3331.13h,,,,,
,CALLS-1359,Create application technical doc,11/28/25,429.55h,,0.00h,,,,0.00h,162.77h,0.00h,0.00h,,,3649.53h,,,,,
,CALLS-1358,Implement possibility to UPDATE MASS payment header using API call to PODM,,4314.70h,,,,,,,,,,,,,,,,,
,CALLS-1357,Implement possibility to SELECT and REMOVE data for counting in header process definition,1/23/26,0.07h,159.82h,21.07h,,,,84.90h,134.92h,98.25h,340.58h,,,3451.35h,,,,,
,CALLS-1356,Implement possibility to INSERT records for counting in header process definition,12/2/25,0.08h,93.23h,23.08h,,,,1.82h,53.83h,107.47h,57.07h,,,3954.38h,,,,,
,CALLS-1355,Create DB objects for counting in header process definition,11/27/25,0.00h,0.20h,34.83h,,,,2.65h,115.78h,0.00h,7.33h,,,4176.27h,,,,,
,CALLS-1383,Duplicity check (FLM),12/5/25,0.00h,14.85h,795.18h,,,,0.48h,44.08h,0.98h,31.77h,,,3473.38h,,,,,
,CALLS-1382,Core reports (maintenance) - Instant payments not processed (FLM),1/15/26,0.02h,,1698.35h,,,,169.80h,0.58h,0.00h,0.00h,,,2493.08h,,,,,
,CALLS-1354,Order keytab files for SEPA-Web Azure,11/12/25,0.00h,,19.83h,,,,262.35h,0.00h,0.00h,52.10h,,,4029.03h,,,,,
,CALLS-1381,Core reports (maintenance) - inserted not debeted (FLM),1/15/26,0.03h,,1723.13h,,,,169.80h,0.58h,0.00h,0.00h,,,2493.08h,,,,,
,CALLS-1352,Order keytab files for EPE-Web Azure,11/12/25,27.53h,,19.83h,,,,166.10h,0.00h,0.00h,148.35h,,,4029.03h,,,,,
,CALLS-1343,Restore lost party IDs (2),10/30/25,0.03h,23.52h,34.70h,,,,0.00h,,0.00h,0.00h,,,4356.32h,,,,,
,CALLS-1342,Run business rules validation/tests based on MIG requirements,3/18/26,480.68h,196.38h,139.45h,,,,196.83h,,2106.57h,358.58h,,,1009.90h,,,,,
,CALLS-1341,[KAFKA] create retry and dead letter topics for incoming Kafka topic from BH with PO from Ibank,,0.00h,,4489.18h,,,,,,,,,,,,,,,
,CALLS-1340,[FLM entrypoint] finalize intermediate Kafka Topics listening & routing to Flow Manager,,23.67h,,4489.58h,,,,,,,,,,,,,,,
,CALLS-1339,SEPA- STEP2 (Normal- Clearing cycles) regression testing on Skyvault in LV [27.10-29.10],10/30/25,14.53h,,0.00h,,,,121.58h,,,,46.87h,,4344.05h,,,,,
,CALLS-1338,SEPA- RT1 (Instant) regression testing on Skyvault in LV [27.10-29.10],10/29/25,14.57h,,0.00h,,,,121.60h,,,,27.52h,,4363.38h,,,,,
,CALLS-1337,Add Camunda version change (7.24) timestamp to databases,10/28/25,0.00h,,48.65h,,,,100.40h,17.82h,0.00h,0.00h,,,4394.17h,,,,,
Production bug,CALLS-1336,Party IDs get lost,11/17/25,0.00h,190.92h,217.37h,,,,168.08h,7.25h,64.62h,0.65h,,,3912.77h,,,,,
,CALLS-1335,Verification of TPS GW releases (EKS Rulebook),11/12/25,0.00h,,235.52h,,,,166.00h,0.00h,0.00h,144.10h,,,4033.33h,,,,,
,CALLS-1334,Restore lost party IDs (investigation),10/22/25,0.03h,53.32h,0.32h,,,,0.00h,,0.00h,0.00h,,,4532.45h,,,,,
,CALLS-1332,change source for country code value from Batch Handler,10/28/25,0.00h,,91.13h,,,,53.33h,16.48h,75.25h,29.50h,,,4385.72h,,,,,
,CALLS-1331,[FLM entrypoint] read payment Order and header from Kafka topic and route to Flow Orchestrator entry point,,1.50h,4653.88h,,,,,,,,,,,,,,,,
,CALLS-1330,[ibank] fix payment archive entity relation for vop status,10/15/25,2.58h,,,,,,,,,,,,4698.10h,,,,,
,CALLS-1329,Investigate DB storage options to mitigate race condition issue,10/30/25,0.00h,,360.12h,,,,0.00h,,0.00h,0.00h,,,4343.58h,,,,,
,CALLS-1435,Implement possibility for Payment flow manager to use GET Header API (PODM),,0.00h,986.62h,3743.67h,,,,,,,,,,,,,,,
,CALLS-1327,Investigate possibility to count/sum data from multiple PI in parallel to one header PI,11/10/25,0.00h,,737.65h,,,,0.00h,0.00h,0.00h,0.00h,,,4080.33h,,,,,
,CALLS-1328,"pain.001 V09 EE, LV - creditor address handling in domestic payment",10/15/25,64.27h,3.55h,20.23h,,,,3.67h,1.15h,2.13h,22.70h,,,4700.60h,,,,,
Production bug,CALLS-1326,iBank import - party IDs get lost for signed payments,10/16/25,0.00h,,1.65h,,,,103.97h,42.18h,1.98h,1.20h,,,4676.75h,,,,,
,CALLS-1325,Party IDs removed from old structure (log investigation),10/17/25,0.03h,,161.60h,,,,3.55h,0.00h,0.00h,20.57h,,,4657.22h,,,,,
,CALLS-1323,"Add new attribute ""controlSum"" mapping in Kafka topic from BH",10/28/25,0.00h,,170.37h,,,,192.87h,1.73h,73.45h,27.65h,,,4384.85h,,,,,
Production bug,CALLS-1324,[Ibank] Customer can not make instant payment from group and normal account,10/14/25,0.00h,,21.93h,,,,5.58h,95.08h,0.75h,19.25h,,,4728.67h,,,,,
,CALLS-1322,Add header attribute Requestor-App for SAVE and UPDATE to PODM requests,10/14/25,71.75h,,0.22h,,,,31.33h,1.17h,44.60h,0.38h,0.00h,,4722.97h,,,,,
Production bug,CALLS-1321,[LT] Payer ID missing in swift MT101 intrabank payments when it's required by beneficiary,10/8/25,0.00h,0.02h,1.80h,,,,0.00h,2.52h,0.45h,18.37h,,,4873.17h,,,,,
Production bug,CALLS-1320,"[sepa-exchange] SEPA outgoing payments with debtor type filled, but debtor ID null - getting error",10/8/25,0.53h,,0.00h,,,,6.32h,21.75h,16.90h,6.85h,,,4868.90h,,,,,
,CALLS-1319,Script task exception handling,3/3/26,0.00h,0.00h,2614.87h,,,,768.60h,191.73h,,,,,1368.38h,,,,,
,CALLS-1318,[FORMS] Ever repeating Payment Details signature error...,10/3/25,0.07h,,16.73h,,,,0.08h,1.58h,2.48h,0.00h,,,4990.13h,,,,,
,CALLS-1316,Implement possibility to STORE MASS payment header using API call to PODM,1/7/26,0.00h,0.75h,1003.68h,,,,423.35h,100.33h,5.62h,126.22h,,,3352.75h,,,,,
,CALLS-1315,Change SQL servers timezone to UTC (preprod),11/26/25,0.05h,,0.00h,,,,505.18h,819.47h,0.00h,0.00h,,,3691.93h,,,,,
,CALLS-1314,Archive DB fixes/improvements,10/27/25,0.63h,,19.68h,,,,29.55h,496.62h,0.00h,78.58h,,,4412.02h,,,,,
,CALLS-1313,Increase LOG disk,12/16/25,1802.87h,,0.00h,,,,0.00h,0.00h,0.00h,0.00h,,,3188.22h,,,,,
Production bug,CALLS-1312,Customer gets tech error while importing Fidavista payment file.,9/30/25,0.00h,,19.13h,,,,0.00h,2.05h,0.92h,0.65h,,,5061.58h,,,,,
,CALLS-1310,create service task to populate massPaymentHeader variable,10/2/25,0.00h,148.22h,0.00h,,,,0.00h,0.00h,0.08h,0.00h,,,5013.05h,,,,,
,CALLS-1311,iBank - Cannot start new payment from old,9/29/25,0.00h,,1.68h,,,,0.00h,67.70h,2.90h,2.03h,,,5087.03h,,,,,
Production bug,CALLS-1308,[EPE] Fidavista mass payment file processing fails,9/25/25,0.00h,,0.07h,,,,1.38h,3.57h,0.05h,0.37h,,,5179.33h,,,,,
,CALLS-1307,LT: Technical error while performing call.java.lang.NullPointerException,11/5/25,0.08h,,23.20h,,,,0.00h,98.40h,0.85h,2.12h,,,5081.52h,,,,,
,CALLS-1305,[iBank] Import pain.001: Incorrect error shown when Correspondent bank Town is missing,9/19/25,0.00h,,5.32h,,,,0.00h,,0.00h,0.00h,,,5324.60h,,,,,
,CALLS-1304,[iBank] Import pain.001: Agents unstructured addres should not be truncated,9/19/25,0.00h,,5.83h,,,,0.00h,,0.00h,0.00h,,,5324.17h,,,,,
,CALLS-1303,[Ibank] Domestic/European payment: Ultimate parties address fields missing for Urgent payment,10/29/25,0.00h,,96.08h,,,,118.60h,401.33h,80.62h,264.15h,,,4369.37h,,,,,
,CALLS-1302,"[iBank] Cannot conclude standing order, save mass payment (crebit.eritunnus select)",9/22/25,0.00h,,21.73h,,,,5.48h,2.90h,63.70h,3.33h,,,5254.73h,,,,,
,CALLS-1301,[Ibank] Domestic/European payment: Additional address details does not expand when opening payment,9/30/25,0.00h,,149.48h,,,,4.42h,29.55h,4.15h,100.17h,,,5064.15h,,,,,
,CALLS-1299,iBank Domestic/European payment - updated Party ID not saved,9/29/25,0.02h,0.33h,17.42h,,,,93.63h,78.73h,19.75h,76.10h,,,5085.15h,,,,,
,CALLS-1298,"[iBank] Unstructured address length issue in Domestic/European defined payment, standing order, mass payment",9/18/25,0.00h,0.92h,13.33h,,,,17.40h,4.57h,3.97h,12.52h,,,5339.47h,,,,,
,CALLS-1297,[DB] Optimize performance of payment data loading interface.,9/19/25,0.00h,0.20h,16.52h,,,,0.00h,6.25h,0.00h,41.40h,,,5330.55h,,,,,
Production bug,CALLS-1295,Temporary fix- payment data loading to GDW,9/15/25,64.60h,,0.85h,,,,1.10h,4.67h,0.00h,0.00h,,,5420.57h,,,,,
Production bug,CALLS-1296,iBank List of payments - SEPA cross-border payment with reference number gets error,9/23/25,0.00h,0.52h,139.23h,,,,97.77h,22.43h,0.12h,1.45h,,,5231.53h,,,,,
Production bug,CALLS-1300,EINVOICE: Incorrect status in einvoice table if manuall paid einvoice is canceled in crebit.dp table,11/12/25,0.00h,,312.60h,,,,295.65h,619.10h,187.98h,53.75h,,,4028.87h,,,,,
Production bug,CALLS-1294,[sepa-exchange] pacs.004 generated with ID type but without ID and xsd validation fails,9/15/25,0.00h,,24.42h,,,,0.00h,61.73h,1.77h,4.55h,,,5421.75h,,,,,
,CALLS-1293,Create SQL Server Audit on [db_audit].[USER_LOG_EXCEPTION],,5515.13h,,,,,,,,,,,,,,,,,
,CALLS-1292,"Create custom metrics, alerting and notifications in Redgate SQL Monitor",,5515.43h,,,,,,,,,,,,,,,,,
,CALLS-1291,Change server aliases,3/26/26,4705.68h,,0.00h,,,,0.00h,0.00h,0.00h,0.00h,,,809.95h,,,,,
,CALLS-1290,Order onboarding of PROD SQL Servers,3/20/26,4553.92h,,0.00h,,,,0.00h,0.00h,0.00h,0.00h,,,961.80h,,,,,
,CALLS-1289,Onboard to Redgate SQL Monitor,3/26/26,4484.25h,,0.00h,,,,0.27h,221.28h,0.00h,0.00h,,,809.95h,,,,,
,CALLS-1288,Order SQL Agent archive jobs to be owned and executed as dedicated Service accounts,,5516.00h,,,,,,,,,,,,,,,,,
,CALLS-1287,Create SQL Agent jobs,,5516.32h,,,,,,,,,,,,,,,,,
,CALLS-1286,Order Linked server setup between Archive SQL server and Camunda SQL servers,4/28/26,5496.18h,,0.00h,,,,0.00h,0.00h,0.00h,0.00h,,,20.75h,,,,,
,CALLS-1285,Order Firewall openings between Archive SQL server and Camunda SQL servers,4/13/26,5136.78h,,,,,,,,,,,,380.23h,,,,,
,CALLS-1284,Order SQLAgentReader role to be able to create SQL Server Agent jobs,4/9/26,5035.53h,,,,,,,,,,,,481.53h,,,,,
,CALLS-1283,Setup DB archiving process,,5034.43h,,1.63h,,,,1.10h,480.05h,,,,,,,,,,
Production bug,CALLS-1282,"[sepa-exchange] If outgoing sepa payment have filled debtor/creditor ID type, but ID is null - error sending payment",9/11/25,4.10h,,0.00h,,,,2.58h,,0.52h,0.00h,,,5519.30h,,,,,
,CALLS-1281,Onboard to CyberArk for manual connection to PROD SQL Servers,4/28/26,4340.52h,165.55h,8.10h,,,,0.00h,999.22h,0.00h,0.00h,,,26.72h,,,,,
,CALLS-1280,Order Database dedicated Service Accounts,2/12/26,3549.12h,,0.02h,,,,147.72h,18.88h,0.00h,0.00h,,,1825.37h,,,,,
,CALLS-1279,Create custom AD group access to DB dedicated for Flow Manager Service account,3/20/26,4413.62h,,0.00h,,,,0.00h,166.65h,0.00h,0.00h,,,961.20h,,,,,
,CALLS-1278,Change Read Committed Isolation level option and turn snapshot ON,3/20/26,4414.53h,,0.00h,,,,0.00h,170.60h,0.00h,0.00h,,,956.60h,,,,,
,CALLS-1277,Increase LOG and DATA disks,,5542.83h,,,,,,,,,,,,,,,,,
,CALLS-1276,Change SQL servers timezone to UTC,3/16/26,4415.03h,,0.00h,,,,0.00h,73.62h,0.00h,0.00h,,,1054.25h,,,,,
,CALLS-1274,create dead letter and retry Kaftka topics for incoming header information,9/25/25,0.00h,405.10h,,,,,,,,,,,,5181.85h,,,,
,CALLS-1273,[FLM entrypoint] read Mass payment header from Kafka topic and route to Flow Orchestrator entry point,1/7/26,0.00h,402.15h,1154.55h,,,,703.13h,334.07h,117.60h,193.53h,,,2705.98h,,,,,
,CALLS-1275,Is not possible to sign failed repeated instant payment from list of payment,9/11/25,18.00h,,51.05h,,,,0.00h,,0.00h,0.00h,,,5519.22h,,,,,
,CALLS-1270,[Ibank] Einvoices confirmation screen tech erros,9/8/25,0.00h,,0.00h,,,,0.98h,1.30h,0.98h,1.95h,,,5589.28h,,,,,
,CALLS-1269,Creditor address not being saved in defined domestic payment in Giro,9/17/25,0.00h,,0.00h,,,,28.30h,146.02h,49.10h,1.03h,,,5371.67h,,,,,
,CALLS-1268,Change datetime datatype in Archive DB custom tables and procedures,9/18/25,0.02h,,165.13h,,,,3.85h,139.53h,0.00h,23.00h,,,5354.13h,,,,,
,CALLS-1267,Use valDt instead of reqdExctnDt in conversion from BH to PODM format,9/23/25,0.02h,,1.32h,,,,0.00h,3.17h,430.92h,26.37h,,,5226.87h,,,,,
,CALLS-1266,Investigate possibility to use value directly from JSON in signal event name,11/10/25,0.00h,,1609.30h,,,,,,,,,,,4080.37h,,,,
,CALLS-1265,Migration of service to the New Network,11/14/25,1319.17h,,43.92h,,,,365.75h,0.00h,0.00h,0.00h,,,3978.33h,,,,,
,CALLS-1264,[iBank] Defined domestic payment in payment cart: change Postal address,9/22/25,0.08h,,20.33h,,,,145.77h,260.40h,7.60h,23.42h,,,5252.03h,,,,,
,CALLS-1263,Possible clock difference causes negative execution durations,10/2/25,0.02h,,737.98h,,,,,,,,,,,5017.08h,,,,
,CALLS-1262,[iBank] Domestic/European payment PDF - change address field separators,9/18/25,0.00h,,69.10h,,,,1.22h,23.58h,77.02h,232.88h,,,5354.58h,,,,,
,CALLS-1261,test,9/8/25,242.57h,,,,,,,,,,,,5590.10h,,,,,
,CALLS-1259,implement possibility to send EE goverment pension report,,0.00h,2066.13h,3815.12h,,,,,,,,,,,,,,,
,CALLS-1258,Define sub-process to process Payment Order changes from core DB,10/15/25,0.00h,1180.00h,0.00h,,,,,,,,,,4701.63h,,,,,
,CALLS-1257,[iBank] Salary payments - When adding payments with Beneficiary ID some may appear on UI and PDFs,9/16/25,0.02h,0.35h,208.47h,,,,93.85h,193.57h,1.37h,1.82h,,,5398.77h,,,,,
,CALLS-1256,Andromeda production readiness checklist,,3911.05h,,0.00h,,,,1895.27h,96.63h,,,,,,,,,,
,CALLS-1255,Add more extensive alerts for our flow manager applications,1/27/26,3699.42h,,,,,,,,,,,,,2203.55h,,,,
,CALLS-1254,Setup the archive DB application for production,4/17/26,5228.72h,,387.93h,,,,0.00h,0.00h,0.00h,0.00h,,,286.32h,,,,,
,CALLS-1253,Add our prod CN in External services for access in production,4/29/26,5687.78h,,0.90h,,,,136.95h,27.48h,47.78h,0.00h,,,2.05h,,,,,
,CALLS-1252,Order firewalls and whitelist external APIs for production,4/2/26,5092.93h,,0.00h,,,,0.00h,161.80h,2.03h,0.00h,,,646.23h,,,,,
,CALLS-1251,Setup Liquibase setup for production,4/15/26,5228.78h,,315.23h,,,,0.00h,22.80h,0.00h,0.00h,,,336.22h,,,,,
,CALLS-1250,Register configuration items (CI),,5229.30h,,673.78h,,,,,,,,,,,,,,,
,CALLS-1249,"Review connection to other services, add network policies where needed",,5228.80h,,674.30h,,,,,,,,,,,,,,,
,CALLS-1248,Add network policy to call payment-services from flow manager production namespace,4/15/26,5228.83h,,338.28h,,,,0.00h,,,,0.00h,,335.98h,,,,,
,CALLS-1247,Open firewalls to Databases from terminal servers and from Namespaces,4/2/26,5067.53h,,0.00h,,,,0.00h,187.30h,0.00h,0.00h,,,648.28h,,,,,
,CALLS-1246,Configure kerberos.,4/15/26,5548.68h,,0.00h,,,,0.00h,18.23h,0.00h,0.00h,,,336.20h,,,,,
,CALLS-1245,Order and configure production namespace,,4750.78h,,0.02h,,,,123.43h,1028.87h,,,,,,,,,,
,CALLS-1244,Order and configure MSSQL DB for production,3/20/26,4702.97h,,0.12h,,,,46.18h,197.32h,0.00h,0.00h,,,956.52h,,,,,
Production bug,CALLS-1260,Customer unable to sign Giro pmt - InvocationTargetException: null,9/8/25,0.00h,,25.57h,,,,0.00h,224.32h,51.12h,10.18h,,,5592.05h,,,,,
,CALLS-1243,Deploy Windows applications to Skyvault in TEST,9/2/25,186.93h,,,,,,,,,,,,,5735.47h,,,,
,CALLS-1242,Set-up environments in Skyvault - Windows in TEST,9/2/25,187.07h,,,,,,,,,,,,,5735.48h,,,,
,CALLS-1241,Setup new EHI for flow manager alerts,9/30/25,0.00h,,865.82h,,,,,,,,,,5064.93h,,,,,
,CALLS-1240,Process of deploying process definitions,4/14/26,5132.38h,,0.00h,,,,0.22h,503.08h,0.00h,0.00h,,,360.45h,,,,,
,CALLS-1239,Migration strategy to latest process definition,,5831.58h,19.92h,144.70h,,,,,,,,,,,,,,,
,CALLS-1238,Create error codes and mappings,8/26/25,0.02h,,1.73h,,,,0.00h,88.20h,0.02h,0.00h,,,5907.07h,,,,,
,CALLS-1237,Create MASS file header BPMN process definition,2/24/26,0.02h,1685.47h,0.00h,,,,0.00h,2784.25h,0.00h,0.00h,,,1530.67h,,,,,
,CALLS-1236,Create single payment order BPMN process definition,2/24/26,0.05h,1182.22h,0.00h,,,,0.00h,3287.47h,0.00h,0.00h,,,1530.67h,,,,,
,CALLS-1235,create decision table to resolve ISO status,9/29/25,0.00h,335.57h,580.53h,,,,0.00h,,0.00h,0.00h,,,5084.37h,,,,,
,CALLS-1234,"Basic performance testing for ""Get payment order"" service task",,6018.05h,,,,,,,,,,,,,,,,,
,CALLS-1233,"Basic performance testing for ""Update payment order"" service task",11/21/25,1505.25h,,0.12h,,,,369.20h,329.45h,0.00h,0.00h,,,3814.02h,,,,,
,CALLS-1232,"Basic performance testing for ""Store payment order"" service task",9/8/25,0.00h,,328.88h,,,,5.13h,0.00h,0.00h,96.77h,,,5587.27h,,,,,
,CALLS-1231,"Data mapping and error handling for ""Get payment order"" service task",,6018.12h,,,,,,,,,,,,,,,,,
,CALLS-1230,"Data mapping and error handling for ""Update payment order"" service task",8/22/25,17.22h,,,,,,,,,,,,6000.98h,,,,,
,CALLS-1229,"Basic performance testing for ""Revert used limit"" service task in singlePaymentOrder",1/23/26,2688.33h,235.63h,574.92h,,,,196.77h,0.98h,0.00h,0.00h,,,2298.27h,,,,,
,CALLS-1228,"Basic performance testing for ""Use Gateway limits"" service task in singlePaymentOrder",1/23/26,2712.48h,235.48h,575.02h,,,,196.78h,0.00h,0.00h,0.00h,,,2299.28h,,,,,
,CALLS-1227,"Data mapping and error handling for ""Revert used limit"" service task in singlePaymentOrder",2/5/26,1869.67h,1078.30h,340.10h,,,,25.55h,42.13h,597.83h,76.98h,,,1988.58h,,,,,
,CALLS-1226,"Data mapping and error handling for ""Use Gateway limits"" service task in singlePaymentOrder",1/30/26,115.75h,2596.95h,91.67h,,,,3.53h,482.40h,302.72h,293.23h,,,2133.08h,,,,,
,CALLS-1225,Implement possibility for Payment flow manager to revert Limits for Gateway API,2/5/26,1869.85h,1078.20h,337.93h,,,,2.50h,24.98h,526.25h,191.67h,,,1987.93h,,,,,
,CALLS-1224,Implement possibility for Payment flow manager to use Limits for Gateway API,12/5/25,117.53h,2066.35h,0.00h,,,,46.62h,312.03h,0.02h,0.00h,,,3453.95h,,,,,
,CALLS-1223,"Basic performance testing for ""Calculate foreign exchange (FX)"" service task",11/21/25,1844.60h,,0.00h,,,,192.10h,168.58h,0.60h,0.00h,,,3814.82h,,,,,
,CALLS-1222,"Basic performance testing for ""Status update to Kafka topic"" service task",11/28/25,1508.00h,,0.00h,,,,455.70h,389.88h,17.83h,0.00h,,,3649.45h,,,,,
,CALLS-1221,Implement possibility from Camunda script task access country identifier,8/20/25,0.00h,,1.68h,,,,0.00h,0.82h,0.72h,0.00h,,,6047.70h,,,,,
,CALLS-1220,Use different log levels for different Camunda classes,12/22/25,2670.23h,,0.00h,,,,0.00h,191.40h,44.10h,97.48h,,,3068.12h,,,,,
,CALLS-1219,Implement possibility to GET payment order from PODM,,6191.18h,,,,,,,,,,,,,,,,,
,CALLS-1216,Implement possibility to UPDATE payment order in PODM,11/3/25,0.18h,192.68h,885.58h,,,,24.15h,406.32h,25.57h,485.75h,,,4242.63h,,,,,
,CALLS-1215,"Store pmtVrsn from response of ""Save payment to PODM""",8/22/25,0.00h,,69.45h,,,,100.07h,22.28h,27.58h,44.88h,,,5999.25h,,,,,
,CALLS-1217,[DB] Create a procedure that archives single payment,8/13/25,145.28h,,17.35h,,,,0.08h,3.87h,1.83h,24.15h,,,6212.18h,,,,,
,CALLS-1214,Script task refactoring,4/1/26,1343.00h,0.00h,2735.37h,,,,794.67h,458.27h,0.67h,353.97h,,,673.17h,,,,,
,CALLS-1212,Investigate why message correlation from other process definition raises an incident,9/29/25,0.00h,,1323.27h,,,,,,,,,,,5084.30h,,,,
,CALLS-1211,[iBank] - European normal payment via International form,8/12/25,15.63h,,0.10h,,,,0.02h,123.28h,6.67h,1.05h,,,6279.12h,,,,,
,CALLS-1204,Analyse if service code (LPO/FPO) can be set using BPMN script task,8/14/25,0.00h,331.18h,0.00h,,,,,,,,,,6191.45h,,,,,
,CALLS-1201,Flow Manager exp-orchestrator-admin-xx application is connecting to DB using Liquibase dedicated Service Account,8/7/25,0.00h,,257.40h,,,,23.23h,1.50h,22.10h,2.12h,,,6360.45h,,,,,
,CALLS-1200,[Ibank] Bank defined payments LV - redirected to empty page,2/27/26,2.15h,,5161.87h,,,,0.00h,20.48h,21.22h,0.68h,,,1464.72h,,,,,
,CALLS-1333,Payment concluded twice,,0.00h,,6332.55h,,,,0.00h,2.80h,4.10h,1.42h,,,331.53h,,,,,
,CALLS-1199,implement error handling while reading Kafka messages,1/29/26,0.02h,,3480.87h,,,,815.13h,22.47h,194.35h,29.63h,,,2153.47h,,,,,
,CALLS-1198,[Ibank] DOB ID type for Beneficiary cause error upon opening payment from payment Archive/ Other IDs data Cut off on payment archive,8/5/25,40.30h,,0.00h,,,,145.50h,27.70h,0.00h,113.82h,,,6410.33h,,,,,
,CALLS-1197,[Ibank] Defined payments - European payment type changed to International,8/6/25,0.08h,,41.90h,,,,271.42h,17.42h,22.40h,1.60h,,,6384.52h,,,,,
,CALLS-1196,Create mapping for status update messages to Kafka topic,10/23/25,0.08h,,1241.68h,,,,269.45h,426.17h,266.92h,44.77h,,,4513.23h,,,,,
,CALLS-1194,Add user friendly comments for Java Delegates used in Camunda,7/18/25,0.12h,,0.00h,,,,0.00h,50.47h,0.00h,0.00h,,,6834.90h,,,,,
,CALLS-1192,[DB] Insert error codes for TH.VEAKOOD and DP.ERROR,7/16/25,0.22h,,0.00h,,,,0.75h,20.73h,0.00h,0.00h,,,6890.13h,,,,,
,CALLS-1191,Investigate the way to monitor user session in prod SQL server,3/10/26,5713.38h,,,,,,,,,,,,1199.62h,,,,,
,CALLS-1190,[Ibank] Instant Domestic - Any Bic value missing after adding payment from Payment History to defined payments,7/23/25,0.10h,,48.43h,,,,0.00h,46.65h,64.82h,48.27h,,,6721.78h,,,,,
,CALLS-1189,[TEST]Party IDs in transaction table,8/19/25,0.00h,,573.93h,,,,0.05h,21.32h,0.67h,270.00h,,,6069.22h,,,,,
,CALLS-1188,Investigate why future execution date raises incident in Camunda for timer event,11/10/25,0.00h,0.00h,2830.92h,,,,0.00h,42.88h,0.00h,0.00h,,,4082.12h,,,,,
,CALLS-1187,Sepa-exchange changes,10/15/25,572.17h,,0.00h,,,,1562.02h,0.28h,141.00h,23.82h,,,4704.83h,,,,,
,CALLS-1186,Enable backward compatibility for Kafka topic,1/27/26,4828.98h,,,,,,,,,,,,,2204.13h,,,,
,CALLS-1185,Show only release and master builds in UrbanCode,10/15/25,2329.48h,,,,,,,,,,,,,4704.57h,,,,
,CALLS-1202,[core-payment-order-data-manager] Add new code in table DP_HOLDER for Flow Manager,7/30/25,521.23h,,0.00h,,,,0.12h,4.12h,18.78h,0.03h,,,6554.07h,,,,,
,CALLS-1184,Create dedicated application under flow manager namespace,7/11/25,47.48h,,0.00h,,,,0.00h,47.10h,0.00h,0.00h,,,7004.27h,,,,,
,CALLS-1183,Adjust Kafka Order Status schema from snake_case to camelCase,8/5/25,0.03h,,70.42h,,,,24.52h,71.30h,531.10h,0.43h,,,6405.73h,,,,,
,CALLS-1182,Prepare MSSQL install scripts for Archive DB,7/21/25,3.37h,,0.00h,,,,0.00h,308.85h,0.00h,125.32h,,,6764.57h,,,,,
,CALLS-1181,Implement possibility to identify if transfer is between own accounts,8/13/25,0.02h,128.88h,183.52h,,,,0.88h,25.05h,547.62h,125.07h,,,6212.32h,,,,,
,CALLS-1180,create retry and dead letter topics for incoming Kafka topic from bpaystream app,1/13/26,547.27h,,3481.12h,,,,52.20h,594.75h,3.30h,24.37h,,,2540.43h,,,,,
,CALLS-1178,Grants for pms_user,7/4/25,0.95h,,0.00h,,,,0.00h,23.75h,7.40h,65.12h,,,7177.58h,,,,,
,CALLS-1176,Adapt flow manager entry point for status change Kafka Topics listening & routing to Flow Manager,1/28/26,0.00h,690.63h,3480.68h,,,,52.23h,769.65h,88.62h,121.50h,,,2183.10h,,,,,
,CALLS-1173,Decommission intermediary archive DBs in Archive SQL Server,7/24/25,0.02h,,695.83h,,,,0.00h,,0.00h,0.00h,,,6673.00h,,,,,
,CALLS-1172,Load testing of MSSQL DBs,2/3/26,2039.93h,334.15h,1635.62h,,,,22.72h,1319.98h,0.00h,0.00h,,,2040.60h,,,,,
,CALLS-1171,[Test] LT iBank Domestic/European payment PDF (ID) - Giro and cart of payments,8/5/25,0.00h,0.07h,809.32h,,,,0.00h,,4.50h,288.65h,,,6404.03h,,,,,
,CALLS-1170,LT iBank Giro and cart of payments (ID),8/5/25,0.00h,0.37h,809.80h,,,,0.00h,170.45h,93.43h,24.58h,,,6408.73h,,,,,
,CALLS-1169,LT iBank Giro payment input/view (ID),7/24/25,0.20h,1.18h,810.17h,,,,0.00h,,3.20h,2.38h,,,6691.63h,,,,,
,CALLS-1168,Add new holder channel code for Flow Manager to DP_HOLDER table,7/10/25,523.80h,,,,,,,,,,,,,7032.97h,,,,
,CALLS-1167,Run tests with central bank,7/10/25,28.78h,,330.30h,,,,168.35h,,0.02h,0.00h,,,7032.58h,,,,,
,CALLS-1166,Review test environment setup before official tests with central bank,7/10/25,28.72h,,17.30h,,,,0.00h,,357.92h,123.58h,,,7032.55h,,,,,
,CALLS-1163,Add new column to DP to store initiator of changes,6/27/25,4.03h,,0.02h,,,,21.35h,142.10h,7.03h,41.48h,,,7345.23h,,,,,
,CALLS-1162,Implement possibility to manually initiate reprocessing DLT messages,3/12/26,3577.52h,0.80h,1963.17h,,,,0.05h,406.30h,99.03h,387.95h,,,1145.88h,,,,,
,CALLS-1161,[iBank] Remove Intermediary bank from all forms,7/18/25,0.83h,,23.53h,,,,20.08h,370.15h,177.38h,153.95h,,,6835.98h,,,,,
,CALLS-1160,iBank List of payments (ID),7/22/25,22.98h,,359.17h,,,,13.22h,16.25h,330.63h,100.18h,,,6741.02h,,,,,
,CALLS-1159,[Test] E-invoice manual payments after ID changes,7/24/25,22.23h,,864.23h,,,,0.00h,,0.95h,1.67h,,,6694.65h,,,,,
,CALLS-1158,[Test] Bank Defined Payments (LV) after ID changes,7/25/25,22.28h,,864.22h,,,,0.00h,,0.20h,28.07h,,,6669.02h,,,,,
,CALLS-1157,[Test] GIRO (LT) payment impact after ID changes,6/20/25,3.90h,,73.53h,,,,,,,,,,,7506.52h,,,,
,CALLS-1156,Booking MASS file processing fee,,7675.02h,,,,,,,,,,,,,,,,,
,CALLS-1155,Getting MASS file processing fee,,4314.90h,3360.87h,,,,,,,,,,,,,,,,
,CALLS-1165,Deploy Linux applications to Skyvault environment in TEST,11/13/25,0.00h,,2160.55h,,,,820.00h,1.43h,0.00h,697.02h,,,4002.02h,,,,,
,CALLS-1137,incoming-swift-msg-processor changes,7/28/25,334.22h,,0.00h,,,,0.00h,671.73h,25.73h,68.37h,,,6602.07h,,,,,
,CALLS-1136,aq-mq-mediator changes,7/8/25,3.58h,,0.00h,,,,0.00h,449.02h,147.60h,20.32h,,,7081.60h,,,,,
Production bug,CALLS-1139,Pdf generation is failing with special characters during signing in iBank,6/13/25,0.02h,,2.50h,,,,0.00h,2.88h,15.28h,1.33h,,,7680.17h,,,,,
Production bug,CALLS-1138,GIRO and einvices: there is not possible to sign GIRO payments. tech.error appears,6/13/25,0.02h,,3.37h,,,,0.00h,17.43h,0.75h,0.92h,,,7680.58h,,,,,
,CALLS-1135,SmartForm: characters disappear when typing too fast,6/12/25,0.00h,,0.00h,,,,0.00h,2.38h,17.65h,0.25h,,,7703.60h,,,,,
,CALLS-1134,Sepa-web changes,10/15/25,1.85h,,0.00h,,,,2204.10h,162.67h,576.88h,26.32h,,,4704.83h,,,,,
,CALLS-1133,EPE changes,7/10/25,0.15h,,0.00h,,,,330.62h,0.00h,358.95h,1.10h,,,7034.03h,,,,,
,CALLS-1132,MDM API some elements to be mapped as arrays,6/27/25,0.00h,,19.30h,,,,220.43h,0.00h,164.35h,0.00h,,,7343.22h,,,,,
,CALLS-1154,[iBank] Implement new sysglobal usage in iBank,6/25/25,0.08h,,189.78h,,,,1.53h,21.82h,146.07h,0.02h,,,7388.12h,,,,,
,CALLS-1117,PDF generation - Payment collection e-invoice pages,7/10/25,17.88h,,0.00h,,,,22.93h,349.52h,168.65h,179.95h,,,7033.08h,,,,,
,CALLS-1123,iBank Imported payments PDF (ID),8/22/25,0.00h,117.83h,527.23h,,,,13.17h,20.87h,595.17h,358.15h,,,6211.52h,,,,,
,CALLS-1116,Investigate service task timeout and retry possibilities,1/7/26,3283.33h,1830.88h,0.00h,,,,0.00h,,0.00h,0.00h,,,2682.23h,,,,,
,CALLS-1126,iBank /SGW import (ID),8/13/25,0.00h,0.78h,474.68h,,,,29.33h,168.17h,618.90h,337.70h,,,6215.27h,,,,,
,CALLS-1115,[sepa-exchange] Reservation not cancelled when outgoing Instant Cross-border get Hit by Risk Screening,6/6/25,0.07h,,0.30h,,,,0.77h,1.03h,0.22h,1.77h,,,7846.25h,,,,,
Production bug,CALLS-1114,ibank: beneficiary bank's swift code label is printed in PDF,6/9/25,20.67h,,0.00h,,,,0.00h,2.10h,68.57h,3.70h,,,7771.72h,,,,,
,CALLS-1113,Update components in Defined Payments page,6/12/25,0.00h,,21.02h,,,,0.03h,1.27h,144.02h,29.47h,,,7698.60h,,,,,
,CALLS-1111,PDF generation - refactor currency exchange pdf generation,7/3/25,0.07h,,0.00h,,,,3.53h,508.03h,161.33h,23.13h,,,7200.45h,,,,,
,CALLS-1164,Set-up environments in Skyvault - Linux in TEST,11/13/25,6.72h,,313.47h,,,,94.50h,3272.23h,0.00h,0.00h,,210.12h,4001.98h,,,,,
,CALLS-1110,PDF generation - replace deprecated code from Account Statement page,7/11/25,48.85h,,0.00h,,,,144.68h,641.88h,0.00h,0.00h,,,7062.48h,,,,,
,CALLS-1109,"Create BPMN process definition for ""Duplicity check""",7/8/25,46.32h,0.05h,0.00h,,,,310.92h,0.18h,185.48h,315.42h,,,7080.65h,,,,,
,CALLS-1108,PDF generation - Payment Archive page,6/13/25,17.85h,,0.00h,,,,0.55h,28.65h,139.17h,76.30h,,,7677.48h,,,,,
,CALLS-1107,Create dedicated Service Account to run DB maintenance jobs,5/30/25,0.05h,,0.00h,,,,0.00h,17.77h,0.00h,0.00h,,,8016.93h,,,,,
,CALLS-1106,PDF generation - missing accessability tags for e-invoice PDF,6/30/25,0.07h,,0.00h,,,,0.08h,110.88h,363.63h,294.07h,,,7267.62h,,,,,
,CALLS-1105,Update components in Payment History page,6/9/25,0.00h,,21.00h,,,,3.57h,0.02h,243.73h,0.13h,,,7770.73h,,,,,
,CALLS-1104,UI Screen shots/visuals for Payment options needed,5/29/25,70.17h,,,,,,,,,,,,8038.42h,,,,,
,CALLS-1103,Implement possibility for Payment flow manager Entrypoint to use DP.ID reservation API,10/14/25,181.50h,64.17h,2082.15h,,,,137.98h,697.98h,175.90h,114.93h,,,4729.62h,,,,,
,CALLS-1102,"Basic performance testing for ""Execute saved payment order"" service task",12/11/25,4003.38h,,18.05h,,,,34.28h,816.13h,0.00h,0.00h,,,3331.68h,,,,,
,CALLS-1101,Data mapping and error handling of PAYMENT EXECUTION API service call,1/16/26,2851.90h,4.77h,1167.95h,,,,629.17h,113.83h,413.98h,524.83h,,,2473.63h,,,,,
,CALLS-1099,Implement possibility for Payment flow manager to use SAVED PAYMENT EXECUTION API,11/5/25,2900.35h,4.75h,474.68h,,,,602.73h,50.90h,0.00h,0.00h,,,4195.13h,,,,,
,CALLS-1100,STAR Incoming international payment view - IDs missing (SIPCI),6/6/25,0.00h,21.33h,23.47h,,,,73.02h,192.13h,21.45h,72.75h,,,7849.85h,,,,,
,CALLS-1095,Adjust Kafka Order Status schema,6/9/25,0.13h,,0.00h,,,,23.88h,47.22h,382.10h,27.75h,,,7776.55h,,,,,
,CALLS-1096,alter trigger on DP table to broadcast payments to BPAY streaming application,7/9/25,0.00h,522.37h,384.45h,,,,2.92h,110.40h,169.37h,28.42h,,,7057.65h,,,,,
,CALLS-1177,[IBank] Issue with signing large payment file in import page,8/26/25,0.07h,,235.00h,,613.38h,,84.35h,342.72h,279.13h,823.28h,,,5898.87h,,,,,
,CALLS-1128,iBank Mass payments PDF (ID),8/22/25,0.00h,4.58h,1079.37h,,,,13.13h,108.88h,475.07h,126.52h,,,6474.52h,,,,,
,CALLS-1119,LV iBank International payment PDF (ID),8/1/25,0.00h,0.02h,1682.72h,,,,0.00h,,0.00h,169.28h,,,6500.90h,,,,,
,CALLS-1092,Verify if mandatory attributes provided to Entrypoint,8/19/25,118.18h,1459.83h,672.35h,,,,,,,,,,,6072.68h,,,,
,CALLS-1153,[iBank] New labels and error messages,9/19/25,2474.10h,,18.43h,,,,0.00h,7.45h,176.83h,372.95h,,,5323.68h,,,,,
,CALLS-1091,create dead letter and retry topics for FM entrypoint,6/12/25,0.02h,217.40h,138.75h,,,,100.43h,69.85h,69.77h,74.02h,,,7703.85h,,,,,
Production bug,CALLS-1090,Ibank: during signing tech error appears when importing payment file,5/16/25,0.02h,,19.25h,,,,3.05h,20.00h,1.25h,4.53h,,,8347.90h,,,,,
,CALLS-1089,Setup Kafka related dashboard items,12/11/25,4175.60h,,0.00h,,,,167.92h,390.22h,255.70h,77.83h,,,3331.43h,,,,,
Production bug,CALLS-1088,[ibank] International standing order IBAN not SEPA payment BIC should be provided by customer,5/19/25,0.10h,,23.53h,,,,0.00h,2.13h,95.28h,2.63h,,,8276.12h,,,,,
,CALLS-1087,Cross-border instant payments retesting before go-live,6/6/25,1.20h,4.43h,17.23h,,,,335.88h,,3.90h,193.72h,,,7843.75h,,,,,
,CALLS-1086,PDF generation - remove iText usage from old deprecated code,9/11/25,192.48h,,0.00h,,,,510.08h,1028.43h,433.22h,0.98h,,,6236.63h,,,,,
Production bug,CALLS-1093,Issue with signing large payment file,5/19/25,42.22h,26.85h,0.00h,,,,0.00h,1.03h,68.00h,1.67h,,,8279.00h,,,,,
,CALLS-1085,"Basic performance testing for ""Decide payment priority and out_channel_code"" service task",10/28/25,3932.82h,,0.00h,,,,121.23h,1.53h,0.00h,0.00h,,,4390.03h,,,,,
,CALLS-1084,Data mapping and error handling of payment_priority_out_channel_code API,10/20/25,3042.83h,32.03h,186.08h,,,,318.88h,116.53h,167.02h,0.83h,,,4581.47h,,,,,
,CALLS-1083,Implement possibility for Payment flow manager to use payment_priority_out_channel_code API,10/20/25,2659.07h,369.67h,186.15h,,,,318.88h,116.53h,20.13h,147.72h,,,4581.45h,,,,,
,CALLS-1081,"Basic performance testing for ""Check if payment is executable"" service task",11/6/25,4157.23h,,88.18h,,,,0.00h,24.05h,0.00h,0.00h,,,4173.58h,,,,,
,CALLS-1080,Data mapping and error handling of Payment Order Validator,10/31/25,2775.72h,747.37h,239.55h,,,,1.70h,191.00h,122.18h,48.13h,,,4317.63h,,,,,
,CALLS-1079,Implement possibility for Payment flow manager to use Payment Order Validator API,10/31/25,2775.90h,817.00h,169.95h,,,,1.70h,191.00h,123.70h,46.62h,,,4317.63h,,,,,
,CALLS-1078,Add registrationNumber and legal to the data mapping for MDM API,5/29/25,1.60h,,117.93h,,,,0.58h,9.45h,235.93h,92.42h,,,8038.67h,,,,,
Production bug,CALLS-1076,"[iBank SmartForm]: Show ""Payer's ID Type"" in initial form",5/19/25,0.00h,,65.10h,,,,0.73h,8.98h,158.77h,5.78h,,,8275.88h,,,,,
,CALLS-1152,[iBank LT] [TEST] Impact to Giro payment,8/25/25,675.67h,,1776.02h,,,,0.00h,,0.00h,142.80h,,,5928.80h,,,,,
Production bug,CALLS-1082,Suggested payment option works incorrectly in smartform,5/12/25,0.00h,,89.18h,,,,0.85h,1.12h,0.27h,2.98h,,,8444.78h,,,,,
,CALLS-1075,Setup Grafana dashboards for flow manager applications,6/11/25,1.48h,,0.00h,,,,0.00h,813.55h,0.00h,0.00h,,,7725.62h,,,,,
,CALLS-1074,Setup Alerting in Swedbank Alerts system for flow manager applications,10/1/25,2156.97h,,0.00h,,,,842.68h,503.68h,0.00h,0.00h,,,5037.97h,,,,,
,CALLS-1071,Domestic / European payment PDF download redirects to blank payment form,5/9/25,0.02h,,1.67h,,,,0.00h,4.00h,1.62h,16.93h,,,8521.42h,,,,,
,CALLS-1124,EE iBank International payment PDF (ID),7/28/25,0.02h,212.18h,1636.62h,,,,0.00h,,0.00h,74.52h,,,6594.30h,,,,,
,CALLS-1121,iBank/DB Payment moves between DP & VMK structures (ID),5/7/25,0.27h,1.42h,0.75h,,,,,,,,,,,8563.20h,,,,
,CALLS-1069,Remove checking that cover currency fields are provided in international payment blank,5/8/25,0.00h,,0.02h,,,,0.00h,20.03h,2.70h,0.00h,,,8543.02h,,,,,
,CALLS-1129,iBank New payment (International) input (ID),8/1/25,0.00h,0.68h,1896.87h,,,,0.00h,,0.00h,167.85h,,,6501.02h,,,,,
,CALLS-1151,[iBank LV] Import TH6: changes in Postal Addresses,9/22/25,316.23h,,2227.48h,,,,0.05h,593.18h,51.38h,125.93h,,,5254.60h,,,,,
,CALLS-1150,[iBank LV] Import FidaVista: changes in Postal Addresses,9/22/25,316.08h,0.12h,1555.63h,,,,695.45h,500.80h,50.78h,194.52h,,,5255.47h,,,,,
,CALLS-1149,[iBank] Import pain.001 v03: changes in Postal Addresses,9/19/25,0.02h,531.90h,667.97h,,,,250.50h,1155.45h,419.22h,243.78h,,,5324.10h,,,,,
,CALLS-1068,Change orchestrator applications timezone to Tallinn,5/14/25,187.22h,,,,,,,,,,,,,8398.83h,,,,
,CALLS-1067,Setup Andromeda observability for orchestrator applications,5/8/25,1.17h,,0.00h,,,,0.00h,43.52h,0.00h,,,,8541.37h,,,,,
,CALLS-1066,Whitelist common QA certificate for orchestrator admin and entrypoint,5/7/25,0.00h,,0.00h,,,,0.00h,0.67h,15.57h,0.35h,,,8569.70h,,,,,
,CALLS-1065,"[UX iBank SmartForm] Hide ""Add additional data"" curtain if it is empty",5/7/25,0.40h,,0.00h,,,,0.00h,1.40h,15.50h,0.32h,,,8569.20h,,,,,
Production bug,CALLS-1070,Smartform crashes after specific symbol in remittance info (or other fields),5/15/25,0.05h,,45.28h,,,,0.32h,7.47h,27.40h,0.00h,,,8485.35h,,,,,
Production bug,CALLS-1064,"[iBank SmartForm]: Issue with ""Payers ID"" field",5/7/25,5.85h,,0.00h,,,,0.03h,,21.93h,0.38h,,,8564.42h,,,,,
,CALLS-1063,"[UX iBank SmartForm] Add area-label for ""download"" button",5/26/25,340.18h,,18.43h,,,,3.15h,31.10h,90.20h,23.98h,,,8109.75h,,,,,
,CALLS-1062,[UX iBank SmartForm] D.O.B. Country list,5/6/25,30.00h,,,,,,,,,,,,,8587.02h,,,,
,CALLS-1060,[UX iBank SmartForm] Change label based on Payers ID type,5/6/25,27.47h,,,,,,,,,,,,,8589.62h,,,,
,CALLS-1059,[UX iBank SmartForm] Disabled fields are ignored by NVDA,5/7/25,23.12h,,0.00h,,,,0.55h,6.73h,19.30h,3.10h,,,8564.33h,,,,,
,CALLS-1058,[UX iBank SmartForm] Labels,5/23/25,340.55h,,18.53h,,,,2.97h,26.13h,20.02h,24.72h,,,8184.30h,,,,,
Production bug,CALLS-1072,"EE, LT iBank: Beneficiary's residence country in intra-bank payments",5/8/25,0.00h,0.38h,71.82h,,,,0.00h,2.57h,1.82h,2.28h,,,8538.37h,,,,,
,CALLS-1057,[UX iBank SmartForm] Suggestions title,5/22/25,411.68h,,,,,,,,,,,,,8205.67h,,,,
,CALLS-1056,[UX iBank SmartForm] No results found,5/22/25,411.60h,,,,,,,,,,,,,8205.77h,,,,
Production bug,CALLS-1055,[ibank] Domestic/european standing order ultimate parties addresses should not be shown in form,5/6/25,0.00h,,65.88h,,,,4.33h,23.08h,1.65h,1.52h,,,8587.52h,,,,,
Production bug,CALLS-1054,[ibank] International standing order without IBAN can not be created,5/15/25,0.00h,,65.98h,,,,23.90h,99.78h,1.55h,117.95h,,,8374.93h,,,,,
,CALLS-1053,Prepare tests for final process definition,,8689.15h,,,,,,,,,,,,,,,,,
,CALLS-1148,[iBank] International payment view page: show Hybrid address,7/17/25,3.92h,0.23h,1612.78h,,,,19.77h,20.67h,146.18h,23.48h,,,6863.03h,,,,,
,CALLS-1147,[iBank] Domestic/European payment view page: show Hybrid address,7/15/25,0.70h,,1656.13h,,,,7.25h,17.42h,98.17h,1.50h,,,6908.90h,,,,,
,CALLS-1052,Decommision POC MSSQL database,6/27/25,100.47h,,45.65h,,,,0.00h,1202.72h,0.00h,0.00h,,,7342.13h,,,,,
,CALLS-1051,Remove POC camunda applications,5/5/25,0.00h,,0.00h,,,,1.60h,78.47h,0.00h,0.00h,,,8610.90h,,,,,
,CALLS-1050,Decommission POC camunda project,6/27/25,0.00h,,0.00h,,,,1348.87h,,0.00h,0.00h,,,7342.12h,,,,,
Production bug,CALLS-1049,[sepa-exchange] Cache reloading does not reload all cache,4/30/25,0.00h,,0.00h,,,,0.00h,3.92h,0.00h,0.00h,,,8734.10h,,,,,
,CALLS-1048,Investigate removal of history tables indexes,,8760.15h,,,,,,,,,,,,,,,,,
,CALLS-1047,Add Tracing solution,1/15/26,220.52h,,0.15h,,,,0.00h,161.23h,31.48h,140.93h,,,8207.00h,,,,,
,CALLS-1046,Implement monitoring/alerting of archiving process,10/6/25,2549.13h,,693.60h,,,,478.68h,5.40h,0.00h,119.78h,,,4915.93h,,,,,
,CALLS-1045,Implement automatic history data removal from Archive DB,6/25/25,0.02h,,170.10h,,,,51.40h,1147.47h,0.00h,1.67h,,,7391.93h,,,,,
,CALLS-1044,Setup standalone Liquibase for Archive DB change deployments,7/21/25,0.02h,,1561.68h,,,,149.67h,286.83h,0.00h,0.00h,,,6764.53h,,,,,
,CALLS-1043,Configure logging for orchestrator applications,5/7/25,0.00h,,0.00h,,,,0.00h,20.33h,0.68h,188.17h,,,8570.17h,,,,,
,CALLS-1127,LT iBank International payment PDF (ID),7/28/25,0.00h,500.58h,1754.07h,,,,0.00h,,0.00h,2.65h,,,6594.93h,,,,,
,CALLS-1120,EE iBank Domestic/European payment PDF (ID),7/22/25,0.00h,478.22h,1172.77h,,,,13.33h,16.13h,334.33h,93.72h,,,6743.73h,,,,,
,CALLS-1118,LV iBank Domestic/European payment PDF (ID),10/17/25,0.03h,500.22h,1150.78h,,,,13.35h,1412.70h,500.35h,620.28h,,,4654.58h,,,,,
,CALLS-1125,LT iBank Domestic/European payment PDF (ID),7/16/25,0.00h,502.67h,1150.03h,,,,13.33h,16.15h,235.70h,53.50h,,,6882.58h,,,,,
,CALLS-1042,PDF generation - PDFBox warnings,5/14/25,0.07h,,0.97h,,,,163.65h,291.32h,,,,,,8402.12h,,,,
,CALLS-1122,iBank Mass payment edit/view (ID),8/26/25,0.60h,311.93h,1365.10h,,,,13.22h,271.33h,316.32h,223.47h,,,6376.62h,,,,,
,CALLS-1040,Ivy to Artifactory,10/15/25,0.05h,,504.22h,,,,1533.88h,2138.10h,0.00h,0.00h,,,4704.55h,,,,,
,CALLS-1131,iBank New payment (Domestic/ European) input/view (ID),7/23/25,0.00h,335.82h,1008.92h,,,,20.87h,364.88h,201.55h,255.83h,,,6714.47h,,,,,
,CALLS-1039,Add INSTANT option in STAR for Foreign payments,5/14/25,359.20h,,0.00h,,,,100.47h,42.17h,3.70h,2.10h,,,8396.92h,,,,,
,CALLS-1130,iBank Domestic/European payment view (ID),7/9/25,0.00h,336.55h,1010.37h,,,,162.70h,81.93h,70.35h,192.17h,,,7050.53h,,,,,
,CALLS-1038,PDF generation E-invoice page - error on Automated Invoice pdf,4/24/25,0.00h,,15.73h,,,,0.00h,28.33h,0.50h,1.58h,,,8875.82h,,,,,
,CALLS-1037,Payment order LT PDFs field issues,4/22/25,0.17h,,5.12h,,,,,,,,,,,8922.82h,,,,
,CALLS-1036,Payment order EE PDFs field issues,4/24/25,0.37h,,5.00h,,,,0.00h,16.37h,25.12h,0.82h,,,8880.58h,,,,,
,CALLS-1033,Order certificates for Payments Flow manager PROD,4/24/25,0.03h,,0.00h,,,,0.00h,164.80h,0.00h,0.00h,,,8878.37h,,,,,
,CALLS-1146,[iBank LT] Salary/mass payment: change Postal Address,8/1/25,453.32h,,1843.82h,,,,0.00h,81.05h,141.75h,18.52h,,,6504.97h,,,,,
,CALLS-1144,[iBank] Import pain.001 v09: changes in Postal Addresses,9/19/25,474.58h,315.90h,1051.90h,,,,335.42h,990.98h,208.28h,342.38h,,,5324.03h,,,,,
,CALLS-1145,[iBank] [TEST] Standing order PDF: hybrid address,8/22/25,432.80h,,2585.63h,,,,22.87h,,0.00h,5.33h,,,5996.92h,,,,,
,CALLS-1143,[iBank] Standing orders: change Postal addresses,8/21/25,426.70h,5.67h,1745.90h,,,,408.07h,185.43h,99.77h,151.28h,,,6020.75h,,,,,
,CALLS-1142,[iBank] Defined payments: change Postal addresses,8/21/25,425.25h,0.73h,1416.50h,,,,426.40h,383.55h,77.48h,292.22h,,,6021.45h,,,,,
,CALLS-1141,[iBank] International payment: change Postal Addresses,8/21/25,354.70h,3.40h,1316.78h,,,,168.97h,551.37h,21.33h,223.30h,,,6404.17h,,,,,
,CALLS-1140,[iBank] Domestic/European payment: Change Postal Addresses,9/19/25,89.57h,264.67h,2142.33h,,,,20.55h,1155.83h,18.92h,28.05h,,,5324.10h,,,,,
Production bug,CALLS-1032,Overwriting defined payment not saving correspon./intermediary bank's data,10/24/25,0.00h,,4372.55h,,,,0.00h,183.67h,3.85h,20.75h,,,4489.65h,,,,,
,CALLS-1031,PDF generation - Incoming international payments,5/2/25,69.82h,,0.02h,,,,113.35h,95.58h,121.08h,0.48h,,,8689.95h,,,,,
,CALLS-1030,PDF generation - Mass Payments pages,4/15/25,0.08h,,,,,,,,,,,,9093.63h,,,,,
,CALLS-1029,Remove checking that cover currency fields are provided in international payment blank,4/16/25,0.05h,,0.00h,,,,0.00h,18.70h,2.15h,5.78h,,,9067.15h,,,,,
,CALLS-1034,Payment order PDFs field issues,4/22/25,68.10h,,0.00h,,,,0.00h,2.58h,93.12h,0.18h,,,8930.07h,,,,,
,CALLS-1028,Star - Adjust print transactions for Cross-border instant payments - payment type,5/14/25,0.03h,,45.42h,,,,143.53h,503.68h,3.18h,2.07h,,,8396.93h,,,,,
,CALLS-1027,History Cleanup in Camunda DB,9/1/25,2903.18h,148.37h,20.37h,,,,0.70h,23.73h,0.00h,245.00h,,,5755.00h,,,,,
,CALLS-1026,Route to Flow Orchestrator entry point to appropriate country,1/14/26,746.65h,166.55h,1342.52h,,,,961.92h,389.10h,1006.13h,24.13h,,,4483.73h,,,,,
,CALLS-1025,Update components in Standing Order form,4/24/25,0.08h,,14.82h,,,,0.95h,30.58h,160.35h,30.48h,,,8875.78h,,,,,
,CALLS-1024,[enabler] Prepare - Baltic Payment Order Management service offering to be “Operational”,,6623.58h,,0.12h,,,,2495.88h,,,,,,,,,,,
,CALLS-1022,Applications upgrade,4/14/25,0.37h,,0.00h,,,,0.00h,97.13h,0.00h,0.00h,,,9114.27h,,,,,
,CALLS-1021,DB upgrade,4/14/25,0.00h,,0.00h,,,,0.00h,94.53h,0.00h,0.00h,,,9117.30h,,,,,
,CALLS-1020,Fix tech error for imported disappeared payments,10/15/25,0.85h,,4511.02h,,,,,,,,,,,4700.52h,,,,
Production bug,CALLS-1023,No subject alternative DNS name matching,4/11/25,0.30h,,0.00h,,,,0.00h,,0.67h,20.08h,,,9193.75h,,,,,
,CALLS-1019,iBank: remove account selection from international payment confirmation and signing,4/14/25,8.23h,,16.90h,,,,0.00h,3.93h,67.23h,2.30h,,,9118.88h,,,,,
,CALLS-1014,Convert message received from batch handler to PODM format,10/13/25,795.60h,150.18h,38.53h,,,,1318.22h,1085.67h,1006.13h,95.90h,,,4750.27h,,,,,
,CALLS-1013,Data mapping and error handling of foreign currency,12/30/25,3191.78h,97.42h,0.45h,,,,0.02h,0.00h,0.00h,0.00h,,,5903.70h,,,,,
,CALLS-1011,Hide Camunda internal API's for external usage (Additional logic to activate in Preprod),12/9/25,5737.53h,125.22h,0.00h,,,,,,,,,,3378.83h,,,,,
,CALLS-1010,"Basic performance testing for ""Enrich account data"" service task",8/28/25,3217.95h,,0.00h,,,,143.43h,0.00h,0.00h,24.13h,,,5856.43h,,,,,
,CALLS-1009,"Basic performance testing for ""Enrich customer data"" service task",8/21/25,626.20h,0.02h,22.47h,,,,,,,,,,150.70h,8418.57h,,,,
,CALLS-1008,"Basic performance testing for ""Check service limitations"" service task",8/28/25,3218.05h,,0.00h,,,,165.80h,,0.00h,1.70h,,,5856.43h,,,,,
,CALLS-1007,Data mapping and error handling of Accounts data,7/8/25,313.68h,29.92h,17.48h,,,,718.70h,553.27h,364.10h,165.22h,,,7079.70h,,,,,
,CALLS-1006,Data mapping and error handling of Customer data,5/7/25,314.08h,144.60h,22.38h,,,,2.02h,29.83h,158.97h,4.28h,,,8565.92h,,,,,
,CALLS-1005,Data mapping and error handling of service limitation,6/25/25,314.10h,382.72h,0.00h,,,,960.88h,26.92h,167.80h,1.52h,,,7388.17h,,,,,
,CALLS-995,Configure Liquibase for Camunda,4/7/25,0.00h,,,,,,,,,,,,,9285.57h,,,,
,CALLS-994,Update Camunda from 7.22 to 7.23,4/14/25,1.98h,,0.00h,,,,93.20h,76.17h,0.00h,0.00h,,,9114.27h,,,,,
,CALLS-1003,Implement storing payment order task using API call to PODM,6/26/25,0.00h,1120.78h,359.90h,,,,27.93h,86.90h,73.12h,323.07h,,,7362.10h,,,,,
,CALLS-990,Follow Payments status in core DB,6/17/25,1803.55h,,,,,,,,,,,,,7580.03h,,,,
,CALLS-989,PDF generation - Payment file import page,5/2/25,312.12h,,0.00h,,,,2.60h,305.28h,59.85h,17.72h,,,8687.77h,0.00h,,,,
,CALLS-988,PDF generation - Giro payments page,4/15/25,308.38h,,,,,,,,,,,,9093.65h,,,,,
,CALLS-987,PDF generation - Standing order pages,4/29/25,41.52h,,0.00h,,,,0.00h,436.18h,130.83h,33.02h,,,8760.45h,,,,,
,CALLS-986,PDF generation - E-invoice pages,4/22/25,302.35h,,0.00h,,,,0.00h,48.57h,7.47h,113.62h,,,8930.05h,,,,,
,CALLS-985,PDF generation - Smart form page,4/7/25,113.33h,,,,,,,,,,,,,9288.80h,,,,
,CALLS-984,PDF generation - International payment info page,4/7/25,113.90h,,,,,,,,,,,,,9288.27h,,,,
,CALLS-983,PDF generation - International payments,4/18/25,182.08h,,0.00h,,,,5.63h,122.38h,25.15h,45.28h,,,9021.63h,,,,,
,CALLS-982,PDF generation - Domestic and SEPA cross-border,4/22/25,16.98h,,0.00h,,,,101.48h,226.48h,28.42h,98.78h,,,8930.08h,,,,,
,CALLS-981,(Investigate) Payment order status in ISO format,6/12/25,0.00h,1703.82h,0.00h,,,,,,,,,,7704.22h,,,,,
,CALLS-1002,"Basic performance testing for ""Duplicity check"" service task",8/28/25,16.35h,,3385.95h,,,,117.50h,7.52h,0.00h,42.53h,,,5856.43h,,,,,
,CALLS-1035,IBank: To update Standing order agreement PDF near Easy saver,4/28/25,496.83h,,49.55h,,,,0.00h,0.02h,95.68h,5.70h,,,8778.80h,,,,,
,CALLS-980,Investigate history table usage during process execution,4/29/25,0.00h,,0.00h,,,,70.40h,602.73h,0.00h,0.00h,,,8760.07h,,,,,
,CALLS-993,iBank - Imported payment disappears,4/11/25,0.20h,,2.85h,,,,0.00h,165.20h,47.35h,23.12h,,,9195.17h,,,,,
,CALLS-1001,Implement timeout and error handling,12/18/25,2825.20h,1538.95h,1822.75h,,,,,,,,,,3167.75h,,,,,
,CALLS-1000,Implement duplicity check API logic,6/25/25,86.38h,24.20h,1201.48h,,,122.65h,147.07h,9.02h,88.13h,407.17h,,,7389.70h,,,,,
,CALLS-999,Implement duplicity check task using API call to PODM,6/19/25,111.88h,24.23h,786.00h,,,101.67h,485.00h,145.22h,21.05h,340.02h,,,7530.73h,,,,,
,CALLS-977,Monitoring solution for Flow manager and surrounding functionality.,12/11/25,937.18h,,0.00h,,,,4337.33h,881.00h,0.00h,0.00h,,,3326.52h,,,,,
Production bug,CALLS-978,defined payments address was archived,4/7/25,0.00h,,161.65h,,,,0.12h,22.55h,5.20h,66.00h,,,9291.05h,,,,,
,CALLS-976,IBank: Filtering option for Defined payments,3/31/25,16.35h,,1.03h,,,,5.07h,1.02h,93.58h,0.25h,,,9452.43h,,,,,
,CALLS-975,(Investigate) Data retention period for Flow manager stored data,,9569.87h,,,,,,,,,,,,,,,,,
,CALLS-1018,Execute payment test cases,6/3/25,1657.02h,,,,,,,,,,,,,7915.97h,,,,
,CALLS-1017,Application configuration changes,6/3/25,1657.07h,,,,,,,,,,,,,7915.97h,,,,
,CALLS-1016,Order/configure Urban code deployment,6/3/25,692.45h,,0.00h,,,,484.77h,479.88h,,,,,,7915.95h,,,,
,CALLS-1015,Order servers in Azure DC,5/14/25,451.08h,,0.00h,,,,362.58h,363.72h,0.00h,0.00h,,,8395.75h,,,,,
,CALLS-996,Cross-border instant payments go-live activities,6/6/25,0.02h,0.23h,1216.00h,,,,336.67h,2.47h,124.07h,65.98h,,,7848.02h,,,,,
,CALLS-998,Implement usage of MDM API (rest call) to get party information,5/7/25,497.07h,,0.00h,,,,29.77h,287.37h,21.15h,188.28h,,,8570.07h,,,,,
,CALLS-974,Performance tests of Camunda 7 as our orchestrator,9/9/25,2138.43h,,1.30h,,,,1847.10h,,,,,,5564.67h,,,,,
Production bug,CALLS-972,User is not able to open European archived payment from account statement,3/25/25,0.08h,9.18h,0.00h,,,,0.00h,0.00h,63.48h,22.90h,,,9601.32h,,,,,
Production bug,CALLS-971,Debtor internal name not filled for outgoing SEPA cross-border payments from smart form,3/25/25,0.00h,,4.05h,,,,0.00h,1.67h,3.70h,43.80h,,,9664.65h,,,,,
,CALLS-970,After executing payment from Defined payments - add to defined payment,3/27/25,167.72h,,,,,,,,,,,,,9552.35h,,,,
,CALLS-969,(Investigate) Monitoring to follow certificate expiring date (to not miss expiring certificates),,9737.40h,,,,,,,,,,,,,,,,,
,CALLS-968,iBank: change PDF used for SOA in LT,4/2/25,164.65h,,48.35h,,,,29.13h,44.90h,72.30h,1.57h,,,9404.52h,,,,,
,CALLS-1012,Implement usage of Currency exchange API (payment services grpc),11/19/25,3815.05h,,1084.75h,,,,503.82h,336.43h,18.52h,124.55h,,,3860.18h,,,,,
,CALLS-967,[pre-prod] register CI for newly created items,5/14/25,0.10h,,0.00h,,,,316.07h,574.65h,0.00h,0.00h,,,8853.43h,,,,,
Production bug,CALLS-966,Code of external payment in SOA gives error,3/20/25,0.02h,,19.77h,,,,0.00h,7.25h,4.08h,42.38h,,,9714.62h,,,,,
,CALLS-964,Unknown BIC in TIPS Directory error when executing Instant for SE swedbank,3/31/25,2.43h,,236.20h,,,,3.50h,26.18h,70.75h,0.37h,,,9451.20h,,,,,
,CALLS-963,iBank: Unauthenticated user should be redirected to International Payment Public page,3/17/25,2.07h,,1.70h,,,,0.00h,1.45h,0.32h,0.25h,,,9785.65h,,,,,
,CALLS-962,Wrong defined payment page title,3/20/25,0.00h,,71.42h,,,,,,,,,,,9720.13h,,,,
,CALLS-961,Beneficiary's residence country is not shown in account statement,3/25/25,0.02h,,27.40h,,,,0.00h,140.65h,20.80h,2.13h,,,9600.87h,,,,,
,CALLS-965,Invalid character validation error return when creating instant cross-border payment with creditor local characters,3/31/25,5.58h,0.23h,234.45h,,,,3.55h,26.12h,71.30h,0.05h,,,9451.00h,0.38h,,,,
,CALLS-960,iBank: change PDFs used for SOA in LV,3/31/25,18.73h,,72.52h,,,,11.45h,91.22h,46.33h,99.55h,,,9452.98h,,,,,
,CALLS-959,Defined domestic payments not saving beneficiary residence country and balance code,3/17/25,0.25h,,0.00h,,,,0.00h,0.13h,64.32h,0.58h,,,9793.45h,,,,,
,CALLS-957,SOA gets error after pressing 'Continue',3/17/25,0.08h,,1.35h,,,,0.00h,0.58h,1.78h,65.12h,,,9793.42h,,,,,
,CALLS-956,iBank: change PDF used for Domestic SOA in LV,3/17/25,57.10h,,0.05h,,,,0.00h,16.77h,0.25h,1.12h,,,9788.88h,,,,,
,CALLS-955,iBank: one PDF should be used for all European payments in EE,4/2/25,0.00h,,144.13h,,,,144.65h,29.80h,60.75h,77.80h,,,9407.12h,,,,,
,CALLS-954,[iBank] List of payments - Debtor ID not added automatically to Cross-border instant payment (SIPCO),4/7/25,0.00h,,165.87h,,,,215.40h,55.18h,59.58h,98.63h,,,9291.25h,,,,,
,CALLS-951,LV: Info about international payments should be placed in menu item International payment,3/13/25,1.57h,,0.00h,,,,0.02h,3.40h,3.28h,0.23h,,,9881.20h,,,,,
,CALLS-950,iBank: In Domestic SOA Bank name is not shown for the customer and not printed in PDF agreement,4/4/25,17.45h,0.00h,0.02h,,,,167.48h,265.87h,65.67h,31.18h,,,9357.95h,,,,,
,CALLS-949,Add missing setup for OP_ID to MOB channel,3/14/25,0.00h,,20.67h,,,,0.17h,3.07h,25.15h,0.00h,,,9859.90h,,,,,
,CALLS-997,Implement possibility for Payment flow manager to use Account Information API,6/9/25,0.00h,0.62h,812.05h,,,,575.02h,291.52h,354.52h,98.28h,,,7777.27h,,,,,
,CALLS-952,[Ibank] Bank defined payment shortcut navigates to wrong page,3/20/25,1.00h,,23.60h,,,,168.13h,,,,,,,9719.23h,,,,
,CALLS-1073,Returned SEPA payment description improvements,5/13/25,0.00h,313.45h,1078.30h,,,,22.45h,73.15h,26.02h,3.40h,,,8419.95h,,,,,
,CALLS-947,(Investigate) possibility to use Hazelcast for Flow Manager needs,8/26/25,4051.50h,,,,,,,,,,,,,5902.95h,,,,
,CALLS-946,Setup DB user for flow manager in CORE DB,3/27/25,0.00h,,187.03h,,,,46.48h,167.75h,0.00h,0.00h,,,9553.32h,,,,,
,CALLS-945,In Lithuania SEPA domestic and cross border payments visible in Account Statement and Payment history,3/14/25,0.20h,,112.75h,,,,5.98h,17.35h,1.25h,24.38h,,,9863.70h,,,,,
,CALLS-944,iBank: International payments visible in Account Statement and Payment history,3/14/25,0.33h,,112.43h,,,,4.05h,22.08h,3.37h,24.70h,,,9858.80h,,,,,
,CALLS-943,iBank: Additional lable update for payment forms,3/14/25,0.57h,,113.27h,,,,3.32h,24.87h,22.00h,1.72h,,,9861.00h,,,,,
,CALLS-942,"Ibank: Link from ""Information about international settlements"" is not working correctly",3/12/25,0.00h,,115.38h,,,,2.53h,2.30h,2.27h,0.12h,,,9905.85h,,,,,
,CALLS-941,Configure payments orchestrator connection to payment services,3/27/25,74.47h,,67.50h,,,,29.18h,307.67h,0.00h,0.00h,,,9550.92h,,,,,
,CALLS-940,[ibank] Incorrect names of shortcuts,3/13/25,0.00h,,119.55h,,,,0.42h,6.13h,2.58h,17.92h,,,9886.10h,,,,,
,CALLS-1004,Implement possibility for Payment flow manager to use Service Limitations API,5/7/25,0.02h,28.23h,977.67h,,,,25.17h,428.00h,7.15h,18.88h,,,,8570.18h,,,,
,CALLS-939,[pre-prod] Order certificates for Payments Flow manager,4/2/25,0.00h,,0.02h,,,,0.03h,264.77h,383.72h,0.00h,,,,9407.15h,,,,
,CALLS-937,[Investigate] GIRO payments in STAR usage of Currency conversion functionality,3/13/25,0.00h,,169.65h,,,,,,,,,,,9887.63h,,,,
,CALLS-936,invalidPaymentStatus error message shown upon double acceptance transaction,10/3/25,1.05h,,5086.53h,,,,,,,,,,,4986.92h,,,,
,CALLS-935,"[DB] Add parameters to save domestic SO beneficiary address (LV,EE)",3/14/25,21.12h,,0.00h,,,,1.63h,27.33h,168.95h,0.00h,,,,9858.28h,,,,
,CALLS-934,Remove temporary privileges and data,3/24/25,0.53h,,360.33h,,,,1.85h,92.68h,0.00h,0.02h,,,,9625.85h,,,,
,CALLS-933,"IBank: Radio button for defined payments for field ""type of information""",3/12/25,1.65h,,43.85h,,,,7.18h,21.78h,72.88h,43.12h,,,,9911.28h,,,,
,CALLS-931,Standing orders fixes,3/14/25,0.23h,,48.03h,,,,29.98h,96.48h,0.42h,70.90h,,,,9858.38h,,,,
,CALLS-930,"iBank - Show Cross-border instant payment/return details (SIPCO, SIPCI)",3/27/25,0.35h,40.27h,49.73h,,,,183.67h,204.05h,42.98h,55.10h,,,,9545.80h,,,,
,CALLS-929,"Discover/ Describe AS-IS situation for DP, THN_OUT, Holder channel statuses and possible combinations",4/1/25,0.00h,689.92h,,,,,,,,,,,,9433.73h,,,,
,CALLS-928,IBank: Incorrect tab name,3/4/25,19.32h,,0.00h,,,,0.00h,1.88h,3.23h,0.13h,,,,10099.73h,,,,
,CALLS-926,investigate and decide which maintenance actions will be needed in Cockpit and thru REST API,3/18/26,8368.70h,168.67h,0.00h,,,,20.92h,549.87h,25.52h,54.80h,,,,1004.63h,,,,
,CALLS-927,Internal error thrown when initiating instant cross-border,3/5/25,65.23h,0.00h,0.00h,,,,9.70h,0.42h,17.75h,25.25h,,,,10076.07h,,,,
,CALLS-925,implement error handling while reading incoming messages for FM entrypoint,10/13/25,1984.70h,121.20h,215.70h,,,,1529.93h,174.77h,1148.65h,317.28h,,,,4748.97h,,,,
,CALLS-924,define message structure for outgoing events towards batch handler,4/7/25,934.72h,,,,,,,,,,,,,9282.68h,,,,
Production bug,CALLS-932,The reference number is missing in some cases when the payment is initiated through the defined payment and reference number is stored in defined payments.,3/4/25,93.60h,,22.13h,,,,,3.28h,0.03h,1.48h,,,,10100.72h,,,,
,CALLS-922,GRPC load balancing changes for payment-services stack,3/17/25,0.00h,,185.15h,,,,30.68h,68.82h,46.47h,117.78h,,,,9792.00h,,,,
Production bug,CALLS-921,OP_ID configuration issue that impacts SWIFT MT940/942 statements in LT,3/7/25,0.02h,,20.05h,,,,94.87h,4.58h,49.02h,43.05h,,,,10031.93h,,,,
,CALLS-919,Order and onboard to CyberArk for secret storage,3/18/25,195.18h,,0.00h,,,,0.00h,,0.00h,312.30h,,,,9763.90h,,,,
,CALLS-918,[pre-prod] Create projects for flow manager components,4/8/25,0.00h,0.00h,17.08h,,,,2.72h,1010.27h,0.00h,0.00h,,,,9258.85h,,,,
Production bug,CALLS-920,[ibank] Already executed mass payment can be changed,2/27/25,0.00h,,20.23h,,,,5.55h,0.00h,19.77h,23.32h,,,,10221.23h,,,,
,CALLS-917,iBank: Defined payments and My defined payments menu duplicates the existing Defined payment menu,3/4/25,16.92h,,31.48h,,,,23.27h,92.07h,21.47h,5.35h,,,,10099.88h,,,,
,CALLS-948,Improve responsiveness of RT1 nodes,4/4/25,262.00h,,0.00h,,,,0.03h,147.20h,0.68h,552.72h,,,,9356.05h,,,,
,CALLS-973,SEPA-exchange code cleanup,4/4/25,261.95h,,0.00h,,,,147.32h,288.18h,1.32h,263.90h,,,,9356.05h,,,,
,CALLS-916,iBank: Tech error when adding defined payment after payment execution,2/27/25,0.02h,,141.20h,,,,0.03h,5.35h,15.87h,1.00h,,,,10225.23h,,,,
,CALLS-914,Defined payment used incorrect currency,2/26/25,0.00h,,1.58h,,,,2.68h,124.47h,18.20h,1.78h,,,,10245.10h,,,,
,CALLS-913,iBank: Change payment type in Payment History for Privates,2/26/25,0.00h,,25.12h,,,,1.18h,101.85h,21.05h,26.82h,,,,10241.43h,,,,
,CALLS-912,iBank: Beneficiary bank should not be in Defined payment form for  Domestic and European payment,2/24/25,0.00h,,21.83h,,,,0.00h,27.08h,26.27h,68.60h,,,,10294.68h,,,,
,CALLS-911,iBank: open new defined payment form when payment is being created from old payment,3/7/25,0.00h,,46.90h,,,,169.35h,94.30h,65.55h,35.15h,,,,10027.93h,,,,
,CALLS-910,Flow manager DB Access logging and auditing solution,8/13/25,3406.85h,120.23h,0.07h,,,,148.27h,433.33h,0.00h,119.17h,,,,6212.00h,,,,
,CALLS-909,[pre-prod] Configure Liquibase for Camunda,4/10/25,1156.42h,,0.00h,,,,0.00h,72.80h,0.00h,0.00h,,,,9210.87h,,,,
,CALLS-908,(pre-prod) Archival DB solution for Flow Manager,5/7/25,53.23h,283.48h,0.00h,,,,22.75h,1512.95h,0.00h,0.00h,,,,8567.77h,,,,
,CALLS-907,[iBank] Smart form - Debtor ID not added automatically to Cross-border instant payment (SIPCO),3/13/25,1.17h,,357.17h,,,,1.95h,171.47h,34.10h,8.78h,,,,9884.93h,,,,
,CALLS-904,Outgoing Intragroup payment sent after failed Instant payment stays not sent out,2/17/25,0.00h,,0.65h,,,,0.00h,3.55h,0.53h,98.43h,,,,10457.63h,,,,
,CALLS-900,Create items and triggers under new SEPA_RT1 template in Zabbix,2/13/25,0.00h,,141.53h,,,,4.43h,0.65h,0.00h,0.00h,,,,10555.35h,,,,
,CALLS-899,iBank: change payment types in defined payments list,2/26/25,0.00h,,142.82h,,,,0.22h,257.43h,29.47h,29.87h,,,,10243.23h,,,,
,CALLS-898,ibank: change payment types in list of payments,2/20/25,0.00h,,142.97h,,,,28.60h,6.10h,89.73h,45.38h,,,,10390.48h,,,,
,CALLS-901,[sepa-exchange] Reject outgoing instant payment if bank is not reachable,2/12/25,0.00h,,2.65h,,,,65.20h,7.53h,0.67h,45.73h,,,,10581.80h,,,,
,CALLS-902,[sepa-exchange] Log RT1 error messages as WARN in logs,2/12/25,0.00h,,2.88h,,,,72.78h,0.83h,18.35h,30.62h,,,,10578.38h,,,,
,CALLS-897,Add monitoring to follow payment sys_global parameter changes,3/6/25,0.00h,17.80h,0.00h,,,,243.08h,405.33h,0.00h,,,,,10056.52h,,,,
,CALLS-894,Party ID lost when creating new defined European payment,2/26/25,0.02h,0.60h,46.42h,,,,33.65h,276.82h,70.40h,104.22h,,,,10243.32h,,,,
,CALLS-893,"IBank: After adding defined salary payment, I am brought back to old My defined payment page",2/10/25,0.00h,,47.98h,,,,1.92h,5.12h,88.10h,0.55h,,,,10632.32h,,,,
Production bug,CALLS-903,[payment-form-service] Error Debtor not found by IBAN: 'xxx',2/13/25,91.67h,,1.57h,,,,73.57h,46.43h,0.80h,22.83h,,,,10557.27h,,,,
,CALLS-892,"iBank: Form name, when payment is opened from Account Statement",2/6/25,0.03h,,70.48h,,,,,,,,,,,,10728.08h,,,
,CALLS-891,"IBank: Button ""Change account"" for defined payments",2/7/25,0.00h,,23.58h,,,,0.10h,35.53h,35.35h,2.57h,,,,10703.52h,,,,
,CALLS-890,IBank: Tab name for Domestic and European payments,2/6/25,0.00h,,137.33h,,,,,,,,,,,,10728.22h,,,
Production bug,CALLS-889,[EPE] Do not log unnecessary error in logs,1/30/25,0.00h,,0.00h,,,,0.00h,0.60h,0.00h,0.93h,,,,10891.42h,,,,
,CALLS-888,Create Kafka client integration on engine component,5/7/25,1367.10h,,0.00h,,,,0.00h,814.33h,171.73h,0.40h,,,,8565.00h,,,,
,CALLS-887,Create Kafka topic for broadcast messages from Flow manager,4/29/25,815.12h,,0.00h,,,,192.85h,477.15h,672.00h,0.00h,,,,8761.50h,,,,
,CALLS-882,Test payment load to ProScan:,4/15/25,1821.32h,,,,,,,,,,,,,,9098.65h,,,
,CALLS-879,Adapt Kafka entry point for intermediate Kafka Topics listening & routing to Flow Manager,1/27/26,5520.02h,2.38h,549.47h,,,,317.03h,695.00h,1271.43h,379.98h,,,,2209.28h,,,,
,CALLS-878,Create Flow manager entry point for Kafka topic,10/1/25,1823.92h,,0.00h,,,,743.15h,1917.32h,1115.57h,237.23h,,,,5035.48h,,,,
,CALLS-877,Create Flow manager entry point for Rest API,3/10/25,965.47h,,,,,,,,,,,,,,9955.25h,,,
,CALLS-876,[enabler] Flow manager documentation & training,9/9/25,5374.25h,,,,,,,,,,,,,5564.35h,,,,
,CALLS-875,[pre-prod] Setup access rights for Flow manager,3/30/26,1553.50h,,0.02h,,,,3624.93h,4990.07h,4.03h,50.22h,,,,715.98h,,,,
,CALLS-874,[pre-prod] Deploy Camunda 7 on Flow manager namespace,3/12/25,43.65h,,0.00h,,,,606.58h,382.65h,0.00h,0.00h,,,,9906.27h,,,,
,CALLS-873,[pre-prod] Order MSSQL DB for Flow manager,3/12/25,498.85h,,0.50h,,,,335.48h,198.10h,0.00h,0.00h,,,,9906.32h,,,,
,CALLS-872,[pre-prod] Order Namespaces for Flow manager (Z cluster),2/28/25,43.75h,,0.00h,,,,437.22h,257.02h,0.00h,0.00h,,,,10201.37h,,,,
,CALLS-938,Repeat performance tests after external bottleneck fixed,10/2/25,4870.03h,,189.52h,,,,839.97h,,,,,,,,5017.82h,,,
,CALLS-870,In account statement international payments opens as domestics,1/30/25,0.12h,,65.18h,,,,5.07h,0.00h,0.00h,0.02h,,,,,10891.13h,,,
,CALLS-869,[Clean-up]Unify creditor reference in defined payments after SEPA_SINGLE_FORM_START,3/31/25,68.03h,,0.00h,,,,1270.83h,95.80h,4.45h,70.50h,,,,9454.48h,,,,
,CALLS-868,[DB] Extend saving procedure to support reference issuer,2/6/25,0.02h,,0.00h,,,,0.00h,237.48h,26.55h,49.07h,,,,10726.30h,,,,
,CALLS-867,"Fill ""Reference number"" from other DB source",2/6/25,143.53h,,0.00h,,,,101.83h,69.25h,1.87h,1.00h,,,,10722.05h,,,,
,CALLS-866,[prod] Whitelist core account closure CN for payment services,3/3/25,0.00h,,862.15h,,,,0.00h,1.12h,64.85h,0.00h,,,,10128.53h,,,,
,CALLS-865,Extend coresrv.european_predefined_payment view,1/28/25,2.30h,,0.00h,,,,0.00h,0.00h,91.73h,27.17h,,,,10941.92h,,,,
,CALLS-861,Details not shown in Defined Payments list after sepa single form,1/29/25,0.00h,,0.57h,,,,0.00h,49.08h,113.47h,2.13h,,,,10918.82h,,,,
,CALLS-860,[DB] Unify Creditor Reference storing in DB table,2/6/25,0.73h,,0.00h,,,,0.00h,307.48h,48.08h,5.93h,,,,10722.85h,,,,
,CALLS-859,iBank: update fee shown in SMART form,2/10/25,0.00h,,379.68h,,,,22.87h,5.00h,0.13h,70.17h,,,,10629.75h,,,,
,CALLS-856,iBank: Add Creditor Issuer for Defined payments,2/6/25,0.00h,,17.33h,,,,25.10h,294.78h,17.87h,48.95h,,,,10726.42h,,,,
Production bug,CALLS-854,[ibank] Defined mass payment creation form gets disabled when trying to save with errors in it,1/22/25,0.15h,68.07h,0.02h,,,,6.03h,0.00h,0.32h,48.35h,,,,11082.28h,,,,
Production bug,CALLS-853,iBank Smart form - Beneficiary's residence country stored when not provided,1/31/25,0.00h,,163.80h,,,,7.75h,118.07h,69.32h,0.37h,,,,10868.93h,,,,
,CALLS-858,"UI issue in EE iBank International payment, Incoming international payments screen",1/22/25,0.08h,123.63h,23.82h,,,,,,,,,,,11085.08h,,,,
,CALLS-847,IBank: Issuer field for suggested payments in “Domestic and european payment” form,1/28/25,0.02h,,117.95h,,,,26.03h,50.23h,91.72h,27.17h,,,,10941.92h,,,,
,CALLS-852,"Update ""Add additional Beneficiary's data"" button",1/28/25,1.05h,,44.57h,,,,22.92h,6.03h,142.90h,115.23h,,,,10945.32h,,,,
,CALLS-846,IBank: Add Reference issuer field in Domestic and european payment information window,1/24/25,120.22h,,137.20h,,,,1.03h,55.28h,15.80h,28.52h,,,,11036.50h,,,,
,CALLS-845,[DB] Update screening rules in PAYMENTS.PAYMENTS_SCREENING_RULE,1/9/25,0.02h,,0.00h,,,,0.00h,3.87h,0.00h,0.00h,,,,11394.37h,,,,
,CALLS-844,iBank: update breadcrumbs for New payment functionalities,3/6/25,0.00h,,1007.83h,,,,307.68h,26.22h,0.62h,0.52h,,,,,10057.17h,,,
Production bug,CALLS-843,Intragroup SEPA payments are not being processed after bank REL-267,1/9/25,0.15h,,0.00h,,,,0.00h,0.00h,0.07h,0.00h,,,,11400.55h,,,,
,CALLS-842,Add/update defined payment button is working wrong for cross-border defined payments,1/23/25,0.23h,,309.52h,,,,0.00h,,18.88h,24.27h,,,,11065.37h,,,,
,CALLS-841,Cleanup Failed Instant Payments modal window in Smart Form,1/13/25,0.10h,,18.98h,,,,94.27h,,,,,,,,11305.35h,,,
,CALLS-840,"E-invoices if chosen Valid from field, then it will no longer possible to remove it.",1/30/25,0.00h,22.60h,20.50h,,,,122.73h,381.65h,4.02h,0.07h,,,,10891.25h,,,,
,CALLS-838,Deploy POC camunda on andromeda/openshift,2/27/25,0.03h,,0.00h,,,,0.00h,1251.62h,0.00h,0.00h,,,,10217.23h,,,,
,CALLS-837,"Fill SYSTEM_REFERENCE_TYPE for SIPCO, SIPCI",1/22/25,0.05h,1.10h,257.75h,,,,0.92h,3.12h,142.80h,47.40h,,,,11086.75h,,,,
,CALLS-836,iBank LV - Cannot save new/updated defined domestic payment,1/6/25,0.10h,,0.45h,,,,5.48h,1.50h,63.33h,0.87h,,,,11472.47h,,,,
Bug Sub-Task,CALLS-835,[Save] button does not work in iBank domestic defined payment screen,1/3/25,0.08h,0.02h,0.00h,,,,0.00h,16.83h,0.85h,0.00h,,,,11544.00h,,,,
,CALLS-834,[Back] button does not work in iBank smart payment screen,1/3/25,0.00h,,0.00h,,,,0.00h,18.07h,0.00h,2.53h,,,,11541.42h,,,,
,CALLS-833,Forms Teller (EE)/ Star - Adjust annulation/repeal for Cross-border Instant payments (SIPCO/SIPCI),2/13/25,0.15h,,666.30h,,,,119.68h,215.55h,3.07h,2.23h,,,,10555.88h,,,,
,CALLS-832,Technical prerequisites for solution,1/2/25,0.00h,,0.00h,,,,0.00h,0.05h,0.00h,0.00h,,,,11568.12h,,,,
Production bug,CALLS-857,iBank - Mass payment edit - Defective payment error message not visible,1/23/25,0.00h,19.87h,482.20h,,,,2.07h,0.00h,48.13h,2.60h,,,,11060.27h,,,,
Bug Sub-Task,CALLS-831,[Save payments] button does not work in iBank mass payment beneficiary edit/create screen,1/3/25,0.43h,,68.15h,,,,1.00h,0.17h,2.43h,20.80h,,,,11544.00h,,,,
,CALLS-830,[DB] Create procedure to delete defined payment,1/2/25,0.00h,,0.00h,,,,307.53h,0.18h,0.00h,0.00h,,,,11567.52h,,,,
,CALLS-829,[Enabler] Order temporary MSSQL DB for Camunda7 testing purpose,1/10/25,0.00h,,0.00h,,,,0.00h,1.18h,0.00h,509.28h,,,,11369.13h,,,,
,CALLS-827,"iBank: ""isSepaSingleFormInEffect"" is undefined in Standing Order page",12/18/24,0.62h,,0.00h,,,,0.00h,2.78h,1.55h,0.12h,,,,11922.38h,,,,
,CALLS-855,POC - Configure Prometheus endpoints for SEPA-exchange and EPE,1/20/25,0.17h,70.97h,0.00h,,,,0.00h,,766.62h,0.00h,,,,11135.05h,,,,
,CALLS-884,"Update ""Add additional data"" button",4/8/25,2445.13h,,0.02h,,,,119.88h,29.25h,95.68h,25.55h,,,,9258.72h,,,,
,CALLS-883,Update components for Party ID in sepaFields.js,2/14/25,991.65h,,14.02h,,,,1.95h,98.25h,74.22h,258.60h,,,,10535.95h,,,,
,CALLS-885,"Update components in ""partyPostAddressComponent"" template",9/11/25,4797.47h,,1583.37h,,,,,,,,,,,5522.27h,,,,
,CALLS-825,Map PAYMENT area owned Sysglobals,1/15/25,22.08h,,0.02h,,,,578.07h,100.15h,17.57h,1.22h,,,,11256.12h,,,,
,CALLS-826,IBank: Add Reference issuer field in Domestic and european form,1/27/25,65.60h,,577.00h,,,,2.42h,386.35h,16.93h,30.32h,,,,10963.97h,,,,
Production bug,CALLS-822,Defined payment name length,12/20/24,0.55h,,141.17h,,,,2.63h,3.33h,17.20h,1.27h,,,,11879.82h,,,,
,CALLS-881,Star - Adjust incoming international payments for Cross-border instant payment,4/16/25,0.00h,,2510.02h,,,,141.85h,22.93h,99.20h,221.40h,,,,9066.83h,,,,
,CALLS-880,Star - Adjust print transactions for Cross-border instant payments,4/2/25,0.02h,,2510.08h,,,,7.05h,135.93h,5.63h,1.60h,,,,9402.05h,,,,
,CALLS-818,iBank: pressing on add defined payment button with business user redirects to private user,12/13/24,0.10h,,18.78h,,,,0.05h,3.53h,1.30h,0.52h,,,,12043.10h,,,,
Production bug,CALLS-819,While making payment from Group account user gets error: java.lang.NullPointerException: null,12/13/24,0.00h,,20.13h,,,,0.00h,,1.10h,0.00h,,,,12048.12h,,,,
,CALLS-816,Include go-live in to REL272,3/7/25,1847.20h,,0.90h,,,,99.83h,60.83h,3.05h,32.13h,,,,10027.83h,,,,
,CALLS-823,SEPA domestic and cross border payments visible in Account Statement and Payment history,1/30/25,41.50h,,648.92h,,,,194.23h,96.32h,49.58h,168.75h,,,,10891.50h,,,,
,CALLS-814,Fix UrbanCode configuration for PB_incoming-swift-msg-processor_W715,12/13/24,0.00h,,0.00h,,,,0.00h,73.48h,0.00h,0.00h,,,,12044.05h,,,,
,CALLS-812,Update components in Domestic Payment form. Transaction dialog,12/11/24,0.23h,,66.63h,,,,5.15h,21.72h,21.07h,6.48h,,,,12090.73h,,,,
,CALLS-811,[FLM] Try out Camunda 8 on local environment,12/18/24,0.00h,,0.00h,,,,0.00h,354.22h,0.00h,0.00h,,,,11927.35h,,,,
,CALLS-810,Change of service codes passed to search OP_ID,12/6/24,0.03h,,0.00h,,,,0.00h,1.90h,15.70h,54.45h,,,,12210.97h,,,,
,CALLS-809,Setup grafana for instant payments performance metrics,1/20/25,0.00h,,1151.78h,,,,0.00h,1.98h,0.37h,94.98h,,,,11135.05h,,,,
,CALLS-808,Reseal production jwt secret for roundup investment batch,12/3/24,0.00h,,0.00h,,,,0.00h,95.50h,0.00h,19.57h,,,,12289.30h,,,,
,CALLS-807,Prepare Post-Sync script to change OP_ID setup in testing environments,1/8/25,0.00h,,0.00h,,,,1009.00h,2.25h,0.00h,0.00h,,,,11419.03h,,,,
,CALLS-805,Sysglobal to apply proper OUT channel code for Cross-border Instant payments,12/5/24,0.03h,,0.02h,,,,4.15h,98.82h,15.65h,54.70h,,,,12234.75h,,,,
,CALLS-804,IP audit finding fix - Access controls for system parameters (SYSGLOBAL),1/15/25,0.00h,17.18h,431.68h,,,,167.47h,434.28h,76.42h,42.75h,,,,11255.97h,,,,
,CALLS-803,Update shortcuts URL's in ibank users settings data,2/11/25,1515.08h,192.65h,19.73h,,,,5.67h,94.75h,0.78h,18.92h,,,,10607.88h,,,,
,CALLS-839,Update components in List of Payments,1/15/25,675.23h,406.85h,21.10h,0.42h,,,0.03h,30.12h,20.43h,145.45h,,,,11253.07h,,,,
,CALLS-821,[Test] Updated components in Defined International Payments page.,12/23/24,493.73h,0.00h,9.95h,0.43h,,,3.98h,94.18h,46.23h,97.85h,,,,11806.33h,,,,
,CALLS-886,Update components in International Payments form. Confirmation page.,4/25/25,3318.75h,,16.48h,0.47h,,,7.55h,16.88h,76.62h,259.15h,,,,8856.83h,,,,
,CALLS-820,Update components in International Payments form (Including Defined Payments) (Part-1),12/27/24,342.70h,0.00h,160.95h,0.48h,,,3.98h,94.18h,22.78h,215.47h,,,,11712.20h,,,,
,CALLS-813,Update components in Domestic Payment form. Confirmation step.,12/9/24,340.40h,,66.73h,0.50h,,,,,,,,,,,12145.15h,,,
,CALLS-806,Update components in Domestic Payment form,12/12/24,144.80h,,0.05h,0.53h,,,96.93h,53.87h,136.45h,52.25h,,,,12067.88h,,,,
,CALLS-801,Multiple tabls still show in confirmation and success screens in Smart form,11/28/24,96.00h,,18.83h,,,,1.43h,8.50h,37.80h,3.02h,,,,12406.25h,,,,
,CALLS-800,Update DB trigger to fill DP.CORRESP_ACCOUNT_CODE for cross-border instant,11/22/24,0.33h,,0.00h,,,,0.00h,20.55h,0.00h,0.00h,,,,12553.83h,,,,
,CALLS-799,Pijus task - open the correct form by the sent in parameter,1/6/25,1127.57h,,,,,,,,,,,,,,11473.20h,,,
,CALLS-797,Open correct defined payment form,12/18/24,24.53h,,0.00h,,,,167.83h,335.17h,97.82h,47.67h,,,,11927.75h,,,,
,CALLS-768,Change in proprietary codes,1/21/25,483.80h,,65.67h,,,,531.25h,235.78h,138.12h,55.07h,,,,11111.38h,,,,
,CALLS-774,script for monitoring rules' adjustment,1/7/25,94.53h,,1051.78h,,,,24.88h,72.03h,3.52h,19.18h,,,,11448.70h,,,,
,CALLS-828,Forms Teller - Electronic payments - Adjustments for Cross-border Instant payments (SIPCO),1/9/25,1.88h,,1148.58h,,,,97.00h,50.53h,19.50h,4.22h,,,,11397.13h,,,,
,CALLS-767,Showing another defined payment information,11/26/24,23.18h,,168.95h,,,,0.90h,76.88h,21.92h,21.23h,,,,12455.35h,,,,
,CALLS-923,DSS: labels to be changed on go-live,3/10/25,2544.38h,0.00h,0.00h,,,,2.17h,29.20h,92.07h,143.63h,,,,9957.12h,,,,
,CALLS-766,Decommission AD groups (SIAM entitlements) and update Configuration Items .,1/9/25,0.00h,,886.80h,,,,479.60h,26.38h,0.00h,0.00h,,,,11398.25h,,,,
,CALLS-790,SEPA web - Adjust manual sending for Cross-border Instant payments inquiries/accepts (SIPCO/SIPCI),1/7/25,0.00h,,238.43h,,,,1130.50h,0.92h,0.23h,1.52h,,,,11442.87h,,,,
,CALLS-765,Substitute CORESRV.DOMESTIC_PREDEFINED_PAYMENT with CORESRV.EUROPEAN_PREDEFINED_PAYMENT,12/2/24,19.98h,,0.00h,,,,336.80h,94.65h,25.60h,146.07h,,,,12309.27h,,,,
,CALLS-764,[DB] Create new view to substitute CORESRV.DOMESTIC_PREDEFINED_PAYMENT,11/28/24,0.05h,,0.00h,,,,0.00h,1.88h,475.17h,51.08h,,,,12404.27h,,,,
,CALLS-763,[prod] Log request-response entries only to file,11/5/24,89.93h,,0.00h,,,,0.00h,1.98h,27.35h,0.00h,,,,12954.32h,,,,
,CALLS-762,[prod] Increase payment-services pod count to 2 on each cluster,11/14/24,147.38h,,0.00h,,,,0.00h,162.57h,29.22h,0.00h,,,,12738.83h,,,,
,CALLS-759,Add some notes on old git repos about decommisioning,10/31/24,42.93h,,0.00h,,,,5.85h,0.00h,0.00h,0.00h,,,,13074.22h,,,,
,CALLS-758,Prepare script to remove customer shortcuts,11/6/24,3.27h,,0.00h,,,,1.22h,3.75h,186.75h,0.57h,,,,12933.42h,,,,
,CALLS-757,iBank LT: incoming international payment menu should be visible in menu list (with no functionality inside them),11/5/24,0.00h,,20.52h,,,,0.00h,2.23h,164.63h,1.60h,,,,12959.80h,,,,
,CALLS-760,Additional grants to PAYMENT_SUP for homebank tables,10/31/24,0.00h,,138.12h,,,,0.13h,23.12h,0.00h,0.00h,,,,13082.03h,,,,
Production bug,CALLS-754,Do not overwrite BIC according iban for Returns,10/28/24,39.87h,,25.78h,,,,0.37h,24.20h,71.72h,0.67h,,,,13152.00h,,,,
Production bug,CALLS-755,"[sepa-exchange] Manual message not created for error, instead risk screening status is updated to failed",10/28/24,0.03h,,22.18h,,,,0.00h,20.57h,121.82h,0.00h,,,,13152.00h,,,,
,CALLS-753,[DB] Create new DB procedure as a wrapper,11/12/24,18.05h,,0.00h,,,,0.00h,506.57h,,,,,,,12792.48h,,,
Production bug,CALLS-761,[FlowMerge] iBank daily payment limit is exceeded error,11/14/24,239.63h,,0.00h,,,,4.67h,4.68h,304.78h,21.22h,,,,12742.70h,,,,
,CALLS-752,iBank: fix grouping of payments in List of Payments PDF printout,10/28/24,0.02h,,0.00h,,,,0.00h,3.85h,92.60h,75.33h,,,,13149.38h,,,,
,CALLS-751,iBank: update download link logic in smart form and list of payments,10/28/24,0.27h,,72.32h,,,,1.23h,24.52h,77.05h,0.37h,,,,13146.13h,,,,
Production bug,CALLS-750,Incorrect logic in personal defined payments,10/29/24,1.13h,,139.65h,,,,100.15h,4.25h,18.12h,0.38h,,,,13126.20h,,,,
,CALLS-749,iBank: replace old message classes with ui-message component,10/28/24,18.73h,,0.00h,,,,0.00h,72.05h,164.63h,1.93h,,,,13150.02h,,,,
,CALLS-748,Verify Pre-production environment[SE] readiness for Capacity tests!,11/19/24,0.00h,,185.58h,,,,121.58h,0.00h,0.00h,507.20h,,,,12620.48h,,,,
,CALLS-747,Whitelist pia payments CN's for payment services,10/16/24,0.00h,,1.72h,,,,0.00h,27.68h,0.00h,0.00h,,,,13409.95h,,,,
Production bug,CALLS-746,"[Incoming-swift-message-processor] Error 2024-10-14 13:11:08,483 ERROR Holder Channel with code POP does not exist",10/14/24,2.07h,,0.00h,,,,0.00h,0.43h,0.18h,0.08h,,,,13483.13h,,,,
Production bug,CALLS-744,[FlowMerge] MT101 payments missing from MT940 account statement / MT942 interim report,10/16/24,0.00h,,1.62h,,,,0.10h,19.63h,0.38h,24.03h,,,,13442.35h,,,,
Production bug,CALLS-743,[FlowMerge] MT101 processing error - documentNumberContainsIllegalCharacters,10/14/24,0.00h,,0.65h,,,,0.00h,0.23h,65.47h,5.48h,,,,13484.62h,,,,
,CALLS-915,PDF generation - iText vulnerability - Apache PDF Box as solution,5/16/25,3100.10h,,69.92h,,,,1968.88h,45.00h,48.00h,0.00h,,,,8354.13h,,,,
Production bug,CALLS-742,[FlowMerge] MT101 processing errors: java.lang.IllegalArgumentException: can't parse argument number: ,10/14/24,0.25h,,23.12h,,,,0.00h,0.15h,66.52h,6.97h,,,,13483.13h,,,,
Production bug,CALLS-741,[FlowMerge] MT101 with SEPA cross-border payment in amount over 10'000 EUR not processed in LV,10/14/24,0.13h,0.23h,27.92h,,,,0.00h,0.15h,66.52h,5.23h,,,,13484.87h,,,,
Production bug,CALLS-735,[FlowMerge] Collect missing error code mappings,11/5/24,16.22h,122.78h,382.92h,,,,6.43h,0.00h,113.02h,5.07h,,,,12955.63h,,,,
Production bug,CALLS-739,"[Ibank] International SEPA payment ORA-12899: value too large for column ""CREBIT"".""DP_ISO"".""INITIATING_PARTY_NAME""",10/10/24,17.75h,,0.00h,,,,2.67h,1.05h,2.27h,0.00h,,,,13579.52h,,,,
Production bug,CALLS-734,[FlowMerge] iBank imported defective payments get lost when user saves into List of payments,10/10/24,0.00h,1.08h,2.12h,,,,0.00h,20.12h,1.28h,1.83h,,,,13578.87h,,,,
Production bug,CALLS-745,[FlowMerge] Error in sepa-exchange when international payment cancelled before sending,10/15/24,0.10h,,20.73h,,,,0.08h,2.77h,0.75h,27.15h,,,,13531.07h,,,,
Production bug,CALLS-738,"[EPE] file import ORA-12899: value too large for column ""CREBIT"".""DP_ISO"".""INITIATING_PARTY_NAME""",10/10/24,2.95h,0.27h,17.95h,,,,2.68h,0.87h,2.28h,0.12h,,,,13579.57h,,,,
Production bug,CALLS-732,[FlowMerge] Error without label for sepa crossborder,10/10/24,0.37h,,21.05h,,,,0.00h,0.92h,19.95h,0.48h,,,,13583.67h,,,,
Production bug,CALLS-733,[FlowMerge] iBank daily payment limit is exceeded error,10/10/24,0.13h,2.65h,24.83h,,,,0.00h,0.92h,19.97h,1.25h,,,,13582.87h,,,,
Production bug,CALLS-731,[Flowmerge] Sepa-exchange could not process intragroup accept,10/8/24,0.00h,5.85h,16.23h,,,,0.00h,0.37h,0.15h,4.07h,,,,13625.67h,,,,
Production bug,CALLS-736,[FlowMerge] Exclude future value date credit payments from EPE ready for crediting.,11/5/24,0.17h,,68.12h,,,,511.97h,88.85h,31.10h,0.00h,,,,12953.73h,,,,
Production bug,CALLS-729,[FlowMerge] Some mandatory/optional data gets lost in iBank SEPA cross-border payment,10/8/24,0.00h,,3.25h,,,,0.70h,18.83h,1.63h,1.08h,,,,13629.00h,,,,
Production bug,CALLS-730,[FlowMerge] Risk screening being done 2 times by different nodes after daychange,10/8/24,0.00h,,0.18h,,,,4.05h,17.50h,0.47h,6.85h,,,,13627.88h,,,,
Production bug,CALLS-728,[EPE] Error in epe after flowmerge start,10/7/24,0.02h,,52.50h,,,,0.00h,0.02h,1.60h,0.12h,,,,13651.98h,,,,
,CALLS-712,iBank: remove Incoming international payments,11/5/24,0.00h,,332.22h,,,,243.63h,47.20h,164.70h,1.53h,,,,12959.82h,,,,
,CALLS-711,iBank: move international payment form to a different place,11/7/24,2.58h,,521.43h,,,,147.00h,51.97h,121.27h,0.90h,,,,12906.53h,,,,
,CALLS-710,[DB] Update domestic and FP error mapping,10/4/24,0.15h,,0.00h,,,,0.93h,5.23h,17.78h,0.00h,,,,13729.12h,,,,
,CALLS-709,[Forms Teller] Fix forms due to upgrade to 12.2.1.19,10/4/24,0.62h,,0.10h,,,,0.00h,47.80h,19.30h,2.30h,,,,13726.97h,,,,
,CALLS-769,iBank: labels for translations,3/6/25,3265.32h,0.00h,0.00h,,,,0.93h,338.30h,116.70h,55.78h,,,,10048.75h,,,,
,CALLS-772,iBank smart form - Actions with failed Instant payments,1/7/25,0.03h,1226.18h,139.00h,,,,1052.63h,24.78h,70.65h,6.78h,,,,11445.13h,,,,
Production bug,CALLS-704,payment-services-discovery peer-node-read-timeout,9/25/24,0.42h,,0.00h,,,,0.00h,3.08h,0.00h,0.00h,,,,13938.98h,,,,
,CALLS-727,Move one of servers to another Datacentre,9/27/24,0.15h,,0.00h,,,,0.00h,48.92h,0.00h,0.00h,,,,13898.40h,,,,
,CALLS-726,Investigate monitoring needs for homebank services,2/17/25,3504.62h,0.00h,0.00h,,,,0.00h,,0.00h,0.00h,,,,10460.28h,,,,
,CALLS-725,Investigate do we really need to stop incoming-swift-message-processor during release,11/21/24,1392.05h,,,,,,,,,,,,,12572.88h,,,,
,CALLS-724,Investigate do we still need to restart incoming-swift-msg-processor in PROD every night,11/21/24,1391.83h,,,,,,,,,,,,,12573.13h,,,,
,CALLS-723,Move PROD incoming-swift-msg-processor configuration from homebank_W715 to PB_incoming-swift-msg-processor_W715,11/6/24,1035.10h,,,,,,,,,,,,,12930.62h,,,,
,CALLS-722,Decommission old incoming-swift-msg-processor nodes,9/27/24,17.73h,,0.00h,,,,0.00h,50.08h,0.00h,0.00h,,,,13897.93h,,,,
,CALLS-721,[incoming-swift-msg-processor] LT is running on one node in PROD,11/12/24,1174.80h,,,,,,,,,,,,,12791.00h,,,,
,CALLS-720,Order UrbanCode rights for testers,9/25/24,25.02h,,,,,,,,,,,,,13941.52h,,,,
,CALLS-719,Order UrbanCode rights for maintenace,9/25/24,25.05h,,,,,,,,,,,,,13941.52h,,,,
,CALLS-718,Upgrade components for incoming-swift-msg-processor,10/7/24,25.23h,,0.00h,,,,0.00h,283.32h,0.00h,0.00h,,,,13658.17h,,,,
,CALLS-717,Order mapping of servers to payments AD group for accessing servers,12/10/24,1587.78h,,0.02h,,,,0.00h,141.03h,0.00h,119.85h,,,,12118.13h,,,,
,CALLS-716,Order removal of not used applications in UrbanCode,11/6/24,1037.08h,,,,,,,,,,,,,12930.62h,,,,
,CALLS-715,Add incoming-swift-msg-processor servers names to wiki page,9/25/24,20.13h,,,,,,,,,,,,,13947.62h,,,,
,CALLS-714,Add regression tests for Homebank service,11/6/24,145.85h,,0.00h,,,,0.00h,885.77h,0.00h,5.55h,,,,12930.63h,,,,
,CALLS-713,Homebank service W715 takeover from International payments team to Baltic Payments,2/17/25,3507.67h,,,,,,,,,,,,,10460.23h,,,,
,CALLS-702,[DB] Enable creating/updating of domestic defined payments to store beneficiary address (LV/EE),9/27/24,2.80h,,0.00h,,,,0.00h,98.25h,45.85h,23.90h,,,,13894.17h,,,,
,CALLS-701,Add select grant for crebit.iban_bank for PAYMENT_MONIT_ROLE,9/19/24,0.00h,,0.42h,,,,0.55h,0.63h,0.32h,4.62h,,,,14083.52h,,,,
,CALLS-698,[Ibank] Tech error in List of payments when high risk country sysglobal is turned on,9/23/24,0.00h,,0.00h,,,,0.05h,0.77h,113.67h,7.05h,,,,13987.25h,,,,
,CALLS-697,MDM API migration to OpenShift (Update SEPA exchange dependencies),10/18/24,0.02h,2.07h,191.87h,,,,126.10h,0.00h,358.27h,42.07h,,,,13394.35h,,,,
,CALLS-699,iBank UI: Info and warning messages issue,9/24/24,0.03h,,64.90h,,,,2.42h,93.50h,1.87h,24.38h,,,,13967.75h,,,,
,CALLS-696,iBank: link to currency exchange should be showed only if currency has exchange rate,9/20/24,20.92h,,0.00h,,,,0.00h,10.78h,33.37h,26.62h,,,,14063.67h,,,,
,CALLS-695,Fill SYSTEM_REFERENCE_TYPE for payments in FP debit batch,9/17/24,0.00h,0.00h,0.00h,,,,1.43h,2.93h,19.75h,2.40h,,,,14132.35h,,,,
Production bug,CALLS-694,LV clients can not import files with non standard reference numbers,9/13/24,0.08h,,0.00h,,,,0.00h,0.02h,0.00h,0.38h,,,,14227.95h,,,,
,CALLS-692,Sysglobal implementation on applications,9/20/24,0.12h,,0.00h,,,,163.63h,,28.32h,0.00h,,,,14061.90h,,,,
,CALLS-691,Statement changes on iBank,9/23/24,1.98h,,0.00h,,,,19.77h,4.75h,95.55h,0.97h,,,,14132.82h,,,,
,CALLS-690,Handle pending payments on the arrival of value date,9/17/24,0.10h,,37.92h,,,,1.35h,24.35h,0.58h,93.53h,,,,14135.87h,,,,
,CALLS-627,Fill SYSTEM_REFERENCE_TYPE for Ibank/Gateway/... payments,9/20/24,44.68h,,0.00h,,,,26.48h,71.80h,17.20h,75.40h,,,,14062.98h,,,,
,CALLS-626,Fill SYSTEM_REFERENCE_TYPE for Standing order payments,9/17/24,44.78h,,0.00h,,,,99.72h,15.10h,4.87h,2.65h,,,,14131.52h,,,,
,CALLS-625,Fill SYSTEM_REFERENCE_TYPE for STAR payments,9/17/24,44.82h,,0.00h,,,,25.55h,0.88h,89.03h,2.20h,,,,14136.18h,,,,
,CALLS-624,Move transaction creation to new interface (position_keeping),9/16/24,44.92h,,0.00h,,,,19.28h,78.93h,0.00h,0.00h,,,,14155.63h,,,,
,CALLS-682,iBank: remove European payments from international payment form,10/28/24,0.02h,,570.15h,,,,24.97h,152.22h,260.25h,168.33h,,,,13147.57h,,,,
,CALLS-613,iBank: missing funds are not refreshed if payment is deleted from list,9/10/24,19.95h,,0.00h,,,,0.00h,0.82h,0.42h,1.10h,,,,14301.85h,,,,
Production bug,CALLS-612,SEPA crossborder/intragroup payment initiated from STAR has origin_bank_txid filled,9/10/24,0.05h,,0.07h,,,,0.00h,2.07h,0.00h,19.02h,,,,14304.25h,,,,
,CALLS-610,Ibank LV. There is empty bank defined payment list in SMART form,9/6/24,0.10h,,0.00h,,,,0.00h,1.95h,2.08h,0.47h,,,,14396.32h,,,,
Production bug,CALLS-609,Payment credited while still on hold in risk screening,9/18/24,1.50h,,262.45h,,,,0.22h,23.58h,0.37h,3.88h,,,,14109.95h,,,,
,CALLS-607,iBank: wrong styling of amount in Missing funds,9/9/24,2.12h,,0.00h,,,,19.72h,1.65h,71.75h,2.03h,,,,14324.92h,,,,
,CALLS-665,[IPR] assess external business rule engine (DMN) called Camunda7-DMN as a library,12/3/24,2209.12h,,,,,,,,,,,,,,12281.65h,,,
,CALLS-662,[IPR] assess external business rule engine (DMN) called jDMN as a library,12/3/24,2209.12h,,,,,,,,,,,,,,12281.65h,,,
,CALLS-674,[IPR] assess option to use in-built business rule engine (DMN) in Camunda7,12/3/24,2209.22h,,,,,,,,,,,,,,12281.65h,,,
,CALLS-634,[IPR] assess posibilities to receive message (Kafka) in Conductor-OSS as platform,10/22/24,1200.42h,,0.00h,,,,0.00h,0.00h,0.00h,0.00h,,,,13290.78h,,,,
,CALLS-658,[IPR] assess posibilities to receive message (Kafka) in Camunda7 as library,10/22/24,1200.42h,,0.00h,,,,0.00h,0.00h,0.00h,0.00h,,,,13290.80h,,,,
,CALLS-657,[IPR] assess posibilities to receive message (Kafka) in Camunda7 as platform,10/22/24,1200.42h,,0.00h,,,,0.00h,0.00h,0.00h,0.00h,,,,13290.80h,,,,
,CALLS-639,[IPR] assess possibilities to send messages (Kafka) from Conductor-OSS as platform,10/22/24,1200.17h,,0.00h,,,,0.00h,0.23h,0.00h,0.00h,,,,13290.87h,,,,
,CALLS-640,[IPR] assess possibilities to send messages (Kafka) from Camunda7 as library,10/22/24,1200.17h,,0.00h,,,,0.00h,0.23h,0.00h,0.00h,,,,13290.87h,,,,
,CALLS-630,[IPR] assess possibilities to send messages (Kafka) from Camunda7 as platform,10/22/24,1200.15h,,0.00h,,,,0.00h,0.23h,0.00h,0.00h,,,,13290.88h,,,,
,CALLS-631,[IPR] assess posibilities to communicate with services over HTTPS in Conductor-OSS as platform,10/21/24,1172.87h,,0.00h,,,,0.00h,3.20h,0.00h,0.00h,,,,13315.30h,,,,
,CALLS-661,[IPR] assess posibilities to communicate with services over HTTPS in Camunda7 as library,10/21/24,1172.87h,,0.00h,,,,0.00h,3.18h,0.00h,0.00h,,,,13315.32h,,,,
,CALLS-673,[IPR] assess posibilities to communicate with services over HTTPS in Camunda7 as platform,10/21/24,1172.87h,,0.00h,,,,0.00h,3.18h,0.00h,0.00h,,,,13315.32h,,,,
,CALLS-671,[IPR] assess process instance execution (incl. parralel tasks) in Conductor-OSS as platform,10/28/24,1346.55h,,0.00h,,,,0.00h,0.03h,0.00h,0.00h,,,,13144.85h,,,,
,CALLS-648,[IPR] assess process instance execution (incl. parralel tasks) in Camunda7,10/28/24,1346.55h,,0.00h,,,,0.00h,0.03h,0.00h,0.00h,,,,13144.85h,,,,
,CALLS-644,[IPR] assess posibilities to initiate process (flow) in Conductor-OSS as platform,10/21/24,1032.25h,,0.00h,,,,0.00h,140.60h,0.00h,0.00h,,,,13318.67h,,,,
,CALLS-642,[IPR] assess posibilities to initiate process (flow) in Camunda7 as library,10/21/24,1056.25h,0.00h,0.00h,,,,0.00h,140.60h,0.00h,0.00h,,,,13318.67h,,,,
,CALLS-664,[IPR] assess posibilities to initiate process (flow) in Camunda7 as platform,10/21/24,1032.25h,,0.00h,,,,0.00h,140.60h,0.00h,0.00h,,,,13318.68h,,,,
,CALLS-628,[IPR] assess possibilities to manage process (flow) instances in Conductor-OSS as platform,10/21/24,1176.28h,,0.00h,,,,0.00h,1.08h,0.00h,0.00h,,,,13314.20h,,,,
,CALLS-655,[IPR] assess possibilities to manage process (flow) instances in Camunda7 as library,10/21/24,1176.30h,,0.00h,,,,0.00h,1.08h,0.00h,0.00h,,,,13314.20h,,,,
,CALLS-650,[IPR] assess possibilities to manage process (flow) instances in Camunda7 as platform,10/21/24,1200.30h,,0.00h,,,,0.00h,1.08h,0.00h,0.00h,,,,13314.20h,,,,
,CALLS-633,[IPR] assess possibilities to define process (flow) in Conductor-OSS as platform,10/16/24,1009.53h,,0.00h,,,,0.00h,48.33h,0.00h,0.00h,,,,13433.78h,,,,
,CALLS-647,[IPR] assess possibilities to define process (flow) in Camunda7 as library,10/16/24,1009.53h,,0.00h,,,,0.00h,48.32h,0.00h,0.00h,,,,13433.82h,,,,
,CALLS-663,[IPR] assess possibilities to define process (flow) in Camunda7 as platform,10/16/24,1009.55h,,0.00h,,,,0.00h,48.28h,0.00h,0.00h,,,,13433.83h,,,,
,CALLS-666,[IPR] assess posibility to use in-memory DB for Camunda7 as library,10/22/24,1201.12h,,0.00h,,,,0.00h,0.00h,0.00h,0.00h,,,,13290.67h,,,,
,CALLS-638,[IPR] assess scalability options of Conductor-OSS as platform,10/28/24,1346.98h,,0.00h,,,,0.00h,0.05h,0.00h,0.00h,,,,13144.77h,,,,
,CALLS-668,[IPR] assess scalability options of Camunda7 as library,10/29/24,1346.98h,,0.00h,,,,0.00h,23.58h,0.00h,0.00h,,,,13121.23h,,,,
,CALLS-675,[IPR] assess scalability options of Camunda7 as platform,10/29/24,1346.98h,,0.00h,,,,0.00h,23.57h,0.00h,0.00h,,,,13121.27h,,,,
,CALLS-656,[IPR] assess performance of Conductor-OSS as platform with RDBMS (Oracle),10/28/24,1347.05h,,0.00h,,,,0.00h,0.02h,0.00h,0.00h,,,,13144.78h,,,,
,CALLS-660,[IPR] assess performance of Conductor-OSS as platform with In-Memory DB (Redis?),10/28/24,1347.07h,,0.00h,,,,0.00h,0.02h,0.00h,0.00h,,,,13144.78h,,,,
,CALLS-667,[IPR] assess performance of Camunda7 as library,10/29/24,1347.08h,,0.00h,,,,0.00h,23.63h,0.00h,0.00h,,,,13121.17h,,,,
,CALLS-637,[IPR] assess performance of Camunda7 as platform,10/29/24,1347.10h,,0.00h,,,,0.00h,23.57h,0.00h,0.00h,,,,13121.22h,,,,
,CALLS-676,[FLM] assess auditability in Conductor-OSS as platform,11/7/24,1586.53h,,,,,,,,,,,,,12905.47h,,,,
,CALLS-641,[FLM] assess auditability in Camunda7 as library,12/3/24,2210.35h,,,,,,,,,,,,,,12281.65h,,,
,CALLS-670,[FLM] assess auditability in Camunda7 as platform,11/11/24,1681.77h,,,,,,,,,,,,,12810.25h,,,,
,CALLS-635,[FLM] assess traceability in Conductor-OSS as platform,11/7/24,1586.57h,,,,,,,,,,,,,12905.47h,,,,
,CALLS-636,[FLM] assess traceability in Camunda7 as library,12/3/24,2210.37h,,,,,,,,,,,,,,12281.65h,,,
,CALLS-645,[FLM] assess traceability in Camunda7 as platform,11/11/24,1681.78h,,,,,,,,,,,,,12810.25h,,,,
,CALLS-659,[FLM] assess communication security in Conductor-OSS as platform,11/7/24,1586.60h,,,,,,,,,,,,,12905.47h,,,,
,CALLS-653,[FLM] assess communication security in Camunda7 as library,11/7/24,1587.42h,,0.00h,,,,0.00h,0.00h,0.00h,0.00h,,,,12904.65h,,,,
,CALLS-654,[FLM] assess communication security in Camunda7 as platform,11/7/24,1587.40h,,0.00h,,,,0.00h,0.00h,0.00h,0.00h,,,,12904.67h,,,,
,CALLS-669,[FLM] assess authorization capabilities in Conductor-OSS as platform,11/7/24,1586.63h,,,,,,,,,,,,,12905.47h,,,,
,CALLS-649,[FLM] assess authorization capabilities in Camunda7 as library,11/11/24,1682.10h,,0.00h,,,,0.00h,0.00h,0.00h,0.00h,,,,12810.02h,,,,
,CALLS-651,[FLM] assess authorization capabilities in Camunda7 as platform,11/11/24,1633.85h,,,,,,,,,,,,,12810.27h,0.00h,,,
,CALLS-629,[FLM] assess identification and authentication capabilities in Conductor-OSS as platform,11/7/24,1586.62h,,,,,,,,,,,,,12905.53h,,,,
,CALLS-672,[FLM] assess identification and authentication capabilities in Camunda7 as library,11/7/24,1586.67h,,0.00h,,,,0.00h,0.00h,0.00h,0.00h,,,,12905.48h,,,,
,CALLS-632,[FLM] assess identification and authentication capabilities in Camunda7 as platform,11/7/24,1586.67h,0.00h,0.00h,,,,0.00h,0.00h,0.00h,0.00h,,,,12905.50h,,,,
,CALLS-646,[FLM] create Sping Boot application and run Camunda7 orchestrator as a library,10/14/24,571.32h,,0.00h,,,,1.00h,437.72h,0.00h,0.00h,,,,13482.17h,,,,
,CALLS-652,[FLM] install and run Conductor-OSS orchestrator as a platform,10/14/24,571.33h,,0.00h,,,,1.00h,437.70h,0.00h,0.00h,,,,13482.18h,,,,
,CALLS-643,[FLM] install and run Camunda7 orchestrator as a platform,10/14/24,571.35h,,0.00h,,,,1.00h,437.68h,0.00h,0.00h,,,,13482.20h,,,,
,CALLS-604,Add archive code to the intermediary request forward action parameters for Smart form,9/3/24,0.00h,,20.27h,,,,0.00h,3.38h,0.00h,3.60h,,,,14467.20h,,,,
,CALLS-779,Forms Teller - Adjust incoming faulty payment list form for Cross-border Instant payments (SIPCI),12/17/24,0.00h,0.03h,2513.78h,,,,24.07h,3.35h,67.37h,30.27h,,,,11946.45h,,,,
,CALLS-775,Forms Teller - Adjust SEPA change IN payment/return form for Cross-border Instant payments (SIPCI),12/18/24,24.25h,0.20h,2513.92h,,,,0.57h,96.50h,4.55h,46.13h,,,,11923.82h,,,,
,CALLS-773,Sysglobal for enabling outgoing Cross-border Instant payments,11/25/24,1216.57h,7.18h,834.63h,,,,23.00h,5.42h,66.97h,2.02h,,,,12478.78h,,,,
,CALLS-623,[DB] Solution improvements – Payments data for Statements after SEPA FM,9/20/24,341.93h,,42.80h,,,,20.80h,96.50h,0.07h,75.40h,,,,14062.98h,,,,
,CALLS-602,SEPA Payments Baltic testing - TPS Gateway on Container,10/31/24,1561.88h,,,,,,,,,,,,,,13079.97h,,,
,CALLS-622,Create release branches on payment services for target release,9/18/24,404.70h,,0.00h,,,,126.40h,21.58h,0.00h,0.00h,,,,14107.98h,,,,
Production bug,CALLS-603,Open Bank payments with IPZ in_channel_code have wrong status on crebit.dp_out_thn,9/4/24,24.23h,,139.05h,,,,1.00h,22.23h,27.70h,1.52h,,,,14445.68h,,,,
,CALLS-783,Forms Teller - Adjust freeze of incoming Cross-border Instant payment (SIPCI),12/17/24,0.03h,,2656.10h,,,,27.95h,67.40h,3.60h,22.72h,,,,11950.35h,,,,
,CALLS-785,Forms Teller - Adjust recall refuse for incoming Cross-border Instant payment (SIPCI),12/13/24,0.63h,,2488.07h,,,,28.23h,91.42h,53.15h,22.53h,,,,12044.75h,,,,
,CALLS-784,Forms Teller - Adjust payment details form for incoming Cross-border Instant payments (SIPCI),12/12/24,0.02h,24.27h,2320.12h,,,,101.25h,44.38h,21.60h,174.23h,,,,12066.27h,,,,
,CALLS-781,Forms Teller - Adjust incoming payment list form for Cross-border Instant payments (SIPCI),11/25/24,0.03h,0.00h,2178.20h,,,,93.98h,3.37h,0.23h,1.98h,,,,12476.33h,,,,
,CALLS-599,Whitelist clients CN's for PROD payment services,9/20/24,0.38h,626.70h,3.57h,,,,0.00h,63.53h,0.00h,0.00h,,,,14066.32h,,,,
,CALLS-596,Whitelist savings roundup CN for PPTE,8/22/24,0.02h,,18.07h,,,,4.48h,0.00h,0.00h,0.00h,,,,14756.57h,,,,
,CALLS-594,Setup new Roundup investment application access for payment services,8/27/24,1.42h,,3.88h,,,,0.00h,162.02h,0.00h,0.00h,,,,14640.28h,,,,
,CALLS-591,[preprod] Use new iBank mTLS certs to connect to payment services,8/26/24,0.22h,,13.83h,,,,0.23h,3.53h,48.07h,98.43h,,,,14659.77h,,,,
Test,CALLS-590,Test EKS incoming international payment after flow merge,8/21/24,0.00h,,0.00h,,,,0.00h,,0.00h,45.55h,,,,14781.93h,,,,
,CALLS-771,Cross-border instant payments op_id configuration update,1/20/25,0.00h,2873.18h,0.05h,,,,628.08h,24.05h,194.62h,63.87h,,,,11138.22h,,,,
,CALLS-605,[DB] Consider increasing datatype length in character conversion,9/9/24,475.65h,,47.87h,,,,4.98h,89.77h,0.02h,0.00h,,,,14330.62h,,,,
,CALLS-588,Payment to non-SEPA country - BIC is replaced during SO payment creation,8/23/24,0.08h,,115.02h,,,,0.52h,52.13h,19.03h,31.28h,,,,14731.07h,,,,
,CALLS-621,Remove JWT usage from payment services,12/2/24,1872.65h,,0.00h,,,,647.57h,124.93h,0.00h,1.55h,,,,12306.02h,,,,
,CALLS-593,"[iBank] After using all payment detail overwriting in mass payment that is saved in list of payments, total payment count does not display correct info",8/23/24,162.82h,,0.02h,,,,49.43h,22.27h,5.95h,0.10h,,,,14732.35h,,,,
Production bug,CALLS-592,"Technical error entering ""Province"" where symbol amount >35",8/22/24,166.05h,,0.00h,,,,0.18h,6.43h,17.08h,26.03h,,,,14760.42h,,,,
,CALLS-587,iBank: do not change payment currency when opening international payment from defined payment,8/19/24,28.00h,,0.00h,,,,0.00h,1.42h,113.73h,4.53h,,,,14829.78h,,,,
,CALLS-586,STAR > Administrative > Secondary activities > Repeal,9/9/24,0.00h,73.87h,165.83h,,,,6.78h,333.40h,20.95h,72.62h,,,,14327.42h,,,,
,CALLS-585,[openshift][local] Disable mTLS for local payment-services setup,8/21/24,219.33h,,0.02h,,,,0.00h,2.73h,0.00h,0.00h,,,,14779.22h,,,,
,CALLS-589,[CORE DB] Create new predefined searches in Outgoing/Incoming payment search,9/6/24,0.17h,,305.85h,,,,0.35h,5.05h,95.72h,257.97h,,,,14402.23h,,,,
,CALLS-791,Forms Teller - Adjust returning Cross-border Instant payment (with SIPCO),12/13/24,0.00h,24.72h,2784.57h,,,,23.40h,4.62h,144.88h,22.52h,,,,12044.77h,,,,
Production bug,CALLS-583,"In LV, Revert OP_ID 7S, 7SQ conf",8/5/24,0.00h,,0.13h,,,,0.00h,0.62h,63.47h,2.62h,,,,15168.68h,,,,
,CALLS-776,"Forms Teller - Verify SEPA case search/list/details form for Cross-border Instant payments/returns (SIPCO, SIPCI)",12/13/24,0.75h,230.18h,2785.53h,,,,0.00h,,192.23h,4.28h,,,,12043.65h,,,,
Production bug,CALLS-606,[Forms Teller] Error in Electronical foreign payments: Truncation occured,9/9/24,0.00h,,888.97h,,,,0.40h,4.50h,1.43h,93.80h,,,,14325.18h,,,,
,CALLS-580,EE Forms Teller - Payments annulation,8/7/24,0.00h,0.90h,141.63h,,,,25.30h,99.87h,1.57h,17.43h,,,,15121.93h,,,,
Production bug,CALLS-579,[STAR] Foreign standing order conclusion does not validate beneficiary account,8/7/24,0.53h,0.37h,0.42h,,,,0.60h,118.23h,0.30h,196.07h,,,,15117.73h,,,,
,CALLS-780,Forms Teller - Adjust outgoing payment list form for Cross-border Instant payments (SIPCO),11/25/24,0.03h,24.55h,2802.10h,,,,25.32h,72.07h,0.25h,3.92h,,,,12474.40h,,,,
,CALLS-688,iBank: merge domestic and international standing order creation form,3/3/25,0.05h,,2201.33h,,,,1038.28h,1841.88h,91.08h,79.02h,,,,10127.12h,,,,
,CALLS-578,Payment to non-SEPA country - BIC to non-SEPA country is replaced with derived IBAN BIC,9/5/24,788.63h,,237.85h,,,,,,,,,,,,14425.60h,,,
,CALLS-684,iBank: merge domestic and international defined payment creation form,1/16/25,22.35h,,2035.13h,,,,189.85h,1510.40h,180.25h,302.13h,,,,11234.40h,,,,
,CALLS-581,Star: due to missing data it's not possible to open old e-invoice seller agreement,8/14/24,1.48h,,161.18h,,,,0.12h,239.95h,71.93h,49.48h,,,,14952.70h,,,,
,CALLS-777,Forms Teller - Adjust recall for outgoing Cross-border Instant payment (SIPCO),12/13/24,0.07h,196.57h,2993.47h,,,,0.95h,27.23h,144.88h,22.38h,,,,12044.90h,,,,
Production bug,CALLS-575,Payment to non-SEPA country importing as defective,8/8/24,0.00h,,335.47h,,,,0.00h,25.97h,4.90h,22.97h,,,,15092.37h,,,,
,CALLS-778,Forms Teller - Adjust payment details form for outgoing Cross-border Instant payments (SIPCO),12/12/24,0.00h,316.37h,2801.98h,,,,94.47h,51.25h,21.58h,169.60h,,,,12070.90h,,,,
,CALLS-786,Forms Teller - Adjust payments search for Cross-border Instant payments (SIPCO/SIPCI),11/25/24,0.00h,198.32h,2752.15h,,,,3.45h,24.88h,68.93h,2.38h,,,,12476.33h,,,,
,CALLS-573,STAR: terminated E-invoice seller agreement editing,8/2/24,118.62h,,0.00h,,,,0.07h,240.85h,0.00h,3.07h,,,,15238.17h,,,,
Production bug,CALLS-569,International payment missing beneficiary bank's name/address,7/22/24,0.63h,,0.28h,,,,7.08h,18.05h,69.18h,2.30h,,,,15504.65h,,,,
,CALLS-572,"STAR - Account Report (camt.052), Statement (camt.053) - flow merge impact",8/27/24,0.00h,839.52h,1.58h,,,,0.00h,,25.63h,98.72h,,,,14637.05h,,,,
Production bug,CALLS-577,iBank international payment form - missing notifications correction/cleanup,8/8/24,0.00h,20.10h,165.47h,,,,23.42h,77.32h,214.38h,22.35h,,,,15095.60h,,,,
Production bug,CALLS-568,iBank: Minor UI fixes in Import of Payments page,7/29/24,17.32h,0.00h,0.00h,,,,0.30h,32.00h,232.03h,0.23h,,,,15337.57h,,,,
,CALLS-567,Payment to non-SEPA country - BIC is replaced after double authorization in STAR,8/23/24,171.97h,,449.63h,,,,50.80h,3.10h,51.03h,166.15h,,,,14731.07h,,,,
,CALLS-782,Cross-border instant payments new out_channel_codes (SIPCO/SIPCI),12/5/24,0.00h,1199.23h,1802.23h,,,,25.25h,100.57h,19.73h,195.83h,,,,12234.73h,,,,
Production bug,CALLS-566,"Payment to non-SEPA country, beneficiary address validation",7/23/24,0.07h,,3.43h,,,,0.00h,0.93h,1.70h,138.23h,,,,15481.45h,,,,
,CALLS-789,ProScan/Risk screening of cross-border instant payments,2/13/25,0.00h,539.68h,2463.55h,,,,1046.77h,802.87h,1.75h,165.62h,,,,10559.13h,,,,
Production bug,CALLS-565,International payment missing beneficiary bank's name/address,7/22/24,23.82h,,3.43h,,,,0.00h,0.93h,1.70h,115.02h,,,,15504.68h,,,,
Production bug,CALLS-562,Epe error appears every night when you try to validate stuck OPV payments,7/15/24,0.10h,,2.42h,,,,0.00h,2.15h,0.02h,67.38h,,,,15674.42h,,,,
Production bug,CALLS-563,"iBank International payment form - ""Doc.No"" optional field has asterisk and wrong tooltip",7/19/24,0.00h,18.05h,118.00h,,,,0.00h,22.13h,4.62h,49.27h,,,,15574.13h,,,,
,CALLS-703,[DB] Add payments.transaction_type classifier entries for new OP_IDs,9/30/24,1705.82h,,168.20h,,,,0.00h,137.15h,0.00h,0.00h,,,,13826.05h,,,,
,CALLS-557,[DB] Update SGW waiting payments views,10/1/24,0.00h,,137.78h,,,,1.45h,99.33h,1875.52h,0.00h,,,,13793.65h,,,,
,CALLS-555,Create new error code (DP schema),7/4/24,0.45h,,0.00h,,,,0.43h,0.70h,4.10h,0.00h,,,,15931.28h,,,,
,CALLS-554,SGW - Endpoint for Payments status check,10/1/24,0.03h,119.18h,0.03h,,,,725.33h,1295.68h,0.00h,0.00h,,,,13797.10h,,,,
,CALLS-551,[Cards] Payments to merchants in LV works incorrectly after FM,7/3/24,0.00h,,5.35h,,,,0.00h,18.95h,0.98h,2.33h,,,,15958.57h,,,,
,CALLS-548,(Forms) Message search does not find archived messages by creation date,7/4/24,0.02h,,114.58h,,,,0.00h,5.77h,17.28h,4.37h,,,,15933.35h,,,,
,CALLS-547,(Forms) Original CT and full chain is not shown in SEPA Message Chain form,7/15/24,0.03h,,139.35h,,,,29.73h,210.33h,27.82h,0.93h,,,,15668.38h,,,,
,CALLS-546,Unable to create FOCR return in LV,7/10/24,164.48h,,0.00h,,,,118.27h,25.88h,3.67h,1.45h,,,,15787.88h,,,,
,CALLS-686,iBank: cross-border SEPA payments validation in SMART form,12/2/24,2183.65h,,0.75h,,,,161.05h,1241.70h,85.87h,120.77h,,,,12311.08h,,,,
,CALLS-549,Incoming payment to start account (STARDIKONTO) is credited automatically (EE only),7/4/24,0.12h,,214.70h,,,,1.55h,3.52h,0.53h,0.22h,,,,15931.07h,,,,
,CALLS-544,Urban Code configuration (PROD),1/16/25,0.52h,3666.87h,505.63h,,,,695.15h,6.88h,115.73h,21.62h,,,,11232.78h,,,,
,CALLS-543,Urban Code configuration (PPTE),11/21/24,0.52h,162.32h,0.27h,,,,0.00h,2329.25h,0.02h,1182.50h,,,,12570.35h,,,,
Production bug,CALLS-545,Payment to non-SEPA country is processed as SEPA payment,7/18/24,0.13h,167.30h,304.97h,,,,8.65h,57.47h,116.75h,153.62h,,,,15602.25h,,,,
,CALLS-601,[CORE DB] Delay processing of cross-border and intragroup SEPA payments while Flow Merge activation is ongoing,8/26/24,49.38h,,92.68h,,,,474.32h,166.77h,1014.50h,1.88h,,,,14659.82h,,,,
,CALLS-513,Move iso-exchange queues from GATE to PPTE,8/19/24,0.00h,,0.00h,,,,0.75h,25.58h,0.22h,1562.77h,,,,14828.00h,,,,
Production bug,CALLS-550,iBank LT - European payment form - Obsolete asterisk for creditor issuer,7/3/24,0.02h,,479.73h,,,,0.12h,5.83h,18.72h,0.65h,,,,15960.80h,,,,
,CALLS-528,Verify SWIFT MT940/942 account statements,8/9/24,0.02h,0.38h,883.68h,,,,0.00h,,268.82h,258.17h,,,,15074.18h,,,,
,CALLS-523,SWIFT MT950 account statement - flow merge impact,8/20/24,0.00h,146.27h,1118.48h,,,,0.80h,27.35h,189.07h,242.83h,,,,14805.95h,,,,
,CALLS-512,[SEPA FLM] - iBank Incoming international payment - wrong archiving id,6/14/24,0.40h,0.15h,67.15h,,,,6.12h,16.85h,0.33h,5.18h,,,,16412.35h,,,,
,CALLS-678,iBank: add beneficiary's address fields to SMART form in LV and EE,10/1/24,0.03h,,2258.60h,,,,163.65h,263.32h,3.90h,27.20h,,,,13795.80h,,,,
,CALLS-527,Update regression tests,8/8/24,0.00h,,643.27h,,,,335.95h,0.00h,122.15h,385.18h,,,,15093.58h,,,,
,CALLS-511,iBank: FX: Hide labels related to automatic currency conversion,6/14/24,95.92h,,0.00h,,,,23.87h,0.28h,45.82h,1.60h,,,,16412.78h,,,,
,CALLS-510,iBank: FX: Add notification,6/19/24,119.80h,,0.00h,,,,0.00h,45.72h,1.13h,120.33h,,,,16293.33h,,,,
,CALLS-508,Check db views for possible Flow Merge impact,7/29/24,0.00h,984.53h,139.52h,,,,2.87h,44.90h,124.48h,1.88h,,,,15331.75h,,,,
,CALLS-526,Verify additional scenarios in Forms Teller - Electronical domestic payments,7/15/24,0.00h,45.70h,858.18h,,,,0.00h,,96.63h,3.98h,,,,15669.27h,,,,
,CALLS-532,(TEST) Verify message exchange with TPS,6/26/24,0.00h,,382.17h,,,,142.18h,0.00h,0.00h,23.17h,,,,16128.73h,,,,
Production bug,CALLS-509,Epe error appears every night after midnight,6/7/24,0.78h,,140.57h,,,,0.92h,1.60h,0.22h,20.27h,,,,16583.98h,,,,
,CALLS-514,(Forms) Show original data for incoming payment when message is archived,7/10/24,0.00h,,499.93h,,,,341.28h,26.18h,118.68h,1.05h,,,,15789.37h,,,,
,CALLS-756,Launch 2 instance set-up of SEPA exchange in production,2/16/25,284.28h,,5614.00h,,,,423.62h,0.00h,0.00h,0.00h,,,,10472.70h,,,,
,CALLS-507,iBank - Incoming/outgoing return payment opens from statement in wrong window,6/11/24,0.03h,,139.80h,,,,5.13h,93.05h,69.83h,27.83h,,,,16486.27h,,,,
,CALLS-770,Configure SEPA Inst instance and run performance tests,1/30/25,334.47h,,3020.73h,,,,3.63h,19.28h,890.90h,1684.33h,,,,10891.43h,,,,
,CALLS-522,Open Banking - Endpoint for Payments status check,8/22/24,357.20h,,551.03h,,,,1137.15h,38.18h,0.00h,0.00h,,,,14761.98h,,,,
,CALLS-862,Adjust MQ connections/limitation,1/23/25,338.23h,,5400.43h,,,,0.45h,,26.90h,22.15h,,,,11060.40h,,,,
,CALLS-863,DB resource allocation to each instance,1/23/25,338.28h,,2731.73h,,,,0.00h,144.47h,2551.60h,22.12h,,,,11060.42h,,,,
,CALLS-537,Setup of new servers PROD for SEPA Inst,12/5/24,3935.73h,,1.93h,,,,435.22h,212.17h,24.15h,0.00h,,,,12240.62h,,,,
,CALLS-536,Order new servers PROD for SEPA Inst,11/14/24,3935.75h,,1.95h,,,,101.62h,68.48h,0.00h,0.00h,,,,12742.05h,,,,
,CALLS-538,Setup of new servers (DEV/PPTE/GATE) for SEPA Inst,11/4/24,555.85h,,0.00h,,,,41.73h,2356.75h,0.00h,914.67h,,,,12980.87h,,,,
,CALLS-535,Order new servers (DEV/PPTE/GATE) for SEPA Inst,6/21/24,556.00h,,0.00h,,,,21.73h,19.98h,0.00h,0.00h,,,,16252.32h,,,,
,CALLS-505,Cancelled SEPCO/SEPGO payments are not shown under failed payments link,6/3/24,1.40h,,73.00h,,,,74.63h,21.50h,75.47h,0.80h,,,,16676.90h,,,,
,CALLS-504,Wrong behavior for cancelled SEPCO/SEPGO payments in List of Payments,6/20/24,0.47h,0.75h,94.08h,,,,430.65h,52.63h,10.00h,82.62h,,,,16273.47h,,,,
,CALLS-503,[DB] STAR lightjava procedure changes,5/31/24,0.00h,,17.83h,,,,0.00h,169.65h,0.62h,22.72h,,,,16751.22h,,,,
,CALLS-502,iBank: Fix Account Number formatting,5/28/24,44.78h,,0.00h,,,,0.00h,6.02h,117.03h,1.18h,,,,16821.80h,,,,
Production bug,CALLS-501,iBank: Back button does not work,5/28/24,139.23h,,0.00h,,,,0.00h,6.00h,114.35h,1.05h,,,,16824.63h,,,,
,CALLS-500,iBank - Remove obsolete sanctions related validation and error message,5/28/24,0.02h,,0.03h,,,,0.00h,146.53h,116.70h,0.35h,,,,16823.02h,,,,
,CALLS-499,iBank: Improve International Payment form layout,5/20/24,0.00h,,0.00h,,,,0.00h,17.87h,75.58h,1.28h,,,,17013.88h,,,,
,CALLS-498,Delete old camt.054 and pacs.009 processing rules,6/3/24,0.37h,,260.07h,,,,100.92h,65.52h,0.58h,5.32h,,,,16676.87h,,,,
,CALLS-496,"LV iBank PDF - Outgoing payment (SEPCO, EKSCO, SEPGO) - BIC not printed correctly",5/28/24,0.13h,,41.73h,,,,24.23h,166.18h,92.75h,4.30h,,,,16825.78h,,,,
,CALLS-493,Missing service fee,5/27/24,15.63h,,49.50h,,,,2.38h,20.88h,125.33h,121.75h,,,,16842.92h,,,,
,CALLS-525,Verify additional scenarios in iBank,7/15/24,0.18h,771.27h,715.40h,,,,0.00h,,96.63h,4.13h,,,,15669.13h,,,,
,CALLS-491,iBank: Duplicity check for SEPA cross-border/intragroup payments,5/17/24,0.38h,,19.52h,,,,0.07h,99.30h,20.42h,50.97h,,,,17086.85h,,,,
Production bug,CALLS-490,iBank: fix layout issues,5/16/24,0.05h,,0.00h,,,,0.00h,25.42h,135.07h,8.63h,,,,17108.48h,,,,
,CALLS-689,iBank: updating/adding payment to defined payments after signing in SMART form,9/25/24,0.08h,287.15h,2952.28h,,,,0.00h,23.37h,0.53h,20.17h,,,,13944.68h,,,,
,CALLS-489,[DB] Change offline payments procedure to allow specify event type,5/14/24,0.02h,,0.15h,,,,0.03h,17.80h,24.12h,99.50h,,,,17158.83h,,,,
,CALLS-521,SGW - capturing not forwarded/executed payments to DP structure,10/2/24,834.08h,,194.23h,,,,740.95h,1782.27h,0.00h,0.00h,,,,13770.90h,,,,
,CALLS-584,[STAR] Switching transaction types in Print Transaction can cause customer charges to be applied for rest of types,3/26/25,2177.35h,4878.70h,0.00h,,,,399.57h,247.48h,,,,,,,9572.45h,,,
,CALLS-488,[DB] Grant dba roles for ISO_EXCHANGE_APP_ROLE and PAYMENT_SUP,5/8/24,0.02h,,3.33h,,,,0.00h,20.97h,3.32h,0.00h,,,,17303.23h,,,,
Production bug,CALLS-486,[EKS] Instant payment priority not returned during new LV emergency solution,5/6/24,0.00h,,0.22h,,,,0.40h,1.30h,65.97h,1.87h,,,,17351.17h,,,,
,CALLS-485,[LV ACT] Processing SO (camt.054) from T2 GUI to pre-fund Clearing cover account,5/16/24,0.12h,,165.23h,,,,78.15h,0.00h,68.28h,0.00h,,,,17111.48h,,,,
,CALLS-531,(TEST) Verify special cases related to legacy payments (Days D-1 and D),7/23/24,1.70h,954.07h,821.08h,,,,0.00h,,3.90h,189.92h,,,,15479.20h,,,,
,CALLS-529,(TEST) Verify SEPA payment bookings (Day D),7/3/24,0.77h,,1321.50h,,,,0.00h,,0.00h,173.92h,,,,15954.80h,,,,
,CALLS-540,[SEPA FM] delete SQL monitoring in response to SEPA FM data changes,8/20/24,1893.25h,0.03h,167.88h,,,,621.68h,0.12h,0.00h,0.00h,,,,14811.40h,,,,
,CALLS-539,[SEPA FM] update SQL monitoring in response to SEPA FM data changes,8/7/24,1893.38h,0.00h,167.93h,,,,143.67h,3.67h,142.20h,22.62h,,,,15120.93h,,,,
Production bug,CALLS-487,"[iBank] Business Incoming International Payments Socket read timed out SQL: {call VM.IIP.GET_IPMTS_IPANK(?,?,?,?,?)}",5/14/24,0.02h,,257.65h,,,,2.28h,165.82h,1.13h,2.43h,,,,17158.50h,,,,
,CALLS-680,iBank: open SMART form when European payment is being created from old payment,10/31/24,293.65h,,3714.93h,,,,2.22h,286.27h,168.55h,48.93h,,,,13079.28h,,,,
,CALLS-484,STAR SEPA cross-border have DP columns filled incorrectly,6/3/24,0.02h,,19.88h,,,,821.78h,47.05h,65.50h,6.78h,,,,16676.07h,,,,
,CALLS-679,iBank: update SMART form to show international SEPA payments for suggested payments,12/4/24,339.77h,,4172.00h,,,,0.53h,620.80h,24.53h,148.07h,,,,12262.27h,,,,
,CALLS-552,Message spelling in IB,7/5/24,0.00h,,1727.27h,,,,1.25h,0.98h,21.87h,2.77h,,,,15909.73h,,,,
,CALLS-687,iBank: update payment types in list of payments,10/18/24,384.32h,,3306.90h,,,,5.97h,373.90h,100.37h,55.72h,,,,13385.33h,,,,
,CALLS-681,iBank: update information sent to NA,1/2/25,5112.38h,,500.22h,,,,21.68h,125.03h,161.67h,196.08h,,,,11567.85h,,,,
,CALLS-677,iBank: update SMART form to allow international SEPA payments,12/6/24,480.40h,,3046.40h,,,,165.07h,1447.87h,238.00h,191.23h,,,,12211.65h,,,,
,CALLS-477,(Forms) Enable searching and viewing archived DP cases,7/4/24,29.25h,,931.35h,,,,701.40h,185.97h,28.77h,2.27h,,,,15931.07h,,,,
,CALLS-476,(Forms) Enable searching archived messages,5/23/24,26.55h,,117.43h,,,,0.12h,528.37h,125.97h,72.63h,,,,16938.98h,,,,
,CALLS-467,(Forms) Enable searching archived messages,4/19/24,71.18h,,,,,,,,,,,,,,17757.50h,,,
,CALLS-465,(Forms) Show message details for archived messages,6/28/24,43.87h,,790.72h,,,,363.85h,500.50h,0.42h,52.30h,,,,16077.02h,,,,
,CALLS-464,(Forms) Enable searching and viewing archived DP cases,4/19/24,71.18h,,,,,,,,,,,,,,17757.52h,,,
,CALLS-469,iBank: show that EUR are missing in list of payments,4/29/24,0.00h,,46.40h,,,,44.02h,141.63h,22.00h,80.78h,,,,17516.83h,,,,
,CALLS-520,"SGW - SEPA payment name length check (Beneficiary name, Ultimate payer/ beneficiary name) - flow merge impact testing",9/30/24,0.03h,,1535.62h,,,,70.12h,,2255.02h,117.08h,,,,13826.38h,,,,
,CALLS-519,"SGW - Account Report (camt.052), Statement (camt.053) - flow merge impact testing",10/1/24,0.00h,,3763.70h,,,,0.00h,,287.60h,0.00h,,,,13801.47h,,,,
,CALLS-483,Payment Services performance testing,5/9/24,0.00h,,236.68h,,,,1.97h,339.82h,0.00h,0.00h,,,,17275.57h,,,,
Production bug,CALLS-564,User with Account balance and statement profile can archive and delete archived e-invoice in iBank,9/10/24,2291.53h,0.00h,2.67h,,,,0.83h,26.45h,76.75h,24.65h,,,,15503.35h,,,,
,CALLS-597,Data loading to GDW excludes payments moved between DP/VMK structures,8/27/24,1345.80h,,378.45h,,,,1517.03h,94.35h,2.47h,18.17h,,,,14641.55h,,,,
,CALLS-482,iBank: update currency dropdown for defined foreign payments (unify logic for corporate and private),5/7/24,0.35h,,286.68h,,,,18.78h,361.60h,22.17h,77.55h,,,,17325.12h,,,,
,CALLS-472,iBank: do not change payment currency when editing international payment,5/10/24,0.00h,,587.32h,,,,203.22h,7.38h,23.62h,21.43h,,,,17253.70h,,,,
,CALLS-450,Payment Services load testing page on Ibank,4/18/24,0.00h,,23.30h,,,,3.33h,190.60h,70.87h,77.73h,,,,17779.57h,,,,
,CALLS-468,iBank: show all currencies having currency exchange rate for private customers,4/22/24,49.52h,,309.27h,,,,19.28h,5.30h,24.37h,72.30h,,,,17684.12h,,,,
,CALLS-471,"ibank: if customer is missing EUR for payment, show different message than for other currencies",4/26/24,141.07h,,408.53h,,,,0.25h,5.43h,16.92h,5.27h,,,,17589.52h,,,,
,CALLS-449,[DB] Grant rights for monitoring user,4/2/24,0.00h,,0.97h,,,,0.00h,0.43h,0.00h,95.12h,,,,18165.87h,,,,
,CALLS-470,ibank: payment processing fails,4/29/24,759.03h,,,,,,,,,,,,,,17522.35h,,,
,CALLS-448,iBank - SEPA cross-border payment awaiting for funds status issue,4/4/24,0.00h,0.13h,23.17h,,,,0.00h,94.15h,26.17h,22.85h,,,,18116.52h,,,,
Production bug,CALLS-595,ibank: issue in domestic payment form after changing account,9/4/24,4.90h,2.42h,3572.22h,,,,0.00h,105.57h,155.48h,75.97h,,,,14444.82h,,,,
,CALLS-497,iBank - Smart payment form - Ultimate payer/beneficiary address mandatory fields UI improvement,5/29/24,0.02h,,1314.13h,,,,99.42h,3.35h,188.55h,26.67h,,,,16795.08h,,,,
,CALLS-506,iBank - Smart payment - draw attention to incomplete address,6/7/24,0.00h,77.30h,1507.08h,,,,0.15h,222.13h,18.17h,25.35h,,,,16583.25h,,,,
,CALLS-446,Standing orders data is closed,3/27/24,0.00h,,16.65h,,,,70.83h,28.52h,20.60h,0.23h,,,,18312.90h,,,,
,CALLS-444,SEPA cross-border/intra-group payments validation improvement,4/12/24,0.02h,,19.20h,,,,0.05h,97.82h,363.03h,46.67h,,,,17925.55h,,,,
Production bug,CALLS-445,Business customers without reg number not able to make payment in smart form,3/21/24,0.02h,,1.78h,,,,0.00h,0.07h,0.15h,0.30h,,,,18450.33h,,,,
,CALLS-443,European payment BIC derivation not possible - route to foreign flow,4/5/24,0.00h,120.90h,43.53h,,,,,,,,,,,200.08h,18094.03h,,,
,CALLS-559,iBank private - Incoming international payments list - account selector,7/16/24,0.00h,21.53h,2712.37h,,,,0.28h,27.23h,73.27h,21.30h,,,,15648.02h,,,,
Production bug,CALLS-553,iBank - Incoming international payments - period search error label,7/5/24,0.02h,220.90h,2346.98h,,,,1.27h,0.98h,21.87h,3.02h,,,,15909.48h,,,,
,CALLS-561,ibank: Back button position in international payment view form,7/16/24,2780.57h,,0.00h,,,,0.00h,5.25h,86.23h,5.65h,,,,15648.05h,,,,
,CALLS-442,ibank: error on opening old payment from statement,4/12/24,0.17h,,21.83h,,,,338.95h,185.88h,8.23h,45.63h,,,,17926.43h,,,,
,CALLS-441,possibleDuplicate warning not saved to DP,3/19/24,0.00h,,0.00h,,,,4.03h,21.88h,1.12h,0.17h,,,,18501.62h,,,,
,CALLS-440,Hide and clear data button not clearing,3/21/24,0.97h,,0.00h,,,,0.20h,29.78h,116.35h,24.02h,,,,18453.57h,,,,
,CALLS-439,Error label is too short,3/20/24,19.97h,,0.00h,,,,0.00h,2.12h,167.80h,0.52h,,,,18478.13h,,,,
,CALLS-518,"Open banking - SEPA payment name length check (Beneficiary name, Ultimate payer/ beneficiary name) - flow merge impact testing",6/21/24,0.02h,1196.77h,1200.22h,,,,47.38h,,0.00h,0.00h,19.62h,,,16249.67h,,,,
,CALLS-437,"iBank/SGW - Account Report (camt.052), Statement (camt.053) - flow merge impact",4/22/24,131.38h,,1.03h,,,,291.57h,70.98h,388.72h,114.32h,,,,17692.22h,,,,
,CALLS-517,SGW - Credit notification camt.054 - flow merge impact,10/3/24,0.10h,,4606.82h,,,,0.00h,,296.77h,46.40h,,,,13745.88h,,,,
,CALLS-463,iBank: update downlod PDF/asice view for mass payments,5/17/24,0.03h,,1316.93h,,,,0.00h,215.35h,123.62h,22.37h,,,,17085.72h,,,,
,CALLS-462,iBank: expand Default details field,5/2/24,0.15h,,1173.53h,,,,24.25h,0.97h,72.27h,48.00h,,,,17444.95h,,,,
,CALLS-474,iBank: update labels,6/14/24,2175.18h,,24.45h,,,,0.77h,6.22h,65.05h,99.73h,,,,16414.28h,,,,
,CALLS-707,[DB] Add new reason codes to PAYMENTS_ISO.REASON_CODE,10/1/24,0.00h,,4865.13h,,,,95.78h,23.68h,0.00h,0.00h,,,,13801.53h,,,,
,CALLS-436,EKSE Nostro is not credited according to pacs.009,3/22/24,0.43h,,331.03h,,,,0.12h,2.07h,2.72h,18.85h,,,,18433.42h,,,,
,CALLS-683,DB: create sysglobal for European (SEPA) payments in one form,9/20/24,1491.32h,,3046.32h,,,,139.78h,24.98h,26.75h,0.00h,,,,14062.38h,,,,
,CALLS-434,[DB] New error codes creation for name checks,3/21/24,0.00h,,165.07h,,,,0.00h,3.37h,22.12h,166.77h,,,,18452.02h,,,,
,CALLS-495,[STAR] Wrong residency indication in LV payment copy (PDF),5/31/24,0.00h,450.28h,1199.52h,,,,151.12h,216.23h,18.10h,25.32h,,,,16751.22h,,,,
,CALLS-435,"Ibank Einvoice: after paying the invoice manually, the status does not change, when the invoice is paid",5/8/24,51.97h,,204.92h,,,,8.22h,547.73h,191.47h,77.33h,,,,17707.85h,,,,
,CALLS-438,iBank: element location when importing file fails with errors,3/12/24,186.23h,,0.00h,,,,0.00h,1.30h,4.20h,0.28h,,,,18666.07h,,,,
,CALLS-433,IBank: E-Invoice signing issue in Mobile App after jump to IBank,3/6/24,0.12h,,23.73h,,,,,,,,,,,18812.92h,22.83h,,,
,CALLS-461,iBank: update review page of consolidated / salary payments,5/9/24,168.05h,,1175.73h,,,,123.60h,142.18h,15.52h,30.52h,,,,17276.43h,,,,
Production bug,CALLS-432,IBank: Incorrect beneficiary name filled in for einvoice manual payment,3/1/24,0.15h,,15.98h,,,,0.60h,,0.15h,1.57h,,,,18934.22h,,,,
,CALLS-431,[DB] Procedure to move imported payments,4/8/24,4.72h,,0.00h,,,,0.00h,354.95h,262.93h,309.22h,,,,18026.42h,,,,
,CALLS-556,iBank - Mass payment - wrong status shown for future date payments in detail view,7/17/24,0.07h,,3022.08h,,,,27.40h,58.15h,205.55h,24.82h,,,,15620.62h,,,,
,CALLS-460,iBank: test switching mass payments from SEPA to instant SEPA,6/13/24,4.82h,171.42h,2346.38h,,,,,,,,,,,16437.57h,,,,
,CALLS-430,"SEPA message creation - Name truncation (Beneficiary name, Ultimate payer/ beneficiary name)",3/18/24,0.00h,0.28h,168.63h,,,,172.15h,3.18h,19.68h,123.90h,,,,18522.10h,,,,
,CALLS-429,"iBank/SGW import - SEPA payment name length check (Beneficiary name, Ultimate payer/ beneficiary name)",4/15/24,0.00h,0.87h,184.73h,,,,25.43h,291.47h,359.98h,311.98h,,,,17852.17h,,,,
,CALLS-516,SGW LT - Cross-border SEPA payments after cut-off - flow merge impact testing,10/1/24,339.63h,,2373.08h,,,,67.80h,,2281.97h,117.20h,,,,13801.68h,,,,
,CALLS-515,Open Banking LT - Cross-border SEPA payments after cut-off (flow merge impact testing),6/21/24,0.08h,,2755.98h,,,,0.00h,,0.00h,23.28h,,,,16250.15h,,,,
,CALLS-428,[DB] Modify Payment History view in iBank,3/26/24,383.83h,,0.00h,,,,0.00h,3.88h,308.67h,4.08h,,,,18331.55h,,,,
,CALLS-427,[DB] Create error codes for moved payments,2/29/24,75.77h,,0.00h,,,,0.00h,2.78h,0.00h,0.00h,,,,18953.55h,,,,
,CALLS-475,(Forms) Show archived messages in SEPA message chain,5/22/24,0.00h,260.25h,1195.78h,,,,528.50h,25.12h,100.80h,46.90h,,,,16964.72h,,,,
,CALLS-453,LT: Cross-border SEPA payments after cut-off (test with Home-bank payments),4/29/24,0.00h,,1319.63h,,,,165.90h,3.15h,42.47h,74.78h,,,,17519.10h,,,,
,CALLS-452,"Home-bank - Capture payments in DP (SEPCO, SEPGO)",4/29/24,0.03h,3.73h,1319.80h,,,,47.85h,123.92h,23.18h,91.37h,,,,17519.12h,,,,
Production bug,CALLS-576,[LV & EE] Need full country names in International payment pdf (iBank),8/9/24,213.78h,3522.87h,0.00h,,,,23.15h,216.55h,98.70h,26.28h,,,,15068.28h,,,,
,CALLS-423,"EKSI to closed account, got SEPA manual message after processing ProScan response",3/21/24,0.17h,,92.03h,,,,719.40h,0.58h,0.00h,5.80h,,,,18451.35h,,,,
,CALLS-425,"iBank - SEPA payment name length check (Beneficiary name, Ultimate payer/ beneficiary name)",3/14/24,0.00h,351.40h,120.93h,,,,1.93h,49.50h,46.78h,118.27h,,,,18624.55h,,,,
,CALLS-478,(Forms) Show message chain related to legacy payment,6/14/24,20.87h,,2183.12h,,,,1.52h,167.57h,525.87h,4.72h,,,,16413.68h,,,,
,CALLS-422,"iBank - Defined payments (SEPCO, EKSCO, SEPGO)",2/28/24,0.02h,,209.52h,,,,5.58h,0.32h,94.32h,43.27h,,,,18984.57h,,,,
,CALLS-421,Monitoring for SEPA cross-border/intragroup payments before flow merge go-live in production,2/27/24,0.10h,,43.60h,,,,173.07h,0.00h,0.33h,121.17h,,,,19001.53h,,,,
,CALLS-420,[LV ACT] Order sterling transfers between TPS-gw and SFEc (for PROD env),5/7/24,0.12h,,0.00h,,,,0.00h,657.65h,852.23h,626.50h,,,,17324.28h,,,,
,CALLS-571,[iBank] Increase the size of Address field in Beneficiary's structured address,7/26/24,3906.13h,0.00h,0.02h,,,,27.92h,72.43h,91.48h,0.42h,,,,15409.07h,,,,
,CALLS-418,Ensure scaning of fp_cut_off_rules for Standing Orders,2/6/24,1.97h,,,,,,,,,,,,,,19505.98h,,,
,CALLS-417,Update existing Domestic payment queries,3/7/24,21.23h,,622.73h,,,,0.18h,4.63h,67.70h,4.80h,,,,18787.82h,,,,
,CALLS-416,[DB] Adjustments on payment history details fetching,2/19/24,65.57h,,0.00h,,,,0.00h,22.83h,244.22h,0.33h,,,,19196.77h,,,,
,CALLS-494,[iBank] Wrong residency indication in LV payment copy (PDF),5/28/24,426.47h,450.37h,1344.78h,,0.73h,,25.52h,263.48h,188.97h,5.87h,,,,16824.68h,,,,
,CALLS-415,iBank - fix element spacing in Mass Payment pages,2/29/24,0.03h,,0.00h,,,,404.77h,27.17h,117.32h,27.13h,,,,18956.10h,,,,
Production bug,CALLS-414,iBank - Issues with mass payment notification bells /2,2/26/24,0.02h,,0.00h,,,,0.00h,319.97h,135.18h,123.82h,,,,19030.08h,,,,
,CALLS-413,Solution to move payments between Structures (VMK<->DP),4/9/24,192.60h,311.00h,169.63h,,,,318.57h,184.37h,120.87h,339.47h,,,,17996.17h,,,,
,CALLS-393,LT: Cross-border SEPA payments after cut-off,2/26/24,0.05h,0.13h,68.63h,,,,22.98h,123.80h,208.72h,242.20h,,,,19033.32h,,,,
,CALLS-385,[DB] Expand SQL_ALERT table with sending SMS possibility,2/5/24,0.10h,,0.00h,,,,0.03h,21.10h,0.38h,239.40h,,,,19537.62h,,,,
,CALLS-384,"[DB] Put SEPA cross-border payments to correct outgoing payment queue (SO, STAR, Cards)",1/26/24,0.00h,,17.17h,,,,0.13h,2.45h,0.00h,24.15h,,,,19774.38h,,,,
,CALLS-383,Payment-monitor improvement with SMS atribute,1/26/24,0.00h,,20.32h,,,,5.42h,1.03h,17.38h,4.55h,,,,19772.47h,,,,
,CALLS-424,Need to expand ''Payment details'' field in International payment form (Eur and non-Eur),3/1/24,5.78h,,160.25h,,,220.18h,1.05h,24.67h,92.37h,2.00h,,236.93h,145.27h,18935.15h,,,,
,CALLS-380,[LV ACT] Transferring KE file from SFEc to MB [PROD],4/11/24,6.45h,,0.00h,,,,0.00h,233.85h,1752.78h,0.03h,,,,17950.92h,,,,
,CALLS-457,[LV ACT] Insert manually LACBLV2XEKS BIC into RTGS directory,5/16/24,358.18h,814.00h,1684.47h,,,,,,,,,,,,17110.18h,,,
,CALLS-456,Update EKSEEUR Nostro BIC from LACBLV2X to LACBLV2XEKS in Nostro setup,5/16/24,358.33h,646.87h,1851.50h,,,,,,,,,,,,17110.28h,,,
,CALLS-378,[LV ACT] Procedure for maintaining certificates for signing and encryption,1/24/24,0.05h,,167.92h,,,,,,,,,,,19824.38h,,,,
Production bug,CALLS-381,iBank - Issues with mass payment notification bells /1,2/2/24,0.13h,64.10h,167.73h,,,,0.45h,191.70h,0.40h,1.55h,,,,19606.85h,,,,
Production bug,CALLS-389,iBank: Domestic PDF printout - missing DOB in LV and EE,1/29/24,262.68h,,0.00h,,,,0.00h,2.47h,72.22h,0.77h,,,,19697.43h,,,,
Production bug,CALLS-388,"iBank: Domestic PDF printout - incorrect ""Document Type"" for ID type ""other""",1/29/24,261.05h,,0.00h,,,,0.00h,4.57h,68.02h,4.25h,,,,19698.17h,,,,
Production bug,CALLS-382,iBank - Issues with payment notification bells,1/22/24,0.00h,99.82h,71.17h,,,,,,,,,,,,19866.27h,,,
,CALLS-408,"iBank - Payment history (SEPCO, EKSCO, SEPGO)",2/27/24,45.22h,0.63h,595.80h,,,,24.50h,76.95h,184.90h,49.33h,,,,19128.60h,,,,
,CALLS-411,iBank - Notification bells,4/26/24,0.00h,121.45h,1194.17h,,,,208.80h,582.07h,77.50h,331.33h,,,,17593.37h,,,,
,CALLS-375,[LV ACT] Order sterling transfers between TPS-gw and SFEc (for TEST env),2/12/24,0.00h,,0.00h,,,,647.13h,35.37h,102.58h,0.00h,,,,19362.65h,,,,
,CALLS-374,[LV ACT] Aggregate received MT970 messages to a single MT970 file and send it to Corona (for TEST env),4/4/24,0.00h,,0.00h,,,,246.72h,436.00h,1177.03h,170.38h,,,,18117.80h,,,,
,CALLS-398,"iBank LT - List of payments - cancel after cut-off (SEPCO, EKSCO, SEPGO)",3/7/24,0.00h,137.07h,1081.33h,,,,0.28h,6.43h,19.50h,146.70h,,,,18786.43h,,,,
,CALLS-368,Add more logging for the debiting part of EPE,1/4/24,0.02h,,0.00h,,,,0.00h,1.95h,1.18h,3.08h,,,,20298.22h,,,,
,CALLS-367,PDF after domestic payment signing not wrapping text,1/8/24,17.05h,,1.38h,,,,1.45h,23.50h,2.25h,69.28h,,,,20207.42h,,,,
,CALLS-459,[Ibank] Can not delete big mass payment from List of payments,5/14/24,0.00h,,2708.40h,,,,315.77h,26.18h,16.98h,99.48h,,,,17158.85h,,,,
,CALLS-458,[Ibank] Can not delete big mass payment from Import page,5/14/24,0.00h,,2708.50h,,,,0.33h,341.62h,16.98h,99.47h,,,,17158.87h,,,,
,CALLS-363,Cleanup on Smart form PDF generation,1/4/24,0.05h,,0.63h,,,,1.32h,17.30h,4.65h,18.50h,,,,20305.12h,,,,
Production bug,CALLS-369,EPE slowdown caused by parallel multi-file processing,1/9/24,145.65h,4.98h,0.00h,,,,0.00h,17.98h,1.52h,0.02h,,,,20181.82h,,,,
,CALLS-359,Capture all SEPA payments into single data store - LV specific fields missing,1/2/24,0.02h,,0.22h,,,,0.00h,3.43h,105.65h,15.45h,,,,20345.92h,,,,
,CALLS-409,"iBank PDF - Import of payments (SEPCO, EKSCO, SEPGO)",3/19/24,0.35h,115.27h,1366.23h,,,,0.42h,459.00h,24.57h,141.72h,,,,18502.50h,,,,
,CALLS-402,"iBank PDF - Payment archive (SEPCO, EKSCO, SEPGO)",2/23/24,118.92h,0.02h,1362.93h,,,,0.00h,,0.88h,28.80h,,,,19098.58h,,,,
,CALLS-401,"iBank PDF - List of payments (SEPCO, EKSCO, SEPGO)",2/19/24,119.28h,0.43h,1026.10h,,,,94.35h,7.63h,166.28h,0.00h,,,,19196.07h,,,,
,CALLS-405,"iBank PDF - Outgoing payment (SEPCO, EKSCO, SEPGO)",3/6/24,116.22h,3.02h,1384.15h,,,,0.03h,17.10h,6.70h,168.00h,,,,18914.97h,,,,
,CALLS-404,"iBank PDF LT - Incoming international payment (SEPCI, EKSCI, SEPGI)",4/2/24,0.18h,533.98h,1283.42h,,,,353.65h,21.82h,126.00h,128.37h,,,,18163.30h,,,,
Production bug,CALLS-357,Incorrect verification message when signing mass payments from list,12/29/23,0.38h,,18.08h,,,,0.48h,7.88h,157.52h,5.45h,,,,20445.10h,,,,
,CALLS-361,iBank: Missing translations for mass payment accept view,1/4/24,286.70h,,0.00h,,,,0.22h,2.17h,2.10h,48.48h,,,,20297.20h,,,,
,CALLS-410,"iBank - International Outgoing payment - SEPA message copy (SEPCO, EKSCO, SEPGO)",3/6/24,24.55h,,1002.18h,,,,429.55h,197.02h,69.62h,120.87h,,,,18813.85h,,,,
,CALLS-412,"iBank - Incoming international payments list (SEPCI, EKSCI, SEPGI)",3/20/24,43.12h,292.23h,1026.18h,,,,624.02h,144.25h,26.42h,27.33h,,,,18474.17h,,,,
,CALLS-400,"iBank - Import of payments (SEPCO, EKSCO, SEPGO)",3/20/24,43.78h,,1149.82h,,,,99.95h,696.42h,23.60h,167.98h,,,,18476.23h,,,,
,CALLS-399,"iBank - Incoming international payment (SEPCI, EKSCI, SEPGI)",3/28/24,0.00h,691.82h,669.97h,,,,378.07h,497.22h,133.70h,5.37h,,,,18281.85h,,,,
,CALLS-407,"iBank - Payment archive/Account statement (SEPCO, EKSCO, SEPGO)",2/22/24,0.22h,2.95h,1359.48h,,,,102.77h,43.50h,1.18h,25.48h,,,,19123.32h,,,,
,CALLS-355,Add new incoming payment op_id to CREBIT.SANCTION_CHECKED_OPERATION,1/19/24,0.00h,,360.93h,,,,150.62h,23.50h,94.08h,92.57h,,,,19943.40h,,,,
,CALLS-354,Do not route large amount cross-border and intragroup SEPA to RTGS,12/29/23,0.00h,,48.17h,,,,24.80h,0.58h,123.33h,43.60h,,,,20447.95h,,,,
Production bug,CALLS-370,"iBank: Fix ""Amount"" field type",1/19/24,0.00h,75.10h,502.60h,,,,0.00h,1.70h,239.93h,18.68h,,,,19944.37h,,,,
,CALLS-356,iBank: update payment import,12/27/23,161.78h,,0.02h,,,,2.27h,21.78h,120.68h,3.65h,,,,20491.73h,,,,
,CALLS-352,[DB] (ON HOLD!!!) Create wrapper procedure to return OP_ID for SEPA cross-border,12/18/23,96.37h,,,,,,,,,,,,,,20710.38h,,,
,CALLS-350,Add new out channel codes in a procedure for SO payment processing,1/23/24,0.00h,,833.03h,,,,0.00h,6.70h,17.42h,125.87h,,,,19843.58h,,,,
,CALLS-403,"iBank - Smart form - suggested payments (exclude SEPCO, EKSCO, SEPGO)",2/15/24,0.00h,146.18h,1389.70h,,,,1.02h,2.30h,,,,,,,19293.05h,,,
,CALLS-406,"iBank - List of payments (SEPCO, EKSCO, SEPGO)",2/26/24,0.02h,174.40h,1194.62h,,,,1.25h,143.75h,196.87h,94.15h,,,,19028.30h,,,,
,CALLS-397,"iBank - Outgoing payment order details (SEPCO, EKSCO, SEPGO)",2/20/24,0.00h,578.27h,643.40h,,,,0.20h,195.95h,93.63h,167.92h,,,,19173.25h,,,,
Production bug,CALLS-706,[DB] Negative amount transaction on correspondent account should not be possible,9/30/24,0.00h,,6934.88h,,,,23.83h,71.97h,0.00h,0.00h,,,,13825.23h,,,,
,CALLS-817,[Forms] Improve visibility of instant faulty payment,12/17/24,0.05h,,8785.85h,,,,27.43h,0.00h,67.37h,28.95h,,,,11947.75h,,,,
Production bug,CALLS-349,[EPE] Mass payment crediting error: ORA-01086: savepoint 'LAST_PAYMENT' never established in this session or is invalid,12/14/23,0.02h,,7.62h,,,,0.28h,16.28h,0.65h,47.32h,,,,20808.98h,,,,
,CALLS-364,Failed imported files are not possible to remove from imported files list,1/17/24,0.00h,,312.87h,,,,313.32h,211.93h,73.55h,50.50h,,,,19985.65h,,,,
Production bug,CALLS-347,Domestic payments held by OPV when sent to offline validation,12/11/23,0.12h,,16.98h,,,,6.12h,2.50h,63.62h,4.63h,,,,20876.15h,,,,
,CALLS-379,Update Service Offering to include Emergency solution for LV,1/17/24,984.72h,,,,,,,,,,,,,19989.72h,,,,
,CALLS-346,(STAR and Standing Orders) Debtor ID should not be automatically added to cross-border and intragroup payment,1/29/24,358.87h,,647.83h,,,,5.27h,90.58h,31.12h,142.57h,,,,19699.38h,,,,
,CALLS-524,Verify OP_ID/ledger usage for non-SEPA reachable payments,8/7/24,4300.53h,,1074.28h,,,,0.00h,,25.90h,457.13h,,,,15118.17h,,,,
,CALLS-345,[DB] Adjust crebit.lt_op.get_op_tyyp to include new cross-border SEPA op_tyyp values,12/21/23,121.48h,,46.68h,,,,0.48h,100.05h,0.00h,69.18h,,,,20638.58h,,,,
,CALLS-344,mass payment signing from list error,12/6/23,17.47h,,0.00h,,,,3.17h,0.97h,1.05h,0.63h,,,,20993.98h,,,,
Production bug,CALLS-358,iBank Mass Payment layout - buttons issue,12/28/23,0.47h,,410.05h,,,,0.00h,91.78h,52.92h,2.18h,,,,20466.27h,,,,
,CALLS-343,Expanded intermediary page for Smart payment form,2/15/24,43.52h,,25.18h,,,,100.35h,1033.92h,18.68h,533.22h,,,,19289.32h,,,,
,CALLS-339,(iBank And Bank component's) Debtor ID should not be automatically added to cross-border and intragroup payment,12/19/23,0.02h,,144.50h,,,,5.00h,144.60h,133.87h,9.33h,,,,20682.77h,,,,
,CALLS-338,Fix OP_VALIK entries for cross-border SEPA payments,12/19/23,137.92h,7.32h,45.27h,,,,0.00h,93.37h,101.02h,65.52h,,,,20688.40h,,,,
,CALLS-337,[DB] Update DP trigger dp_out_upd_bef to fill corresp_account_code,12/19/23,16.98h,,104.18h,,,,0.00h,22.87h,121.48h,192.37h,,,,20681.13h,,,,
,CALLS-334,Deploy and schedule SFEc server scripts [PROD],7/22/24,0.07h,,197.42h,,,,2566.40h,2352.60h,0.57h,455.87h,,,,15499.00h,,,,
,CALLS-333,"Adjust OP_IDs for cross-border Sepa, create new for cross-border non-reachable Sepa",12/11/23,30.83h,90.70h,51.27h,,,,0.00h,24.53h,0.00h,67.03h,,,,20880.93h,,,,
,CALLS-332,Create Operation types (OP_TYYP) classificator table,12/14/23,30.87h,118.88h,140.70h,,,,0.00h,45.50h,0.00h,7.33h,,,,20802.07h,,,,
,CALLS-331,Adjust XSD for pacs.002 & pacs.004 & pacs.008 before testing started,12/14/23,0.33h,55.67h,136.90h,,,,94.47h,6.08h,20.68h,50.40h,,,,20804.68h,,,,
,CALLS-321,To tests LV Emergency solution with Latvias banka,2/21/24,2034.93h,,,,,,,,,,,,,19153.78h,,,,
,CALLS-320,Test connection from SEPA exchange to TPS Gateway for payments to EKS,2/15/24,548.50h,,0.00h,,,,1277.85h,,0.00h,73.15h,,,,19289.35h,,,,
,CALLS-317,Generating received EKS file digest (parameters file) for TPS-gateway TEST,12/13/23,27.15h,,18.25h,,,,0.00h,,0.00h,314.48h,,,,20829.40h,,,,
,CALLS-351,List of payment: can't execute payment,12/20/23,0.00h,,500.47h,,,,24.72h,122.60h,,,,,,,20660.48h,,,
,CALLS-310,Forms teller: Incoming/Outgoing payment search does not find all matching payments,12/1/23,25.02h,,20.40h,,,,0.00h,197.27h,0.32h,19.03h,,,,21120.00h,,,,
,CALLS-372,Archive EKS files [test],7/22/24,0.00h,,0.00h,,,,0.00h,3412.55h,2537.12h,0.00h,,,,15499.05h,,,,
,CALLS-371,Monitoring SFEc status and alerting about SFEc events in Zabbix,2/28/24,1240.68h,,72.00h,,,,790.83h,367.45h,0.00h,0.00h,,,,18977.73h,,,,
,CALLS-396,Receiving EKS routing directory file [PROD],2/26/24,0.02h,,1562.25h,,,,0.00h,472.45h,437.78h,0.87h,,,,19026.55h,,,,
,CALLS-373,Receiving EKS routing directory file [TEST],1/26/24,0.02h,,285.27h,,,,338.67h,1102.22h,0.00h,0.00h,,,,19773.73h,,,,
Production bug,CALLS-292,iBank - Mass payment view - Correct defective - incorrect price list assigned to payment,11/22/23,0.12h,,140.17h,,,,1.02h,6.82h,16.65h,3.42h,,,,21333.12h,,,,
,CALLS-294,iBank - Mass payment - form & PDF layout issues,11/30/23,0.00h,0.20h,42.28h,,,,142.12h,102.98h,89.88h,5.20h,,,,21139.32h,,,,
Production bug,CALLS-286,Incorrect sententence punctuation,11/22/23,167.03h,,0.03h,,,,0.17h,2.75h,2.38h,19.70h,,,,21336.10h,,,,
,CALLS-282,Number does not increase for each subsequent new payment,11/21/23,0.00h,0.00h,1.62h,,,,0.00h,186.20h,,,,,,,21360.80h,,,
,CALLS-287,Post_sync_scripts failed in gate_lv_core,11/9/23,4.82h,0.08h,0.00h,,,,0.00h,0.00h,0.00h,0.00h,,,,21644.13h,,,,
Production bug,CALLS-278,[Forms teller] Claim non-receipt button active for rejected payment,11/14/23,0.00h,,42.10h,,,,5.17h,66.22h,6.93h,18.48h,,,,21528.30h,,,,
Production bug,CALLS-277,[Forms teller] Related payment button active for outgoing sepa payment when there is no related payment,11/13/23,0.07h,,18.82h,,,,0.00h,94.65h,1.92h,4.20h,,,,21547.58h,,,,
,CALLS-455,[LV ACT] Processing of camt.054 from TARGET-Latvija to de-fund Clearing cover account,5/16/24,2086.38h,630.02h,1720.87h,,,,78.02h,0.02h,68.33h,0.00h,,,,17111.40h,,,,
,CALLS-454,[LV ACT] Processing camt.054 from T2 GUI to pre-fund Clearing cover account,5/16/24,2103.62h,1756.52h,594.35h,,,,77.12h,0.80h,68.23h,0.05h,,,,17111.57h,,,,
Production bug,CALLS-276,iBank - Manual mass payment edit - updated document numbers not shown when returning from signing form,11/14/23,0.30h,,72.40h,,,,0.00h,46.93h,61.47h,82.22h,,,,21522.48h,,,,
,CALLS-330,[LV ACT] Configuration of reconciliation rules in Corona,1/4/24,137.48h,362.88h,913.65h,,,,,,,,,,,20444.63h,,,,
,CALLS-329,[LV ACT] EKS Nostro setup in Corona,1/4/24,137.50h,362.85h,913.53h,,,,,,,,,,,20444.77h,,,,
,CALLS-328,[LV ACT] Ensuring generation of EKS Nostro account statement on New Nostro export batch (Domestic),2/2/24,378.95h,121.90h,886.20h,,,,603.03h,2.75h,18.75h,244.27h,,,,19603.25h,,,,
,CALLS-327,[LV ACT] Transferring KE file from SFEc to MB [TEST env],1/22/24,408.30h,,0.00h,,,,0.00h,1302.58h,275.18h,0.00h,,,,19873.25h,,,,
,CALLS-326,[LV ACT] Ensuring conversion of camt.053 to MT950,1/29/24,378.23h,122.85h,913.28h,,,,239.20h,332.58h,0.00h,169.47h,,,,19703.72h,,,,
Production bug,CALLS-271,iBank - Mass payment view - Correct defective - autom. list number issue,11/30/23,337.80h,1.02h,162.88h,,,,5.22h,118.50h,4.38h,91.77h,,,,21141.07h,,,,
Production bug,CALLS-270,iBank - Start new mass payment (from old) - document numeration issue,11/6/23,0.12h,1.52h,71.25h,,,,0.00h,4.10h,65.20h,0.67h,,,,21719.90h,,,,
Production bug,CALLS-269,iBank - Mass payment edit - cannot sign in offline processing mode,11/6/23,0.02h,0.08h,4.18h,,,,0.00h,2.65h,138.62h,1.12h,,,,21718.77h,,,,
Production bug,CALLS-267,iBank - Manual mass payment edit - error when deleting single record,11/10/23,0.20h,,166.85h,,,,0.00h,43.93h,45.25h,2.55h,,,,21621.37h,,,,
Production bug,CALLS-268,iBank - Payment archive/account statement - wrong mass payment document number in consolidated record,1/2/24,0.07h,0.88h,20.60h,,,,1.13h,37.68h,242.70h,34.43h,,,,21543.68h,,,,
,CALLS-266,Refactor STAR validations for non-foreign payment forms,11/24/23,0.87h,,0.00h,,,,320.28h,273.92h,2.48h,0.00h,0.00h,,,21287.67h,,,,
,CALLS-265,Create document type for moved payment notification message,10/31/23,0.30h,,0.25h,,,,0.35h,4.92h,23.25h,0.00h,,,,21860.70h,,,,
Production bug,CALLS-264,iBank - make Mass Payment selected when going back from view page,11/21/23,476.32h,,0.00h,,,,0.32h,98.02h,2.52h,19.53h,,,,21359.20h,,,,
Production bug,CALLS-255,Fix trigger to insert RTGSEUR as corresp_account_code for urgents,11/10/23,0.02h,,330.17h,,,,0.00h,3.55h,2.92h,41.75h,,,,21624.65h,,,,
,CALLS-251,Grant select rights for role PAYMENT_SUP to cdd.restriction,10/24/23,0.00h,,0.68h,,,,1.12h,3.93h,0.02h,0.00h,,,,22028.95h,,,,
Production bug,CALLS-250,Fix Mass Payment PDF layout,11/10/23,69.03h,,0.02h,,,,289.13h,28.53h,4.23h,43.07h,,,,21619.98h,,,,
,CALLS-247,Authorization of connection to SFEc server and recording of actions in SFEc server,12/7/23,0.05h,,0.00h,,,,0.00h,700.63h,472.35h,0.17h,,,,20976.30h,,,,
,CALLS-246,[LV ACT] Handling manually Payment Search in FormsTeller,10/24/23,0.00h,,0.00h,,,,0.00h,,99.52h,23.92h,,,,22027.18h,,,,
,CALLS-261,[LV ACT] Restrict initiation of non-payment msgs on SEPA Payment details screen in Forms Teller,11/8/23,149.83h,,18.92h,,,,289.22h,1.55h,21.60h,3.62h,,,,21669.25h,,,,
,CALLS-260,[LV ACT] Restrict initiation of non-payment  msgs on SEPA Case details screen in Forms Teller,11/8/23,29.32h,,139.47h,,,,100.13h,190.65h,3.48h,21.75h,,,,21669.25h,,,,
,CALLS-242,Payment services configuration improvements for clients,11/10/23,0.03h,,23.13h,,,,8.18h,32.67h,149.98h,24.90h,,,,21937.43h,,,,
,CALLS-241,Procedure crebit.dp_sepa.prepare_return_payment inserts wrong CORRESP_ACCOUNT_CODE for some returns,10/20/23,0.40h,,1.77h,,,,0.70h,23.20h,0.37h,43.17h,,,,22128.87h,,,,
,CALLS-293,"[LV ACT] Forms Teller - SEPA message details - EKS XML camt.056, camt.029, pacs.028",11/21/23,0.28h,2.48h,739.72h,,,,0.32h,96.33h,2.62h,24.08h,,,,21356.43h,,,,
,CALLS-237,Payment emergency blocking changes for Star,10/25/23,138.95h,,0.00h,,,,29.20h,91.20h,27.23h,2.55h,,,,22002.57h,,,,
,CALLS-236,Payment emergency blocking changes for Ibank,10/26/23,138.20h,,0.75h,,,,26.70h,93.68h,50.10h,3.57h,,,,21978.68h,,,,
,CALLS-235,Payment initiation during emergency,10/26/23,0.00h,0.13h,143.35h,,,,7.33h,113.80h,27.80h,26.00h,,,,21978.57h,,,,
,CALLS-234,Payment returns routing to EKS/STEP2,10/18/23,0.00h,0.63h,98.25h,,,,0.00h,,20.07h,5.00h,,,,22173.38h,,,,
,CALLS-233,Logging Out Channel Code change,10/13/23,0.70h,,0.00h,,,,0.00h,3.30h,2.02h,0.00h,,,,22291.83h,,,,
,CALLS-232,Payments routing to EKS during emergency,11/7/23,0.03h,,22.92h,,,,1.82h,72.48h,75.32h,66.98h,,,,22081.18h,,,,
,CALLS-229,STAR update on java side to use new Emergency Setup,10/12/23,0.80h,,,,,,,,,,,,,,22320.90h,,,
,CALLS-245,"[LV ACT] Forms Teller - SEPA message details - EKS XML pacs.008, pacs.004",11/1/23,0.02h,116.78h,73.68h,,,,39.17h,77.28h,3.90h,142.50h,,,,21887.00h,,,,
,CALLS-228,[DB] Update procedure CREBIT.DP_SEPA.CREATE_RETURN for EKS returns,10/18/23,0.00h,,21.95h,,,,3.87h,95.45h,0.88h,45.22h,,,,22173.82h,,,,
,CALLS-244,[LV ACT] Handling manually Message Search in FormsTeller,10/24/23,3.18h,185.80h,1.20h,,,,2.93h,22.52h,76.13h,20.13h,,,,22031.20h,,,,
,CALLS-249,[LV ACT] SEPA message chain details for EKS message,10/23/23,0.00h,,236.98h,,,,0.00h,,75.80h,0.05h,,,,22051.30h,,,,
Production bug,CALLS-306,SEPA exchange: payment got accept and reject messages in the same time,11/22/23,74.33h,,932.68h,,,,2.60h,1.63h,2.15h,18.00h,,,,21336.83h,,,,
Production bug,CALLS-263,iBank/Gateway - pain.001 mass payment import - Document number (InstrId) overwritten,10/31/23,0.00h,464.48h,43.55h,,,,0.00h,3.00h,67.43h,27.87h,,,,21859.20h,,,,
,CALLS-224,Update TRIGGER crebit.dp_out_upd_bef to fill nostro account in DP for EKS payments,10/10/23,0.00h,,6.38h,,,,0.30h,19.35h,71.52h,26.95h,,,,22365.05h,,,,
,CALLS-223,Update procedures for updating EKS nostro account balance,10/9/23,0.63h,,0.02h,,,,0.00h,23.55h,93.52h,5.87h,,,,22387.05h,,,,
Production bug,CALLS-231,iBank - Mass payment view - Correct defective - insufficient funds errors not cleared when part of list failed,11/15/23,0.02h,,839.88h,,,,1.97h,21.37h,155.62h,10.07h,,,,21500.45h,,,,
,CALLS-259,[LV ACT] Forms Teller - Making repeal,10/30/23,0.00h,0.58h,544.83h,,,,24.83h,4.53h,71.67h,1.47h,,,,21883.05h,,,,
,CALLS-221,Delete archived records from sepa_manual_messages,10/5/23,0.05h,,18.70h,,,,0.00h,1.22h,1.22h,24.82h,,,,22485.80h,,,,
Production bug,CALLS-219,Client doesn't see Standing Orders in his iBank.,11/9/23,594.85h,,413.65h,,,,,,,,,,,,21643.43h,,,
,CALLS-218,One time data preparation for Emergency banks table,10/3/23,0.00h,0.72h,0.02h,,,,96.20h,1.38h,19.48h,0.85h,,,,22537.67h,,,,
Production bug,CALLS-220,Sepa manual messages are not archived in EE and LV,10/9/23,0.00h,,161.00h,,,,0.00h,26.02h,1.78h,116.15h,,,,22394.45h,,,,
,CALLS-252,Reconfigure W668 server and/or service account(s) to use Secure LDAP when communicating to Domain Controller,11/3/23,0.00h,,690.60h,,,,70.58h,22.65h,3.07h,149.42h,,,,21786.68h,,,,
,CALLS-216,Create new SEPA processing flow code,9/26/23,0.25h,,0.00h,,,,0.00h,2.00h,16.85h,0.00h,,,,22705.60h,,,,
,CALLS-620,Decommission Linux servers previous used for application running on Rancher,11/19/24,10004.85h,,0.00h,,,,0.00h,170.42h,0.00h,0.00h,,,,12620.87h,,,,
,CALLS-619,Decommission applications on Rancher,11/12/24,10003.40h,,0.00h,,,,0.00h,1.07h,0.00h,0.00h,,,,12791.67h,,,,
,CALLS-258,[LV ACT] SEPA payment details screen in FormsTeller,10/30/23,408.28h,,404.47h,,,,0.83h,28.45h,71.62h,0.00h,,,,21884.77h,,,,
,CALLS-226,[LV ACT] Handling manually Payment Search in FormsTeller,10/19/23,338.98h,,90.58h,,,,0.30h,49.37h,145.00h,23.65h,,,,22150.62h,,,,
Production bug,CALLS-215,Imported files disappears from page,10/31/23,814.47h,,0.02h,,,,21.95h,76.40h,2.67h,18.18h,,,,21865.88h,,,,
,CALLS-214,Create SysGlobal to send/not-send EKS payments to ProScan,10/5/23,287.35h,,0.00h,,,,1.95h,1.23h,21.58h,0.08h,,,,22489.28h,,,,
,CALLS-213,Update Procedures to use EKS nostro bookings (instead of SEPA nostro),10/18/23,147.80h,,0.00h,,,,3.80h,97.42h,39.88h,149.88h,,,,22339.07h,,,,
,CALLS-200,Generate production key file cryption/encryption [PROD],11/16/23,660.38h,673.03h,,,,,,,,,,,,,21480.27h,,,
,CALLS-199,Prepare server for file encryption/decryption [PROD],12/7/23,660.38h,168.10h,0.00h,,,,291.20h,213.70h,145.95h,358.07h,,,,20976.27h,,,,
,CALLS-199,Prepare server for file encryption/decryption [PROD],12/7/23,660.38h,0.00h,168.10h,,,,,291.20h,213.70h,145.95h,358.07h,,,,,,20976.32h,
,CALLS-198,Order Sterling for file transfer [PROD],1/11/24,1333.45h,238.40h,26.83h,,,,,0.00h,932.97h,0.00h,144.87h,,,,,,20137.25h,
,CALLS-227,Outgoing EKS payments crediting delay,10/24/23,469.15h,190.93h,0.77h,,,,,101.53h,18.60h,2.37h,0.00h,,,,,,22030.63h,
,CALLS-541,Setup EE cluster for payment services,6/21/24,5394.52h,0.00h,,,,,,0.00h,1169.92h,0.00h,0.00h,,,,,,16249.60h,
,CALLS-193,Payment Services functional and regression testing in PPTE,3/18/24,3690.77h,330.72h,,,,,,1.37h,5.20h,16.85h,240.27h,,,,,,18528.90h,
,CALLS-192,Test file transfer for FAS [TEST],11/21/23,755.48h,72.58h,511.72h,,,,,0.00h,,0.00h,119.75h,,,,,,21354.60h,
,CALLS-191,Adjust Stored Procedures to figure out when payment needs to be cleared in EKS,10/12/23,444.55h,19.60h,28.87h,,,,,,,,,,,,,,,22321.15h
,CALLS-190,Adjust bank components to figure out when payment needs to be cleared in EKS,10/12/23,444.60h,19.67h,28.83h,,,,,,,,,,,,,,,22321.12h
Production bug,CALLS-230,iBank - Mass payment edit - list number not updated in single payment records,11/3/23,90.37h,529.88h,67.82h,,,,,51.25h,3.27h,111.20h,3.50h,,,,,,21957.02h,
,CALLS-185,Order SWPD profile,10/18/23,638.03h,,,,,,,,,,,,,,,,22176.40h,
,CALLS-184,Order Sterling for file transfer [TEST],10/19/23,252.63h,0.00h,,,,,,0.00h,411.93h,0.00h,0.00h,,,,,,22150.00h,
,CALLS-183,Prepare server for file cryption/decryption [TEST],10/19/23,158.32h,0.05h,0.08h,,,,,0.00h,506.15h,0.00h,0.00h,,,,,,22149.98h,
,CALLS-182,Routing table setup for EKS participants,9/28/23,88.50h,,69.67h,,,,,,,,,,,,,,,22656.52h
,CALLS-181,Create parameter to determinate Old or New Emergency solution to use in LV,9/25/23,12.95h,0.00h,,,,,,0.25h,70.27h,0.52h,1.78h,,,,,,22728.92h,
,CALLS-207,Payment return message (pacs.004.001.09) - from EKS,11/7/23,10.53h,656.85h,,,,,,102.18h,258.88h,73.18h,27.20h,,,,,,21692.30h,
,CALLS-206,Credit transfer message (pacs.008.001.08) - from EKS,10/10/23,10.22h,248.92h,,,,,,17.07h,29.77h,123.55h,28.22h,,,,,,22363.42h,
,CALLS-208,Payment return message (pacs.004.001.09) - to EKS,10/18/23,10.85h,323.08h,117.40h,,,,,3.77h,22.22h,166.97h,4.50h,,,,,,22172.38h,
,CALLS-205,Credit transfer message (pacs.008.001.08) - to EKS,10/10/23,10.08h,154.27h,,,,,,2.13h,116.23h,1.12h,173.93h,,,,,,22363.42h,
,CALLS-204,Incoming credit transfer/payment return screening during Emergency,10/11/23,154.40h,41.63h,254.02h,,,,,0.03h,120.47h,52.70h,0.77h,,,,,,22340.17h,
,CALLS-203,Outgoing credit transfer/payment return screening during Emergency,11/3/23,0.20h,117.58h,408.23h,,,,,0.07h,120.47h,49.32h,3.75h,,,,,,22264.57h,
,CALLS-202,Excluded payment rejection message (pacs.002 rejection) - from EKS,11/10/23,20.67h,641.18h,291.30h,,,,,343.55h,18.33h,4.07h,42.05h,,,,,,21626.07h,
,CALLS-201,Moved payment notification message (pacs.002 pending) - from EKS,11/10/23,0.12h,693.48h,259.55h,,,,,238.33h,151.22h,22.45h,3.23h,,,,,,21618.85h,
,CALLS-257,[LV ACT] Handling manually Return in Forms Teller,10/31/23,529.33h,474.53h,,,,,,0.00h,,124.82h,0.30h,,,,,,21860.78h,
Production bug,CALLS-179,"Disappears field ""Transaction costs paid by"" when concluding International Defined payment",11/27/23,957.73h,744.10h,,,,,,0.15h,6.93h,85.60h,9.40h,,,,,,21210.93h,
,CALLS-240,STAR: add validation to beneficiary's structured address in domestic standing order (LT only),11/27/23,0.10h,791.37h,,,,,,607.27h,268.25h,92.60h,41.88h,,,,,,21216.00h,
,CALLS-239,STAR: add validation to beneficiary's structured address in predefined domestic payments (LT only),11/22/23,0.02h,767.48h,,,,,,607.27h,259.15h,23.50h,2.50h,,,,,,21333.58h,
,CALLS-177,Wrong payment execution when needed double acceptance,12/29/23,1.73h,2231.33h,,,,,,3.42h,95.25h,32.92h,230.08h,,,,,,20446.30h,
,CALLS-175,Insert PVM code into CREBIT.DP_CHANNEL,9/11/23,0.00h,,68.17h,,,,,,,,,,,,,,,23063.07h
,CALLS-325,Processing of pacs.009 from TARGET-Latvija to de-fund Clearing cover account,1/19/24,1416.82h,1412.77h,,,,,,192.23h,0.87h,69.68h,103.82h,,,,,,19937.42h,
,CALLS-324,Processing of camt.054 from TARGET-Latvija to pre-fund Clearing cover account,1/19/24,1415.95h,1413.78h,,,,,,173.95h,40.45h,70.83h,75.40h,,,,,,19943.37h,
,CALLS-173,Creditor type incorrect after payment file import in iBank,9/8/23,0.00h,18.03h,1.07h,,,,,,,,,,,,,,,23137.62h
,CALLS-196,Status message (pacs.002 rejection) - from EKS,10/25/23,0.02h,616.00h,175.30h,,,,,315.32h,,19.65h,24.38h,,,,,,22009.92h,
,CALLS-197,Status message (pacs.002 acceptance) - from EKS,10/25/23,0.00h,619.82h,191.97h,,,,,25.35h,289.92h,19.70h,24.38h,,,,,,22009.92h,
Production bug,CALLS-174,Error 'The Beneficiary bank's field is blank or contains errors!' in case customer pushes button 'Overwrite defined payment' after successful international payment entry,11/22/23,5.73h,135.83h,,,,,,1299.52h,381.60h,49.55h,5.32h,,,,,,21330.20h,
,CALLS-172,Remove old file formats from constraint CREBIT.CK$IMP_PMT_FILE$FORMAT,10/12/23,0.05h,792.15h,,,,,,0.00h,22.98h,48.20h,0.05h,,,,,,22322.17h,
,CALLS-171,Create converter between vvmk and dp structures,9/12/23,48.37h,0.00h,,,,,,0.00h,138.45h,,,,,,,,,23041.50h
,CALLS-169,Create component for converting payments between domestic and foreign objects,9/12/23,3.90h,90.32h,,,,,,0.00h,7.63h,45.50h,115.73h,,,,,,23041.28h,
,CALLS-168,Create mapping between domestic and foreign payment errors,9/12/23,3.98h,90.32h,,,,,,0.00h,7.63h,45.50h,115.73h,,,,,,23041.27h,
Production bug,CALLS-170,EPE ERROR : InvalidMassPaymentHandler,9/15/23,2.00h,14.08h,75.27h,,,,,0.00h,4.60h,210.35h,49.72h,,,,,,22966.23h,
,CALLS-322,Clarify existing operation entries which can be chosen for SEPA payments,12/19/23,97.23h,2255.65h,,,,,,3.22h,164.72h,99.35h,20.03h,,,,,,20688.45h,
,CALLS-167,"Adapt DB procedures used by ""Payments to merchants""",1/26/24,3245.97h,0.00h,36.43h,,,,,4.90h,169.47h,18.42h,51.95h,,,,,,19771.28h,
,CALLS-238,STAR: add validation to beneficiary's structured address in domestic payments (LT only),11/22/23,0.05h,1126.40h,,,,,,289.35h,577.05h,25.48h,1.92h,,,,,,21332.23h,
,CALLS-166,Update Error message for iBank in Latvia about High risk countries,9/1/23,0.07h,25.70h,,,,,,27.40h,0.20h,1.72h,0.00h,,,,,,23300.32h,
,CALLS-165,Introduce new out channel codes for sepa cross border and intragroup payments,12/19/23,20.48h,2163.50h,,,,,,93.73h,70.78h,104.53h,191.35h,,,,,,20683.10h,
,CALLS-164,[sepa-web] sepa-web crashes when resubmitting message,8/30/23,1.03h,0.00h,1.32h,,,,,0.00h,0.28h,1.40h,24.52h,,,,,,23349.58h,
,CALLS-314,[ISO Exchange] Ignore possible duplicate flag in incoming ISO messages,11/24/23,0.02h,984.97h,,,,,,25.02h,47.93h,311.38h,23.43h,,,,,,22003.78h,
Production bug,CALLS-163,change SOA payments generator according to business rules (DB part fix),8/31/23,0.05h,18.38h,,,,,,1.78h,2.12h,19.80h,31.03h,,,,,,23323.38h,
Production bug,CALLS-225,Incorrect CORRESP_ACCOUNT_CODE in DP table when priority is changed,10/10/23,933.25h,0.00h,,,,,,0.00h,3.45h,66.43h,29.37h,,,,,,22365.10h,
Production bug,CALLS-162,Message: Hibernate operation: could not execute query...,8/28/23,0.15h,0.03h,,,,,,0.68h,2.65h,89.08h,0.30h,,,,,,23402.45h,
,CALLS-161,Sysglobal creation for Sepa Flow Merge,8/28/23,0.00h,94.75h,,,,,,0.07h,1.98h,4.08h,0.00h,,,,,,23396.07h,
,CALLS-160,Create cut-off procedure wrapper for SEPA cross-borders,8/24/23,20.43h,,,,,,,,,,,,,,,,,23497.22h
Production bug,CALLS-395,noSuchTeleAgreementAccount upon processing payment file,1/31/24,0.05h,3841.28h,,,,,,0.00h,20.63h,0.00h,0.00h,,,,,,19656.68h,
,CALLS-159,Save SEPA cross border STAR payments to DP data structure,1/24/24,548.28h,2162.60h,,,,,,122.67h,577.03h,239.87h,42.60h,,,,,,19825.83h,
,CALLS-158,Save SEPA cross border Standing Order payments to DP data structure,9/26/23,213.08h,0.00h,,,,,,144.35h,214.73h,171.43h,99.02h,,,,,,22700.30h,
,CALLS-157,Create DP_ERROR codes that correspond to FP error codes,9/12/23,214.68h,0.03h,,,,,,4.47h,22.52h,261.60h,0.00h,,,,,,23041.37h,
,CALLS-156,Expand DP_ERROR to map to FP error codes,9/7/23,214.78h,0.03h,,,,,,0.58h,5.23h,167.60h,0.00h,,,,,,23156.57h,
,CALLS-153,Run payments regression tests in GATE to verify Payments services on OpenShift,8/24/23,0.00h,22.88h,,,,,,91.12h,,0.00h,50.82h,,,,,,23494.45h,
,CALLS-155,"RT1 testing, Aug 22: RTF reception",8/22/23,0.02h,119.42h,,,,,,0.00h,,0.17h,5.85h,,,,,,23539.42h,
,CALLS-149,Decommissioning of Old offline payment queue,6/7/24,0.00h,0.08h,,,,,,6970.87h,90.57h,0.22h,20.27h,,,,,,16584.02h,
Production bug,CALLS-150,"[iBank] Incorrect value for 'Swedbank group payment' indicator on international payment 2nd, 3rd page",8/25/23,1.35h,70.65h,,,,,,122.23h,46.27h,21.50h,3.95h,,,,,,23471.75h,
,CALLS-147,ST_UPDATE on sepa msg which was already proceeded and archived,9/1/23,496.67h,,,,,,,,,,,,,,,,,23306.27h
,CALLS-146,"Customer in ibank for business/private cannot execute payment gets error ""beneficiary name mismatch""",8/11/23,45.12h,,0.00h,,,,,,,,,,,,,,23810.08h,
,CALLS-144,[DB] Create new error codes,8/9/23,0.00h,0.00h,,,,,,0.00h,2.18h,2.65h,41.48h,,,,,,23858.57h,
,CALLS-143,Update crebit.op_param to map SEPA cross-border to ledger account (depends on OP_ID solution),12/13/23,500.98h,,2643.78h,,,,,,,,,,,,,,,20826.82h
,CALLS-142,Mass payment sending to offline validation label,8/10/23,0.00h,166.27h,,,,,,0.00h,22.37h,3.77h,0.03h,,,,,,23827.70h,
Production bug,CALLS-141,[Ibank] Defective mass payment can't be removed from list,8/2/23,0.00h,74.37h,,,,,,0.00h,16.82h,7.17h,18.27h,,,,,,24025.23h,
,CALLS-140,Implement offline processing for mass payments from list of payments,8/2/23,0.00h,0.02h,,,,,,0.15h,93.68h,46.85h,3.58h,,,,,,24019.42h,
,CALLS-139,Order fp_debit_batch SQL execution file update in Prod after REL238,9/13/23,0.12h,1101.73h,,,,,,0.00h,,0.00h,52.10h,,,,,,23013.62h,
,CALLS-138,While saving defined payments client gets the error message,8/1/23,142.65h,,,,,,,,,,,,,,,,,24050.02h
,CALLS-137,[DB] Insert record into crebit.opliik_kat (LT),7/31/23,50.63h,0.00h,,,,,,0.00h,1.58h,88.08h,3.13h,,,,,,24072.82h,
,CALLS-136,[DB] Remove old file import formats,9/13/23,6.08h,882.12h,,,,,,26.62h,117.37h,168.77h,0.10h,,,,,,23016.70h,
,CALLS-134,Refactor and modernize file import UI page,8/2/23,74.30h,0.00h,,,,,,65.85h,123.70h,19.77h,2.15h,,,,,,24023.07h,
,CALLS-133,STAR: International payment PDF differences LV,8/4/23,0.03h,362.05h,,,,,,,,,,,,,,,,23970.22h
,CALLS-132,DEMO: Payment Services setup on OpenShift,8/1/23,0.00h,0.00h,,,,,,25.10h,264.38h,0.00h,0.00h,,,,,,24044.62h,
Production bug,CALLS-131,Error during giro payment saving,8/1/23,285.22h,0.00h,,,,,,1.10h,0.00h,4.48h,0.45h,,,,,,24043.05h,
,CALLS-130,iBank: remove old payment import files in LT and EE,8/2/23,0.00h,23.47h,,,,,,97.73h,73.42h,141.47h,2.17h,,,,,,24023.05h,
,CALLS-128,[Ibank] ID types are not refreshed after Rulebook sysglobal change,7/13/23,0.00h,0.05h,,,,,,0.00h,0.82h,2.48h,0.00h,,,,,,24498.92h,
,CALLS-127,[DB] Create new LEI columns for defined international payments,7/17/23,20.40h,0.00h,,,,,,0.00h,3.00h,90.63h,6.70h,,,,,,24403.72h,
,CALLS-126,[DB] Create new version of view vm.vw_sepa_msg_copy_40,8/1/23,0.85h,0.00h,,,,,,4.50h,40.88h,409.38h,24.55h,,,,,,24044.32h,
,CALLS-125,"iBank: LEI code handling in international, defined international payment and international standing order forms",7/17/23,5.03h,18.45h,,,,,,0.05h,2.62h,92.88h,7.30h,,,,,,24403.12h,
,CALLS-124,[ibank] LT: can not create international payment with LEI code,7/12/23,47.38h,,,,,,,,,,,,,,,,0.00h,24524.43h
,CALLS-123,[DB] New imported file format,7/14/23,0.08h,0.00h,,,,,,0.00h,88.13h,10.38h,65.52h,,,,,,24482.07h,
,CALLS-121,[DB] Create view to replace query used in Ibank,8/11/23,0.00h,0.00h,,,,,,169.52h,25.22h,715.13h,2.22h,,,,,,23808.13h,
,CALLS-120,Mass payment labels translation EE,7/10/23,0.00h,0.00h,4.35h,,,,,0.00h,1.97h,43.35h,118.08h,,,,,,24576.77h,
,CALLS-119,[DB] Create sysglobal for toggling mass payment offline execution,7/3/23,0.22h,0.00h,,,,,,0.00h,0.25h,71.93h,0.00h,,,,,,24741.80h,
,CALLS-118,Implement offline processing for single mass payments,7/31/23,0.03h,0.00h,,,,,,430.00h,94.77h,123.10h,98.92h,,,,,,24067.47h,
,CALLS-117,STAR: make labels clickable in Foreign Payments,8/11/23,1010.93h,0.00h,,,,,,0.00h,20.13h,0.08h,3.38h,,,,,,23804.72h,
,CALLS-116,"[DB, STAR] Add error code configuration",7/31/23,0.00h,336.55h,431.22h,,,,,0.30h,4.87h,1.32h,0.02h,,,,,,24067.42h,
,CALLS-115,STAR: print transactions - domestic payment ID issues,7/20/23,0.22h,44.02h,,,,,,165.18h,221.10h,105.90h,13.90h,,,,,,24334.85h,
,CALLS-152,E-teller: agreement name is shown twice,8/23/23,1241.42h,0.00h,,,,,,3.20h,25.70h,67.43h,50.48h,,,,,,23518.72h,
Production bug,CALLS-129,Mass payment: incorrect page view,7/28/23,0.02h,572.18h,,,,,,27.78h,141.08h,27.17h,0.20h,,,,,,24141.33h,
,CALLS-114,International standing order payment opens in incorrect window on statement,7/31/23,0.00h,264.68h,481.17h,,,,,0.00h,2.85h,87.73h,4.83h,,,,,,24071.12h,
,CALLS-113,(Investigate) Offline payment processing refactoring,6/30/23,0.05h,0.00h,,,,,,137.95h,53.65h,0.00h,0.00h,,,,,,24812.57h,
Production bug,CALLS-122,iBank mass payment form - total amount update,8/2/23,0.02h,329.50h,,,,,,672.27h,0.00h,0.02h,0.00h,,,,,,24025.20h,
Production bug,CALLS-217,Forms teller: Incoming SEPA payments search does not find existing payments,9/29/23,0.05h,2329.78h,,,,,,1.15h,28.75h,17.52h,24.23h,,,,,,22634.52h,
,CALLS-102,Configure international payments restriction rules in database,8/28/23,0.70h,1632.28h,,,,,,0.00h,,0.00h,0.00h,,,,,,23403.32h,
Production bug,CALLS-315,[payment-services] Technical error: ORA-00001: unique constraint (CREBIT.IX$DP_REQUEST_ID$PK) violated,11/27/23,0.02h,1342.77h,2375.85h,,,,,0.20h,45.68h,0.40h,71.05h,,,,,,21216.55h,
Production bug,CALLS-243,[payment-services] EE Unmapped error: 'No rule in [OP_VALIK] table was found...,10/20/23,0.00h,2881.18h,,,,,,0.00h,17.25h,27.63h,0.00h,,,,,,22127.48h,
,CALLS-103,[iBank] Implement new tag for Error message in Ibank,8/9/23,0.22h,71.13h,644.52h,,,,,340.28h,71.73h,20.08h,47.83h,,,,,,23857.82h,
Production bug,CALLS-154,[DB] Missing LT SEB bank name in External e-invoices by bank monthly report sent via e-mail by core reports,9/18/23,887.12h,1199.93h,,,,,,0.03h,2.22h,0.00h,71.32h,,,,,,22896.55h,
Production bug,CALLS-582,DB: In LT in STAR E-invoice SCNew message to closed channel Lietuvos paštas,8/26/24,9575.65h,0.00h,215.53h,,,,,122.88h,168.40h,73.03h,211.93h,,,,,,14665.88h,
Production bug,CALLS-93,Mass payment signing on import page results in tech. errorr,8/4/23,1.78h,1073.73h,,,,,,0.02h,5.13h,18.27h,4.87h,,,,,,23973.82h,
,CALLS-92,Unhide TimePicker in Account Statement,7/3/23,47.48h,0.00h,,,,,,12.48h,20.23h,129.75h,195.53h,,,,,,24746.10h,
,CALLS-91,[DB] Rewrite query to use CREBIT.DP_ARH instead of transactions,6/16/23,18.20h,0.00h,,,,,,0.00h,7.12h,0.00h,0.00h,,,,,,25147.42h,
,CALLS-107,change EPE to debit SEPA payments after capturing in a single data store,12/19/23,667.92h,3698.07h,,,,,,1.72h,119.50h,2.98h,1.98h,,,,,,20682.07h,
,CALLS-106,change EPE to capture all SEPA payments from file into single data store,9/12/23,668.47h,555.90h,740.23h,,,,,0.03h,7.63h,161.17h,0.03h,,,,,,23041.32h,
,CALLS-105,Change stored procedures to capture SEPA payments into single data store,1/26/24,670.28h,3751.12h,690.48h,,,,,0.02h,175.07h,18.38h,51.88h,,,,,,19771.35h,
,CALLS-104,change bank components (e.g. for iBank) to capture all SEPA payments into single data store,9/12/23,670.75h,555.92h,740.22h,,,,,0.03h,7.63h,20.43h,140.80h,,,,,,23041.27h,
,CALLS-90,Fix aligment in payment history,6/16/23,0.10h,17.05h,,,,,,0.63h,3.48h,25.05h,0.28h,,,,,,25148.32h,
,CALLS-89,Small refactor on Giro details page,6/20/23,0.08h,44.35h,,,,,,0.15h,,96.55h,28.30h,,,,,,25052.82h,
,CALLS-88,Check columns length in Payments owned schemas (part 2),7/11/23,0.00h,144.90h,,,,,,482.43h,144.12h,0.00h,0.68h,,,,,,24550.73h,
,CALLS-86,In Ibank domestic standing order Apartment number doesn't fit,6/15/23,0.00h,0.57h,,,,,,123.82h,23.25h,25.77h,0.50h,,,,,,25172.45h,
,CALLS-83,Verify EE/LV Emergency solution works if MQ of Sweden systems “practically” not available,8/9/23,311.85h,930.02h,,,,,,289.45h,0.00h,0.00h,3.17h,,,,,,23853.57h,
,CALLS-82,[DB] Procedure changes for international defined payments,,1.57h,,,,,,,,,,,,,,,,25388.05h,
,CALLS-81,[DB] DEF_VMK_DEBT_CRED view generation,6/16/23,20.58h,0.00h,,,,,,0.00h,28.50h,161.32h,30.25h,,,,,,25149.00h,
Production bug,CALLS-80,Archived international standing order payments result in an error when opened from Statement,6/26/23,19.97h,25.20h,195.55h,,,,,0.00h,185.72h,29.08h,25.15h,,,,,,24910.47h,
,CALLS-87,[DB] Check CREBIT.DP for any old payments left,11/13/23,0.02h,46.28h,,,,,,3791.93h,5.42h,0.00h,0.00h,,,,,,21548.35h,
,CALLS-84,"[CORE DB, SEPA Exchange] Domestic outgoing SEPA/RT1 pacs.008 - new attributes (address, issuer, province of birth)",6/28/23,0.03h,16.48h,7.90h,,,,,123.50h,43.93h,149.18h,189.52h,,,,,,24863.28h,
,CALLS-79,In import of payments Reg.no. and Amount overlaps,6/28/23,24.50h,209.08h,0.93h,,,,,29.25h,28.62h,178.15h,75.60h,,,,,,24866.25h,
,CALLS-85,Ibank: Mandatory fields should be marked with * symbol in automated payment agreement,6/14/23,0.53h,1.25h,,,,,,168.02h,25.62h,23.30h,0.50h,,,,,,25199.38h,
,CALLS-101,iBank: create possibility to import new version of payment initiation file (pain.001.001.09),7/18/23,284.28h,239.58h,,,,,,273.23h,193.63h,31.02h,126.07h,,,,,,24361.57h,
,CALLS-78,iBank: fix misplaced dropdown element position in defined international payments,6/5/23,0.30h,0.00h,,,,,,0.00h,3.58h,117.55h,0.00h,,,,,,25415.47h,
Production bug,CALLS-77,Error on Pensions III pillar payment,5/31/23,0.00h,0.00h,,,,,,0.00h,21.30h,0.02h,0.00h,,,,,,25533.60h,
,CALLS-99,STAR: update payment message display in Explorer menu in LV,6/29/23,715.70h,,,,,,,,,,,,,,,,,24839.28h
,CALLS-76,sepaFields: Reduce the number of linting issues,7/13/23,522.33h,0.00h,,,,,,194.70h,26.73h,243.68h,93.60h,,,,,,24499.03h,
Production bug,CALLS-151,[iBank] Unable to turn on checkbox transaction.not_urgent,10/11/23,307.97h,1624.88h,,,,,,267.90h,761.93h,200.20h,89.57h,,,,,,22346.02h,
,CALLS-75,iBank tech errors on customer defined payment opening,5/30/23,0.02h,0.00h,,,,,,69.67h,,19.90h,1.12h,,,,,,25561.90h,
Production bug,CALLS-178,[STAR] Domestic payment amount issue,9/22/23,0.33h,2588.20h,21.38h,,,,,0.57h,47.58h,169.48h,0.13h,,,,,,22800.43h,
Production bug,CALLS-74,EPE cancels immediately imported payments with exceptions,5/29/23,0.00h,0.62h,,,,,,1.58h,,1.52h,98.75h,,,,,,25578.88h,
,CALLS-73,ISO sysglobal removal in applications,6/20/23,0.00h,0.00h,,,,,,0.00h,126.77h,474.15h,28.30h,,,,,,25052.82h,
Production bug,CALLS-112,pain.001 - Beneficiary account in correspondent account - logic correction,7/14/23,0.08h,308.95h,597.52h,,,,,96.32h,5.05h,167.18h,97.70h,,,,,,24474.88h,
Production bug,CALLS-391,SO agreement gets incorrect status if it is concluded via Open Banking,2/2/24,,5852.07h,,288.32h,2.92h,,,0.98h,1.90h,98.02h,0.00h,,,,,,19604.20h,
,CALLS-69,[DB] FP Debit Batch - Move account locking before counter locking,7/5/23,0.03h,17.10h,,,,,,509.20h,287.85h,288.35h,69.90h,,,,,,24694.40h,
,CALLS-70,Create new component for MDM API consumption,5/25/23,7.38h,12.08h,,,,,,146.37h,24.97h,0.00h,0.00h,,,,,,25678.60h,
,CALLS-71,Change PDF blank for payment form (Private/corporate),6/12/23,0.00h,0.77h,,,,0.72h,,171.42h,41.07h,359.25h,72.03h,0.00h,,,,,25246.68h,
,CALLS-66,Skip FP Debit Batch run if previous run did not end,7/27/23,5.55h,42.47h,,,,,,1443.87h,217.83h,1.17h,21.90h,,,,,,24164.80h,
,CALLS-100,iBank: update SEPA message copy,8/18/23,648.00h,378.32h,,,,,,211.73h,668.53h,229.22h,119.95h,,,,,,23641.97h,
,CALLS-64,Ibank UI-DatePicker update Account statement,5/16/23,0.00h,78.05h,,,,,,0.00h,0.00h,20.25h,0.73h,,,,,,25893.98h,
,CALLS-63,Ibank UI-DatePicker update Payment archive,6/12/23,21.90h,78.02h,,,,,,28.92h,22.53h,89.02h,21.05h,,,,,,25731.57h,
,CALLS-62,Ibank UI-DatePicker update Mass payment LT/ LV,5/16/23,0.00h,3.27h,,,,,,0.00h,2.87h,92.02h,0.15h,,,,,,25894.73h,
,CALLS-61,Ibank UI-DatePicker update for E-invoice,7/21/23,0.05h,143.58h,,,,,,1515.70h,,2.08h,17.78h,,,,,,24313.93h,
,CALLS-60,Ibank UI-DatePicker update Consolidated payment EE,5/16/23,0.10h,95.02h,,,,,,0.00h,0.00h,3.32h,0.00h,,,,,,25894.73h,
,CALLS-59,Ibank UI-DatePicker update International payments,5/19/23,0.00h,100.60h,,,,,,0.00h,43.35h,0.10h,22.42h,,,,,,25826.75h,
,CALLS-542,[ibank] [prod] Configure ibank to connect to payments services on openshift,10/18/24,1276.68h,5094.62h,,,,,,6116.80h,21.77h,23.97h,42.07h,,,,,,13394.38h,
,CALLS-111,"iBank - Mass payment - Show count and sum of defective payments, improve UI",8/8/23,1.10h,1219.70h,142.80h,,,,,408.32h,147.97h,89.00h,169.97h,,,,,,23881.12h,
,CALLS-48,we get instant payments from EVIULT2VXXX with the same ref as sepa payment from them in february,5/9/23,18.72h,0.00h,28.45h,,,,,0.00h,2.60h,0.47h,0.00h,,,,,,26058.57h,
,CALLS-98,iBank: update foreign payment PDF printout,7/14/23,911.52h,240.57h,,,,,,315.77h,43.98h,126.68h,46.27h,,,,,,24476.47h,
,CALLS-97,iBank: update domestic payment PDF printout,7/11/23,932.32h,240.55h,,,,,,171.23h,146.15h,115.05h,28.67h,,,,,,24548.08h,
,CALLS-96,STAR: update domestic payment PDF printout,7/4/23,932.72h,240.53h,,,,,,94.33h,73.47h,29.08h,96.97h,,,,,,24715.33h,
,CALLS-95,STAR: update foreign payment PDF printout,7/20/23,948.72h,219.53h,,,,,,537.12h,94.02h,2.63h,48.18h,,,,,,24332.27h,
,CALLS-46,LV STAR - International payment PDF - ID format,8/11/23,0.00h,0.80h,,,,,,2140.98h,188.92h,0.08h,3.58h,,,,,,23804.52h,
,CALLS-45,Ibank UI-DatePicker update,5/16/23,0.00h,0.93h,,,,,,120.48h,75.40h,72.22h,23.03h,,,,,,25894.95h,
,CALLS-44,old domestic payment cleanup,6/6/23,0.00h,21.13h,145.68h,,,,,23.95h,597.82h,0.02h,26.22h,,,,,,25389.45h,
,CALLS-43,iBank pain.001 - domestic ordinary/economy payment - ultimate debtor/creditor address used,5/4/23,0.70h,16.47h,,,,,,0.00h,7.17h,22.53h,0.00h,,,,,,26180.45h,
,CALLS-42,Instant Payment regression testing (SIA Connector update),5/20/23,0.17h,44.02h,,,,,,389.20h,,,,,0.00h,,,,25797.00h,
,CALLS-41,[DB] Amend users shortcuts,5/16/23,0.00h,0.32h,139.75h,,,,,0.00h,95.92h,25.03h,169.52h,,,,,,25893.92h,
,CALLS-40,Defined payments tab disappears in ibank,6/29/23,1000.40h,25.25h,167.43h,,,,,0.02h,315.73h,3.20h,22.88h,,,,,,24836.60h,
,CALLS-38,"Incorrect ""amount in words"" for incoming and outgoing payments in USD",5/5/23,19.93h,0.00h,4.52h,,,,,48.02h,50.07h,95.38h,21.70h,,,,,,26157.62h,
,CALLS-68,"Check during 12 last months made payments in offer ""Order e-invoices for your recent payments"" in IB PB",8/10/23,46.80h,140.15h,,,,,,1271.48h,719.85h,482.77h,27.05h,,,,,,23827.30h,
,CALLS-58,Identify BPAY tables that have Personal Identifiers in their data,6/6/24,9931.15h,,,,,,,,,,,,,,,,,16608.90h
,CALLS-39,Collect inventory of Baltic Payments owned DB tables,6/6/24,4152.70h,18.38h,,,,,,4343.98h,1345.32h,,,,,,,,,16608.92h
,CALLS-56,iBank: update list of organisation ID types in defined mass payment form,6/7/23,50.60h,497.85h,,,,,,648.83h,,0.00h,3.05h,,,,,,25365.57h,
,CALLS-57,iBank: update list of organisation ID types in mass payment form,6/5/23,144.93h,497.75h,,,,,,343.08h,92.92h,168.63h,1.45h,,,,,,25411.45h,
,CALLS-55,iBank: update list of organisation ID types in defined international payment form,6/16/23,120.78h,378.37h,145.72h,,,,,672.35h,4.15h,161.68h,30.62h,,,,,,25148.62h,
,CALLS-33,iBank - User can sign domestic payments with invalid countries,5/2/23,0.07h,160.52h,,,,,,144.77h,5.40h,20.57h,118.28h,,,,,,26233.05h,
,CALLS-54,iBank: update list of organisation ID types in domestic defined payment form,6/5/23,143.17h,523.95h,,,,,,196.60h,165.58h,240.55h,1.23h,,,,,,25413.62h,
,CALLS-29,can't pay manually einvoices in Ibank business in LV and LT,4/14/23,1.28h,0.00h,,,,,,0.00h,1.27h,17.72h,1.08h,,,,,,26664.12h,
,CALLS-11,[ISO Exchange] TEST automated file Receiving and processing camt.053 TIPS statment,4/19/23,0.07h,0.00h,,,,,,0.00h,,45.43h,118.62h,,,,,,26546.45h,
,CALLS-7,"Ibank Defined, Mass payment and Standing orders Iso cleanup",5/19/23,0.00h,0.00h,,,,,,193.37h,121.48h,0.38h,45.18h,,548.25h,,,,25826.25h,
,CALLS-6,"Ibank Smart form, List of payments and Info page Iso cleanup",4/26/23,0.02h,0.00h,,,,,,311.03h,5.22h,16.63h,27.53h,,,,,,26374.52h,
,CALLS-5,STAR forms Iso cleanup,4/26/23,0.00h,0.00h,,,,,,142.58h,50.05h,0.87h,166.98h,,,,,,26374.52h,
,CALLS-34,[STAR]- Print transactions/PDF - missing data from option BIC or BEI,4/18/23,0.00h,95.12h,,,,,,19.77h,24.52h,22.40h,101.12h,,,,,,26565.20h,
Production bug,CALLS-67,ibank: misleading link is showing in payment history view,6/14/23,934.23h,0.00h,,,,,,72.22h,0.78h,506.90h,122.30h,,,,,,25195.05h,
,CALLS-28,[DB] New DB attributes for SEPA Original message storing,4/21/23,,156.77h,,,,3.15h,,0.00h,119.82h,55.18h,19.03h,,,6.25h,,,26496.37h,
,CALLS-53,iBank: update list of organisation ID types in international standing order form,6/30/23,167.73h,522.13h,145.73h,,,22.75h,,652.77h,366.15h,130.10h,48.90h,,,,,,24819.52h,
,CALLS-52,iBank: update list of organisation ID types in domestic standing order form,6/7/23,167.68h,667.92h,0.00h,,,22.92h,,344.32h,118.52h,181.80h,7.70h,,,,,,25365.12h,
,CALLS-51,iBank: update list of organisation ID types in international payment form,6/14/23,140.57h,549.27h,145.73h,,,23.97h,,716.27h,1.32h,49.13h,49.23h,,,,,,25201.52h,
,CALLS-26,Ibank: mandatory fields labels should have same style,4/20/23,41.88h,0.00h,,,,,,68.05h,57.52h,158.65h,77.28h,,,,,,26522.33h,
,CALLS-50,iBank: update list of organisation ID types in domestic payment form,6/6/23,140.57h,694.88h,,,,166.78h,,29.23h,149.88h,126.70h,320.55h,,,,,,25391.23h,
,CALLS-323,[iBank] migrate manual e-invoice payment to SMART form,2/15/24,135.57h,5256.75h,1272.00h,,,195.43h,,0.30h,294.10h,18.68h,533.20h,,,,,,19289.40h,
,CALLS-32,Improve international defined payments for TEST users after ISO Go Live,8/10/23,0.00h,0.00h,,,,,,3336.35h,1.88h,0.00h,20.77h,,,,,,23834.17h,
,CALLS-31,SEPA regressions - change archive number usage to DP ID,5/10/23,0.00h,0.00h,,,,,,0.00h,,1173.82h,0.00h,,,,,,26040.43h,
,CALLS-110,iBank - List of payments - Show mass payment view (if status failed),7/20/23,85.03h,1125.82h,939.45h,,,369.62h,,292.82h,21.78h,2.68h,47.57h,,,,,,24332.72h,
,CALLS-109,iBank - Mass payment view - Correct defective - clear up insufficient funds errors,7/25/23,85.03h,1125.85h,939.43h,,,386.63h,,318.27h,70.27h,73.90h,20.53h,,,,,,24214.60h,
,CALLS-108,iBank - Mass payment edit - Edit sub-form layout improvements,8/28/23,85.05h,1125.88h,939.43h,,,388.45h,,1085.95h,121.38h,86.45h,2.18h,,,,,,23401.55h,
,CALLS-9,Investigation (domestic) - ISO cleanup,8/17/23,0.03h,41.75h,,,,,,3671.08h,,,,,,,,,,23665.88h
,CALLS-8,DB (domestic) - ISO cleanup,6/6/23,0.02h,42.13h,,,,,,1660.72h,97.35h,42.03h,141.62h,,,,,,25395.25h,
,CALLS-3,iBank Import of payments PDF - ISO cleanup,4/25/23,0.02h,66.23h,,,,,,630.22h,212.40h,69.73h,29.93h,,,,,,26394.70h,
,CALLS-2,iBank import (all formats) - ISO cleanup,4/26/23,0.12h,67.52h,,,,,,630.23h,212.42h,69.73h,45.98h,,,,,,26378.65h,
,CALLS-4,iBank/STAR - Domestic payment/consolidated payment/defined payment/standing order - ISO cleanup,4/26/23,0.17h,42.10h,25.88h,,,,,913.13h,4.78h,0.13h,44.47h,,,,,,26374.50h,
,CALLS-30,Test RH8 liberty servers,5/10/23,0.00h,0.00h,,,,,,0.00h,,0.00h,1459.38h,,,,,,26040.42h,
,CALLS-35,[NiceActimize] Domestic payment form (all first screens),5/16/23,,233.87h,,,,1.58h,,54.20h,193.07h,115.37h,169.58h,,,,677.92h,188.22h,25893.85h,
,CALLS-22,Stack trace formatting on openshift,3/6/23,0.00h,0.00h,,,,,,0.00h,1.30h,0.00h,0.00h,,,,,,27594.03h,
,CALLS-18,OpenShift metrics/observability to monitor payments services,4/26/23,167.47h,0.00h,144.52h,,,,,0.02h,1006.35h,0.00h,0.00h,,,,,,26377.90h,
,CALLS-14,Payment Monitoring deployment to PPTE,6/12/23,1318.77h,0.00h,198.90h,,,,,0.00h,284.65h,,,,,,,,,25894.10h
,CALLS-13,SSL certificates for Servicse users,6/12/23,1611.02h,,,,,,,,,,,,,,,,,26013.82h
,CALLS-23,Json log formatting on services,3/8/23,5.13h,0.00h,0.00h,,,,,0.00h,101.88h,19.88h,23.07h,,,,,,27569.47h,
,CALLS-49,[SEPA RB] RT1 Q2 TIPS Instructing Party - Flag creditor BIC in R-only to TIPS,6/16/23,493.88h,315.02h,0.00h,,,,23.63h,332.15h,,531.53h,20.62h,,,,994.07h,,25154.13h,
,CALLS-20,Test GRPC on OpenShift,3/15/23,29.32h,0.00h,,,,,,522.77h,480.63h,0.00h,0.00h,,,,,,27384.33h,
,CALLS-19,Investigate PodMan,3/1/23,0.02h,,982.40h,,,,,,,,,,,,,,27722.28h,0.00h
,CALLS-12,Pipeline creation for Openshift,5/18/23,2787.48h,0.00h,210.95h,,,,,198.95h,333.60h,0.00h,0.00h,,,,,,25845.17h,
,CALLS-21,Log delivery to LMI tool,4/3/23,988.92h,0.00h,,,,,,307.22h,867.03h,138.23h,144.98h,,,,,,26930.17h,
,CALLS-145,[Ibank] Create possibility to use PIN-Generator for test users,8/24/23,2.55h,0.00h,,,,,,5615.07h,335.97h,0.00h,0.00h,,,,,,23493.32h,
,CALLS-16,Password storing logic change,6/12/23,3544.65h,,,,,,,,,,,,,,,,,25993.08h
,CALLS-15,Payment services to OpenShift,5/18/23,0.02h,0.00h,,,,,,3675.75h,524.80h,0.00h,0.00h,,,,,,25845.13h,
,CALLS-24,Use TLS enabled MQ channel from AQ-MQ-Mediator,8/10/23,0.13h,1224.27h,3619.38h,,,,,2356.52h,2349.03h,4.75h,1.43h,,,,,,23827.23h,
Production bug,CALLS-37,Resident field not checked in LV domestic payments,5/8/23,2.42h,248.57h,145.52h,,,,,15944.35h,23.13h,188.78h,200.07h,,,,,,26089.37h,
Production bug,CALLS-27,Hide beneficiary id for payments between own accounts,4/26/23,0.00h,109.48h,0.45h,,,,,18058.32h,554.93h,24.33h,67.82h,,,,,,26372.40h,