Issue key,Issue id,Parent id,Created,Resolved,Status,Priority,Due Date,Updated,Sprint,Sprint,Sprint,Sprint,Sprint,Custom field (Story Points),Issue Type,Resolution
CALLS-879,2651674,,29.01.2025 08:54,27.01.2026 08:15,Done,Major,,09.02.2026 15:57,BPAY PI 2025:5.2-BPAY - Callis,,,,,8.0,Story,Done
CALLS-977,2726979,,28.03.2025 07:25,11.12.2025 18:58,Done,Major,,09.02.2026 15:50,BPAY PI 2025:5.2-BPAY - Callis,,,,,1.0,Engineering job,Done
CALLS-1066,2778484,2726979,06.05.2025 16:11,07.05.2025 08:48,Done,Major,,05.02.2026 09:49,BPAY PI 2025:5.2-BPAY - Callis,,,,,,Sub-task,Done
CALLS-1067,2778492,2726979,06.05.2025 16:25,08.05.2025 13:08,Done,Major,,05.02.2026 09:49,BPAY PI 2025:5.2-BPAY - Callis,,,,,,Sub-task,Done
CALLS-1068,2778493,2726979,06.05.2025 16:25,14.05.2025 11:39,Abandoned,Major,,05.02.2026 09:49,BPAY PI 2025:5.2-BPAY - Callis,,,,,,Sub-task,Won't Do
CALLS-1074,2781673,2726979,08.05.2025 13:09,01.10.2025 12:31,Done,Major,,05.02.2026 09:49,BPAY PI 2025:5.2-BPAY - Callis,,,,,,Sub-task,Done
CALLS-1075,2782020,2726979,08.05.2025 13:49,11.06.2025 12:53,Done,Major,,05.02.2026 09:49,BPAY PI 2025:5.2-BPAY - Callis,,,,,,Sub-task,Done
CALLS-1089,2787920,2726979,14.05.2025 11:45,11.12.2025 14:03,Done,Major,,05.02.2026 09:49,BPAY PI 2025:5.2-BPAY - Callis,,,,,,Sub-task,Done
CALLS-1241,2894950,2726979,25.08.2025 07:43,30.09.2025 09:33,Done,Major,,05.02.2026 09:49,BPAY PI 2025:5.2-BPAY - Callis,,,,,,Sub-task,Won't Do
CALLS-1011,2750239,,09.04.2025 08:53,09.12.2025 14:40,Done,Major,,09.02.2026 15:51,BPAY PI 2025:5.2-BPAY - Callis,,,,,3.0,Engineering job,Won't Do
CALLS-1101,2797448,,21.05.2025 14:22,16.01.2026 07:52,Done,Major,,09.02.2026 15:51,BPAY PI 2025:5.2-BPAY - Callis,,,,,3.0,Story,Done
CALLS-1102,2797488,,21.05.2025 14:55,11.12.2025 13:48,Done,Major,,09.02.2026 15:51,BPAY PI 2025:5.2-BPAY - Callis,,,,,5.0,Story,Done
CALLS-1216,2881461,,11.08.2025 11:32,03.11.2025 14:52,Done,Major,,09.02.2026 15:50,BPAY PI 2025:5.2-BPAY - Callis,,,,,8.0,Story,Done
CALLS-1223,2892668,,21.08.2025 13:45,21.11.2025 10:40,Done,Major,,09.02.2026 15:51,BPAY PI 2025:5.2-BPAY - Callis,,,,,1.0,Story,Done
CALLS-1315,2954975,,02.10.2025 09:49,26.11.2025 13:34,Done,Major,,09.02.2026 15:50,BPAY PI 2025:5.2-BPAY - Callis,,,,,1.0,Task,Done
CALLS-1360,2997019,,04.11.2025 16:14,25.11.2025 10:21,Done,Major,,05.02.2026 09:49,BPAY PI 2025:5.2-BPAY - Callis,,,,,2.0,Story,Done
CALLS-1361,2997020,,04.11.2025 16:14,25.11.2025 10:21,Done,Major,,05.02.2026 09:49,BPAY PI 2025:5.2-BPAY - Callis,,,,,2.0,Story,Done
CALLS-1368,3013538,,13.11.2025 09:02,30.12.2025 14:20,Done,Major,,09.02.2026 15:52,BPAY PI 2025:5.2-BPAY - Callis,,,,,5.0,Story,Done
CALLS-1083,2784490,,12.05.2025 10:49,20.10.2025 13:02,Done,Major,,09.02.2026 15:51,,,,,,5.0,Story,Done
CALLS-1084,2784912,,12.05.2025 12:46,20.10.2025 13:02,Done,Major,,09.02.2026 15:50,,,,,,3.0,Story,Done
CALLS-1085,2784914,,12.05.2025 12:50,28.10.2025 11:27,Done,Major,,09.02.2026 15:50,,,,,,1.0,Story,Done
CALLS-1233,2893219,,21.08.2025 16:26,21.11.2025 11:28,Done,Major,,09.02.2026 15:50,,,,,,3.0,Story,Done
CALLS-878,2651653,,29.01.2025 08:49,01.10.2025 15:02,Done,Major,,09.02.2026 15:57,,,,,,1.0,Story,Done
CALLS-925,2690628,,27.02.2025 16:17,13.10.2025 13:34,Done,Major,,09.02.2026 15:57,,,,,,1.0,Story,Done
CALLS-1014,2750810,,09.04.2025 09:56,13.10.2025 12:13,Done,Major,,09.02.2026 15:56,,,,,,5.0,Story,Done
CALLS-1026,2758684,,15.04.2025 09:41,14.01.2026 12:14,Done,Major,,09.02.2026 15:57,,,,,,2.0,Story,Done
CALLS-1103,2800486,,23.05.2025 10:13,14.10.2025 08:52,Done,Major,,09.02.2026 15:56,,,,,,5.0,Story,Done
CALLS-1164,2813278,,04.06.2025 07:26,13.11.2025 15:30,Done,Major,,05.02.2026 09:49,,,,,,1.0,Story,Done
CALLS-1165,2825976,,13.06.2025 09:26,13.11.2025 15:28,Done,Major,,05.02.2026 09:49,,,,,,5.0,Story,Done
CALLS-1196,2869711,,21.07.2025 16:08,23.10.2025 09:16,Done,Major,,09.02.2026 15:51,,,,,,3.0,Story,Done
CALLS-1222,2892662,,21.08.2025 13:35,28.11.2025 08:03,Done,Major,,09.02.2026 15:50,,,,,,2.0,Story,Done
CALLS-1267,2910611,,04.09.2025 09:48,23.09.2025 15:38,Done,Major,,09.02.2026 15:56,,,,,,,Task,Done
CALLS-990,2735407,,03.04.2025 10:54,17.06.2025 14:27,Abandoned,Major,,25.01.2026 19:53,,,,,,,Engineering job,Won't Do
CALLS-999,2728238,,28.03.2025 15:37,19.06.2025 15:45,Done,Major,,09.02.2026 15:51,,,,,,1.0,Story,Done
CALLS-1000,2729776,,31.03.2025 14:37,25.06.2025 12:47,Done,Major,,09.02.2026 15:50,,,,,,1.0,Story,Done
CALLS-1002,2732147,,01.04.2025 16:10,28.08.2025 10:04,Done,Major,,09.02.2026 15:52,,,,,,1.0,Story,Done
CALLS-1003,2739035,,04.04.2025 16:37,26.06.2025 16:23,Done,Major,,09.02.2026 15:50,,,,,,2.0,Story,Done
CALLS-1005,2750071,,09.04.2025 08:20,25.06.2025 14:19,Done,Major,,09.02.2026 15:50,,,,,,2.0,Story,Done
CALLS-1007,2750077,,09.04.2025 08:22,08.07.2025 10:48,Done,Major,,09.02.2026 15:51,,,,,,1.0,Story,Done
CALLS-1008,2750090,,09.04.2025 08:29,28.08.2025 10:04,Done,Major,,09.02.2026 15:50,,,,,,1.0,Story,Done
CALLS-1010,2750201,,09.04.2025 08:31,28.08.2025 10:04,Done,Major,,09.02.2026 15:49,,,,,,1.0,Story,Done
CALLS-1044,2771770,,29.04.2025 07:44,21.07.2025 13:58,Done,Major,,09.02.2026 15:51,,,,,,8.0,Engineering job,Done
CALLS-1182,2854330,2771770,03.07.2025 08:23,21.07.2025 13:56,Done,Major,,18.09.2025 10:31,,,,,,,Sub-task,Done
CALLS-1184,2859903,2771770,07.07.2025 15:37,11.07.2025 14:14,Done,Major,,18.09.2025 10:31,,,,,,3.0,Sub-task,Done
CALLS-1045,2771772,,29.04.2025 07:51,25.06.2025 10:33,Done,Major,,09.02.2026 15:52,,,,,,1.0,Engineering job,Done
CALLS-1107,2808173,2771772,29.05.2025 15:43,30.05.2025 09:33,Done,Major,,18.09.2025 10:31,,,,,,,Sub-task,Done
CALLS-1086,2787511,,14.05.2025 08:37,11.09.2025 09:09,Done,Major,,25.01.2026 19:53,,,,,,5.0,Engineering job,Done
CALLS-1096,2793711,,19.05.2025 14:52,09.07.2025 08:51,Done,Major,,25.02.2026 13:47,,,,,,3.0,Story,Done
CALLS-1106,2808149,,29.05.2025 14:05,30.06.2025 14:52,Done,Major,,25.01.2026 19:53,,,,,,1.0,Bug,Done
CALLS-1111,2813622,,04.06.2025 09:54,03.07.2025 10:02,Done,Major,,25.01.2026 19:53,,,,,,3.0,Engineering job,Done
CALLS-1117,2819363,,09.06.2025 14:25,10.07.2025 09:24,Done,Major,,25.01.2026 19:53,,,,,,3.0,Engineering job,Done
CALLS-1143,2762531,,17.04.2025 14:52,21.08.2025 13:45,Done,Major,,14.04.2026 15:01,,,,,,5.0,Story,Done
CALLS-1145,2762532,,17.04.2025 14:53,22.08.2025 13:34,Done,Major,,25.01.2026 19:53,,,,,,1.0,Story,Done
CALLS-1146,2762540,,17.04.2025 15:02,01.08.2025 09:31,Done,Major,,25.01.2026 19:53,,,,,,5.0,Story,Done
CALLS-1147,2774710,,02.05.2025 08:21,15.07.2025 13:35,Done,Major,,25.01.2026 19:53,,,,,,2.0,Story,Done
CALLS-1152,2782373,,09.05.2025 07:11,25.08.2025 09:42,Done,Major,,25.01.2026 19:53,,,,,,1.0,Story,Done
CALLS-1154,2821151,,10.06.2025 15:01,25.06.2025 14:22,Done,Major,,25.01.2026 19:53,,,,,,1.0,Story,Done
CALLS-1163,2837891,,18.06.2025 09:10,27.06.2025 09:15,Done,Major,,09.02.2026 15:51,,,,,,5.0,Story,Done
CALLS-1110,2811656,,03.06.2025 08:35,11.07.2025 06:13,Done,Major,,29.12.2025 15:27,,,,,,2.0,Engineering job,Done
CALLS-1122,2767855,,24.04.2025 11:52,26.08.2025 16:17,Done,Major,,18.09.2025 10:30,,,,,,8.0,Story,Done
CALLS-1129,2779381,,07.05.2025 12:03,01.08.2025 13:28,Done,Major,,18.09.2025 10:30,,,,,,8.0,Story,Done
CALLS-1130,2765518,,23.04.2025 09:51,09.07.2025 15:57,Done,Major,,18.09.2025 10:30,,,,,,5.0,Story,Done
CALLS-1178,2850079,2765518,30.06.2025 07:40,04.07.2025 08:55,Done,Major,,18.09.2025 10:29,,,,,,,Sub-task,Done
CALLS-1131,2765930,,23.04.2025 12:07,23.07.2025 16:02,Done,Major,,18.09.2025 10:30,,,,,,8.0,Story,Done
CALLS-1141,2762518,,17.04.2025 14:27,21.08.2025 12:15,Done,Major,,18.09.2025 10:30,,,,,,8.0,Story,Done
CALLS-1192,2865796,2762518,15.07.2025 10:38,16.07.2025 08:22,Done,Major,,18.09.2025 10:29,,,,,,,Sub-task,Done
CALLS-1142,2762530,,17.04.2025 14:50,21.08.2025 13:03,Done,Major,,18.09.2025 10:30,,,,,,3.0,Story,Done
CALLS-1148,2774711,,02.05.2025 08:22,17.07.2025 11:27,Done,Major,,18.09.2025 10:30,,,,,,2.0,Story,Done
CALLS-1161,2834982,,17.06.2025 12:30,18.07.2025 14:30,Done,Major,,18.09.2025 10:30,,,,,,3.0,Story,Done
CALLS-877,2651651,,29.01.2025 08:48,10.03.2025 14:16,Abandoned,Major,,18.09.2025 10:29,,,,,,0.0,Story,Won't Do
CALLS-880,2598604,,12.12.2024 19:07,02.04.2025 16:29,Done,Major,,18.09.2025 10:29,,,,,,5.0,Story,Done
CALLS-881,2598605,,12.12.2024 19:15,16.04.2025 15:42,Done,Major,,18.09.2025 10:29,,,,,,3.0,Story,Done
CALLS-886,2575780,,22.11.2024 08:44,25.04.2025 09:42,Done,Minor,,18.09.2025 10:29,,,,,,8.0,Story,Done
CALLS-887,2653040,,29.01.2025 10:53,29.04.2025 09:02,Done,Major,,09.02.2026 15:52,,,,,,2.0,Story,Done
CALLS-888,2653055,,29.01.2025 10:54,07.05.2025 13:32,Done,Major,,09.02.2026 15:50,,,,,,3.0,Story,Done
CALLS-908,2678510,,18.02.2025 09:18,07.05.2025 10:45,Done,Major,,09.02.2026 15:51,,,,,,5.0,Engineering job,Done
CALLS-909,2678513,,18.02.2025 09:24,10.04.2025 15:40,Done,Major,,09.02.2026 15:50,,,,,,3.0,Engineering job,Done
CALLS-910,2678521,,18.02.2025 09:35,13.08.2025 14:32,Done,Major,,09.02.2026 15:50,,,,,,8.0,Engineering job,Done
CALLS-915,2513671,,11.10.2024 08:27,16.05.2025 08:23,Done,Major,,29.12.2025 15:27,,,,,,13.0,Story,Done
CALLS-982,2734517,2513671,02.04.2025 16:11,22.04.2025 08:24,Done,Major,,18.09.2025 10:29,,,,,,,Sub-task,Done
CALLS-983,2734520,2513671,02.04.2025 16:16,18.04.2025 12:51,Done,Major,,18.09.2025 10:29,,,,,,,Sub-task,Done
CALLS-984,2734521,2513671,02.04.2025 16:20,07.04.2025 10:14,Abandoned,Major,,18.09.2025 10:29,,,,,,,Sub-task,Won't Do
CALLS-985,2734523,2513671,02.04.2025 16:21,07.04.2025 09:41,Abandoned,Major,,18.09.2025 10:29,,,,,,,Sub-task,Won't Do
CALLS-986,2734526,2513671,02.04.2025 16:24,22.04.2025 08:26,Done,Major,,18.09.2025 10:29,,,,,,,Sub-task,Done
CALLS-987,2734529,2513671,02.04.2025 16:26,29.04.2025 10:02,Done,Major,,18.09.2025 10:29,,,,,,,Sub-task,Done
CALLS-988,2734531,2513671,02.04.2025 16:27,15.04.2025 12:51,Done,Major,,18.09.2025 10:29,,,,,,,Sub-task,Done
CALLS-989,2734821,2513671,03.04.2025 09:06,02.05.2025 10:43,Done,Major,,18.09.2025 10:29,,,,,,,Sub-task,Done
CALLS-1030,2759271,2513671,15.04.2025 12:46,15.04.2025 12:52,Done,Major,,18.09.2025 10:29,,,,,,,Sub-task,Done
CALLS-1031,2759862,2513671,15.04.2025 16:09,02.05.2025 08:32,Done,Major,,18.09.2025 10:29,,,,,,,Sub-task,Done
CALLS-1042,2768852,2513671,25.04.2025 08:21,14.05.2025 08:22,Abandoned,Major,,18.09.2025 10:29,,,,,,,Sub-task,Won't Do
CALLS-918,2685254,,24.02.2025 16:35,08.04.2025 15:41,Done,Major,,09.02.2026 15:50,,,,,,1.0,Engineering job,Done
CALLS-947,2702506,,10.03.2025 15:01,26.08.2025 11:32,Abandoned,Major,,18.09.2025 10:29,,,,,,,Task,Won't Do
CALLS-980,2730556,,01.04.2025 09:16,29.04.2025 10:25,Done,Major,,09.02.2026 15:50,,,,,,2.0,Engineering job,Done
CALLS-981,2733304,,02.04.2025 10:27,12.06.2025 10:16,Done,Major,,22.04.2026 10:59,,,,,,,Task,Won't Do
CALLS-994,2741496,,07.04.2025 12:51,14.04.2025 16:13,Done,Major,,09.02.2026 15:51,,,,,,3.0,Story,Done
CALLS-1021,2754571,2741496,10.04.2025 14:38,14.04.2025 13:11,Done,Major,,18.09.2025 10:29,,,,,,,Sub-task,Done
CALLS-1022,2754577,2741496,10.04.2025 14:42,14.04.2025 16:13,Done,Major,,18.09.2025 10:29,,,,,,,Sub-task,Done
CALLS-996,2722361,,25.03.2025 15:59,06.06.2025 10:29,Done,Major,,18.09.2025 10:29,,,,,,1.0,Story,Done
CALLS-1013,2750276,,09.04.2025 09:05,30.12.2025 13:29,Done,Major,,09.02.2026 15:50,,,,,,3.0,Story,Done
CALLS-1015,2723727,,26.03.2025 12:18,14.05.2025 14:44,Done,Major,,18.09.2025 10:29,,,,,,2.0,Engineering job,Done
CALLS-1016,2723731,,26.03.2025 12:24,03.06.2025 14:32,Abandoned,Major,,18.09.2025 10:29,,,,,,3.0,Engineering job,Won't Do
CALLS-1017,2723733,,26.03.2025 12:27,03.06.2025 14:32,Abandoned,Major,,18.09.2025 10:29,,,,,,0.0,Engineering job,Won't Do
CALLS-1018,2723735,,26.03.2025 12:30,03.06.2025 14:32,Abandoned,Major,,18.09.2025 10:29,,,,,,,Engineering job,Won't Do
CALLS-997,2704784,,12.03.2025 12:09,09.06.2025 09:14,Done,Major,,09.02.2026 15:51,,,,,,8.0,Story,Done
CALLS-998,2722287,,25.03.2025 15:46,07.05.2025 08:26,Done,Major,,09.02.2026 15:50,,,,,,5.0,Story,Done
CALLS-1004,2697247,,06.03.2025 10:10,07.05.2025 08:21,Done,Major,,09.02.2026 15:50,,,,,,3.0,Story,Done
CALLS-1006,2750075,,09.04.2025 08:21,07.05.2025 12:35,Done,Major,,09.02.2026 15:52,,,,,,5.0,Story,Done
CALLS-1009,2750094,,09.04.2025 08:30,21.08.2025 13:14,Abandoned,Major,,21.08.2025 13:15,,,,,,0.0,Story,Won't Do
CALLS-769,2498938,,30.09.2024 08:42,06.03.2025 16:46,Done,Major,,06.01.2026 15:22,,,,,,5.0,Story,Done
CALLS-803,2578939,,26.11.2024 10:01,11.02.2025 09:39,Done,Major,,19.06.2025 14:43,,,,,,1.0,Engineering job,Done
CALLS-838,2612860,,06.01.2025 12:38,27.02.2025 16:18,Done,Major,,09.02.2026 15:51,,,,,,13.0,Engineering job,Done
CALLS-859,2633244,,21.01.2025 13:53,10.02.2025 11:46,Done,Major,,19.06.2025 14:42,,,,,,5.0,Story,Done
CALLS-870,2644128,,27.01.2025 15:59,30.01.2025 14:24,Abandoned,Major,,19.06.2025 14:43,,,,,,3.0,Bug,Won't Do
CALLS-872,2649257,,28.01.2025 14:09,28.02.2025 08:10,Done,Major,,09.02.2026 15:50,,,,,,3.0,Engineering job,Done
CALLS-873,2649423,,28.01.2025 14:14,12.03.2025 15:13,Done,Major,,09.02.2026 15:51,,,,,,3.0,Engineering job,Done
CALLS-874,2649494,,28.01.2025 14:21,12.03.2025 15:15,Done,Major,,09.02.2026 15:50,,,,,,21.0,Engineering job,Done
CALLS-883,2600368,,16.12.2024 10:52,14.02.2025 09:35,Done,Minor,,19.06.2025 14:43,,,,,,13.0,Story,Done
CALLS-688,2422179,,24.07.2024 15:43,03.03.2025 10:25,Done,Major,,19.06.2025 14:09,,,,,,8.0,Story,Done
CALLS-756,2367327,,29.05.2024 15:52,17.02.2025 00:49,Done,Major,,19.06.2025 14:09,,,,,,2.0,Engineering job,Done
CALLS-770,2363648,,27.05.2024 13:42,30.01.2025 14:05,Done,Major,,19.06.2025 14:09,,,,,,1.0,Engineering job,Done
CALLS-789,2417997,,17.07.2024 07:07,13.02.2025 10:24,Done,Major,,19.06.2025 14:09,,,,,,5.0,Story,Done
CALLS-845,2616739,2417997,09.01.2025 11:15,09.01.2025 15:10,Done,Major,,19.06.2025 14:09,,,,,,,Sub-task,Done
CALLS-823,2596716,,11.12.2024 14:41,30.01.2025 14:02,Done,Major,,19.06.2025 14:09,,,,,,1.0,Story,Done
CALLS-833,2611750,,02.01.2025 14:37,13.02.2025 13:39,Done,Major,,19.06.2025 14:09,,,,,,3.0,Story,Done
CALLS-847,2623868,,15.01.2025 10:27,28.01.2025 11:36,Done,Major,,19.06.2025 14:09,,,,,,5.0,Story,Done
CALLS-856,2630734,,20.01.2025 15:02,06.02.2025 11:07,Done,Major,,19.06.2025 14:09,,,,,,3.0,Story,Done
CALLS-868,2638846,2630734,24.01.2025 10:04,06.02.2025 11:14,Done,Major,,19.06.2025 14:09,,,,,,,Sub-task,Done
CALLS-860,2635070,,22.01.2025 12:25,06.02.2025 14:41,Done,Major,,19.06.2025 14:09,,,,,,3.0,Engineering job,Done
CALLS-865,2636708,2635070,23.01.2025 10:23,28.01.2025 11:37,Done,Major,,19.06.2025 14:09,,,,,,,Sub-task,Done
CALLS-105,1981540,,15.06.2023 09:55,26.01.2024 14:13,Done,Major,,16.06.2025 13:56,,,,,,8.0,Story,Done
CALLS-143,2020401,1981540,04.08.2023 14:58,13.12.2023 14:45,Abandoned,Major,,22.04.2025 15:28,,,,,,,Sub-task,Won't Do
CALLS-160,2035136,1981540,23.08.2023 12:55,24.08.2023 09:21,Abandoned,Major,,22.04.2025 15:29,,,,,,,Sub-task,Won't Do
CALLS-167,2043027,1981540,30.08.2023 16:06,26.01.2024 14:18,Done,Major,,22.04.2025 15:29,,,,,,,Sub-task,Done
CALLS-107,1982153,,15.06.2023 12:18,19.12.2023 15:31,Done,Major,,16.06.2025 13:57,,,,,,8.0,Story,Done
CALLS-352,2174839,1982153,14.12.2023 10:47,18.12.2023 11:09,Abandoned,Major,,22.04.2025 15:29,,,,,,,Sub-task,Won't Do
CALLS-151,1962410,,26.05.2023 20:05,11.10.2023 08:33,Done,Major,,16.06.2025 13:59,,,,,,3.0,Production bug,Done
CALLS-165,2040853,,29.08.2023 11:03,19.12.2023 14:29,Done,Major,,16.06.2025 13:59,,,,,,3.0,Story,Done
CALLS-337,2161278,2040853,30.11.2023 14:28,19.12.2023 16:24,Done,Major,,22.04.2025 15:29,,,,,,,Sub-task,Done
CALLS-177,2056875,,12.09.2023 09:29,29.12.2023 11:16,Done,Major,,16.06.2025 13:59,,,,,,1.0,Story,Done
CALLS-193,2076919,,21.09.2023 20:28,18.03.2024 08:41,Done,Major,,16.06.2025 13:59,,,,,,8.0,Engineering job,Done
CALLS-198,2076922,,21.09.2023 20:46,11.01.2024 08:20,Done,Major,,16.06.2025 13:59,,,,,,1.0,Engineering job,Done
CALLS-199,2076923,,21.09.2023 20:48,07.12.2023 09:15,Done,Major,,16.06.2025 13:59,,,,,,3.0,Engineering job,Done
CALLS-317,2154849,,28.11.2023 12:13,13.12.2023 12:08,Done,Major,,16.06.2025 13:57,,,,,,5.0,Story,Done
CALLS-322,2043416,,31.08.2023 09:52,19.12.2023 09:08,Done,Major,,16.06.2025 13:57,,,,,,8.0,Story,Done
CALLS-332,2159794,2043416,30.11.2023 08:08,14.12.2023 15:27,Done,Minor,,22.04.2025 15:29,,,,,,,Sub-task,Done
CALLS-333,2159796,2043416,30.11.2023 08:10,11.12.2023 08:35,Done,Major,,22.04.2025 15:29,,,,,,,Sub-task,Done
CALLS-338,2161282,2043416,30.11.2023 14:40,19.12.2023 09:08,Done,Major,,22.04.2025 15:29,,,,,,,Sub-task,Done
CALLS-324,2054156,,08.09.2023 12:48,19.01.2024 10:12,Done,Major,,16.06.2025 13:57,,,,,,5.0,Story,Done
CALLS-498,2351325,2054156,16.05.2024 12:50,03.06.2024 13:40,Done,Major,,22.04.2025 15:29,,,,,,,Sub-task,Done
CALLS-325,2054162,,08.09.2023 12:55,19.01.2024 16:09,Done,Major,,16.06.2025 13:57,,,,,,5.0,Story,Done
CALLS-326,2120111,,31.10.2023 14:09,29.01.2024 09:48,Done,Major,,16.06.2025 13:57,,,,,,3.0,Story,Done
CALLS-327,2120112,,31.10.2023 14:12,22.01.2024 08:17,Done,Major,,16.06.2025 13:57,,,,,,1.0,Story,Done
CALLS-329,2120158,,31.10.2023 14:51,04.01.2024 08:13,Done,Major,,16.06.2025 13:57,,,,,,1.0,Story,Done
CALLS-330,2120162,,31.10.2023 14:52,04.01.2024 08:14,Done,Major,,16.06.2025 13:57,,,,,,1.0,Story,Done
CALLS-331,2157332,,29.11.2023 08:16,14.12.2023 12:51,Done,Major,,16.06.2025 13:57,,,,,,3.0,Story,Done
CALLS-343,2163834,,04.12.2023 13:17,15.02.2024 16:12,Done,Major,,17.06.2025 11:23,,,,,,2.0,Story,Done
CALLS-371,2140380,,17.11.2023 16:45,28.02.2024 15:48,Done,Major,,16.06.2025 13:59,,,,,,3.0,Engineering job,Done
CALLS-397,2171773,,12.12.2023 12:51,20.02.2024 12:17,Done,Major,,16.06.2025 13:59,,,,,,5.0,Story,Done
CALLS-398,2191145,,09.01.2024 15:44,07.03.2024 15:06,Done,Major,,16.06.2025 13:59,,,,,,5.0,Story,Done
CALLS-400,2180491,,20.12.2023 15:42,20.03.2024 13:18,Done,Major,,16.06.2025 13:58,,,,,,5.0,Story,Done
CALLS-401,2182683,,22.12.2023 15:20,19.02.2024 13:28,Done,Major,,16.06.2025 13:58,,,,,,3.0,Story,Done
CALLS-402,2182684,,22.12.2023 15:21,23.02.2024 14:57,Done,Major,,16.06.2025 13:58,,,,,,3.0,Story,Done
CALLS-403,2172398,,13.12.2023 09:13,15.02.2024 12:29,Abandoned,Major,,16.06.2025 13:58,,,,,,2.0,Story,Won't Do
CALLS-404,2182662,,22.12.2023 14:45,02.04.2024 15:13,Done,Major,,16.06.2025 13:58,,,,,,2.0,Story,Done
CALLS-405,2182682,,22.12.2023 15:19,06.03.2024 12:42,Done,Major,,16.06.2025 13:58,,,,,,3.0,Story,Won't Do
CALLS-406,2172366,,13.12.2023 08:09,26.02.2024 13:14,Done,Major,,16.06.2025 13:58,,,,,,8.0,Story,Done
CALLS-407,2180438,,20.12.2023 14:34,22.02.2024 14:13,Done,Major,,16.06.2025 13:58,,,,,,8.0,Story,Done
CALLS-409,2182686,,22.12.2023 15:25,19.03.2024 11:02,Done,Major,,16.06.2025 13:58,,,,,,3.0,Story,Done
CALLS-410,2180498,,20.12.2023 15:49,06.03.2024 11:40,Done,Major,,16.06.2025 13:59,,,,,,5.0,Story,Done
CALLS-411,2195267,,12.01.2024 12:47,26.04.2024 09:10,Done,Major,,16.06.2025 13:59,,,,,,5.0,Story,Done
CALLS-412,2180494,,20.12.2023 15:45,20.03.2024 15:22,Done,Major,,16.06.2025 13:59,,,,,,5.0,Story,Done
CALLS-413,2220931,,01.02.2024 08:49,09.04.2024 14:22,Done,Major,,26.06.2025 11:30,,,,,,13.0,Engineering job,Done
CALLS-427,2255115,2220931,26.02.2024 09:24,29.02.2024 15:59,Done,Major,,22.04.2025 15:29,,,,,,,Sub-task,Done
CALLS-428,2255124,2220931,26.02.2024 09:29,26.03.2024 13:59,Done,Major,,22.04.2025 15:29,,,,,,,Sub-task,Done
CALLS-431,2260819,2220931,29.02.2024 11:15,08.04.2024 08:07,Done,Major,,22.04.2025 15:29,,,,,,,Sub-task,Done
CALLS-452,2252274,,22.02.2024 08:28,29.04.2024 11:25,Done,Major,,16.06.2025 13:57,,,,,,5.0,Story,Done
CALLS-453,2252787,,22.02.2024 12:27,29.04.2024 11:25,Done,Major,,16.06.2025 13:57,,,,,,5.0,Story,Done
CALLS-454,2125920,,06.11.2023 17:12,16.05.2024 10:57,Done,Major,,16.06.2025 13:57,,,,,,3.0,Engineering job,Done
CALLS-455,2126566,,07.11.2023 10:27,16.05.2024 11:08,Done,Major,,16.06.2025 13:57,,,,,,2.0,Engineering job,Done
CALLS-456,2201090,,18.01.2024 10:30,16.05.2024 12:14,Abandoned,Major,,16.06.2025 13:57,,,,,,5.0,Engineering job,Won't Do
CALLS-457,2201419,,18.01.2024 10:40,16.05.2024 12:21,Abandoned,Major,,16.06.2025 13:57,,,,,,3.0,Engineering job,Won't Do
CALLS-458,2185678,,03.01.2024 11:42,14.05.2024 11:40,Done,Major,,16.06.2025 13:57,,,,,,5.0,Engineering job,Done
CALLS-489,2343559,2185678,08.05.2024 14:02,14.05.2024 11:41,Done,Major,,22.04.2025 15:29,,,,,,,Sub-task,Done
CALLS-459,2185680,,03.01.2024 11:49,14.05.2024 11:41,Done,Major,,16.06.2025 13:56,,,,,,5.0,Engineering job,Done
CALLS-460,2260304,,29.02.2024 09:19,13.06.2024 12:58,Done,Major,,16.06.2025 13:56,,,,,,8.0,Engineering job,Won't Do
CALLS-461,2262652,,01.03.2024 13:27,09.05.2024 14:06,Done,Major,,16.06.2025 13:56,,,,,,1.0,Story,Done
CALLS-462,2269661,,08.03.2024 13:22,02.05.2024 13:35,Done,Major,,16.06.2025 13:56,,,,,,1.0,Story,Done
CALLS-463,2269663,,08.03.2024 13:28,17.05.2024 12:49,Done,Major,,16.06.2025 13:57,,,,,,3.0,Story,Done
CALLS-465,2314346,,16.04.2024 13:50,28.06.2024 13:31,Done,Major,,16.06.2025 13:56,,,,,,13.0,Story,Done
CALLS-468,2294821,,02.04.2024 14:20,22.04.2024 14:25,Done,Major,,16.06.2025 13:56,,,,,,3.0,Story,Done
CALLS-469,2312810,,15.04.2024 14:48,29.04.2024 13:42,Done,Major,,16.06.2025 13:56,,,,,,5.0,Story,Done
CALLS-470,2292810,,28.03.2024 16:09,29.04.2024 08:11,Abandoned,Minor,,16.06.2025 13:57,,,,,,,Bug,Won't Do
CALLS-471,2294506,,02.04.2024 11:29,26.04.2024 13:01,Done,Major,,16.06.2025 13:57,,,,,,5.0,Engineering job,Done
CALLS-472,2298618,,05.04.2024 09:50,10.05.2024 12:50,Done,Major,,22.04.2025 15:29,BPAY PI 2024:1.2-BPAY - e-PAY,BPAY PI 2024:1.3-BPAY - e-PAY,BPAY PI 2024:1.4-BPAY - e-PAY,,,3.0,Bug,Done
CALLS-474,2268870,,07.03.2024 15:48,14.06.2024 12:15,Done,Major,,16.06.2025 13:57,,,,,,3.0,Story,Done
CALLS-475,2253377,,22.02.2024 15:24,22.05.2024 13:49,Done,Major,,16.06.2025 13:57,,,,,,5.0,Story,Done
CALLS-476,2315311,,17.04.2024 08:26,23.05.2024 15:33,Done,Major,,16.06.2025 13:57,,,,,,8.0,Story,Done
CALLS-477,2315312,,17.04.2024 08:26,04.07.2024 15:28,Done,Major,,16.06.2025 13:57,,,,,,5.0,Story,Done
CALLS-478,2242432,,14.02.2024 12:08,14.06.2024 12:50,Done,Major,,16.06.2025 13:57,,,,,,5.0,Story,Done
CALLS-482,2299245,,05.04.2024 14:12,07.05.2024 13:24,Done,Major,,16.06.2025 13:59,,,,,,3.0,Story,Done
CALLS-483,2312082,,15.04.2024 12:28,09.05.2024 14:58,Done,Major,,16.06.2025 13:59,,,,,,5.0,Engineering job,Done
CALLS-514,2367696,,30.05.2024 09:59,10.07.2024 13:10,Done,Major,,16.06.2025 13:58,,,,,,3.0,Story,Done
CALLS-515,2255445,,26.02.2024 12:00,21.06.2024 08:23,Done,Major,,16.06.2025 13:58,,,,,,3.0,Story,Done
CALLS-516,2255453,,26.02.2024 12:07,01.10.2024 08:51,Done,Major,,16.06.2025 13:58,,,,,,3.0,Story,Done
CALLS-517,2270481,,11.03.2024 09:32,03.10.2024 16:39,Done,Major,,16.06.2025 13:58,,,,,,3.0,Story,Done
CALLS-518,2271674,,11.03.2024 15:49,21.06.2024 08:52,Done,Major,,16.06.2025 13:58,,,,,,3.0,Story,Done
CALLS-519,2312531,,15.04.2024 13:45,01.10.2024 09:04,Done,Major,,16.06.2025 13:58,,,,,,1.0,Story,Done
CALLS-520,2312548,,15.04.2024 14:13,30.09.2024 08:08,Done,Major,,16.06.2025 13:58,,,,,,3.0,Story,Done
CALLS-521,2342094,,07.05.2024 16:03,02.10.2024 15:38,Done,Major,,16.06.2025 13:58,,,,,,3.0,Engineering job,Done
CALLS-522,2363619,,27.05.2024 12:57,22.08.2024 08:32,Done,Major,,16.06.2025 13:58,,,,,,5.0,Engineering job,Done
CALLS-523,2378593,,10.06.2024 15:44,20.08.2024 12:34,Done,Major,,16.06.2025 13:58,,,,,,5.0,Story,Done
CALLS-524,2167555,,07.12.2023 09:28,07.08.2024 12:22,Done,Major,,16.06.2025 13:58,,,,,,2.0,Story,Done
CALLS-525,2344850,,10.05.2024 09:44,15.07.2024 13:23,Done,Major,,16.06.2025 13:58,,,,,,1.0,Story,Done
CALLS-526,2371713,,03.06.2024 16:43,15.07.2024 13:15,Done,Major,,16.06.2025 13:58,,,,,,2.0,Story,Done
CALLS-527,2376952,,07.06.2024 14:21,08.08.2024 12:56,Done,Major,,16.06.2025 13:58,,,,,,8.0,Engineering job,Done
CALLS-528,2379899,,11.06.2024 13:14,09.08.2024 08:21,Done,Major,,16.06.2025 13:58,,,,,,3.0,Story,Done
CALLS-529,2336381,,02.05.2024 07:32,03.07.2024 15:44,Done,Major,,16.06.2025 13:58,,,,,,3.0,Story,Done
CALLS-531,2336605,,02.05.2024 08:37,23.07.2024 11:20,Done,Major,,16.06.2025 13:59,,,,,,3.0,Story,Done
CALLS-532,2371408,,03.06.2024 14:15,26.06.2024 09:48,Done,Major,,16.06.2025 13:59,,,,,,5.0,Story,Done
CALLS-535,2362824,,27.05.2024 08:27,21.06.2024 06:13,Done,Major,,16.06.2025 13:59,,,,,,1.0,Engineering job,Done
CALLS-536,2362836,,27.05.2024 08:38,14.11.2024 11:29,Done,Major,,16.06.2025 13:57,,,,,,1.0,Engineering job,Done
CALLS-537,2362839,,27.05.2024 08:40,05.12.2024 08:55,Done,Major,,16.06.2025 13:57,,,,,,3.0,Engineering job,Done
CALLS-538,2362835,,27.05.2024 08:37,04.11.2024 12:40,Done,Major,,16.06.2025 13:57,,,,,,8.0,Engineering job,Done
CALLS-539,2335983,,30.04.2024 12:04,07.08.2024 09:36,Done,Major,,16.06.2025 13:57,,,,,,2.0,Story,Done
CALLS-540,2335985,,30.04.2024 12:07,20.08.2024 07:08,Done,Major,,16.06.2025 13:58,,,,,,1.0,Story,Done
CALLS-541,2076920,,21.09.2023 20:31,21.06.2024 08:58,Done,Major,,16.06.2025 13:58,,,,,,2.0,Story,Done
CALLS-542,1945836,,11.05.2023 08:16,18.10.2024 08:11,Done,Major,,16.06.2025 13:58,,,,,,1.0,Engineering job,Done
CALLS-543,2395038,,21.06.2024 13:17,21.11.2024 15:11,Done,Major,,16.06.2025 13:57,,,,,,3.0,Engineering job,Done
CALLS-544,2395040,,21.06.2024 13:17,16.01.2025 08:44,Done,Major,,16.06.2025 13:57,,,,,,2.0,Engineering job,Done
CALLS-554,2408611,,04.07.2024 09:08,01.10.2024 13:26,Done,Major,,16.06.2025 13:58,,,,,,2.0,Engineering job,Done
CALLS-557,2410646,,05.07.2024 14:45,01.10.2024 16:53,Done,Major,,16.06.2025 13:58,,,,,,2.0,Story,Done
CALLS-597,2303292,,09.04.2024 12:40,27.08.2024 08:59,Done,Major,,16.06.2025 13:57,,,,,,1.0,Engineering job,Done
CALLS-599,2442413,,22.08.2024 10:00,20.09.2024 08:13,Done,Major,,16.06.2025 13:57,,,,,,1.0,Engineering job,Done
CALLS-619,2077676,,22.09.2023 14:22,12.11.2024 09:51,Done,Major,,16.06.2025 13:56,,,,,,1.0,Story,Done
CALLS-620,2077677,,22.09.2023 14:22,19.11.2024 12:40,Done,Major,,16.06.2025 13:56,,,,,,2.0,Story,Done
CALLS-621,2433910,,14.08.2024 09:46,02.12.2024 15:31,Done,Major,,16.06.2025 13:56,,,,,,5.0,Story,Done
CALLS-622,2446330,,26.08.2024 13:49,18.09.2024 14:32,Done,Major,,16.06.2025 13:56,,,,,,1.0,Engineering job,Done
CALLS-623,2447188,,27.08.2024 10:00,20.09.2024 11:33,Done,Major,,16.06.2025 13:56,,,,,,8.0,Story,Done
CALLS-624,2474662,2447188,10.09.2024 15:44,16.09.2024 14:53,Done,Major,,22.04.2025 15:30,,,,,,,Sub-task,Done
CALLS-625,2474680,2447188,10.09.2024 15:49,17.09.2024 10:21,Done,Major,,22.04.2025 15:30,,,,,,,Sub-task,Done
CALLS-626,2474685,2447188,10.09.2024 15:52,17.09.2024 15:01,Done,Major,,22.04.2025 15:30,,,,,,,Sub-task,Done
CALLS-627,2474699,2447188,10.09.2024 15:57,20.09.2024 11:33,Done,Major,,22.04.2025 15:30,,,,,,,Sub-task,Done
CALLS-691,2479714,2447188,12.09.2024 10:38,23.09.2024 10:49,Done,Major,,22.04.2025 15:31,,,,,,,Sub-task,Done
CALLS-695,2483961,2447188,16.09.2024 11:36,17.09.2024 14:10,Done,Major,,22.04.2025 15:31,,,,,,,Sub-task,Done
CALLS-628,2455415,,02.09.2024 14:56,21.10.2024 16:20,Done,Major,,09.02.2026 15:50,,,,,,1.0,Engineering job,Done
CALLS-629,2455230,,02.09.2024 14:23,07.11.2024 16:00,Done,Major,,09.02.2026 15:51,,,,,,1.0,Engineering job,Done
CALLS-630,2455450,,02.09.2024 15:14,22.10.2024 15:39,Done,Major,,09.02.2026 15:50,,,,,,1.0,Engineering job,Done
CALLS-631,2455440,,02.09.2024 15:09,21.10.2024 15:13,Done,Major,,09.02.2026 15:50,,,,,,1.0,Engineering job,Done
CALLS-632,2455227,,02.09.2024 14:21,07.11.2024 16:02,Done,Major,,09.02.2026 15:51,,,,,,1.0,Engineering job,Done
CALLS-633,2455409,,02.09.2024 14:51,16.10.2024 16:44,Done,Major,,09.02.2026 15:52,,,,,,1.0,Engineering job,Done
CALLS-634,2455464,,02.09.2024 15:19,22.10.2024 15:44,Done,Major,,09.02.2026 15:51,,,,,,1.0,Engineering job,Done
CALLS-635,2455245,,02.09.2024 14:30,07.11.2024 16:04,Done,Major,,09.02.2026 15:50,,,,,,1.0,Engineering job,Done
CALLS-636,2455243,,02.09.2024 14:29,03.12.2024 15:52,Abandoned,Major,,01.08.2025 15:28,,,,,,1.0,Engineering job,Won't Do
CALLS-637,2455267,,02.09.2024 14:37,29.10.2024 16:19,Done,Major,,09.02.2026 15:50,,,,,,1.0,Engineering job,Done
CALLS-638,2455285,,02.09.2024 14:43,28.10.2024 16:45,Done,Major,,09.02.2026 15:50,,,,,,1.0,Engineering job,Done
CALLS-639,2455452,,02.09.2024 15:14,22.10.2024 15:40,Done,Major,,09.02.2026 15:51,,,,,,1.0,Engineering job,Done
CALLS-640,2455451,,02.09.2024 15:14,22.10.2024 15:39,Done,Major,,09.02.2026 15:51,,,,,,1.0,Engineering job,Done
CALLS-641,2455251,,02.09.2024 14:31,03.12.2024 15:53,Abandoned,Major,,01.08.2025 15:29,,,,,,1.0,Engineering job,Won't Do
CALLS-642,2455419,,02.09.2024 14:59,21.10.2024 11:51,Done,Major,,09.02.2026 15:51,,,,,,1.0,Engineering job,Done
CALLS-643,2455220,,02.09.2024 14:15,14.10.2024 16:19,Done,Major,,09.02.2026 15:51,,,,,,1.0,Engineering job,Done
CALLS-644,2455420,,02.09.2024 14:59,21.10.2024 11:52,Done,Major,,09.02.2026 15:52,,,,,,1.0,Engineering job,Done
CALLS-645,2455242,,02.09.2024 14:29,11.11.2024 15:17,Done,Major,,09.02.2026 15:51,,,,,,1.0,Engineering job,Done
CALLS-646,2455223,,02.09.2024 14:18,14.10.2024 16:22,Done,Major,,09.02.2026 15:51,,,,,,1.0,Engineering job,Done
CALLS-647,2455407,,02.09.2024 14:51,16.10.2024 16:43,Done,Major,,09.02.2026 15:50,,,,,,1.0,Engineering job,Done
CALLS-648,2455429,,02.09.2024 15:04,28.10.2024 16:40,Done,Major,,09.02.2026 15:49,,,,,,1.0,Engineering job,Done
CALLS-649,2455233,,02.09.2024 14:24,11.11.2024 15:31,Done,Major,,09.02.2026 15:50,,,,,,1.0,Engineering job,Done
CALLS-650,2455413,,02.09.2024 14:55,21.10.2024 16:20,Done,Major,,09.02.2026 15:52,,,,,,1.0,Engineering job,Done
CALLS-651,2455232,,02.09.2024 14:24,11.11.2024 15:16,Done,Major,,09.02.2026 15:50,,,,,,1.0,Engineering job,Done
CALLS-652,2455222,,02.09.2024 14:17,14.10.2024 16:20,Done,Major,,09.02.2026 15:51,,,,,,1.0,Engineering job,Done
CALLS-653,2455237,,02.09.2024 14:27,07.11.2024 16:52,Done,Major,,09.02.2026 15:50,,,,,,1.0,Engineering job,Done
CALLS-654,2455236,,02.09.2024 14:27,07.11.2024 16:52,Done,Major,,09.02.2026 15:51,,,,,,1.0,Engineering job,Done
CALLS-655,2455414,,02.09.2024 14:56,21.10.2024 16:20,Done,Major,,09.02.2026 15:50,,,,,,1.0,Engineering job,Done
CALLS-656,2455276,,02.09.2024 14:39,28.10.2024 16:45,Done,Major,,09.02.2026 15:51,,,,,,1.0,Engineering job,Done
CALLS-657,2455460,,02.09.2024 15:18,22.10.2024 15:44,Done,Major,,09.02.2026 15:51,,,,,,1.0,Engineering job,Done
CALLS-658,2455462,,02.09.2024 15:18,22.10.2024 15:44,Done,Major,,09.02.2026 15:50,,,,,,1.0,Engineering job,Done
CALLS-659,2455238,,02.09.2024 14:27,07.11.2024 16:04,Done,Major,,09.02.2026 15:50,,,,,,1.0,Engineering job,Done
CALLS-660,2455273,,02.09.2024 14:39,28.10.2024 16:45,Done,Major,,09.02.2026 15:51,,,,,,1.0,Engineering job,Done
CALLS-661,2455439,,02.09.2024 15:08,21.10.2024 15:13,Done,Major,,09.02.2026 15:51,,,,,,1.0,Engineering job,Done
CALLS-662,2455615,,02.09.2024 15:45,03.12.2024 15:53,Abandoned,Major,,16.06.2025 13:58,,,,,,1.0,Engineering job,Won't Do
CALLS-663,2455405,,02.09.2024 14:50,16.10.2024 16:42,Done,Major,,09.02.2026 15:51,,,,,,1.0,Engineering job,Done
CALLS-664,2455417,,02.09.2024 14:58,21.10.2024 11:51,Done,Major,,09.02.2026 15:51,,,,,,1.0,Engineering job,Done
CALLS-665,2455617,,02.09.2024 15:46,03.12.2024 15:53,Abandoned,Major,,16.06.2025 13:58,,,,,,1.0,Engineering job,Won't Do
CALLS-666,2455290,,02.09.2024 14:44,22.10.2024 15:52,Done,Major,,09.02.2026 15:49,,,,,,1.0,Engineering job,Done
CALLS-667,2455269,,02.09.2024 14:37,29.10.2024 16:22,Done,Major,,09.02.2026 15:50,,,,,,1.0,Engineering job,Done
CALLS-668,2455284,,02.09.2024 14:42,29.10.2024 16:18,Done,Major,,09.02.2026 15:50,,,,,,1.0,Engineering job,Done
CALLS-669,2455234,,02.09.2024 14:25,07.11.2024 16:03,Done,Major,,09.02.2026 15:52,,,,,,1.0,Engineering job,Done
CALLS-670,2455249,,02.09.2024 14:31,11.11.2024 15:17,Done,Major,,09.02.2026 15:50,,,,,,1.0,Engineering job,Done
CALLS-671,2455432,,02.09.2024 15:04,28.10.2024 16:40,Done,Major,,09.02.2026 15:52,,,,,,1.0,Engineering job,Done
CALLS-672,2455228,,02.09.2024 14:22,07.11.2024 16:03,Done,Major,,09.02.2026 15:51,,,,,,1.0,Engineering job,Done
CALLS-673,2455437,,02.09.2024 15:08,21.10.2024 15:13,Done,Major,,09.02.2026 15:50,,,,,,1.0,Engineering job,Done
CALLS-674,2455604,,02.09.2024 15:39,03.12.2024 15:53,Abandoned,Major,,16.06.2025 13:58,,,,,,1.0,Engineering job,Won't Do
CALLS-675,2455283,,02.09.2024 14:42,29.10.2024 16:16,Done,Major,,09.02.2026 15:51,,,,,,1.0,Engineering job,Done
CALLS-676,2455253,,02.09.2024 14:31,07.11.2024 16:04,Done,Major,,09.02.2026 15:50,,,,,,1.0,Engineering job,Done
CALLS-677,2318060,,18.04.2024 13:53,06.12.2024 13:53,Done,Major,,16.06.2025 13:58,,,,,,5.0,Story,Done
CALLS-678,2377936,,10.06.2024 10:00,01.10.2024 14:44,Done,Major,,16.06.2025 13:58,,,,,,5.0,Story,Done
CALLS-702,2489755,2377936,20.09.2024 09:32,27.09.2024 12:21,Done,Major,,22.04.2025 15:31,,,,,,,Sub-task,Done
CALLS-679,2328976,,24.04.2024 10:31,04.12.2024 13:47,Done,Major,,16.06.2025 13:57,,,,,,3.0,Story,Done
CALLS-764,2545634,2328976,06.11.2024 13:03,28.11.2024 13:16,Done,Major,,22.04.2025 15:31,,,,,,,Sub-task,Done
CALLS-765,2545636,2328976,06.11.2024 13:06,02.12.2024 12:16,Done,Major,,22.04.2025 15:31,,,,,,,Sub-task,Done
CALLS-680,2332309,,26.04.2024 08:38,31.10.2024 10:14,Done,Major,,16.06.2025 13:57,,,,,,5.0,Story,Done
CALLS-681,2323041,,22.04.2024 13:34,02.01.2025 09:41,Done,Major,,16.06.2025 13:57,,,,,,3.0,Story,Done
CALLS-682,2467943,,09.09.2024 15:00,28.10.2024 13:58,Done,Major,,16.06.2025 13:57,,,,,,3.0,Story,Done
CALLS-683,2268080,,07.03.2024 09:58,20.09.2024 12:09,Done,Major,,16.06.2025 13:57,,,,,,1.0,Story,Done
CALLS-692,2480118,2268080,12.09.2024 12:32,20.09.2024 12:38,Done,Major,,22.04.2025 15:31,,,,,,,Sub-task,Done
CALLS-684,2421299,,23.07.2024 15:58,16.01.2025 07:08,Done,Major,,16.06.2025 13:57,,,,,,5.0,Story,Done
CALLS-753,2524328,2421299,21.10.2024 13:24,12.11.2024 09:03,Abandoned,Major,,22.04.2025 15:31,,,,,,,Sub-task,Won't Do
CALLS-830,2608792,2421299,20.12.2024 14:15,02.01.2025 10:01,Done,Major,,22.04.2025 15:31,,,,,,,Sub-task,Done
CALLS-831,2610464,2421299,30.12.2024 12:29,03.01.2025 09:32,Done,Major,,22.04.2025 15:31,,,,,,,Bug Sub-Task,Done
CALLS-835,2611783,2421299,02.01.2025 15:42,03.01.2025 09:32,Done,Major,,22.04.2025 15:31,,,,,,,Bug Sub-Task,Done
CALLS-686,2401996,,27.06.2024 09:38,02.12.2024 10:27,Done,Major,,16.06.2025 13:57,,,,,,5.0,Story,Done
CALLS-687,2323087,,22.04.2024 13:58,18.10.2024 17:11,Done,Major,,16.06.2025 13:57,,,,,,2.0,Story,Done
CALLS-689,2343569,,08.05.2024 14:11,25.09.2024 09:50,Done,Major,,16.06.2025 13:57,,,,,,5.0,Story,Done
CALLS-690,2475310,,10.09.2024 20:46,17.09.2024 10:40,Done,Major,,16.06.2025 13:57,,,,,,2.0,Story,Done
CALLS-767,2555875,,13.11.2024 09:04,26.11.2024 10:11,Done,Major,,03.12.2025 14:39,,,,,,3.0,Bug,Done
CALLS-768,2567399,,19.11.2024 12:26,21.01.2025 10:09,Done,Major,,16.06.2025 13:58,,,,,,3.0,Story,Done
CALLS-771,2436668,,15.08.2024 16:25,20.01.2025 07:18,Done,Major,,16.06.2025 13:59,,,,,,8.0,Story,Done
CALLS-807,2581833,2436668,28.11.2024 11:13,08.01.2025 14:29,Done,Major,,05.06.2025 08:17,,,,,,,Sub-task,Done
CALLS-810,2586580,2436668,03.12.2024 14:26,06.12.2024 14:33,Done,Major,,22.04.2025 15:31,,,,,,2.0,Sub-task,Done
CALLS-772,2494838,,25.09.2024 13:15,07.01.2025 12:24,Done,Major,,16.06.2025 13:59,,,,,,5.0,Story,Done
CALLS-841,2615817,2494838,08.01.2025 14:48,13.01.2025 08:11,Abandoned,Minor,,22.04.2025 15:31,,,,,,,Sub-task,Won't Do
CALLS-773,2448140,,27.08.2024 15:54,25.11.2024 10:44,Done,Major,,16.06.2025 13:59,,,,,,3.0,Story,Done
CALLS-774,2561208,,15.11.2024 14:51,07.01.2025 08:49,Done,Major,,16.06.2025 13:59,,,,,,3.0,Story,Done
CALLS-775,2450000,,28.08.2024 16:33,18.12.2024 13:43,Done,Major,,16.06.2025 13:59,,,,,,2.0,Story,Done
CALLS-776,2424719,,30.07.2024 17:51,13.12.2024 13:53,Done,Major,,16.06.2025 13:59,,,,,,2.0,Story,Done
CALLS-777,2421355,,23.07.2024 12:01,13.12.2024 12:38,Done,Major,,16.06.2025 13:59,,,,,,3.0,Story,Done
CALLS-778,2420030,,19.07.2024 12:20,12.12.2024 10:37,Done,Major,,16.06.2025 13:57,,,,,,5.0,Story,Done
CALLS-779,2452029,,29.08.2024 17:10,17.12.2024 15:05,Done,Major,,16.06.2025 13:57,,,,,,1.0,Story,Done
CALLS-780,2422233,,24.07.2024 15:50,25.11.2024 15:08,Done,Major,,16.06.2025 13:57,,,,,,1.0,Story,Done
CALLS-781,2443230,,22.08.2024 16:21,25.11.2024 13:12,Done,Major,,16.06.2025 13:58,,,,,,1.0,Story,Done
CALLS-782,2418210,,17.07.2024 08:53,05.12.2024 14:47,Done,Major,,16.06.2025 13:58,,,,,,3.0,Story,Done
CALLS-800,2574549,2418210,21.11.2024 10:48,22.11.2024 07:42,Done,Major,,22.04.2025 15:31,,,,,,,Sub-task,Done
CALLS-783,2444739,,23.08.2024 18:20,17.12.2024 11:10,Done,Major,,16.06.2025 13:58,,,,,,2.0,Story,Done
CALLS-784,2443299,,22.08.2024 18:21,12.12.2024 15:16,Done,Major,,16.06.2025 13:58,,,,,,5.0,Story,Done
CALLS-785,2444736,,23.08.2024 17:41,13.12.2024 12:46,Done,Major,,16.06.2025 13:57,,,,,,3.0,Story,Done
CALLS-786,2420028,,19.07.2024 12:02,25.11.2024 13:11,Done,Major,,16.06.2025 13:58,,,,,,2.0,Story,Done
CALLS-790,2552710,,11.11.2024 11:00,07.01.2025 14:39,Done,Major,,16.06.2025 13:58,,,,,,3.0,Story,Done
CALLS-791,2429189,,08.08.2024 09:00,13.12.2024 12:46,Done,Major,,16.06.2025 13:58,,,,,,3.0,Story,Done
CALLS-797,2570810,,20.11.2024 08:43,18.12.2024 09:47,Done,Major,,16.06.2025 13:58,,,,,,2.0,Story,Done
CALLS-799,2570815,2570810,20.11.2024 08:44,06.01.2025 08:19,Abandoned,Major,,22.04.2025 15:31,,,,,,,Sub-task,Won't Do
CALLS-834,2611772,,02.01.2025 15:29,03.01.2025 12:07,Done,Major,,16.06.2025 13:56,,,,,,2.0,Bug,Done
CALLS-828,2560225,,15.11.2024 10:38,09.01.2025 12:24,Done,Major,,02.04.2025 15:04,,,,,,3.0,Story,Done
CALLS-862,2362980,,27.05.2024 09:55,23.01.2025 13:07,Done,Major,,02.04.2025 15:04,,,,,,5.0,Engineering job,Done
CALLS-829,2608183,,20.12.2024 09:54,10.01.2025 16:24,Done,Major,,09.02.2026 15:51,,,,,,3.0,Engineering job,Done
CALLS-809,2582675,,29.11.2024 09:19,20.01.2025 10:29,Done,Major,,24.01.2025 09:30,,,,,,8.0,Engineering job,Done
CALLS-822,2598857,,13.12.2024 11:30,20.12.2024 09:43,Done,Major,,29.12.2025 15:27,,,,,,1.0,Production bug,Done
CALLS-826,2599610,,13.12.2024 14:55,27.01.2025 13:34,Done,Major,,27.01.2025 13:34,,,,,,8.0,Story,Done
CALLS-837,2612410,,03.01.2025 13:35,22.01.2025 10:46,Done,Major,,22.01.2025 12:52,,,,,,1.0,Story,Done
CALLS-846,2617507,,09.01.2025 14:57,24.01.2025 13:02,Done,Major,,28.01.2025 09:34,,,,,,5.0,Story,Done
CALLS-852,2622504,,14.01.2025 11:29,28.01.2025 08:13,Done,Minor,,29.01.2025 13:09,,,,,,5.0,Story,Done
CALLS-890,2658196,,31.01.2025 15:58,06.02.2025 09:19,Abandoned,Major,,06.02.2025 09:19,,,,,,,Story,Won't Do
CALLS-892,2659177,,03.02.2025 10:56,06.02.2025 09:27,Abandoned,Major,,06.02.2025 09:27,,,,,,,Story,Won't Do
CALLS-893,2660563,,04.02.2025 09:30,10.02.2025 09:13,Done,Major,,10.02.2025 09:13,,,,,,1.0,Bug,Done
CALLS-894,2660745,,04.02.2025 10:01,26.02.2025 14:13,Done,Major,,26.02.2025 14:13,,,,,,3.0,Bug,Done
CALLS-897,2664989,,06.02.2025 14:44,06.03.2025 09:01,Done,Major,,29.12.2025 15:24,,,,,,1.0,Engineering job,Done
CALLS-900,2666048,,07.02.2025 11:32,13.02.2025 14:11,Done,Major,,13.02.2025 14:11,,,,,,1.0,Engineering job,Done
CALLS-898,2665756,,07.02.2025 10:15,20.02.2025 11:03,Done,Major,,20.02.2025 11:03,,,,,,8.0,Story,Done
CALLS-899,2665760,,07.02.2025 10:26,26.02.2025 14:18,Done,Major,,26.02.2025 14:18,,,,,,5.0,Story,Done
CALLS-904,2673104,,13.02.2025 08:41,17.02.2025 15:53,Done,Major,,17.02.2025 15:53,,,,,,1.0,Bug,Done
CALLS-911,2678662,,18.02.2025 10:19,07.03.2025 13:36,Done,Major,,07.03.2025 13:36,,,,,,5.0,Story,Done
CALLS-912,2678802,,18.02.2025 11:01,24.02.2025 10:50,Done,Major,,26.03.2025 09:46,,,,,,2.0,Bug,Done
CALLS-913,2679613,,19.02.2025 08:01,26.02.2025 16:06,Done,Major,,26.02.2025 16:06,,,,,,2.0,Story,Done
CALLS-914,2681085,,20.02.2025 07:41,26.02.2025 12:26,Done,Major,,26.02.2025 12:26,,,,,,5.0,Bug,Done
CALLS-928,2692883,,03.03.2025 13:13,04.03.2025 13:48,Done,Major,,26.03.2025 09:26,,,,,,1.0,Bug,Done
CALLS-933,2694412,,04.03.2025 11:45,12.03.2025 10:15,Done,Major,,12.03.2025 10:15,,,,,,5.0,Story,Done
CALLS-931,2693593,,04.03.2025 09:03,14.03.2025 15:08,Done,Major,,14.03.2025 15:08,,,,,,3.0,Bug,Done
CALLS-935,2696011,2693593,05.03.2025 12:11,14.03.2025 15:15,Done,Major,,14.03.2025 15:15,,,,,,,Sub-task,Done
CALLS-940,2698483,,07.03.2025 08:45,13.03.2025 11:23,Done,Major,,13.03.2025 11:23,,,,,,1.0,Bug,Done
CALLS-919,2685767,,25.02.2025 10:08,18.03.2025 13:38,Done,Major,,09.02.2026 15:50,,,,,,,Task,Done
CALLS-942,2699090,,07.03.2025 12:59,12.03.2025 15:39,Done,Major,,12.03.2025 15:39,,,,,,1.0,Bug,Done
CALLS-944,2699712,,07.03.2025 15:40,14.03.2025 14:41,Done,Major,,14.03.2025 14:41,,,,,,3.0,Story,Done
CALLS-945,2699720,,07.03.2025 15:50,14.03.2025 09:48,Done,Major,,14.03.2025 09:48,,,,,,3.0,Story,Done
CALLS-943,2699362,,07.03.2025 14:42,14.03.2025 12:30,Done,Major,,14.03.2025 12:30,,,,,,2.0,Story,Done
CALLS-949,2704915,,12.03.2025 12:29,14.03.2025 13:36,Done,Critical,,14.03.2025 13:36,,,,,,1.0,Task,Done
CALLS-950,2705814,,12.03.2025 15:50,04.04.2025 12:32,Done,Major,,04.04.2025 12:32,,,,,,3.0,Bug,Done
CALLS-951,2706101,,13.03.2025 07:45,13.03.2025 16:18,Done,Major,,13.03.2025 16:18,,,,,,1.0,Story,Done
CALLS-955,2708068,,14.03.2025 09:12,02.04.2025 11:22,Done,Major,,04.04.2025 07:27,,,,,,3.0,Story,Done
CALLS-960,2710150,,17.03.2025 08:39,31.03.2025 16:13,Done,Major,,10.04.2025 15:59,,,,,,2.0,Story,Done
CALLS-961,2710712,,17.03.2025 09:35,25.03.2025 08:37,Done,Major,,08.05.2025 09:23,,,,,,2.0,Bug,Done
CALLS-962,2710735,,17.03.2025 09:56,20.03.2025 09:21,Abandoned,Major,,20.03.2025 09:22,,,,,,,Bug,Won't Do
CALLS-972,2717181,,21.03.2025 08:29,25.03.2025 08:10,Done,Critical,,25.03.2025 08:10,,,,,,3.0,Production bug,Done
CALLS-968,2712814,,18.03.2025 12:02,02.04.2025 13:58,Done,Major,,02.04.2025 13:58,,,,,,2.0,Story,Done
CALLS-976,2724291,,26.03.2025 15:43,31.03.2025 14:03,Done,Major,,31.03.2025 14:03,,,,,,2.0,Bug,Done
CALLS-970,2715911,,20.03.2025 09:26,27.03.2025 09:09,Abandoned,Major,,27.03.2025 09:09,,,,,,,Bug,Won't Do
CALLS-952,2704090,,12.03.2025 09:30,20.03.2025 10:15,Abandoned,Major,,08.12.2025 09:58,,,,,,2.0,Bug,Won't Do
CALLS-956,2708087,,14.03.2025 09:17,17.03.2025 12:37,Done,Major,,10.04.2025 15:59,,,,,,1.0,Story,Done
CALLS-959,2709049,,14.03.2025 14:43,17.03.2025 08:03,Done,Major,,26.03.2025 09:37,,,,,,1.0,Bug,Done
CALLS-934,2695089,,05.03.2025 08:12,24.03.2025 07:40,Done,Major,,24.03.2025 07:40,,,,,,1.0,Engineering job,Done
CALLS-965,2710550,,17.03.2025 08:46,31.03.2025 15:29,Done,Major,,07.04.2025 08:32,,,,,,5.0,Bug,Done
CALLS-964,2711113,,17.03.2025 10:48,31.03.2025 15:17,Done,Major,,07.04.2025 08:33,,,,,,3.0,Bug,Done
CALLS-922,2688723,,26.02.2025 16:34,17.03.2025 09:32,Done,Major,,29.12.2025 15:22,,,,,,5.0,Engineering job,Done
CALLS-844,2616432,,09.01.2025 09:27,06.03.2025 08:22,Abandoned,Minor,,19.06.2025 14:43,,,,,,3.0,Story,Won't Do
CALLS-801,2574955,,21.11.2024 13:39,28.11.2024 11:16,Done,Major,,03.12.2025 14:38,,,,,,3.0,Bug,Done
CALLS-730,2507301,,07.10.2024 09:32,08.10.2024 14:39,Done,Critical,,10.10.2024 09:31,,,,,,2.0,Production bug,Done
CALLS-706,2171359,,12.12.2023 09:32,30.09.2024 09:17,Done,Major,,04.10.2024 09:56,,,,,,2.0,Production bug,Done
CALLS-582,1986137,,20.06.2023 09:12,26.08.2024 08:41,Done,Major,,26.09.2024 15:03,,,,,,3.0,Production bug,Done
CALLS-581,2421248,,23.07.2024 13:39,14.08.2024 09:50,Done,Minor,,14.08.2024 09:50,,,,,,3.0,Bug,Done
CALLS-601,2381493,,12.06.2024 15:09,26.08.2024 14:42,Done,Major,,26.08.2024 14:42,BPAY PI 2024:3.2-BPAY - SmartP,BPAY PI 2024:3.3-BPAY - SmartP,BPAY PI 2024:3.4-BPAY - SmartP,BPAY PI 2024:3.5-BPAY - SmartP,,5.0,Story,Done
CALLS-320,2155101,,28.11.2023 12:39,15.02.2024 16:11,Done,Major,,15.02.2024 16:11,BPAY PI 2024:1.2-BPAY - SmartP,,,,,5.0,Story,Done
CALLS-423,2246601,,16.02.2024 12:09,21.03.2024 14:11,Done,Major,,21.03.2024 14:11,,,,,,2.0,Bug,Done
CALLS-442,2279109,,18.03.2024 10:19,12.04.2024 12:06,Done,Major,,12.04.2024 12:06,,,,,,3.0,Bug,Done
CALLS-436,2268622,,07.03.2024 12:51,22.03.2024 08:07,Done,Major,,22.03.2024 08:07,,,,,,1.0,Bug,Done
CALLS-321,2155125,,28.11.2023 12:48,21.02.2024 07:44,Done,Major,,21.02.2024 07:48,BPAY PI 2024:1.2-BPAY - SmartP,,,,,5.0,Story,Done
CALLS-421,2240185,,13.02.2024 13:41,27.02.2024 16:00,Done,Major,,26.04.2024 09:52,,,,,,1.0,Engineering job,Done
CALLS-323,1897998,,29.03.2023 15:06,15.02.2024 16:11,Done,Major,,22.07.2024 15:40,BPAY PI 2024:1.2-BPAY - SmartP,,,,,5.0,Story,Done
CALLS-328,2120123,,31.10.2023 14:23,02.02.2024 14:17,Done,Major,,12.02.2024 10:03,BPAY PI 2024:1.2-BPAY - SmartP,,,,,2.0,Story,Done
CALLS-375,2192877,,10.01.2024 21:46,12.02.2024 14:52,Done,Major,,22.02.2024 10:55,BPAY PI 2024:1.2-BPAY - SmartP,,,,,1.0,Engineering job,Done
CALLS-396,2136091,,15.11.2023 13:36,26.02.2024 14:59,Done,Major,,26.02.2024 14:59,BPAY PI 2024:1.2-BPAY - SmartP,,,,,2.0,Engineering job,Done
CALLS-393,2214246,,29.01.2024 13:38,26.02.2024 08:13,Done,Major,,26.02.2024 12:17,BPAY PI 2024:1.2-BPAY - SmartP,,,,,5.0,Story,Done
CALLS-418,2226931,2214246,06.02.2024 13:34,06.02.2024 15:33,Abandoned,Major,,06.02.2024 15:33,BPAY PI 2024:1.2-BPAY - SmartP,,,,,,Sub-task,Won't Do
CALLS-399,2180477,,20.12.2023 15:30,28.03.2024 15:41,Done,Major,,10.06.2024 14:12,BPAY PI 2024:1.2-BPAY - SmartP,,,,,3.0,Story,Done
CALLS-113,1990063,,22.06.2023 14:19,30.06.2023 14:00,Done,Major,,30.06.2023 14:00,,,,,,,Task,Done
CALLS-88,1975529,,09.06.2023 07:39,11.07.2023 11:50,Done,Critical,,06.12.2023 13:30,,,,,,3.0,Engineering job,Done
CALLS-118,2000557,,30.06.2023 12:15,31.07.2023 15:06,Done,Major,,09.08.2024 09:27,,,,,,8.0,Engineering job,Done
CALLS-119,2000560,2000557,30.06.2023 12:19,03.07.2023 12:46,Done,Major,,03.07.2023 12:46,,,,,,,Sub-task,Done
CALLS-100,1950641,,16.05.2023 08:48,18.08.2023 08:37,Done,Major,,18.08.2023 08:37,,,,,,8.0,Story,Done
CALLS-126,2008089,1950641,12.07.2023 14:04,01.08.2023 14:15,Done,Major,,01.08.2023 14:15,,,,,,,Sub-task,Done
CALLS-93,1985119,,19.06.2023 12:54,04.08.2023 12:45,Done,Major,,04.08.2023 12:45,,,,,,5.0,Production bug,Done
CALLS-124,2006460,,10.07.2023 14:44,12.07.2023 14:08,Abandoned,Major,,12.07.2023 14:08,,,,,,,Bug,Won't Do
CALLS-125,2007751,,12.07.2023 09:04,17.07.2023 15:27,Done,Major,,17.07.2023 15:27,,,,,,8.0,Story,Done
CALLS-127,2008091,2007751,12.07.2023 14:05,17.07.2023 14:51,Done,Major,,17.07.2023 14:51,,,,,,,Sub-task,Done
CALLS-120,2001558,,03.07.2023 10:01,10.07.2023 09:48,Done,Major,,10.07.2023 09:48,,,,,,1.0,Story,Done
CALLS-314,2039754,,28.08.2023 14:01,24.11.2023 09:59,Done,Major,,29.12.2025 14:47,,,,,,3.0,Engineering job,Done
CALLS-164,2040341,,29.08.2023 08:24,30.08.2023 12:59,Done,Major,,30.08.2023 12:59,,,,,,,Bug,Done
CALLS-993,2730382,,01.04.2025 08:33,11.04.2025 07:19,Done,Major,,29.12.2025 15:27,,,,,,3.0,Bug,Done
CALLS-95,1938976,,04.05.2023 12:03,20.07.2023 14:18,Done,Major,,20.07.2023 14:18,,,,,,2.0,Story,Done
CALLS-130,2011240,,19.07.2023 09:15,02.08.2023 11:31,Done,Major,,02.08.2023 11:31,,,,,,5.0,Story,Done
CALLS-134,2012450,2011240,21.07.2023 13:41,02.08.2023 11:30,Done,Major,,02.08.2023 11:30,,,,,,,Sub-task,Done
CALLS-114,1991367,,26.06.2023 10:08,31.07.2023 11:28,Done,Major,,23.07.2024 12:45,,,,,,,Bug,Done
CALLS-137,2013508,1991367,25.07.2023 10:17,31.07.2023 09:45,Done,Major,,31.07.2023 09:45,,,,,,,Sub-task,Done
CALLS-132,2011898,,20.07.2023 12:26,01.08.2023 13:57,Done,Major,,01.08.2023 13:57,,,,,,3.0,Engineering job,Done
CALLS-140,2015208,,27.07.2023 14:50,02.08.2023 15:10,Done,Major,,02.08.2023 15:10,,,,,,5.0,Engineering job,Done
CALLS-103,1986594,,20.06.2023 12:55,09.08.2023 08:45,Done,Major,,30.08.2023 07:08,,,,,,2.0,Story,Done
CALLS-144,2020713,1986594,07.08.2023 09:39,09.08.2023 08:00,Done,Major,,09.08.2023 08:00,,,,,,,Sub-task,Done
CALLS-115,1995708,,27.06.2023 13:22,20.07.2023 11:43,Done,Minor,,20.07.2023 11:43,,,,,,8.0,Task,Done
CALLS-85,1970981,,05.06.2023 07:56,14.06.2023 11:12,Done,Minor,,06.12.2023 13:03,CALLS Sprint 2.3,,,,,8.0,Bug,Done
CALLS-34,1907798,,07.04.2023 14:24,18.04.2023 13:22,Done,Minor,,18.04.2023 13:22,CALLS Sprint 1,,,,,2.0,Story,Done
CALLS-18,1865404,,02.03.2023 09:17,26.04.2023 08:41,Done,Major,,26.04.2023 08:41,CALLS Sprint 1,,,,,5.0,Engineering job,Done
CALLS-2,1878918,,14.03.2023 12:53,26.04.2023 07:55,Done,Major,,25.05.2023 09:14,CALLS Sprint 1,,,,,5.0,Story,Done
CALLS-3,1879282,,14.03.2023 14:17,25.04.2023 15:52,Done,Major,,25.04.2023 15:52,CALLS Sprint 1,,,,,2.0,Story,Done
CALLS-4,1878683,,14.03.2023 12:21,26.04.2023 12:04,Done,Major,,26.04.2023 12:04,CALLS Sprint 1,CALLS Sprint 2,,,,1.0,Story,Done
CALLS-5,1909321,1878683,11.04.2023 11:33,26.04.2023 12:04,Done,Major,,26.04.2023 12:04,CALLS Sprint 1,CALLS Sprint 2,,,,,Sub-task,Done
CALLS-6,1909333,1878683,11.04.2023 11:36,26.04.2023 12:04,Done,Major,,26.04.2023 12:04,CALLS Sprint 1,CALLS Sprint 2,,,,,Sub-task,Done
CALLS-7,1909337,1878683,11.04.2023 11:36,19.05.2023 08:19,Done,Major,,19.05.2023 08:19,CALLS Sprint 1,CALLS Sprint 2,,,,,Sub-task,Done
CALLS-26,1902597,,03.04.2023 12:49,20.04.2023 08:15,Done,Minor,,06.12.2023 13:11,CALLS Sprint 1,,,,,,Bug,Done
CALLS-27,1122235,,03.03.2021 13:47,26.04.2023 14:10,Done,Major,,06.12.2023 13:11,CALLS Sprint 1,CALLS Sprint 2,,,,,Production bug,Done
CALLS-28,1906899,,06.04.2023 09:57,21.04.2023 10:12,Done,Major,,27.06.2023 08:58,CALLS Sprint 1,,,,,5.0,Story,Done
CALLS-12,1794165,,22.12.2022 09:22,18.05.2023 13:24,Done,Major,,18.05.2023 13:24,CALLS Sprint 2,CALLS Sprint 2.1,,,,1.0,Engineering job,Done
CALLS-15,1765996,,24.11.2022 11:51,18.05.2023 13:27,Done,Major,,18.05.2023 13:27,CALLS Sprint 2.1,,,,,2.0,Engineering job,Done
CALLS-16,1786514,1765996,13.12.2022 15:50,12.06.2023 12:43,Abandoned,Major,,12.06.2023 12:43,CALLS Sprint 2.1,,,,,,Sub-task,Won't Do
CALLS-14,1864993,,02.03.2023 09:07,12.06.2023 12:42,Abandoned,Major,,12.06.2023 12:42,CALLS Sprint 2,CALLS Sprint 2.1,,,,1.0,Engineering job,Won't Do
CALLS-35,1872988,,09.03.2023 09:50,16.05.2023 12:43,Done,Major,,18.01.2024 15:51,CALLS Sprint 2,CALLS Sprint 2.1,,,,3.0,Story,Done
CALLS-41,1934420,1872988,28.04.2023 14:04,16.05.2023 12:39,Done,Major,,16.05.2023 12:39,CALLS Sprint 2,CALLS Sprint 2.1,,,,,Sub-task,Done
CALLS-42,1935571,,02.05.2023 12:11,20.05.2023 13:34,Done,Major,,20.05.2023 13:36,CALLS Sprint 2.1,,,,,2.0,Task,Done
CALLS-50,1900113,,30.03.2023 14:42,06.06.2023 11:21,Done,Major,,06.06.2023 11:21,CALLS Sprint 2.1,CALLS Sprint 2.2,,,,5.0,Story,Done
CALLS-54,1913238,,13.04.2023 13:50,05.06.2023 12:58,Done,Major,,05.06.2023 12:58,CALLS Sprint 2.1,CALLS Sprint 2.2,,,,8.0,Story,Done
CALLS-44,1937517,,03.05.2023 14:16,06.06.2023 13:08,Done,Major,,06.12.2023 13:11,CALLS Sprint 2.1,CALLS Sprint 2.2,,,,5.0,Task,Done
CALLS-67,1907782,,07.04.2023 11:03,14.06.2023 15:31,Done,Minor,,06.12.2023 13:21,CALLS Sprint 2.1,CALLS Sprint 2.2,CALLS Sprint 2.3,,,1.0,Production bug,Done
CALLS-45,1937873,,04.05.2023 07:31,16.05.2023 11:38,Done,Minor,,16.05.2023 11:38,CALLS Sprint 2.1,,,,,,Task,Done
CALLS-33,1913701,,13.04.2023 15:53,02.05.2023 09:32,Done,Major,,02.05.2023 09:32,CALLS Sprint 2,,,,,,Bug,Done
CALLS-37,1238563,,09.06.2021 08:20,08.05.2023 09:13,Done,Minor,,10.05.2023 09:09,CALLS Sprint 2,,,,,,Production bug,Done
CALLS-38,1930479,,25.04.2023 13:16,05.05.2023 12:58,Done,Major,,06.12.2023 13:30,CALLS Sprint 2,,,,,,Bug,Done
CALLS-43,1936049,,02.05.2023 15:13,04.05.2023 14:07,Done,Critical,,06.05.2023 11:09,CALLS Sprint 2,,,,,,Bug,Done
CALLS-48,1941305,,07.05.2023 13:44,09.05.2023 16:00,Done,Major,,23.07.2024 12:42,CALLS Sprint 2,,,,,,Bug,Done
CALLS-29,1913128,,13.04.2023 13:05,14.04.2023 10:28,Done,Major,,06.12.2023 13:06,CALLS Sprint 1,,,,,,Bug,Done
CALLS-11,1911092,,12.04.2023 11:59,19.04.2023 08:07,Done,Major,,24.04.2023 12:01,CALLS Sprint 1,,,,,2.0,Story,Done
CALLS-13,1864976,,02.03.2023 08:44,12.06.2023 12:43,Abandoned,Major,,12.06.2023 12:43,,,,,,,Engineering job,Won't Do
CALLS-19,1815746,,19.01.2023 08:51,01.03.2023 07:17,Done,Major,,12.04.2023 13:49,,,,,,,Story,Won't Do
CALLS-20,1829828,,31.01.2023 08:30,15.03.2023 09:15,Done,Major,,12.04.2023 13:50,,,,,,3.0,Engineering job,Done
CALLS-21,1794346,,22.12.2022 08:58,03.04.2023 08:24,Done,Major,,12.04.2023 13:51,,,,,,1.0,Engineering job,Done
CALLS-23,1864010,1794346,01.03.2023 10:06,08.03.2023 15:33,Done,Major,,12.04.2023 13:52,,,,,,,Sub-task,Done
CALLS-22,1869137,1794346,06.03.2023 14:14,06.03.2023 15:32,Done,Major,,12.04.2023 13:52,,,,,,,Sub-task,Done
CALLS-30,1875118,,10.03.2023 13:45,10.05.2023 10:09,Done,Major,,10.05.2023 10:09,,,,,,2.0,Engineering job,Done
CALLS-31,1888689,,22.03.2023 11:18,10.05.2023 10:08,Done,Major,,10.05.2023 10:08,,,,,,,Engineering job,Done
CALLS-51,1906079,,05.04.2023 13:30,14.06.2023 09:04,Done,Major,,22.06.2023 12:03,CALLS Sprint 2.3,,,,,3.0,Story,Done
CALLS-49,1858197,,23.02.2023 08:30,16.06.2023 09:00,Done,Major,,28.06.2023 07:15,CALLS Sprint 2.1,CALLS Sprint 2.3,,,,2.0,Story,Done
CALLS-53,1906261,,05.04.2023 14:44,30.06.2023 07:03,Done,Major,,30.06.2023 07:03,CALLS Sprint 2.3,,,,,8.0,Story,Done
CALLS-40,1932318,,26.04.2023 14:59,29.06.2023 13:58,Done,Major,,06.12.2023 13:27,CALLS Sprint 2.3,,,,,3.0,Bug,Done
CALLS-55,1914577,,14.04.2023 12:13,16.06.2023 13:57,Done,Major,,16.06.2023 13:57,CALLS Sprint 2.3,,,,,5.0,Story,Done
CALLS-81,1972737,1914577,06.06.2023 12:54,16.06.2023 13:35,Done,Major,,16.06.2023 13:35,CALLS Sprint 2.3,,,,,,Sub-task,Done
CALLS-82,1972738,1914577,06.06.2023 12:57,,Done,Major,,06.06.2023 14:31,CALLS Sprint 2.3,,,,,,Sub-task,
CALLS-56,1920741,,18.04.2023 12:37,07.06.2023 13:00,Done,Major,,07.06.2023 13:00,CALLS Sprint 2.3,,,,,3.0,Story,Done
CALLS-52,1906254,,05.04.2023 14:34,07.06.2023 13:27,Done,Major,,07.06.2023 13:27,CALLS Sprint 2.2,CALLS Sprint 2.3,,,,1.0,Story,Done
CALLS-57,1914984,,14.04.2023 14:17,05.06.2023 15:07,Done,Major,,05.06.2023 15:07,CALLS Sprint 2.2,,,,,5.0,Story,Done
CALLS-70,1953327,,17.05.2023 13:07,25.05.2023 11:58,Done,Major,,25.05.2023 11:58,CALLS Sprint 2.2,,,,,8.0,Engineering job,Done
CALLS-8,1881233,,15.03.2023 14:24,06.06.2023 07:19,Done,Major,,06.06.2023 07:19,CALLS Sprint 2.2,,,,,3.0,Story,Done
CALLS-71,1951575,,16.05.2023 14:34,12.06.2023 11:53,Done,Major,25.05.2023 00:00,06.12.2023 12:56,CALLS Sprint 2.2,CALLS Sprint 2.3,,,,2.0,Task,Done
CALLS-74,1959760,,25.05.2023 09:11,29.05.2023 15:41,Done,Critical,,06.12.2023 13:03,CALLS Sprint 2.2,,,,,,Production bug,Done
CALLS-75,1961693,,26.05.2023 13:58,30.05.2023 08:41,Done,Major,,06.12.2023 12:58,CALLS Sprint 2.2,,,,,,Bug,Done
CALLS-80,1972615,,06.06.2023 11:23,26.06.2023 12:07,Done,Major,,23.07.2024 11:26,CALLS Sprint 2.3,,,,,3.0,Production bug,Done
CALLS-96,1938977,,04.05.2023 12:04,04.07.2023 15:14,Done,Major,,04.07.2023 15:14,,,,,,2.0,Story,Done
CALLS-97,1938991,,04.05.2023 12:28,11.07.2023 14:29,Done,Major,,11.07.2023 14:29,,,,,,1.0,Story,Done
CALLS-101,1966959,,31.05.2023 13:10,18.07.2023 09:01,Done,Major,,15.12.2023 09:19,,,,,,8.0,Story,Done
CALLS-123,2005468,1966959,07.07.2023 12:21,14.07.2023 08:30,Done,Major,,14.07.2023 08:30,,,,,,,Sub-task,Done
CALLS-98,1940082,,05.05.2023 09:16,14.07.2023 14:06,Done,Major,,14.07.2023 14:06,,,,,,2.0,Story,Done
CALLS-79,1971956,,05.06.2023 14:09,28.06.2023 08:19,Done,Minor,,06.12.2023 13:23,,,,,,3.0,Engineering job,Done
CALLS-99,1965731,,30.05.2023 15:35,29.06.2023 11:17,Abandoned,Major,,20.02.2024 14:11,,,,,,,Story,Won't Do
CALLS-112,1956374,,22.05.2023 14:49,14.07.2023 15:41,Done,Major,,14.07.2023 15:41,,,,,,8.0,Production bug,Done
CALLS-92,1983383,,16.06.2023 10:56,03.07.2023 08:28,Done,Major,,06.12.2023 12:55,CALLS Sprint 2.3,,,,,,Bug,Done
CALLS-24,1618921,,04.07.2022 10:46,10.08.2023 15:20,Done,Major,,06.12.2023 13:14,CALLS Sprint 1,CALLS Sprint 2,CALLS Sprint 2.1,CALLS Sprint 2.2,CALLS Sprint 2.3,3.0,Engineering job,Done
CALLS-116,1998794,,29.06.2023 08:50,31.07.2023 15:09,Done,Major,,01.08.2023 14:40,,,,,,,Task,Done
CALLS-153,2030032,,17.08.2023 15:16,24.08.2023 12:07,Done,Major,,24.08.2023 12:07,,,,,,2.0,Task,Done
CALLS-102,1987560,,21.06.2023 06:16,28.08.2023 07:15,Done,Major,,28.08.2023 07:27,,,,,,,Task,Done
CALLS-166,2041807,,30.08.2023 07:08,01.09.2023 14:15,Done,Major,,04.09.2023 11:02,,,,,,3.0,Engineering job,Done
CALLS-104,1981398,,15.06.2023 09:28,12.09.2023 09:18,Done,Major,,28.12.2023 10:50,,,,,,8.0,Story,Done
CALLS-168,2044712,1981398,01.09.2023 10:06,12.09.2023 09:18,Done,Major,,12.09.2023 09:18,,,,,,2.0,Sub-task,Done
CALLS-169,2044724,1981398,01.09.2023 10:10,12.09.2023 09:18,Done,Major,,12.09.2023 09:18,,,,,,5.0,Sub-task,Done
CALLS-205,2076340,,21.09.2023 13:21,10.10.2023 15:10,Done,Major,,22.08.2025 12:18,,,,,,15.0,Story,Done
CALLS-213,2076859,2076340,22.09.2023 08:38,18.10.2023 08:12,Done,Major,,18.10.2023 08:12,,,,,,,Sub-task,Done
CALLS-216,2079330,2076340,25.09.2023 13:47,26.09.2023 08:56,Done,Major,,26.09.2023 08:56,,,,,,,Sub-task,Done
CALLS-223,2089312,2076340,04.10.2023 11:50,09.10.2023 15:29,Done,Major,,09.10.2023 15:29,,,,,,,Sub-task,Done
CALLS-181,2076906,,21.09.2023 19:50,25.09.2023 09:39,Done,Major,,13.10.2023 09:49,,,,,,1.0,Engineering job,Done
CALLS-182,2076907,,21.09.2023 19:52,28.09.2023 10:04,Abandoned,Major,,01.10.2023 17:13,,,,,,,Story,Won't Do
CALLS-183,2076908,,21.09.2023 19:57,19.10.2023 12:36,Done,Major,,22.10.2023 19:23,,,,,,3.0,Engineering job,Done
CALLS-184,2076909,,21.09.2023 19:59,19.10.2023 12:35,Done,Major,,22.10.2023 19:24,,,,,,1.0,Engineering job,Done
CALLS-218,2083061,,28.09.2023 10:10,03.10.2023 08:52,Done,Major,,11.08.2025 15:15,,,,,,1.0,Engineering job,Done
CALLS-185,2076910,,21.09.2023 20:08,18.10.2023 10:10,Done,Major,,18.10.2023 10:10,,,,,,1.0,Task,Done
CALLS-232,2098522,,12.10.2023 09:45,07.11.2023 10:10,Done,Major,,11.08.2025 15:54,,,,,,5.0,Story,Done
CALLS-233,2099638,2098522,13.10.2023 08:39,13.10.2023 14:42,Done,Major,,13.10.2023 14:42,,,,,,,Sub-task,Done
CALLS-234,2099690,,13.10.2023 09:09,18.10.2023 13:09,Done,Major,,12.08.2025 13:08,,,,,,2.0,Story,Done
CALLS-208,2076341,,21.09.2023 13:22,18.10.2023 14:11,Done,Major,,22.08.2025 15:08,,,,,,5.0,Story,Done
CALLS-228,2097477,2076341,11.10.2023 13:19,18.10.2023 12:42,Done,Major,,18.10.2023 12:42,,,,,,,Sub-task,Done
CALLS-241,2103027,2076341,17.10.2023 12:00,20.10.2023 09:40,Done,Major,,20.10.2023 09:40,,,,,,,Sub-task,Done
CALLS-192,2076918,,21.09.2023 20:24,21.11.2023 14:58,Done,Major,,21.11.2023 15:31,,,,,,2.0,Engineering job,Done
CALLS-240,2060144,,14.09.2023 09:03,27.11.2023 09:35,Done,Major,,27.11.2023 09:35,,,,,,3.0,Story,Done
CALLS-247,2107021,,19.10.2023 13:00,07.12.2023 09:14,Done,Major,,07.12.2023 09:14,,,,,,2.0,Story,Done
CALLS-206,2076342,,21.09.2023 13:23,10.10.2023 15:10,Done,Major,,02.09.2025 16:23,,,,,,8.0,Story,Done
CALLS-224,2090092,2076342,05.10.2023 08:54,10.10.2023 13:28,Done,Major,,10.10.2023 13:28,,,,,,,Sub-task,Done
CALLS-190,2076916,,21.09.2023 20:20,12.10.2023 09:28,Abandoned,Major,,13.10.2023 08:00,,,,,,8.0,Story,Won't Do
CALLS-191,2076917,,21.09.2023 20:23,12.10.2023 09:25,Abandoned,Major,,13.10.2023 08:01,,,,,,5.0,Story,Won't Do
CALLS-229,2098414,2076917,12.10.2023 08:49,12.10.2023 09:38,Abandoned,Major,,12.10.2023 09:38,,,,,,,Sub-task,Won't Do
CALLS-197,2050511,,06.09.2023 13:28,25.10.2023 08:39,Done,Major,,05.09.2025 09:44,,,,,,5.0,Story,Done
CALLS-196,2051536,,07.09.2023 09:56,25.10.2023 08:39,Done,Major,,27.08.2025 12:21,,,,,,5.0,Story,Done
CALLS-238,2041988,,30.08.2023 10:02,22.11.2023 13:20,Done,Major,,22.11.2023 13:20,,,,,,5.0,Story,Done
CALLS-239,2060143,,14.09.2023 09:01,22.11.2023 11:59,Done,Major,,22.11.2023 11:59,,,,,,3.0,Story,Done
CALLS-174,2049584,,06.09.2023 10:47,22.11.2023 15:22,Done,Major,,06.12.2023 13:02,,,,,,3.0,Production bug,Done
CALLS-207,2076343,,21.09.2023 13:23,07.11.2023 13:16,Done,Major,,27.08.2025 12:21,,,,,,5.0,Story,Done
CALLS-201,2061209,,14.09.2023 15:17,10.11.2023 14:44,Done,Major,,14.12.2023 13:12,,,,,,5.0,Story,Done
CALLS-265,2117374,2061209,30.10.2023 07:44,31.10.2023 12:49,Done,Major,,31.10.2023 12:49,,,,,,,Sub-task,Done
CALLS-235,2099807,,13.10.2023 09:29,26.10.2023 15:58,Done,Major,,12.11.2023 13:39,,,,,,5.0,Story,Done
CALLS-236,2100506,2099807,13.10.2023 14:47,26.10.2023 15:50,Done,Major,,26.10.2023 15:50,,,,,,,Sub-task,Done
CALLS-237,2100507,2099807,13.10.2023 14:47,25.10.2023 15:58,Done,Major,,25.10.2023 15:58,,,,,,,Sub-task,Done
CALLS-200,2076924,,21.09.2023 20:49,16.11.2023 09:16,Abandoned,Major,,16.11.2023 09:16,,,,,,1.0,Engineering job,Won't Do
CALLS-202,2061210,,14.09.2023 15:17,10.11.2023 07:30,Done,Major,,14.12.2023 13:12,,,,,,5.0,Story,Done
CALLS-230,2076913,,21.09.2023 20:14,03.11.2023 16:04,Done,Major,,06.12.2023 13:08,,,,,,3.0,Production bug,Done
CALLS-267,2118854,,30.10.2023 17:21,10.11.2023 12:10,Done,Minor,,06.12.2023 13:05,,,,,,2.0,Production bug,Done
CALLS-276,2124556,,03.11.2023 15:41,14.11.2023 15:03,Done,Minor,,06.12.2023 13:24,,,,,,2.0,Production bug,Done
CALLS-269,2118899,,31.10.2023 08:04,06.11.2023 10:46,Done,Major,,06.12.2023 13:28,,,,,,1.0,Production bug,Done
CALLS-268,2118810,,30.10.2023 16:18,02.01.2024 14:02,Done,Major,,02.01.2024 14:02,,,,,,2.0,Production bug,Done
CALLS-255,2114488,,25.10.2023 15:27,10.11.2023 08:53,Done,Major,,06.12.2023 13:24,,,,,,1.0,Production bug,Done
CALLS-231,2088630,,03.10.2023 17:07,15.11.2023 13:05,Done,Major,,06.12.2023 13:25,,,,,,2.0,Production bug,Done
CALLS-270,2119434,,31.10.2023 10:43,06.11.2023 09:38,Done,Major,,06.12.2023 13:25,,,,,,2.0,Production bug,Done
CALLS-292,2135935,,15.11.2023 12:11,22.11.2023 12:24,Done,Major,,06.12.2023 13:26,,,,,,2.0,Production bug,Done
CALLS-271,2119447,,31.10.2023 10:50,30.11.2023 12:27,Done,Major,,06.12.2023 13:30,,,,,,3.0,Production bug,Done
CALLS-264,2116956,,27.10.2023 14:34,21.11.2023 10:20,Done,Minor,,06.12.2023 12:58,,,,,,2.0,Production bug,Done
CALLS-263,2091999,,06.10.2023 08:57,31.10.2023 14:20,Done,Major,,06.12.2023 13:16,,,,,,2.0,Production bug,Done
CALLS-215,2077190,,22.09.2023 10:54,31.10.2023 07:39,Done,Minor,,06.12.2023 13:07,,,,,,2.0,Production bug,Done
CALLS-179,2060553,,14.09.2023 11:40,27.11.2023 14:39,Done,Minor,,23.07.2024 14:33,,,,,,2.0,Production bug,Done
CALLS-282,2132920,,13.11.2023 12:53,21.11.2023 08:44,Abandoned,Major,,06.12.2023 13:06,,,,,,,Bug,Won't Do
CALLS-219,2083568,,28.09.2023 14:35,09.11.2023 14:06,Abandoned,Minor,,06.12.2023 12:58,,,,,,,Production bug,Won't Do
CALLS-250,2109981,,23.10.2023 12:30,10.11.2023 13:33,Done,Minor,,06.12.2023 13:19,,,,,,2.0,Production bug,Done
CALLS-227,2076921,,21.09.2023 20:33,24.10.2023 11:56,Done,Major,,12.08.2025 14:34,,,,,,2.0,Story,Done
CALLS-203,2062938,,15.09.2023 14:20,03.11.2023 13:59,Done,Major,,22.08.2025 10:51,,,,,,5.0,Story,Done
CALLS-214,2076883,2062938,22.09.2023 09:00,05.10.2023 09:15,Done,Major,,05.10.2023 09:15,,,,,,,Sub-task,Done
CALLS-204,2062948,,15.09.2023 14:21,11.10.2023 14:24,Done,Major,,22.08.2025 12:14,,,,,,5.0,Story,Done
CALLS-251,2111521,,24.10.2023 07:48,24.10.2023 13:35,Done,Major,,13.12.2023 12:57,,,,,,1.0,Task,Done
CALLS-106,1982136,,15.06.2023 11:44,12.09.2023 09:15,Done,Major,,28.12.2023 10:50,,,,,,5.0,Story,Done
CALLS-110,1888309,,22.03.2023 08:02,20.07.2023 13:52,Done,Major,,20.07.2023 13:52,,,,,,5.0,Story,Done
CALLS-109,1887591,,21.03.2023 15:00,25.07.2023 11:58,Done,Major,,03.10.2023 17:07,,,,,,5.0,Story,Done
CALLS-111,1943942,,09.05.2023 14:32,08.08.2023 09:27,Done,Major,,26.09.2023 12:00,,,,,,3.0,Story,Done
CALLS-150,2025554,,14.08.2023 08:49,25.08.2023 10:49,Done,Major,,06.12.2023 13:28,,,,,,2.0,Production bug,Done
CALLS-334,2160167,,30.11.2023 09:34,22.07.2024 15:32,Done,Major,,22.07.2024 15:32,BPAY PI 2024:1.2-BPAY - SmartP,,,,,3.0,Story,Done
CALLS-87,1972594,,06.06.2023 10:31,13.11.2023 13:14,Done,Major,,06.12.2023 13:08,,,,,,1.0,Engineering job,Done
CALLS-156,2033342,,22.08.2023 09:43,07.09.2023 14:00,Done,Major,,07.09.2023 14:00,,,,,,1.0,Task,Done
CALLS-157,2033357,,22.08.2023 09:51,12.09.2023 09:13,Done,Major,,14.05.2024 11:56,,,,,,3.0,Task,Done
CALLS-136,2013368,,25.07.2023 08:47,13.09.2023 09:52,Done,Major,,13.09.2023 09:52,,,,,,5.0,Engineering job,Done
CALLS-163,2039925,,28.08.2023 13:59,31.08.2023 15:12,Done,Major,,06.12.2023 13:09,,,,,,3.0,Production bug,Done
CALLS-161,2036085,,24.08.2023 09:35,28.08.2023 14:30,Done,Major,,24.10.2023 09:59,,,,,,2.0,Task,Done
CALLS-162,2036849,,24.08.2023 11:10,28.08.2023 08:07,Done,Major,,06.12.2023 12:59,,,,,,,Production bug,Done
CALLS-108,1887535,,21.03.2023 13:10,28.08.2023 09:02,Done,Trivial,,28.08.2023 09:02,,,,,,2.0,Engineering job,Done
CALLS-122,1988763,,21.06.2023 15:32,02.08.2023 09:22,Done,Minor,,02.08.2023 09:22,,,,,,1.0,Production bug,Done
CALLS-129,1991562,,26.06.2023 12:45,28.07.2023 13:15,Done,Major,,06.12.2023 13:08,,,,,,1.0,Production bug,Done
CALLS-66,1950818,,16.05.2023 08:56,27.07.2023 13:46,Done,Minor,,23.07.2024 11:26,,,,,,3.0,Engineering job,Done
CALLS-68,1926613,,20.04.2023 15:07,10.08.2023 15:16,Done,Major,,23.07.2024 10:40,CALLS Sprint 2.1,CALLS Sprint 2.2,CALLS Sprint 2.3,,,3.0,Engineering job,Done
CALLS-91,1982384,1926613,15.06.2023 13:49,16.06.2023 15:09,Done,Major,,20.06.2023 08:53,CALLS Sprint 2.1,CALLS Sprint 2.2,CALLS Sprint 2.3,,,,Sub-task,Done
CALLS-121,2002471,1926613,04.07.2023 10:19,11.08.2023 10:26,Done,Major,,11.08.2023 10:26,CALLS Sprint 2.1,CALLS Sprint 2.2,CALLS Sprint 2.3,,,,Sub-task,Done
CALLS-9,1881264,,15.03.2023 14:48,17.08.2023 08:41,Abandoned,Major,,17.08.2023 08:41,CALLS Sprint 2.2,,,,,1.0,Story,Won't Do
CALLS-59,1947085,,12.05.2023 09:18,19.05.2023 07:49,Done,Minor,,19.05.2023 07:49,CALLS Sprint 2.1,,,,,,Task,Done
CALLS-60,1947091,,12.05.2023 09:22,16.05.2023 11:50,Done,Minor,,16.05.2023 11:50,CALLS Sprint 2.1,,,,,,Task,Done
CALLS-62,1947098,,12.05.2023 09:29,16.05.2023 11:50,Done,Minor,,16.05.2023 11:50,CALLS Sprint 2.1,,,,,,Task,Done
CALLS-64,1947303,,12.05.2023 09:31,16.05.2023 12:35,Done,Minor,,16.05.2023 12:35,CALLS Sprint 2.1,,,,,,Task,Done
CALLS-391,1953956,,18.05.2023 10:06,02.02.2024 13:22,Done,Critical,,02.02.2024 13:23,,,,,,1.0,Production bug,Done
CALLS-73,1959725,,25.05.2023 08:30,20.06.2023 13:45,Done,Major,,30.06.2023 13:58,CALLS Sprint 2.2,CALLS Sprint 2.3,,,,2.0,Engineering job,Done
CALLS-84,1972443,,06.06.2023 08:41,28.06.2023 11:17,Done,Major,,24.08.2023 15:20,CALLS Sprint 2.3,,,,,13.0,Story,Done
CALLS-63,1947301,,12.05.2023 09:30,12.06.2023 10:35,Done,Critical,,06.12.2023 13:08,CALLS Sprint 2.1,CALLS Sprint 2.3,,,,1.0,Task,Done
CALLS-69,1953732,,17.05.2023 15:41,05.07.2023 12:10,Done,Major,,23.07.2024 11:26,CALLS Sprint 2.3,,,,,5.0,Engineering job,Done
CALLS-152,1993408,,26.06.2023 15:35,23.08.2023 11:51,Done,Major,,06.12.2023 13:15,,,,,,2.0,Engineering job,Done
CALLS-178,1960585,,25.05.2023 14:23,22.09.2023 10:08,Done,Major,,06.12.2023 13:00,,,,,,1.0,Production bug,Done
CALLS-76,1963588,,29.05.2023 14:27,13.07.2023 15:33,Done,Trivial,,06.12.2023 13:21,CALLS Sprint 2.3,,,,,,Task,Done
CALLS-77,1965819,,30.05.2023 15:38,31.05.2023 12:59,Done,Major,,06.12.2023 13:18,CALLS Sprint 2.2,,,,,,Production bug,Done
CALLS-78,1966225,,31.05.2023 09:38,05.06.2023 11:06,Done,Minor,,23.07.2024 12:45,CALLS Sprint 2.2,,,,,1.0,Task,Done
CALLS-46,1937878,,04.05.2023 07:38,11.08.2023 14:03,Done,Major,,23.07.2024 12:45,,,,,,,Bug,Done
CALLS-61,1947094,,12.05.2023 09:24,21.07.2023 08:39,Done,Minor,,23.07.2024 10:40,,,,,,2.0,Task,Done
CALLS-32,1889833,,23.03.2023 08:23,10.08.2023 08:24,Done,Minor,,10.08.2023 08:24,,,,,,,Engineering job,Done
CALLS-83,1972904,,06.06.2023 14:29,09.08.2023 13:00,Done,Major,,09.08.2023 13:00,,,,,,3.0,Task,Done
CALLS-158,2033642,,22.08.2023 11:37,26.09.2023 14:17,Done,Major,,24.10.2023 09:57,,,,,,8.0,Task,Done
CALLS-171,2046820,2033642,04.09.2023 14:14,12.09.2023 09:05,Abandoned,Major,,12.09.2023 09:05,,,,,,,Sub-task,Won't Do
CALLS-175,2054415,2033642,08.09.2023 15:20,11.09.2023 11:30,Abandoned,Major,,11.09.2023 11:30,,,,,,,Sub-task,Won't Do
CALLS-145,1790688,,19.12.2022 10:38,24.08.2023 13:15,Done,Major,,07.12.2023 09:05,,,,,,2.0,Engineering job,Done
CALLS-86,1974386,,08.06.2023 08:10,15.06.2023 14:07,Done,Minor,,06.12.2023 13:15,CALLS Sprint 2.3,,,,,1.0,Bug,Done
CALLS-89,1979158,,13.06.2023 12:16,20.06.2023 13:45,Done,Major,,06.12.2023 13:04,CALLS Sprint 2.3,,,,,1.0,Engineering job,Done
CALLS-90,1981056,,14.06.2023 15:37,16.06.2023 14:15,Done,Minor,,06.12.2023 13:09,CALLS Sprint 2.3,,,,,1.0,Engineering job,Done
CALLS-154,1986150,,20.06.2023 09:21,18.09.2023 10:01,Done,Major,,23.07.2024 10:40,,,,,,1.0,Production bug,Done
CALLS-243,1986598,,20.06.2023 13:00,20.10.2023 11:05,Done,Critical,,06.12.2023 13:29,,,,,,2.0,Production bug,Done
CALLS-315,1987015,,20.06.2023 14:01,27.11.2023 09:02,Done,Major,,06.12.2023 13:28,,,,,,5.0,Production bug,Done
CALLS-217,1987562,,21.06.2023 06:33,29.09.2023 08:04,Done,Major,,23.07.2024 12:34,,,,,,1.0,Production bug,Done
CALLS-117,1999346,,29.06.2023 11:17,11.08.2023 13:51,Done,Trivial,,23.07.2024 12:45,,,,,,,Task,Done
CALLS-128,2008839,,13.07.2023 12:16,13.07.2023 15:39,Done,Major,,13.07.2023 15:39,,,,,,,Bug,Done
CALLS-131,2011954,,20.07.2023 12:13,01.08.2023 15:31,Done,Minor,,06.12.2023 13:17,,,,,,1.0,Production bug,Done
CALLS-133,2012120,,20.07.2023 14:15,04.08.2023 16:22,Abandoned,Minor,,04.08.2023 16:30,,,,,,,Bug,Won't Do
CALLS-138,2013994,,26.07.2023 09:54,01.08.2023 08:33,Abandoned,Minor,,06.12.2023 13:17,,,,,,,Bug,Won't Do
CALLS-139,2014738,,27.07.2023 10:59,13.09.2023 12:57,Done,Major,,23.07.2024 11:26,,,,,,1.0,Task,Done
CALLS-141,2015571,,28.07.2023 12:41,02.08.2023 09:20,Done,Major,,06.12.2023 13:12,,,,,,1.0,Production bug,Done
CALLS-142,2019013,,02.08.2023 14:24,10.08.2023 14:53,Done,Major,,10.08.2023 14:53,,,,,,1.0,Story,Done
CALLS-146,2022481,,09.08.2023 11:22,11.08.2023 08:29,Done,Major,,26.02.2025 08:32,,,,,,,Bug,Done
CALLS-147,2025151,,11.08.2023 15:38,01.09.2023 08:18,Abandoned,Major,,23.07.2024 12:34,,,,,,,Bug,Won't Do
CALLS-155,2029331,,17.08.2023 09:41,22.08.2023 15:09,Done,Major,,25.08.2023 10:09,,,,,,4.0,Story,Done
CALLS-491,2344165,,09.05.2024 12:59,17.05.2024 11:40,Done,Major,,27.05.2024 10:13,,,,,,8.0,Story,Done
CALLS-567,2418199,,17.07.2024 10:44,23.08.2024 15:27,Done,Major,,23.08.2024 15:27,,,,,,2.0,Bug,Done
CALLS-588,2434349,,14.08.2024 13:20,23.08.2024 15:27,Done,Major,,23.08.2024 15:27,,,,,,2.0,Bug,Done
CALLS-551,2406008,,02.07.2024 08:19,03.07.2024 11:58,Done,Major,,04.07.2024 12:25,,,,,,1.0,Bug,Done
CALLS-547,2403859,,28.06.2024 13:53,15.07.2024 14:09,Done,Major,,15.07.2024 14:09,,,,,,2.0,Bug,Done
CALLS-548,2404218,,28.06.2024 15:07,04.07.2024 13:10,Done,Major,,18.07.2024 10:48,,,,,,2.0,Bug,Done
CALLS-549,2397512,,25.06.2024 10:47,04.07.2024 15:28,Done,Major,,14.11.2024 08:08,,,,,,2.0,Bug,Done
CALLS-555,2408643,2397512,04.07.2024 09:31,04.07.2024 15:15,Done,Major,,04.07.2024 15:15,,,,,,,Sub-task,Done
CALLS-546,2402577,,27.06.2024 12:52,10.07.2024 14:39,Done,Major,,10.07.2024 14:39,,,,,,3.0,Bug,Done
CALLS-572,2418931,,18.07.2024 08:00,27.08.2024 13:29,Done,Major,,27.08.2024 13:29,,,,,,2.0,Story,Done
CALLS-589,2430710,,09.08.2024 15:09,06.09.2024 08:18,Done,Major,,06.09.2024 08:18,,,,,,2.0,Story,Done
CALLS-586,2431353,,12.08.2024 09:36,09.09.2024 11:07,Done,Major,,09.09.2024 11:07,,,,,,3.0,Story,Done
CALLS-596,2441486,,21.08.2024 15:22,22.08.2024 13:58,Done,Major,,22.08.2024 13:58,,,,,,1.0,Engineering job,Done
CALLS-585,2431259,,12.08.2024 09:13,21.08.2024 15:19,Done,Major,,20.09.2024 12:09,,,,,,3.0,Story,Done
CALLS-709,2501508,,01.10.2024 13:25,04.10.2024 11:34,Done,Major,,10.10.2024 09:32,,,,,,3.0,Engineering job,Done
CALLS-710,2503551,,03.10.2024 09:16,04.10.2024 09:24,Done,Major,,04.10.2024 09:24,,,,,,2.0,Story,Done
CALLS-603,2446270,,26.08.2024 13:02,04.09.2024 12:51,Done,Major,,04.09.2024 12:51,,,,,,1.0,Production bug,Done
CALLS-578,2422058,,24.07.2024 14:27,05.09.2024 08:56,Abandoned,Major,,05.09.2024 08:56,,,,,,,Bug,Won't Do
CALLS-575,2420955,,23.07.2024 08:51,08.08.2024 14:10,Done,Major,,08.08.2024 14:10,,,,,,3.0,Production bug,Done
CALLS-580,2423042,,26.07.2024 09:50,07.08.2024 08:36,Done,Major,,12.08.2024 09:36,,,,,,3.0,Story,Done
CALLS-504,2360089,,23.05.2024 09:48,20.06.2024 09:03,Done,Major,,20.06.2024 09:03,,,,,,3.0,Bug,Done
CALLS-505,2361424,,24.05.2024 06:47,03.06.2024 13:38,Done,Major,,03.06.2024 13:38,,,,,,5.0,Bug,Done
CALLS-485,2338523,,03.05.2024 11:14,16.05.2024 11:03,Done,Major,,16.05.2024 11:03,,,,,,3.0,Engineering job,Done
CALLS-488,2340582,,07.05.2024 07:37,08.05.2024 11:18,Done,Major,,16.05.2024 10:18,,,,,,1.0,Engineering job,Done
CALLS-484,2329760,,24.04.2024 13:23,03.06.2024 14:28,Done,Major,,03.06.2024 14:28,,,,,,2.0,Engineering job,Done
CALLS-496,2348926,,14.05.2024 15:22,28.05.2024 08:44,Done,Major,,28.05.2024 08:45,,,,,,2.0,Bug,Done
CALLS-493,2347392,,13.05.2024 16:04,27.05.2024 15:37,Done,Major,,27.05.2024 15:37,,,,,,2.0,Bug,Done
CALLS-507,2364955,,28.05.2024 12:32,11.06.2024 12:15,Done,Major,,22.07.2024 15:40,,,,,,5.0,Bug,Done
CALLS-508,2374503,,05.06.2024 12:32,29.07.2024 14:46,Done,Major,,02.08.2024 14:00,,,,,,3.0,Engineering job,Done
CALLS-512,2378607,,10.06.2024 13:56,14.06.2024 14:11,Done,Major,,14.06.2024 14:11,,,,,,3.0,Bug,Done
CALLS-395,2035034,,23.08.2023 11:54,31.01.2024 08:54,Done,Major,,09.02.2024 11:23,,,,,,,Production bug,Done
CALLS-225,2039678,,28.08.2023 12:57,10.10.2023 13:28,Done,Major,,06.12.2023 13:19,,,,,,1.0,Production bug,Done
CALLS-170,2044224,,31.08.2023 16:17,15.09.2023 12:20,Done,Critical,,15.09.2023 12:20,,,,,,,Production bug,Done
CALLS-172,2049435,,06.09.2023 08:55,12.10.2023 08:24,Done,Major,,17.10.2023 10:33,,,,,,1.0,Engineering job,Done
CALLS-173,2052416,,07.09.2023 13:50,08.09.2023 08:57,Abandoned,Major,,06.12.2023 13:27,,,,,,,Bug,Won't Do
CALLS-257,2060779,,14.09.2023 12:46,31.10.2023 12:47,Done,Major,,03.09.2025 08:15,,,,,,3.0,Story,Done
CALLS-226,2077600,,22.09.2023 11:58,19.10.2023 11:55,Done,Major,,07.03.2024 08:04,,,,,,5.0,Story,Done
CALLS-258,2077606,,22.09.2023 12:05,30.10.2023 12:45,Done,Major,,24.11.2023 15:49,,,,,,2.0,Story,Done
CALLS-759,2535981,,29.10.2024 14:32,31.10.2024 15:19,Done,Major,,31.10.2024 15:19,,,,,,1.0,Engineering job,Done
CALLS-252,2079723,,25.09.2023 15:28,03.11.2023 14:51,Done,Major,,23.07.2024 12:34,,,,,,2.0,Story,Done
CALLS-220,2081109,,26.09.2023 15:05,09.10.2023 08:05,Done,Major,,23.07.2024 12:34,,,,,,1.0,Production bug,Done
CALLS-221,2088319,,03.10.2023 14:41,05.10.2023 12:44,Done,Major,,23.07.2024 12:34,,,,,,1.0,Engineering job,Done
CALLS-259,2088448,,03.10.2023 15:30,30.10.2023 14:29,Done,Major,,02.09.2025 16:59,,,,,,2.0,Story,Done
CALLS-347,2168262,,07.12.2023 15:22,11.12.2023 13:22,Done,Critical,,14.12.2023 14:24,,,,,,2.0,Production bug,Done
CALLS-369,2184364,,02.01.2024 09:30,09.01.2024 11:43,Done,Major,,09.01.2024 11:43,,,,,,8.0,Production bug,Done
CALLS-381,2197480,,15.01.2024 16:32,02.02.2024 10:40,Done,Major,,02.02.2024 10:43,,,,,,3.0,Production bug,Done
CALLS-383,2208348,,24.01.2024 12:20,26.01.2024 13:04,Done,Major,,26.01.2024 13:04,,,,,,2.0,Engineering job,Done
CALLS-385,2210613,2208348,25.01.2024 10:52,05.02.2024 07:55,Done,Major,,05.02.2024 07:55,,,,,,,Sub-task,Done
CALLS-384,2208930,,24.01.2024 15:13,26.01.2024 11:09,Done,Major,,26.01.2024 11:09,,,,,,1.0,Engineering job,Done
CALLS-378,2199460,,17.01.2024 09:10,24.01.2024 09:09,Done,Major,,24.01.2024 09:09,,,,,,,Task,Won't Do
CALLS-339,2162041,,01.12.2023 09:24,19.12.2023 14:46,Done,Major,,25.11.2025 08:39,,,,,,5.0,Story,Done
CALLS-354,2178576,,19.12.2023 09:02,29.12.2023 09:35,Done,Major,,13.10.2025 08:47,,,,,,2.0,Engineering job,Done
CALLS-355,2179804,,20.12.2023 08:23,19.01.2024 10:08,Done,Major,,19.01.2024 10:08,,,,,,3.0,Engineering job,Done
CALLS-346,2167586,,07.12.2023 09:52,29.01.2024 14:09,Done,Major,,25.11.2025 08:39,,,,,,3.0,Story,Done
CALLS-345,2167524,,07.12.2023 09:01,21.12.2023 10:57,Done,Major,,21.12.2023 10:57,,,,,,2.0,Engineering job,Done
CALLS-159,2033643,,22.08.2023 11:38,24.01.2024 07:44,Done,Major,,20.05.2024 11:48,,,,,,13.0,Task,Done
CALLS-306,2095810,,10.10.2023 10:14,22.11.2023 08:41,Done,Critical,,23.07.2024 12:34,,,,,,2.0,Production bug,Done
CALLS-249,2096175,,10.10.2023 14:21,23.10.2023 15:14,Done,Major,,04.09.2025 13:11,,,,,,1.0,Story,Done
CALLS-244,2097191,,11.10.2023 11:22,24.10.2023 11:20,Done,Major,,07.03.2024 08:04,,,,,,2.0,Story,Done
CALLS-245,2097579,,11.10.2023 14:08,01.11.2023 08:56,Done,Major,,04.09.2025 12:20,,,,,,2.0,Story,Done
CALLS-293,2101722,,16.10.2023 12:13,21.11.2023 13:06,Done,Major,,08.12.2023 16:11,,,,,,5.0,Story,Done
CALLS-242,2104303,,18.10.2023 10:09,10.11.2023 11:38,Done,Major,,10.11.2023 11:38,,,,,,2.0,Engineering job,Done
CALLS-260,2105607,,19.10.2023 08:26,08.11.2023 12:17,Done,Major,,27.08.2025 15:52,,,,,,5.0,Story,Done
CALLS-261,2105610,,19.10.2023 08:30,08.11.2023 12:17,Done,Major,,27.08.2025 15:07,,,,,,3.0,Story,Done
CALLS-246,2106575,,19.10.2023 11:53,24.10.2023 15:21,Done,Major,,23.07.2024 12:34,,,,,,1.0,Story,Done
CALLS-266,2118200,,30.10.2023 12:17,24.11.2023 09:52,Done,Major,,24.11.2023 09:52,,,,,,5.0,Engineering job,Done
CALLS-277,2128537,,08.11.2023 14:15,13.11.2023 13:57,Done,Minor,,06.12.2023 13:14,,,,,,1.0,Production bug,Done
CALLS-278,2128539,,08.11.2023 14:18,14.11.2023 09:14,Done,Minor,,06.12.2023 13:10,,,,,,2.0,Production bug,Done
CALLS-287,2129134,,09.11.2023 08:28,09.11.2023 13:24,Done,Major,,06.12.2023 13:06,,,,,,1.0,Bug,Done
CALLS-286,2133917,,14.11.2023 09:19,22.11.2023 09:26,Done,Trivial,,06.12.2023 12:58,,,,,,2.0,Production bug,Done
CALLS-294,2135031,,14.11.2023 15:29,30.11.2023 14:13,Done,Trivial,,06.12.2023 12:55,,,,,,5.0,Story,Done
CALLS-373,2136090,,15.11.2023 13:36,26.01.2024 11:48,Done,Major,,26.01.2024 11:50,,,,,,,Story,Done
CALLS-370,2176248,,15.12.2023 11:05,19.01.2024 09:09,Done,Trivial,,19.01.2024 09:10,,,,,,1.0,Production bug,Done
CALLS-310,2141520,,20.11.2023 11:27,01.12.2023 09:32,Done,Major,,06.12.2023 13:04,,,,,,3.0,Story,Done
CALLS-351,2146489,,23.11.2023 13:15,20.12.2023 13:03,Abandoned,Major,,20.12.2023 13:03,,,,,,3.0,Bug,Won't Do
CALLS-358,2164749,,05.12.2023 09:49,28.12.2023 15:16,Done,Trivial,,28.12.2023 15:17,,,,,,1.0,Production bug,Done
CALLS-344,2165660,,05.12.2023 16:14,06.12.2023 15:33,Done,Critical,,02.01.2024 12:44,,,,,,1.0,Bug,Done
CALLS-379,2167764,,07.12.2023 11:06,17.01.2024 11:49,Done,Major,,17.01.2024 11:49,,,,,,,Task,Done
CALLS-364,2169219,,08.12.2023 13:41,17.01.2024 15:53,Done,Minor,,20.02.2024 08:24,,,,,,2.0,Bug,Done
CALLS-349,2170009,,11.12.2023 08:20,14.12.2023 08:33,Done,Major,,14.12.2023 08:33,,,,,,1.0,Production bug,Done
CALLS-817,2171149,,12.12.2023 08:06,17.12.2024 13:46,Done,Minor,,29.12.2025 15:22,,,,,,1.0,Engineering job,Done
CALLS-417,2226778,,06.02.2024 12:23,07.03.2024 13:43,Done,Major,,07.03.2024 13:43,,,,,,3.0,Engineering job,Done
CALLS-425,2243330,,14.02.2024 16:06,14.03.2024 08:59,Done,Major,,14.03.2024 08:59,,,,,,5.0,Story,Done
CALLS-429,2255957,,26.02.2024 14:50,15.04.2024 14:22,Done,Major,,15.04.2024 14:22,,,,,,5.0,Story,Done
CALLS-434,2267728,2255957,06.03.2024 16:09,21.03.2024 13:31,Done,Major,,21.03.2024 13:31,,,,,,,Sub-task,Done
CALLS-437,2271713,,11.03.2024 15:15,22.04.2024 07:59,Done,Major,,01.08.2024 15:51,,,,,,8.0,Story,Done
CALLS-506,2284352,,22.03.2024 08:03,07.06.2024 11:17,Done,Trivial,,07.06.2024 11:17,,,,,,2.0,Story,Done
CALLS-149,2029143,,17.08.2023 08:30,07.06.2024 10:33,Done,Major,,07.06.2024 10:33,,,,,,5.0,Engineering job,Done
CALLS-495,2267445,,06.03.2024 13:41,31.05.2024 11:19,Done,Trivial,,31.05.2024 11:19,,,,,,5.0,Bug,Done
CALLS-503,2359332,2267445,22.05.2024 16:28,31.05.2024 11:18,Done,Major,,31.05.2024 11:18,,,,,,,Sub-task,Done
CALLS-443,2283205,,21.03.2024 06:57,05.04.2024 12:30,Abandoned,Major,,05.04.2024 12:30,,,,,,,Story,Won't Do
CALLS-444,2283955,,21.03.2024 13:09,12.04.2024 12:59,Done,Major,,12.04.2024 12:59,,,,,,3.0,Engineering job,Done
CALLS-446,2284295,,21.03.2024 15:46,27.03.2024 08:38,Done,Major,,27.03.2024 08:38,,,,,,3.0,Bug,Done
CALLS-435,2267253,,06.03.2024 11:59,08.05.2024 14:30,Done,Major,,08.05.2024 14:30,,,,,,3.0,Bug,Done
CALLS-430,2256509,,27.02.2024 07:34,18.03.2024 15:26,Done,Major,,18.03.2024 15:26,,,,,,5.0,Story,Done
CALLS-422,2240989,,13.02.2024 15:54,28.02.2024 08:58,Done,Major,,28.02.2024 08:58,,,,,,5.0,Story,Done
CALLS-350,2173589,,13.12.2023 14:54,23.01.2024 13:57,Done,Major,,23.01.2024 13:57,,,,,,1.0,Engineering job,Done
CALLS-448,2292640,,28.03.2024 14:30,04.04.2024 14:01,Done,Major,,04.04.2024 14:01,,,,,,2.0,Bug,Done
CALLS-450,2295441,,03.04.2024 09:05,18.04.2024 14:58,Done,Major,,18.04.2024 14:58,,,,,,13.0,Story,Done
CALLS-424,2208030,,24.01.2024 09:50,01.03.2024 10:23,Done,Major,22.02.2024 00:00,01.03.2024 10:23,,,,,,3.0,Engineering job,Done
CALLS-356,2175524,,14.12.2023 15:34,27.12.2023 13:48,Done,Major,,27.12.2023 13:48,,,,,,3.0,Story,Done
CALLS-361,2181403,,21.12.2023 12:37,04.01.2024 16:19,Done,Minor,,04.01.2024 16:19,,,,,,2.0,Bug,Done
CALLS-357,2181863,,21.12.2023 14:33,29.12.2023 12:26,Done,Major,,29.12.2023 12:26,,,,,,2.0,Production bug,Done
CALLS-408,2195580,,12.01.2024 15:34,27.02.2024 09:06,Done,Major,,27.02.2024 09:06,BPAY PI 2024:1.2-BPAY - SmartP,,,,,3.0,Story,Done
CALLS-416,2225804,2195580,05.02.2024 15:47,19.02.2024 12:46,Done,Major,,19.02.2024 12:46,BPAY PI 2024:1.2-BPAY - SmartP,,,,,,Sub-task,Done
CALLS-359,2183613,,28.12.2023 10:48,02.01.2024 15:36,Done,Major,,02.01.2024 15:40,,,,,,2.0,Bug,Done
CALLS-363,2185211,,02.01.2024 13:55,04.01.2024 08:24,Done,Major,,04.01.2024 08:24,,,,,,2.0,Engineering job,Done
CALLS-367,2186087,,03.01.2024 15:09,08.01.2024 10:07,Done,Minor,,08.01.2024 10:07,,,,,,1.0,Bug,Done
CALLS-368,2186608,,04.01.2024 09:04,04.01.2024 15:19,Done,Major,,10.01.2024 14:07,,,,,,1.0,Engineering job,Done
CALLS-382,2196857,,15.01.2024 12:15,22.01.2024 15:16,Abandoned,Major,,23.01.2024 12:41,,,,,,,Production bug,Won't Do
CALLS-388,2197111,,15.01.2024 13:27,29.01.2024 15:22,Done,Minor,,29.01.2024 15:22,,,,,,1.0,Production bug,Done
CALLS-389,2197134,,15.01.2024 13:56,29.01.2024 16:06,Done,Minor,,29.01.2024 16:06,,,,,,1.0,Production bug,Done
CALLS-494,2225470,,05.02.2024 14:35,28.05.2024 09:50,Done,Major,,28.05.2024 09:50,BPAY PI 2024:1.2-BPAY - SmartP,BPAY PI 2024:1.3-BPAY - SmartP,,,,5.0,Bug,Done
CALLS-509,2369668,,31.05.2024 14:09,07.06.2024 10:33,Done,Major,,10.06.2024 14:07,,,,,,1.0,Production bug,Done
CALLS-755,2524372,,21.10.2024 13:52,28.10.2024 09:32,Done,Major,,26.11.2024 10:24,,,,,,,Production bug,Done
CALLS-415,2225150,,05.02.2024 12:59,29.02.2024 13:26,Done,Minor,,29.02.2024 13:26,,,,,,3.0,Task,Done
CALLS-414,2222561,,02.02.2024 08:24,26.02.2024 11:27,Done,Major,,26.02.2024 11:27,,,,,,3.0,Production bug,Done
CALLS-571,2227050,,06.02.2024 14:02,26.07.2024 09:28,Done,Minor,,26.07.2024 09:28,,,,,,5.0,Engineering job,Done
CALLS-568,2418644,,17.07.2024 15:01,29.07.2024 08:58,Done,Trivial,,29.07.2024 08:58,,,,,,3.0,Production bug,Done
CALLS-576,2250378,,20.02.2024 15:50,09.08.2024 14:14,Done,Minor,,29.12.2025 14:47,,,,,,3.0,Production bug,Done
CALLS-577,2418598,,17.07.2024 15:51,08.08.2024 10:55,Done,Minor,,08.08.2024 10:55,,,,,,2.0,Production bug,Done
CALLS-556,2260643,,29.02.2024 10:47,17.07.2024 13:55,Done,Major,,17.07.2024 13:55,,,,,,3.0,Bug,Done
CALLS-563,2414002,,10.07.2024 16:17,19.07.2024 12:24,Done,Trivial,,19.07.2024 12:24,,,,,,2.0,Production bug,Done
CALLS-432,2261361,,29.02.2024 16:50,01.03.2024 11:19,Done,Critical,,01.03.2024 11:19,,,,,,1.0,Production bug,Done
CALLS-433,2264164,,04.03.2024 13:54,06.03.2024 12:37,Done,Blocker,,08.03.2024 09:57,,,,,,3.0,Bug,Done
CALLS-438,2264519,,04.03.2024 15:25,12.03.2024 15:28,Done,Minor,,12.03.2024 15:28,,,,,,1.0,Bug,Done
CALLS-757,2533939,,28.10.2024 12:42,05.11.2024 09:43,Done,Major,,22.01.2025 12:53,,,,,,1.0,Story,Done
CALLS-711,2503974,,03.10.2024 10:48,07.11.2024 15:00,Done,Major,,10.04.2025 08:58,,,,,,8.0,Story,Done
CALLS-712,2504431,,03.10.2024 13:23,05.11.2024 09:42,Done,Major,,22.01.2025 12:53,,,,,,5.0,Story,Done
CALLS-758,2534985,2504431,29.10.2024 08:32,06.11.2024 12:07,Done,Major,,22.01.2025 12:53,,,,,,,Sub-task,Done
CALLS-750,2521979,,18.10.2024 12:36,29.10.2024 11:20,Done,Major,,22.01.2025 12:53,,,,,,2.0,Production bug,Done
CALLS-751,2523260,,21.10.2024 08:36,28.10.2024 15:24,Done,Major,,22.01.2025 12:53,,,,,,3.0,Story,Done
CALLS-735,2511441,,09.10.2024 16:24,05.11.2024 13:54,Done,Major,,26.11.2024 10:23,,,,,,1.0,Production bug,Done
CALLS-754,2524940,,21.10.2024 15:52,28.10.2024 09:31,Done,Major,,26.11.2024 10:25,,,,,,3.0,Production bug,Done
CALLS-752,2523609,,21.10.2024 09:19,28.10.2024 12:09,Done,Minor,,26.11.2024 10:24,,,,,,1.0,Task,Done
CALLS-749,2521280,,17.10.2024 19:08,28.10.2024 11:31,Done,Minor,,26.11.2024 10:25,,,,,,3.0,Engineering job,Done
CALLS-1087,2787826,,14.05.2025 10:19,06.06.2025 14:44,Done,Major,,06.06.2025 14:44,,,,,,3.0,Task,Done
CALLS-707,2268857,,07.03.2024 15:21,01.10.2024 08:59,Done,Major,,01.10.2024 08:59,,,,,,1.0,Engineering job,Done
CALLS-439,2272636,,12.03.2024 12:56,20.03.2024 11:23,Done,Major,,20.03.2024 11:23,,,,,,1.0,Bug,Done
CALLS-440,2275478,,14.03.2024 08:36,21.03.2024 11:58,Done,Major,,21.03.2024 11:58,,,,,,3.0,Bug,Done
CALLS-374,2192876,,10.01.2024 21:33,04.04.2024 12:44,Done,Major,,04.04.2024 12:44,BPAY PI 2024:1.2-BPAY - SmartP,,,,,2.0,Engineering job,Done
CALLS-380,2202772,,19.01.2024 09:28,11.04.2024 11:37,Done,Major,,11.04.2024 11:37,BPAY PI 2024:1.2-BPAY - SmartP,,,,,2.0,Engineering job,Done
CALLS-420,2230737,,08.02.2024 12:44,07.05.2024 14:15,Done,Major,,16.05.2024 10:21,,,,,,3.0,Engineering job,Done
CALLS-441,2278743,,18.03.2024 08:40,19.03.2024 11:55,Done,Major,,21.03.2024 10:00,,,,,,2.0,Bug,Done
CALLS-561,2279522,,18.03.2024 11:45,16.07.2024 10:29,Done,Minor,,16.07.2024 10:29,,,,,,1.0,Bug,Done
CALLS-553,2280274,,19.03.2024 08:57,05.07.2024 13:03,Done,Trivial,,05.07.2024 13:03,,,,,,1.0,Production bug,Done
CALLS-559,2280507,,19.03.2024 09:26,16.07.2024 10:30,Done,Minor,,16.07.2024 10:31,,,,,,3.0,Story,Done
CALLS-445,2283942,,21.03.2024 12:50,21.03.2024 15:11,Done,Major,,22.03.2024 13:21,,,,,,1.0,Production bug,Done
CALLS-497,2285610,,22.03.2024 14:15,29.05.2024 15:27,Done,Trivial,,29.05.2024 15:27,,,,,,3.0,Engineering job,Done
CALLS-595,2286584,,25.03.2024 08:06,04.09.2024 13:42,Done,Major,,09.05.2025 15:13,,,,,,2.0,Production bug,Done
CALLS-449,2292839,,29.03.2024 11:07,02.04.2024 12:40,Done,Major,,18.04.2024 11:19,,,,,,1.0,Engineering job,Done
CALLS-863,2362976,,27.05.2024 09:52,23.01.2025 13:07,Done,Major,,23.01.2025 13:07,BPAY PI 2024:5.1-BPAY - e-PAY,,,,,3.0,Engineering job,Done
CALLS-842,2615832,,08.01.2025 15:15,23.01.2025 08:10,Done,Major,,03.12.2025 14:28,,,,,,3.0,Bug,Done
CALLS-564,2308910,,11.04.2024 12:17,10.09.2024 11:32,Done,Major,,10.09.2024 11:32,,,,,,3.0,Production bug,Done
CALLS-607,2460829,,05.09.2024 12:18,09.09.2024 13:37,Done,Major,,09.09.2024 13:37,,,,,,1.0,Bug,Done
CALLS-464,2314345,,16.04.2024 13:50,19.04.2024 13:01,Abandoned,Major,,15.05.2024 14:27,,,,,,3.0,Story,Won't Do
CALLS-467,2314348,,16.04.2024 13:50,19.04.2024 13:01,Abandoned,Major,,15.05.2024 14:26,,,,,,5.0,Story,Won't Do
CALLS-39,1924115,,19.04.2023 13:15,06.06.2024 09:40,Abandoned,Major,,06.06.2024 09:40,CALLS Sprint 2,CALLS Sprint 2.1,CALLS Sprint 2.3,,,5.0,Story,Won't Do
CALLS-58,1924459,,19.04.2023 14:31,06.06.2024 09:40,Abandoned,Major,,06.06.2024 09:40,,,,,,,Story,Won't Do
CALLS-697,2486714,,18.09.2024 07:46,18.10.2024 08:11,Done,Major,,18.10.2024 08:11,,,,,,2.0,Task,Done
CALLS-552,2326116,,23.04.2024 10:38,05.07.2024 12:48,Done,Minor,,05.07.2024 12:48,,,,,,1.0,Engineering job,Done
CALLS-372,2140381,,17.11.2023 16:47,22.07.2024 15:28,Done,Major,,22.07.2024 15:28,,,,,,2.0,Engineering job,Done
CALLS-569,2419005,,18.07.2024 08:17,22.07.2024 09:52,Done,Major,,22.07.2024 09:52,,,,,,2.0,Production bug,Done
CALLS-565,2417254,,16.07.2024 08:54,22.07.2024 09:51,Done,Major,,12.08.2024 09:57,,,,,,1.0,Production bug,Done
CALLS-566,2418128,,17.07.2024 08:39,23.07.2024 09:04,Done,Major,,12.08.2024 09:57,,,,,,1.0,Production bug,Done
CALLS-487,2333140,,26.04.2024 14:39,14.05.2024 12:01,Done,Major,,14.05.2024 12:01,,,,,,3.0,Production bug,Done
CALLS-486,2338820,,03.05.2024 13:34,06.05.2024 11:22,Done,Minor,,16.05.2024 10:20,,,,,,1.0,Production bug,Done
CALLS-490,2344237,,09.05.2024 12:50,16.05.2024 14:03,Done,Trivial,,16.05.2024 14:03,,,,,,2.0,Production bug,Done
CALLS-499,2351366,,16.05.2024 13:52,20.05.2024 12:38,Done,Trivial,,30.05.2024 11:00,,,,,,2.0,Engineering job,Done
CALLS-500,2352473,,17.05.2024 11:50,28.05.2024 11:31,Done,Trivial,,28.05.2024 11:31,,,,,,1.0,Engineering job,Done
CALLS-501,2352397,,17.05.2024 13:13,28.05.2024 09:54,Done,Major,,28.05.2024 09:54,,,,,,1.0,Production bug,Done
CALLS-502,2356881,,21.05.2024 11:41,28.05.2024 12:44,Done,Trivial,,28.05.2024 12:44,,,,,,1.0,Bug,Done
CALLS-510,2376883,,07.06.2024 14:11,19.06.2024 13:11,Done,Major,,19.06.2024 13:11,,,,,,3.0,Engineering job,Done
CALLS-511,2376886,,07.06.2024 14:14,14.06.2024 13:45,Done,Major,,14.06.2024 13:45,,,,,,1.0,Engineering job,Done
CALLS-550,2380745,,12.06.2024 08:37,03.07.2024 09:44,Done,Trivial,,04.07.2024 08:40,,,,,,1.0,Production bug,Done
CALLS-545,2384497,,14.06.2024 15:19,18.07.2024 08:16,Done,Major,,12.09.2025 13:24,,,,,,1.0,Production bug,Done
CALLS-703,2411810,,08.07.2024 13:16,30.09.2024 08:29,Done,Trivial,,10.10.2024 09:34,,,,,,2.0,Engineering job,Done
CALLS-562,2414799,,12.07.2024 08:00,15.07.2024 08:07,Done,Major,,18.07.2024 10:49,,,,,,1.0,Production bug,Done
CALLS-748,2519353,,16.10.2024 15:37,19.11.2024 13:02,Done,Major,,22.01.2025 12:52,,,,,,2.0,Engineering job,Done
CALLS-573,2418997,,18.07.2024 09:43,02.08.2024 12:22,Done,Minor,,02.08.2024 12:22,,,,,,2.0,Bug,Done
CALLS-579,2422273,,25.07.2024 08:14,07.08.2024 12:47,Done,Minor,,07.08.2024 12:47,,,,,,3.0,Production bug,Done
CALLS-513,2380846,,12.06.2024 09:11,19.08.2024 14:32,Done,Major,,04.09.2024 08:31,,,,,,3.0,Engineering job,Done
CALLS-606,2424116,,30.07.2024 08:12,09.09.2024 13:20,Done,Minor,,09.09.2024 13:20,,,,,,2.0,Production bug,Done
CALLS-583,2426857,,02.08.2024 14:59,05.08.2024 09:51,Done,Major,,15.08.2024 12:44,,,,,,1.0,Production bug,Done
CALLS-587,2432453,,13.08.2024 09:02,19.08.2024 12:45,Done,Major,,19.08.2024 12:45,,,,,,2.0,Bug,Done
CALLS-592,2432688,,13.08.2024 10:18,22.08.2024 10:07,Done,Minor,,22.08.2024 10:07,,,,,,3.0,Production bug,Done
CALLS-593,2432883,,13.08.2024 13:33,23.08.2024 14:11,Done,Major,,23.08.2024 14:11,,,,,,3.0,Bug,Done
CALLS-806,2575776,,22.11.2024 08:42,12.12.2024 13:39,Done,Minor,,13.01.2025 08:40,,,,,,3.0,Story,Done
CALLS-605,2434363,,14.08.2024 13:36,09.09.2024 07:55,Done,Minor,,09.09.2024 07:55,,,,,,1.0,Engineering job,Done
CALLS-590,2439205,,19.08.2024 15:02,21.08.2024 12:35,Done,Major,,21.08.2024 12:35,,,,,,,Test,Done
CALLS-591,2439266,,19.08.2024 18:24,26.08.2024 14:46,Done,Major,,26.08.2024 14:46,,,,,,3.0,Story,Done
CALLS-594,2439678,,20.08.2024 10:55,27.08.2024 16:17,Done,Major,,20.09.2024 12:09,,,,,,3.0,Story,Done
CALLS-604,2454885,,02.09.2024 12:03,03.09.2024 15:20,Done,Major,,05.09.2024 12:13,,,,,,2.0,Story,Done
CALLS-744,2515486,,14.10.2024 10:21,16.10.2024 08:10,Done,Major,,28.10.2024 12:17,,,,,,2.0,Production bug,Done
CALLS-609,2462502,,06.09.2024 08:31,18.09.2024 12:35,Done,Major,,18.09.2024 12:35,,,,,,3.0,Production bug,Done
CALLS-610,2462608,,06.09.2024 09:34,06.09.2024 14:13,Done,Major,,06.09.2024 14:13,,,,,,,Bug,Done
CALLS-612,2467040,,09.09.2024 13:03,10.09.2024 10:17,Done,Major,,10.09.2024 10:17,,,,,,,Production bug,Done
CALLS-613,2467394,,09.09.2024 14:22,10.09.2024 12:40,Done,Major,,10.09.2024 12:40,,,,,,1.0,Bug,Done
CALLS-694,2482219,,13.09.2024 14:05,13.09.2024 14:35,Done,Major,,26.09.2024 11:17,,,,,,1.0,Production bug,Done
CALLS-696,2484664,,16.09.2024 15:10,20.09.2024 10:52,Done,Major,,01.10.2024 11:43,,,,,,3.0,Story,Done
CALLS-699,2484692,,16.09.2024 15:39,24.09.2024 10:47,Done,Trivial,,24.09.2024 10:47,,,,,,2.0,Bug,Done
CALLS-698,2487606,,18.09.2024 13:41,23.09.2024 15:16,Done,Major,,26.09.2024 11:20,,,,,,1.0,Bug,Done
CALLS-701,2488235,,19.09.2024 08:25,19.09.2024 15:01,Done,Major,,19.09.2024 15:01,,,,,,1.0,Task,Done
CALLS-704,2494612,,25.09.2024 12:02,25.09.2024 15:33,Done,Major,,26.09.2024 08:36,,,,,,1.0,Production bug,Done
CALLS-1190,2865651,,14.07.2025 16:24,23.07.2025 08:42,Done,Major,,29.12.2025 15:27,,,,,,3.0,Bug,Done
CALLS-1125,2769359,,25.04.2025 12:29,16.07.2025 15:55,Done,Major,,18.09.2025 10:30,,,,,,2.0,Story,Done
CALLS-1177,2793518,,19.05.2025 13:38,26.08.2025 15:37,Done,Major,,29.12.2025 15:24,,,,,,8.0,Bug,Done
CALLS-1197,2870289,,22.07.2025 15:08,06.08.2025 09:59,Done,Major,,06.08.2025 09:59,,,,,,2.0,Bug,Done
CALLS-1120,2769736,,25.04.2025 14:12,22.07.2025 10:46,Done,Major,,18.09.2025 10:30,,,,,,2.0,Story,Done
CALLS-1181,2853199,,02.07.2025 11:06,13.08.2025 14:10,Done,Major,,09.02.2026 15:51,,,,,,3.0,Story,Done
CALLS-1189,2865221,,14.07.2025 11:15,19.08.2025 13:17,Done,Major,,19.08.2025 13:17,,,,,,,Story,Done
CALLS-1127,2769737,,25.04.2025 14:14,28.07.2025 15:33,Done,Major,,18.09.2025 10:30,,,,,,2.0,Story,Done
CALLS-1124,2779710,,07.05.2025 12:50,28.07.2025 16:11,Done,Major,,18.09.2025 10:30,,,,,,2.0,Story,Done
CALLS-1119,2790633,,16.05.2025 09:32,01.08.2025 13:35,Done,Major,,18.09.2025 10:30,,,,,,2.0,Story,Done
CALLS-1128,2792615,,19.05.2025 08:22,22.08.2025 15:13,Done,Major,,18.09.2025 10:30,,,,,,2.0,Story,Done
CALLS-1171,2843212,,20.06.2025 15:53,05.08.2025 14:28,Done,Major,,05.08.2025 14:28,,,,,,2.0,Story,Done
CALLS-1170,2843205,,20.06.2025 15:05,05.08.2025 09:45,Done,Major,,05.08.2025 09:45,,,,,,2.0,Story,Done
CALLS-1126,2817485,,06.06.2025 13:36,13.08.2025 11:14,Done,Major,,18.09.2025 10:30,,,,,,5.0,Story,Done
CALLS-1123,2817706,,06.06.2025 14:31,22.08.2025 11:22,Done,Major,,18.09.2025 10:30,,,,,,3.0,Story,Done
CALLS-1282,2929908,,11.09.2025 03:59,11.09.2025 11:12,Done,Critical,,29.12.2025 15:23,,,,,,,Production bug,Done
CALLS-1275,2918373,,08.09.2025 14:12,11.09.2025 11:17,Done,Major,,29.12.2025 15:24,,,,,,,Bug,Done
CALLS-1295,2932939,,12.09.2025 14:40,15.09.2025 13:55,Done,Blocker,,15.09.2025 14:38,,,,,,1.0,Production bug,Done
CALLS-1302,2938630,,18.09.2025 10:33,22.09.2025 11:45,Done,Major,,29.12.2025 15:27,,,,,,3.0,Bug,Done
CALLS-1301,2938629,,18.09.2025 10:33,30.09.2025 10:21,Done,Major,,30.09.2025 10:21,,,,,,,Bug,Done
CALLS-1303,2939636,,19.09.2025 08:17,29.10.2025 08:07,Done,Major,,29.10.2025 08:07,,,,,,3.0,Bug,Done
CALLS-1300,2932340,,12.09.2025 08:30,12.11.2025 12:37,Done,Major,,29.12.2025 15:23,,,,,,5.0,Production bug,Done
CALLS-1366,3006658,2932340,11.11.2025 07:27,11.11.2025 12:03,Done,Major,,11.11.2025 12:03,,,,,,,Sub-task,Done
CALLS-1118,2769732,,25.04.2025 14:09,17.10.2025 11:54,Done,Major,,17.10.2025 11:54,,,,,,2.0,Story,Done
CALLS-1330,2971877,2769732,15.10.2025 13:48,15.10.2025 16:23,Done,Major,,15.10.2025 16:23,,,,,,1.0,Sub-task,Done
CALLS-1297,2936270,,16.09.2025 15:30,19.09.2025 07:56,Done,Major,,19.09.2025 07:56,,,,,,3.0,Task,Done
CALLS-1299,2937296,,17.09.2025 15:19,29.09.2025 13:20,Done,Major,,02.10.2025 11:02,,,,,,3.0,Bug,Done
CALLS-1296,2933052,,12.09.2025 13:23,23.09.2025 10:58,Done,Major,,29.12.2025 15:24,,,,,,2.0,Production bug,Done
CALLS-1311,2948404,,26.09.2025 09:05,29.09.2025 11:28,Done,Major,,29.09.2025 11:28,,,,,,2.0,Bug,Done
CALLS-1318,2956223,,02.10.2025 15:21,03.10.2025 12:21,Done,Major,,29.12.2025 15:24,,,,,,1.0,Engineering job,Done
CALLS-1328,2967226,,10.10.2025 16:07,15.10.2025 13:53,Done,Major,,26.02.2026 10:06,,,,,,3.0,Story,Done
CALLS-1325,2965688,,09.10.2025 15:29,17.10.2025 09:16,Done,Major,,21.10.2025 08:49,,,,,,2.0,Bug,Done
CALLS-1334,2975478,,20.10.2025 08:22,22.10.2025 14:03,Done,Major,,27.10.2025 20:43,,,,,,,Task,Done
CALLS-1336,2977553,,21.10.2025 08:48,17.11.2025 08:43,Done,Major,,17.02.2026 14:11,,,,,,2.0,Production bug,Done
CALLS-1343,2985576,,27.10.2025 10:54,30.10.2025 07:19,Done,Major,,06.11.2025 09:35,,,,,,,Task,Done
CALLS-1269,2915228,,08.09.2025 06:20,17.09.2025 14:50,Done,Major,,29.12.2025 15:23,,,,,,3.0,Bug,Done
CALLS-1260,2897465,,26.08.2025 11:13,08.09.2025 10:26,Done,Major,,29.12.2025 15:27,,,,,,,Production bug,Done
CALLS-1158,2833185,,17.06.2025 10:40,25.07.2025 13:29,Done,Major,,18.09.2025 10:30,,,,,,1.0,Story,Done
CALLS-1159,2833346,,17.06.2025 10:44,24.07.2025 11:50,Done,Major,,18.09.2025 10:30,,,,,,2.0,Story,Done
CALLS-1160,2833706,,17.06.2025 11:00,22.07.2025 13:29,Done,Major,,18.09.2025 10:30,,,,,,3.0,Story,Done
CALLS-1169,2842993,,20.06.2025 13:41,24.07.2025 14:52,Done,Major,,24.07.2025 14:52,,,,,,2.0,Story,Done
CALLS-1198,2870506,,22.07.2025 16:47,05.08.2025 08:09,Done,Major,,05.08.2025 08:09,,,,,,3.0,Bug,Done
CALLS-1140,2762517,,17.04.2025 14:25,19.09.2025 14:23,Done,Major,,25.01.2026 19:53,,,,,,5.0,Story,Done
CALLS-1144,2762534,,17.04.2025 14:57,19.09.2025 14:28,Done,Major,,25.01.2026 19:53,,,,,,5.0,Story,Done
CALLS-1149,2778987,,07.05.2025 09:31,19.09.2025 14:24,Done,Major,,25.01.2026 19:53,,,,,,3.0,Story,Done
CALLS-1150,2778991,,07.05.2025 09:33,22.09.2025 11:01,Done,Major,,25.01.2026 19:53,,,,,,2.0,Story,Done
CALLS-1151,2778993,,07.05.2025 09:35,22.09.2025 11:54,Done,Major,,25.01.2026 19:53,,,,,,2.0,Story,Done
CALLS-1238,2894600,2778993,22.08.2025 13:26,26.08.2025 07:26,Done,Major,,26.08.2025 07:26,,,,,,,Sub-task,Done
CALLS-1153,2789836,,15.05.2025 13:00,19.09.2025 14:49,Done,Major,,25.01.2026 19:53,,,,,,3.0,Story,Done
CALLS-1262,2904351,,01.09.2025 12:03,18.09.2025 07:54,Done,Major,,25.01.2026 19:53,,,,,,2.0,Story,Done
CALLS-1264,2908921,,03.09.2025 12:49,22.09.2025 14:27,Done,Major,,25.01.2026 19:53,,,,,,3.0,Story,Done
CALLS-1257,2898354,,26.08.2025 16:14,16.09.2025 11:43,Done,Major,,16.09.2025 11:43,,,,,,3.0,Bug,Done
CALLS-876,2649990,,28.01.2025 14:54,09.09.2025 14:10,Done,Major,,09.02.2026 15:50,,,,,,0.0,Engineering job,Done
CALLS-1413,3049954,,08.12.2025 08:49,17.12.2025 11:56,Done,Major,,13.01.2026 09:52,,,,,,2.0,Story,Done
CALLS-1414,3049957,,08.12.2025 08:49,17.12.2025 11:56,Done,Major,,13.01.2026 09:51,,,,,,2.0,Story,Done
CALLS-1445,3068652,,05.01.2026 12:48,08.01.2026 09:51,Done,Major,,17.02.2026 14:09,,,,,,2.0,Production bug,Done
CALLS-1116,2817498,,06.06.2025 14:00,07.01.2026 15:15,Done,Major,,09.02.2026 15:52,BPAY PI 2025:5.3-BPAY - Callis,,,,,1.0,Story,Done
CALLS-1441,3067872,,02.01.2026 15:49,07.01.2026 08:58,Abandoned,Major,,07.01.2026 08:59,,,,,,,Story,Won't Do
CALLS-1446,3069680,,07.01.2026 09:07,17.01.2026 14:43,Done,Major,,09.02.2026 15:51,,,,,,5.0,Story,Done
CALLS-1229,2892972,,21.08.2025 15:32,23.01.2026 15:13,Done,Major,,09.02.2026 15:51,BPAY PI 2025:5.2-BPAY - Callis,,,,,5.0,Story,Done
CALLS-1228,2892962,,21.08.2025 15:24,23.01.2026 14:13,Done,Major,,09.02.2026 15:52,BPAY PI 2025:5.2-BPAY - Callis,,,,,2.0,Story,Done
CALLS-1369,3014392,,13.11.2025 10:52,26.01.2026 18:03,Done,Major,,09.02.2026 15:51,,,,,,,Story,Won't Do
CALLS-1370,3014393,,13.11.2025 10:53,26.01.2026 18:17,Done,Major,,09.02.2026 15:52,,,,,,,Story,Won't Do
CALLS-1371,3014399,,13.11.2025 10:54,16.01.2026 09:40,Done,Major,,09.02.2026 15:50,BPAY PI 2025:5.3-BPAY - Callis,,,,,8.0,Story,Won't Do
CALLS-1493,3121191,,04.02.2026 15:01,05.02.2026 11:32,Done,Critical,,05.02.2026 14:59,,,,,,1.0,Engineering job,Done
CALLS-1512,3133336,,13.02.2026 10:51,20.02.2026 14:27,Done,Blocker,,20.02.2026 14:27,,,,,,2.0,Bug,Done
CALLS-1514,3135719,,16.02.2026 14:17,19.02.2026 14:01,Done,Critical,,19.02.2026 14:01,,,,,,3.0,Bug,Done
CALLS-1497,3121056,,04.02.2026 14:10,26.02.2026 15:55,Done,Major,,20.03.2026 10:12,,,,,,3.0,Bug,Done
CALLS-1503,3123152,,05.02.2026 15:10,18.02.2026 16:05,Done,Major,,18.02.2026 16:05,,,,,,,Bug,Done
CALLS-1502,3124335,,06.02.2026 12:47,23.02.2026 13:07,Done,Major,,23.02.2026 13:07,,,,,,,Bug,Done
CALLS-1496,3124062,,06.02.2026 10:34,17.02.2026 09:19,Abandoned,Major,,17.02.2026 09:22,,,,,,,Story,Won't Do
CALLS-1377,3022238,,18.11.2025 08:23,20.03.2026 09:53,Done,Major,,20.03.2026 09:53,BPAY PI 2026:1.1-BPAY - Callis,,,,,5.0,Story,Done
CALLS-1479,3104610,,27.01.2026 12:34,11.02.2026 09:23,Abandoned,Major,,11.02.2026 12:27,BPAY PI 2026:1.1-BPAY - Callis,,,,,3.0,Task,Won't Do
CALLS-1491,3120811,,04.02.2026 11:52,11.02.2026 10:16,Abandoned,Major,,11.02.2026 10:16,,,,,,,Story,Won't Do
CALLS-1498,3125729,,09.02.2026 10:17,17.02.2026 07:17,Done,Major,,17.02.2026 07:17,,,,,,5.0,Engineering job,Done
CALLS-1499,3125731,3125729,09.02.2026 10:18,09.02.2026 12:39,Done,Major,,09.02.2026 12:39,,,,,,,Sub-task,Done
CALLS-1500,3125733,3125729,09.02.2026 10:20,17.02.2026 07:16,Done,Major,,17.02.2026 07:16,,,,,,,Sub-task,Done
CALLS-1399,3037645,,26.11.2025 14:47,29.01.2026 16:33,Done,Major,,09.02.2026 15:51,BPAY PI 2026:1.2-BPAY - Callis,,,,,1.0,Task,Done
CALLS-1400,3037654,,26.11.2025 15:02,30.01.2026 12:35,Done,Major,,09.02.2026 15:51,BPAY PI 2026:1.2-BPAY - Callis,,,,,2.0,Task,Done
CALLS-1401,3037665,,26.11.2025 15:06,02.03.2026 11:19,Done,Major,,02.03.2026 11:19,BPAY PI 2026:1.2-BPAY - Callis,,,,,1.0,Task,Done
CALLS-1403,3037691,,26.11.2025 15:26,24.02.2026 07:59,Done,Major,,24.02.2026 10:35,BPAY PI 2026:1.2-BPAY - Callis,,,,,3.0,Task,Done
CALLS-1404,3037699,,26.11.2025 15:35,05.03.2026 09:57,Done,Major,,05.03.2026 12:36,BPAY PI 2026:1.2-BPAY - Callis,,,,,2.0,Task,Done
CALLS-1405,3037909,,26.11.2025 15:43,04.02.2026 14:55,Done,Major,,09.02.2026 15:51,BPAY PI 2026:1.2-BPAY - Callis,,,,,1.0,Task,Done
CALLS-1406,3037914,,26.11.2025 15:47,09.02.2026 12:33,Done,Major,,09.02.2026 15:51,BPAY PI 2026:1.2-BPAY - Callis,,,,,1.0,Task,Done
CALLS-1407,3038064,,27.11.2025 07:53,17.02.2026 12:17,Done,Major,,17.02.2026 12:17,BPAY PI 2026:1.2-BPAY - Callis,,,,,1.0,Task,Done
CALLS-1408,3038076,,27.11.2025 08:26,13.02.2026 09:36,Done,Major,,13.02.2026 09:36,BPAY PI 2026:1.2-BPAY - Callis,,,,,3.0,Task,Done
CALLS-1372,3014904,,13.11.2025 10:56,19.02.2026 14:32,Done,Major,,20.02.2026 10:46,BPAY PI 2026:1.3-BPAY - Callis,,,,,1.0,Story,Done
CALLS-1477,3100225,,26.01.2026 15:49,,In Testing,Major,,31.03.2026 12:32,BPAY PI 2026:2.1-BPAY - Callis,,,,,34.0,Task,
CALLS-1461,3085742,,19.01.2026 15:07,,Open,Major,,31.03.2026 12:34,BPAY PI 2026:2.1-BPAY - Callis,,,,,1.0,Story,
CALLS-1575,3179041,,20.03.2026 14:45,,Refined,Major,,09.04.2026 15:05,BPAY PI 2026:2.2-BPAY - Callis,,,,,3.0,Bug,
CALLS-1581,3188070,,26.03.2026 10:58,23.04.2026 08:47,Done,Major,,23.04.2026 08:47,BPAY PI 2026:2.2-BPAY - Callis,,,,,0.0,Bug,Done
CALLS-1608,3216728,,10.04.2026 10:05,,In Testing,Major,,28.04.2026 12:04,,,,,,,Bug,
CALLS-1613,3222779,,15.04.2026 10:29,24.04.2026 09:47,Done,Major,,24.04.2026 09:47,,,,,,,Story,Done
CALLS-1590,3192821,,30.03.2026 13:27,,Refined,Major,,17.04.2026 14:23,BPAY PI 2026:2.2-BPAY - Callis,,,,,0.0,Bug,
CALLS-1607,3215488,,09.04.2026 13:57,15.04.2026 13:28,Done,Minor,,15.04.2026 13:28,,,,,,,Task,Done
CALLS-1604,3210722,,07.04.2026 16:16,13.04.2026 12:42,Done,Trivial,,13.04.2026 12:42,,,,,,1.0,Bug,Done
CALLS-1592,3186088,,25.03.2026 12:41,,Ready for Refinement,Major,,02.04.2026 10:20,BPAY PI 2026:2.4-BPAY - Callis,,,,,13.0,Story,
CALLS-926,2691592,,28.02.2025 16:22,18.03.2026 12:54,Done,Major,,18.03.2026 12:54,BPAY PI 2026:1.1-BPAY - Callis,,,,,8.0,Task,Done
CALLS-1525,3145421,,24.02.2026 14:58,02.03.2026 15:57,Done,Blocker,,02.03.2026 15:57,,,,,,,Bug,Done
CALLS-1526,3145423,,24.02.2026 15:01,27.02.2026 15:29,Done,Major,,27.02.2026 15:31,,,,,,,Story,Done
CALLS-1527,3145489,,24.02.2026 16:25,25.02.2026 14:39,Done,Blocker,,25.02.2026 14:39,,,,,,,Bug,Done
CALLS-1528,3146065,,25.02.2026 09:53,27.02.2026 10:55,Done,Major,,27.02.2026 10:55,,,,,,,Bug,Done
CALLS-1522,3143961,,23.02.2026 14:41,02.03.2026 13:21,Done,Major,,03.03.2026 09:06,,,,,,2.0,Bug,Done
CALLS-1524,3144907,,24.02.2026 11:36,26.02.2026 09:14,Abandoned,Major,,26.02.2026 11:02,,,,,,,Bug,Won't Do
CALLS-1545,3157274,,05.03.2026 12:52,06.03.2026 11:40,Done,Major,,06.03.2026 11:40,,,,,,1.0,Task,Done
CALLS-1550,3158506,,06.03.2026 09:36,10.03.2026 15:01,Done,Major,,10.03.2026 15:01,,,,,,,Bug,Done
CALLS-1506,3127433,,10.02.2026 11:58,,In Testing,Major,,29.04.2026 07:50,BPAY PI 2026:2.2-BPAY - Callis,,,,,5.0,Bug,
CALLS-1362,3000926,,06.11.2025 11:54,27.04.2026 14:54,Done,Major,,27.04.2026 14:54,BPAY PI 2026:2.3-BPAY - Callis,,,,,3.0,Story,Done
CALLS-1551,3158639,,06.03.2026 10:29,20.03.2026 10:27,Done,Major,,20.03.2026 10:29,,,,,,3.0,Task,Done
CALLS-1559,3171872,,16.03.2026 15:18,18.03.2026 12:49,Done,Major,,18.03.2026 12:49,,,,,,1.0,Bug,Done
CALLS-1563,3173758,,17.03.2026 17:18,26.03.2026 07:46,Done,Major,,26.03.2026 07:46,,,,,,2.0,Bug,Done
CALLS-1568,3176028,,19.03.2026 09:24,24.03.2026 12:19,Done,Major,,24.03.2026 12:19,,,,,,1.0,Task,Done
CALLS-1574,3178759,,20.03.2026 14:09,26.03.2026 08:41,Done,Major,,26.03.2026 08:41,,,,,,1.0,Bug,Done
CALLS-1579,3187439,,26.03.2026 08:39,15.04.2026 09:14,Done,Major,,15.04.2026 09:14,BPAY PI 2026:2.2-BPAY - Callis,,,,,3.0,Bug,Done
CALLS-1591,3194083,,31.03.2026 08:03,,Refined,Critical,,01.04.2026 13:32,BPAY PI 2026:2.2-BPAY - Callis,,,,,3.0,Bug,
CALLS-1596,3198194,,01.04.2026 08:55,,Refined,Critical,,28.04.2026 16:44,BPAY PI 2026:2.2-BPAY - Callis,,,,,3.0,Bug,
CALLS-1478,3100984,,27.01.2026 08:14,,Open,Major,,01.04.2026 10:27,BPAY PI 2026:2.4-BPAY - Callis,,,,,2.0,Task,
CALLS-1571,3178214,,20.03.2026 09:54,20.03.2026 14:41,Done,Major,,20.03.2026 14:41,,,,,,2.0,Story,Done
CALLS-1373,3014909,,13.11.2025 10:57,26.03.2026 09:47,Done,Major,,26.03.2026 09:47,,,,,,,Story,Done
CALLS-1449,3074863,,12.01.2026 09:44,26.03.2026 09:46,Done,Major,,26.03.2026 09:46,,,,,,,Story,Done
CALLS-1390,3029541,,20.11.2025 08:32,20.02.2026 10:33,Done,Major,,20.02.2026 10:45,,,,,,,Story,Done
CALLS-1454,3078260,,14.01.2026 08:28,13.02.2026 13:32,Done,Major,,13.02.2026 13:32,BPAY PI 2026:1.3-BPAY - Callis,,,,,1.0,Story,Done
CALLS-1440,3067406,,30.12.2025 14:15,10.02.2026 13:14,Done,Major,,10.02.2026 13:14,,,,,,,Bug,Done
CALLS-1455,3079679,,14.01.2026 14:54,19.02.2026 12:30,Done,Major,,19.02.2026 12:30,,,,,,,Story,Done
CALLS-1381,2988038,,28.10.2025 14:49,15.01.2026 12:24,Done,Major,,09.02.2026 15:50,BPAY PI 2025:5.2-BPAY - Callis,,,,,1.0,Story,Done
CALLS-1382,2990221,,29.10.2025 15:36,15.01.2026 12:24,Done,Major,,09.02.2026 15:50,BPAY PI 2025:5.2-BPAY - Callis,,,,,1.0,Story,Done
CALLS-875,2649904,,28.01.2025 14:45,30.03.2026 14:32,Done,Major,,30.03.2026 14:32,BPAY PI 2026:1.1-BPAY - Callis,,,,,5.0,Engineering job,Done
CALLS-1428,3054730,2649904,11.12.2025 09:38,12.01.2026 14:21,Done,Major,,12.01.2026 14:21,BPAY PI 2026:1.1-BPAY - Callis,,,,,,Sub-task,Done
CALLS-1172,2845491,,25.06.2025 09:26,03.02.2026 08:53,Done,Major,,09.02.2026 15:50,BPAY PI 2026:1.1-BPAY - Callis,,,,,3.0,Engineering job,Done
CALLS-1313,2952087,2845491,30.09.2025 11:23,16.12.2025 13:16,Done,Major,,16.12.2025 13:16,BPAY PI 2026:1.1-BPAY - Callis,,,,,,Sub-task,Done
CALLS-1433,3058691,2845491,16.12.2025 09:58,17.12.2025 14:31,Done,Major,,17.12.2025 14:31,BPAY PI 2026:1.1-BPAY - Callis,,,,,,Sub-task,Done
CALLS-1227,2892956,,21.08.2025 15:18,05.02.2026 12:55,Done,Major,,09.02.2026 15:50,BPAY PI 2026:1.1-BPAY - Callis,,,,,2.0,Story,Done
CALLS-1225,2892950,,21.08.2025 15:08,05.02.2026 13:34,Done,Major,,09.02.2026 15:51,BPAY PI 2026:1.1-BPAY - Callis,,,,,1.0,Story,Done
CALLS-1226,2892951,,21.08.2025 15:08,30.01.2026 12:25,Done,Major,,09.02.2026 15:51,BPAY PI 2026:1.1-BPAY - Callis,,,,,1.0,Story,Done
CALLS-1438,3060895,,17.12.2025 12:31,19.02.2026 10:52,Done,Major,,19.02.2026 10:52,BPAY PI 2026:1.1-BPAY - Callis,,,,,1.0,Story,Done
CALLS-1430,3056733,,12.12.2025 14:44,03.03.2026 08:13,Done,Major,,03.03.2026 08:14,BPAY PI 2026:1.1-BPAY - Callis,,,,,2.0,Story,Done
CALLS-1166,2838883,,18.06.2025 10:24,10.07.2025 09:57,Done,Major,,18.09.2025 10:30,,,,,,2.0,Story,Done
CALLS-1167,2838884,,18.06.2025 10:25,10.07.2025 09:54,Done,Major,,18.09.2025 10:30,,,,,,1.0,Story,Done
CALLS-602,2446697,,27.08.2024 08:40,31.10.2024 09:34,Abandoned,Major,,26.11.2024 10:27,,,,,,,Story,Won't Do
CALLS-728,2506930,,05.10.2024 08:15,07.10.2024 14:33,Done,Critical,,10.10.2024 09:30,,,,,,2.0,Production bug,Done
CALLS-729,2507722,,07.10.2024 11:59,08.10.2024 13:32,Done,Critical,,11.11.2024 10:44,,,,,,2.0,Production bug,Done
CALLS-736,2507682,,07.10.2024 12:33,05.11.2024 15:48,Done,Minor,,26.11.2024 10:24,,,,,,2.0,Production bug,Done
CALLS-731,2507996,,07.10.2024 14:08,08.10.2024 16:51,Done,Major,,10.10.2024 09:36,,,,,,1.0,Production bug,Done
CALLS-733,2508915,,08.10.2024 09:52,10.10.2024 11:39,Done,Critical,,11.11.2024 10:27,,,,,,1.0,Production bug,Done
CALLS-732,2509725,,08.10.2024 16:03,10.10.2024 10:52,Done,Major,,11.11.2024 10:27,,,,,,1.0,Production bug,Done
CALLS-738,2510622,,09.10.2024 11:47,10.10.2024 14:58,Done,Major,,10.10.2024 15:58,,,,,,1.0,Production bug,Done
CALLS-745,2510731,,09.10.2024 11:48,15.10.2024 12:15,Done,Major,,28.10.2024 12:23,,,,,,1.0,Production bug,Done
CALLS-734,2510825,,09.10.2024 13:13,10.10.2024 15:40,Done,Critical,,11.11.2024 10:27,,,,,,2.0,Production bug,Done
CALLS-739,2511251,,09.10.2024 15:14,10.10.2024 15:00,Done,Major,,11.11.2024 10:27,,,,,,1.0,Production bug,Done
CALLS-741,2511949,,10.10.2024 09:27,14.10.2024 13:40,Done,Major,,14.10.2024 16:08,,,,,,2.0,Production bug,Done
CALLS-742,2513172,,10.10.2024 14:22,14.10.2024 15:24,Done,Major,,14.10.2024 16:08,,,,,,1.0,Production bug,Done
CALLS-743,2514634,,11.10.2024 14:02,14.10.2024 13:55,Done,Major,,14.10.2024 16:08,,,,,,1.0,Production bug,Done
CALLS-746,2515798,,14.10.2024 12:35,14.10.2024 15:23,Done,Major,,14.10.2024 16:07,,,,,,1.0,Production bug,Done
CALLS-747,2517287,,15.10.2024 11:08,16.10.2024 16:38,Done,Major,,16.10.2024 16:38,,,,,,1.0,Engineering job,Done
CALLS-761,2524087,,21.10.2024 12:49,14.11.2024 10:50,Done,Major,,14.11.2024 10:50,,,,,,,Production bug,Done
CALLS-760,2531049,,24.10.2024 15:06,31.10.2024 07:30,Done,Major,,26.11.2024 10:24,,,,,,1.0,Engineering job,Done
CALLS-762,2539222,,31.10.2024 11:30,14.11.2024 14:41,Done,Major,,14.11.2024 14:41,,,,,,2.0,Engineering job,Done
CALLS-763,2539750,,31.10.2024 15:56,05.11.2024 15:13,Done,Major,,05.11.2024 15:13,,,,,,1.0,Engineering job,Done
CALLS-923,2555799,,13.11.2024 08:55,10.03.2025 12:25,Done,Major,,10.03.2025 12:25,,,,,,8.0,Story,Done
CALLS-766,2554334,,12.11.2024 10:27,09.01.2025 11:17,Done,Major,,09.01.2025 11:17,,,,,,2.0,Engineering job,Done
CALLS-804,2581076,,27.11.2024 15:42,15.01.2025 09:34,Done,Major,,29.12.2025 15:24,,,,,,3.0,Story,Done
CALLS-832,2611254,2581076,02.01.2025 09:22,02.01.2025 09:25,Done,Major,,02.01.2025 09:25,,,,,,,Sub-task,Done
CALLS-813,2575778,,22.11.2024 08:43,09.12.2024 08:23,Abandoned,Minor,,13.01.2025 08:40,,,,,,,Story,Won't Do
CALLS-812,2591680,,06.12.2024 13:28,11.12.2024 14:47,Done,Minor,,13.01.2025 08:40,,,,,,2.0,Story,Done
CALLS-853,2626653,,16.01.2025 13:15,31.01.2025 12:35,Done,Major,,29.12.2025 15:22,,,,,,2.0,Production bug,Done
CALLS-858,2625296,,16.01.2025 08:53,22.01.2025 12:27,Done,Trivial,,29.12.2025 15:23,,,,,,2.0,Bug,Won't Do
CALLS-820,2575779,,22.11.2024 08:44,27.12.2024 09:20,Done,Minor,,13.01.2025 08:40,,,,,,21.0,Story,Done
CALLS-821,2575781,,22.11.2024 08:45,23.12.2024 11:12,Done,Minor,,23.12.2024 11:12,,,,,,13.0,Story,Done
CALLS-839,2575782,,22.11.2024 08:46,15.01.2025 12:28,Done,Minor,,15.01.2025 12:29,,,,,,3.0,Story,Done
CALLS-805,2581614,,28.11.2024 09:23,05.12.2024 14:47,Done,Major,,26.03.2025 11:17,,,,,,3.0,Story,Done
CALLS-808,2582114,,28.11.2024 13:07,03.12.2024 08:14,Done,Major,,03.12.2024 08:14,,,,,,1.0,Engineering job,Done
CALLS-811,2586971,,03.12.2024 15:56,18.12.2024 10:10,Done,Major,,09.02.2026 15:49,,,,,,3.0,Engineering job,Done
CALLS-819,2597583,,12.12.2024 12:08,13.12.2024 09:24,Done,Critical,,29.12.2025 15:24,,,,,,2.0,Production bug,Done
CALLS-818,2597976,,12.12.2024 14:06,13.12.2024 14:26,Done,Major,,03.12.2025 14:38,,,,,,1.0,Bug,Done
CALLS-825,2600420,,16.12.2024 10:16,15.01.2025 09:24,Done,Major,,29.12.2025 15:23,,,,,,2.0,Engineering job,Done
CALLS-855,2600573,,16.12.2024 12:41,20.01.2025 10:29,Done,Major,,28.01.2025 13:24,,,,,,8.0,Engineering job,Done
CALLS-827,2605262,,18.12.2024 10:03,18.12.2024 15:09,Done,Major,,24.01.2025 09:29,,,,,,3.0,Bug,Done
CALLS-857,2610686,,31.12.2024 10:20,23.01.2025 13:16,Done,Major,,15.01.2026 15:19,,,,,,1.0,Production bug,Done
CALLS-932,2689877,,27.02.2025 12:14,04.03.2025 12:49,Done,Major,,29.12.2025 15:24,BPAY PI 2025:1.3-BPAY - SmartP,,,,,1.0,Production bug,Done
CALLS-836,2612109,,03.01.2025 09:17,06.01.2025 09:04,Done,Critical,,24.01.2025 09:28,,,,,,2.0,Bug,Done
CALLS-840,2614435,,07.01.2025 14:39,30.01.2025 14:17,Done,Major,,29.12.2025 15:24,,,,,,1.0,Bug,Done
CALLS-843,2616338,,09.01.2025 08:43,09.01.2025 08:58,Done,Blocker,,29.12.2025 15:27,,,,,,2.0,Production bug,Done
CALLS-854,2628224,,17.01.2025 12:16,22.01.2025 15:15,Done,Major,,29.12.2025 15:27,,,,,,3.0,Production bug,Done
CALLS-973,2684244,,23.02.2025 10:46,04.04.2025 14:29,Done,Major,,04.04.2025 14:29,,,,,,8.0,Engineering job,Done
CALLS-948,2684245,,23.02.2025 10:48,04.04.2025 14:29,Done,Major,,28.04.2025 13:47,,,,,,5.0,Engineering job,Done
CALLS-907,2677738,,17.02.2025 13:55,13.03.2025 12:36,Done,Major,,13.03.2025 12:36,,,,,,8.0,Story,Done
CALLS-861,2635483,,22.01.2025 13:26,29.01.2025 10:43,Done,Major,,29.12.2025 15:24,,,,,,2.0,Bug,Done
CALLS-867,2638839,,24.01.2025 09:57,06.02.2025 15:28,Done,Major,,12.02.2025 14:55,,,,,,2.0,Engineering job,Done
CALLS-869,2643030,,27.01.2025 13:22,31.03.2025 12:03,Done,Major,,31.03.2025 12:03,,,,,,1.0,Engineering job,Done
CALLS-884,2600397,,16.12.2024 11:16,08.04.2025 15:48,Done,Minor,,19.06.2025 14:43,,,,,,5.0,Story,Done
CALLS-978,2726710,,27.03.2025 14:53,07.04.2025 07:27,Done,Major,,07.04.2025 07:27,,,,,,5.0,Production bug,Done
CALLS-1034,2759428,,15.04.2025 12:24,22.04.2025 08:26,Done,Major,,29.12.2025 15:23,,,,,,1.0,Bug,Done
CALLS-1028,2759311,,15.04.2025 11:35,14.05.2025 13:33,Done,Major,,14.05.2025 13:33,,,,,,2.0,Story,Done
CALLS-1039,2765602,2759311,23.04.2025 09:54,14.05.2025 13:35,Done,Major,,14.05.2025 13:35,,,,,,,Sub-task,Done
CALLS-1035,2732345,,01.04.2025 15:54,28.04.2025 15:42,Done,Major,,06.01.2026 14:07,,,,,,2.0,Bug,Done
CALLS-1100,2795302,,20.05.2025 12:25,06.06.2025 08:38,Done,Major,,06.06.2025 08:41,,,,,,2.0,Bug,Done
CALLS-1046,2771775,,29.04.2025 07:54,06.10.2025 14:33,Done,Major,,09.02.2026 15:51,,,,,,1.0,Engineering job,Done
CALLS-974,2721318,,25.03.2025 09:59,09.09.2025 13:50,Done,Major,,09.02.2026 15:50,,,,,,2.0,Engineering job,Done
CALLS-1395,3035577,,25.11.2025 12:56,16.12.2025 09:58,Done,Major,,09.02.2026 15:50,,,,,,,Story,Done
CALLS-1263,2905302,,01.09.2025 15:24,02.10.2025 09:24,Abandoned,Minor,,05.02.2026 09:49,,,,,,3.0,Engineering job,Won't Do
CALLS-1314,2954170,,01.10.2025 13:22,27.10.2025 13:29,Done,Major,,09.02.2026 15:51,,,,,,3.0,Engineering job,Done
CALLS-1265,2909435,,03.09.2025 15:17,14.11.2025 15:09,Done,Major,,09.02.2026 15:50,,,,,,2.0,Engineering job,Done
CALLS-1337,2977587,,21.10.2025 09:26,28.10.2025 07:20,Done,Major,,09.02.2026 15:49,,,,,,1.0,Engineering job,Done
CALLS-1322,2961872,,08.10.2025 10:00,14.10.2025 15:31,Done,Major,,09.02.2026 15:52,,,,,,1.0,Story,Done
CALLS-1268,2911088,,04.09.2025 12:48,18.09.2025 08:22,Done,Major,,09.02.2026 15:50,,,,,,3.0,Engineering job,Done
CALLS-1224,2892688,,21.08.2025 13:57,05.12.2025 11:33,Done,Major,,09.02.2026 15:49,BPAY PI 2025:5.2-BPAY - Callis,,,,,3.0,Story,Done
CALLS-1427,3054301,,10.12.2025 15:16,14.01.2026 09:44,Done,Major,,09.02.2026 15:49,,,,,,5.0,Story,Done
CALLS-1364,3001640,,06.11.2025 16:03,12.11.2025 08:46,Done,Major,,09.02.2026 15:52,,,,,,3.0,Story,Done
CALLS-1323,2963406,,09.10.2025 07:31,28.10.2025 16:38,Done,Major,,09.02.2026 15:57,,,,,,2.0,Story,Done
CALLS-1079,2783681,,10.05.2025 14:56,31.10.2025 11:51,Done,Major,,09.02.2026 15:50,,,,,,3.0,Story,Done
CALLS-1080,2783683,,10.05.2025 15:08,31.10.2025 11:51,Done,Major,,09.02.2026 15:50,,,,,,8.0,Story,Done
CALLS-1081,2783684,,10.05.2025 15:25,06.11.2025 11:55,Done,Major,,09.02.2026 15:50,,,,,,2.0,Story,Done
CALLS-1099,2797186,,21.05.2025 13:54,05.11.2025 14:21,Done,Major,,09.02.2026 15:50,,,,,,1.0,Story,Done
CALLS-1176,2846587,,25.06.2025 16:02,28.01.2026 10:24,Done,Major,,09.02.2026 15:51,BPAY PI 2025:5.2-BPAY - Callis,,,,,5.0,Story,Done
CALLS-1180,2852557,,01.07.2025 15:00,13.01.2026 13:03,Done,Major,,09.02.2026 15:49,BPAY PI 2025:5.2-BPAY - Callis,,,,,1.0,Story,Done
CALLS-1199,2871292,,24.07.2025 10:31,29.01.2026 16:02,Done,Major,,09.02.2026 15:51,BPAY PI 2025:5.2-BPAY - Callis,,,,,2.0,Story,Done
CALLS-1001,2730125,,31.03.2025 15:50,18.12.2025 09:45,Done,Major,,09.02.2026 15:51,BPAY PI 2025:5.3-BPAY - Callis,,,,,1.0,Story,Done
CALLS-1426,3053531,,10.12.2025 09:59,07.01.2026 09:13,Done,Major,,09.02.2026 15:51,,,,,,5.0,Story,Done
CALLS-1411,3044972,,03.12.2025 12:33,09.12.2025 10:12,Done,Major,,09.02.2026 15:50,,,,,,2.0,Story,Done
CALLS-1280,2928870,,10.09.2025 13:22,12.02.2026 08:08,Done,Major,,12.02.2026 08:08,,,,,,2.0,Engineering job,Done
CALLS-1393,3032659,,21.11.2025 13:55,27.01.2026 14:33,Abandoned,Major,,27.01.2026 14:47,,,,,,0.0,Story,Won't Do
CALLS-1434,3058693,,16.12.2025 10:00,,Refined,Major,,17.04.2026 12:12,BPAY PI 2026:2.3-BPAY - Callis,,,,,3.0,Story,
CALLS-1554,3160946,,09.03.2026 13:53,,Ready for Refinement,Major,,02.04.2026 08:47,BPAY PI 2026:2.3-BPAY - Callis,,,,,8.0,Story,
CALLS-1547,3157435,,05.03.2026 13:11,28.04.2026 09:52,Done,Major,,28.04.2026 09:52,BPAY PI 2026:2.1-BPAY - Callis,,,,,3.0,Engineering job,Done
CALLS-1277,2928280,,10.09.2025 11:40,,Open,Major,,02.04.2026 08:46,BPAY PI 2026:2.3-BPAY - Callis,,,,,1.0,Engineering job,
CALLS-1560,3172455,,17.03.2026 09:01,,Ready for Refinement,Major,,02.04.2026 08:47,BPAY PI 2026:2.3-BPAY - Callis,,,,,8.0,Story,
CALLS-1253,2897486,,26.08.2025 11:29,29.04.2026 08:26,Done,Major,,29.04.2026 08:26,BPAY PI 2026:2.2-BPAY - Callis,,,,,1.0,Story,Done
CALLS-1249,2897479,,26.08.2025 11:23,,Ready for Refinement,Major,,15.04.2026 10:30,BPAY PI 2026:2.2-BPAY - Callis,,,,,1.0,Story,
CALLS-1248,2897478,,26.08.2025 11:22,15.04.2026 10:30,Done,Major,,15.04.2026 10:30,BPAY PI 2026:2.2-BPAY - Callis,,,,,1.0,Story,Done
CALLS-1254,2897489,,26.08.2025 11:30,17.04.2026 12:11,Done,Major,,17.04.2026 12:11,BPAY PI 2026:2.2-BPAY - Callis,,,,,1.0,Story,Done
CALLS-1252,2897484,,26.08.2025 11:28,02.04.2026 12:15,Done,Major,,08.04.2026 12:43,BPAY PI 2026:2.1-BPAY - Callis,,,,,1.0,Story,Done
CALLS-1251,2897482,,26.08.2025 11:27,15.04.2026 10:17,Done,Major,,15.04.2026 10:17,BPAY PI 2026:2.2-BPAY - Callis,,,,,1.0,Story,Done
CALLS-1259,2898681,,27.08.2025 09:14,,Ready for Refinement,Major,,02.04.2026 08:47,BPAY PI 2026:2.3-BPAY - Callis,,,,,1.0,Story,
CALLS-1239,2894597,,22.08.2025 14:17,,Ready for Refinement,Major,,28.04.2026 08:41,BPAY PI 2026:2.3-BPAY - Callis,,,,,8.0,Engineering job,
CALLS-1283,2931265,,11.09.2025 13:15,,In Development,Major,,09.04.2026 10:26,BPAY PI 2026:2.4-BPAY - Callis,,,,,5.0,Story,
CALLS-1284,2931266,2931265,11.09.2025 13:25,09.04.2026 08:57,Done,Major,,09.04.2026 08:58,BPAY PI 2026:2.4-BPAY - Callis,,,,,,Sub-task,Done
CALLS-1285,2931268,2931265,11.09.2025 13:28,13.04.2026 14:16,Done,Major,,13.04.2026 14:16,BPAY PI 2026:2.4-BPAY - Callis,,,,,,Sub-task,Done
CALLS-1286,2931269,2931265,11.09.2025 13:32,28.04.2026 13:44,Done,Major,,28.04.2026 13:44,BPAY PI 2026:2.4-BPAY - Callis,,,,,,Sub-task,Done
CALLS-1287,2931295,2931265,11.09.2025 14:10,,Open,Major,,09.04.2026 11:57,BPAY PI 2026:2.4-BPAY - Callis,,,,,,Sub-task,
CALLS-1288,2931704,2931265,11.09.2025 14:29,,Open,Major,,10.04.2026 08:49,BPAY PI 2026:2.4-BPAY - Callis,,,,,,Sub-task,
CALLS-1292,2931737,,11.09.2025 15:03,,Open,Major,,02.04.2026 08:49,BPAY PI 2026:2.4-BPAY - Callis,,,,,3.0,Story,
CALLS-1293,2931743,,11.09.2025 15:22,,Open,Major,,02.04.2026 08:38,BPAY PI 2026:2.2-BPAY - Callis,,,,,1.0,Story,
CALLS-1556,3167959,,12.03.2026 16:37,,Refined,Major,,17.04.2026 12:12,BPAY PI 2026:2.4-BPAY - Callis,,,,,1.0,Engineering job,
CALLS-1580,3187969,,26.03.2026 09:59,,Open,Major,,16.04.2026 09:33,BPAY PI 2026:2.2-BPAY - Callis,,,,,3.0,Story,
CALLS-1583,3189218,,26.03.2026 15:23,,Open,Major,,02.04.2026 08:49,BPAY PI 2026:2.4-BPAY - Callis,,,,,2.0,Engineering job,
CALLS-1589,3191514,,30.03.2026 08:40,27.04.2026 14:54,Done,Major,,28.04.2026 07:16,BPAY PI 2026:2.3-BPAY - Callis,,,,,3.0,Task,Done
CALLS-1541,3154997,,04.03.2026 09:47,20.04.2026 13:03,Done,Major,,21.04.2026 14:26,BPAY PI 2026:2.1-BPAY - Callis,,,,,3.0,Story,Done
CALLS-1250,2897481,,26.08.2025 11:24,,Ready for Refinement,Major,,02.04.2026 08:46,BPAY PI 2026:2.3-BPAY - Callis,,,,,1.0,Story,
CALLS-1255,2897490,,26.08.2025 11:31,27.01.2026 13:56,Abandoned,Major,,27.01.2026 14:29,,,,,,3.0,Story,Won't Do
CALLS-1256,2897491,,26.08.2025 11:31,,Refined,Major,,02.04.2026 08:34,BPAY PI 2026:2.1-BPAY - Callis,,,,,2.0,Story,
CALLS-1494,3122495,2897491,05.02.2026 11:38,02.03.2026 12:51,Done,Major,,02.03.2026 12:51,BPAY PI 2026:2.1-BPAY - Callis,,,,,,Sub-task,Done
CALLS-1281,2929225,,10.09.2025 14:21,28.04.2026 07:47,Done,Major,,28.04.2026 07:47,BPAY PI 2026:2.1-BPAY - Callis,,,,,2.0,Story,Done
CALLS-1240,2894800,,22.08.2025 14:20,14.04.2026 10:02,Done,Major,,14.04.2026 10:02,BPAY PI 2026:2.1-BPAY - Callis,,,,,1.0,Engineering job,Done
CALLS-1374,3016548,,13.11.2025 14:58,04.03.2026 13:43,Done,Major,,04.03.2026 13:43,BPAY PI 2026:1.4-BPAY - Callis,,,,,8.0,Story,Done
CALLS-1162,2835863,,17.06.2025 13:41,12.03.2026 15:36,Done,Major,,12.03.2026 15:36,BPAY PI 2026:1.4-BPAY - Callis,,,,,3.0,Story,Done
CALLS-1244,2897474,,26.08.2025 11:21,20.03.2026 12:58,Done,Major,,20.03.2026 12:58,BPAY PI 2026:1.4-BPAY - Callis,,,,,5.0,Story,Done
CALLS-1276,2928270,2897474,10.09.2025 11:34,16.03.2026 11:15,Done,Major,,16.03.2026 11:15,BPAY PI 2026:1.4-BPAY - Callis,,,,,,Sub-task,Done
CALLS-1278,2928725,2897474,10.09.2025 12:44,20.03.2026 12:53,Done,Major,,20.03.2026 12:53,BPAY PI 2026:1.4-BPAY - Callis,,,,,,Sub-task,Done
CALLS-1279,2928773,2897474,10.09.2025 13:00,20.03.2026 08:17,Done,Major,,20.03.2026 08:17,BPAY PI 2026:1.4-BPAY - Callis,,,,,,Sub-task,Done
CALLS-1186,2862564,,10.07.2025 09:22,27.01.2026 13:22,Abandoned,Major,,27.01.2026 14:28,,,,,,1.0,Task,Won't Do
CALLS-1024,2757520,,14.04.2025 10:54,,Refined,Major,,16.04.2026 08:39,BPAY PI 2026:2.3-BPAY - Callis,,,,,1.0,Task,
CALLS-1245,2897475,,26.08.2025 11:21,,In Development,Major,,20.04.2026 16:09,BPAY PI 2026:2.1-BPAY - Callis,,,,,8.0,Story,
CALLS-1246,2897476,,26.08.2025 11:22,15.04.2026 10:17,Done,Major,,15.04.2026 10:17,BPAY PI 2026:2.2-BPAY - Callis,,,,,1.0,Story,Done
CALLS-1247,2897477,,26.08.2025 11:22,02.04.2026 10:13,Done,Major,,02.04.2026 10:13,BPAY PI 2026:2.1-BPAY - Callis,,,,,1.0,Story,Done
CALLS-1289,2931720,,11.09.2025 14:42,26.03.2026 15:33,Done,Major,,26.03.2026 15:33,BPAY PI 2026:1.4-BPAY - Callis,,,,,2.0,Story,Done
CALLS-1290,2931722,2931720,11.09.2025 14:46,20.03.2026 07:41,Done,Major,,20.03.2026 07:41,BPAY PI 2026:1.4-BPAY - Callis,,,,,,Sub-task,Done
CALLS-1291,2931727,2931720,11.09.2025 14:51,26.03.2026 15:32,Done,Major,,26.03.2026 15:32,BPAY PI 2026:1.4-BPAY - Callis,,,,,,Sub-task,Done
CALLS-1191,2865851,,15.07.2025 09:29,10.03.2026 09:52,Done,Major,,10.03.2026 09:52,BPAY PI 2026:1.4-BPAY - Callis,,,,,5.0,Task,Done
CALLS-1480,3106869,,27.01.2026 14:37,20.04.2026 13:39,Done,Major,,20.04.2026 13:39,BPAY PI 2026:2.4-BPAY - Callis,,,,,1.0,Story,Done
CALLS-1593,3198425,,01.04.2026 08:38,,Open,Major,,01.04.2026 09:00,BPAY PI 2026:2.4-BPAY - Callis,,,,,3.0,Task,
CALLS-1595,3198438,,01.04.2026 08:51,,Open,Major,,01.04.2026 08:59,BPAY PI 2026:2.4-BPAY - Callis,,,,,3.0,Task,
CALLS-1611,3220975,,14.04.2026 10:36,,Open,Major,,14.04.2026 14:27,,,,,,2.0,Task,
CALLS-1618,3229230,,21.04.2026 10:19,,Open,Major,,21.04.2026 10:24,,,,,,1.0,Engineering job,
CALLS-1621,3229932,,21.04.2026 14:52,,Ready for Refinement,Major,,29.04.2026 10:17,,,,,,,Story,
CALLS-1615,3224161,,16.04.2026 07:41,,In Development,Major,,27.04.2026 14:14,,,,,,5.0,Engineering job,
CALLS-1616,3226733,,17.04.2026 14:41,,Refined,Major,,23.04.2026 09:37,,,,,,8.0,Engineering job,
CALLS-1623,3233531,3226733,23.04.2026 15:26,,Open,Major,,24.04.2026 07:55,,,,,,,Sub-task,
CALLS-1447,3074554,,12.01.2026 08:49,,Open,Major,,02.04.2026 09:42,BPAY PI 2026:2.5-BPAY - Callis,,,,,8.0,Story,
CALLS-1492,3121189,,04.02.2026 15:00,,Open,Major,,02.04.2026 09:42,BPAY PI 2026:2.5-BPAY - Callis,,,,,3.0,Engineering job,
CALLS-1542,3154797,,04.03.2026 09:51,,Refined,Major,,28.04.2026 09:41,BPAY PI 2026:2.5-BPAY - Callis,,,,,3.0,Task,
CALLS-1456,3080938,,15.01.2026 09:43,,Open,Major,,02.04.2026 14:59,BPAY PI 2026:2.5-BPAY - Callis,,,,,2.0,Task,
CALLS-1442,3069056,,05.01.2026 15:13,,In Development,Major,,28.04.2026 09:03,BPAY PI 2026:2.5-BPAY - Callis,,,,,8.0,Story,
CALLS-1586,3190193,,27.03.2026 11:11,,In Development,Major,,28.04.2026 08:35,BPAY PI 2026:2.5-BPAY - Callis,,,,,8.0,Engineering job,
CALLS-1585,3190187,,27.03.2026 10:57,,In Development,Major,,28.04.2026 15:31,BPAY PI 2026:2.5-BPAY - Callis,,,,,2.0,Engineering job,
CALLS-1598,3198561,,01.04.2026 09:33,16.04.2026 08:28,Done,Major,,16.04.2026 08:28,BPAY PI 2026:2.5-BPAY - Callis,,,,,1.0,Engineering job,Done
CALLS-1600,3199103,,01.04.2026 10:35,,Open,Major,,02.04.2026 09:43,BPAY PI 2026:2.5-BPAY - Callis,,,,,2.0,Engineering job,
CALLS-1614,3223851,,15.04.2026 16:17,,Open,Major,,16.04.2026 07:24,,,,,,1.0,Engineering job,
CALLS-1601,3194385,,31.03.2026 08:59,21.04.2026 08:02,Done,Major,,21.04.2026 08:02,BPAY PI 2026:2.5-BPAY - Callis,,,,,1.0,Engineering job,Won't Do
CALLS-1567,3175814,,19.03.2026 08:31,30.03.2026 14:21,Done,Major,,30.03.2026 14:22,,,,,,2.0,Story,Done
CALLS-1509,3130368,,12.02.2026 07:56,20.03.2026 10:18,Done,Major,,20.03.2026 10:18,,,,,,1.0,Engineering job,Done
CALLS-1481,3101130,,27.01.2026 08:43,18.02.2026 14:13,Done,Major,,09.04.2026 10:09,BPAY PI 2026:1.4-BPAY - Callis,,,,,8.0,Engineering job,Done
CALLS-1482,3101136,,27.01.2026 08:45,18.02.2026 14:14,Done,Major,,09.04.2026 10:10,BPAY PI 2026:1.4-BPAY - Callis,,,,,8.0,Engineering job,Done
CALLS-1565,3175134,,18.03.2026 14:32,25.03.2026 08:51,Done,Major,,25.03.2026 08:51,,,,,,3.0,Engineering job,Done
CALLS-1392,3032657,,21.11.2025 13:49,25.11.2025 08:10,Abandoned,Major,,25.11.2025 08:10,,,,,,,Story,Won't Do
CALLS-1394,3033953,,24.11.2025 10:29,16.12.2025 09:07,Abandoned,Major,,30.12.2025 10:57,,,,,,,Story,Won't Do
CALLS-1342,2983819,,24.10.2025 10:02,18.03.2026 07:35,Done,Major,,18.03.2026 07:35,BPAY PI 2026:1.3-BPAY - Callis,,,,,13.0,Story,Done
CALLS-1416,3053164,2983819,10.12.2025 09:13,18.02.2026 10:54,Done,Major,,18.02.2026 10:54,BPAY PI 2026:1.3-BPAY - Callis,,,,,,Sub-task,Done
CALLS-1417,3053170,2983819,10.12.2025 09:18,12.02.2026 09:11,Done,Major,,12.02.2026 09:11,BPAY PI 2026:1.3-BPAY - Callis,,,,,,Sub-task,Done
CALLS-1418,3053176,2983819,10.12.2025 09:19,16.01.2026 10:13,Done,Major,,16.01.2026 10:14,BPAY PI 2026:1.3-BPAY - Callis,,,,,,Sub-task,Done
CALLS-1419,3053180,2983819,10.12.2025 09:21,19.01.2026 15:31,Done,Major,,19.01.2026 15:32,BPAY PI 2026:1.3-BPAY - Callis,,,,,,Sub-task,Done
CALLS-1420,3053183,2983819,10.12.2025 09:23,20.02.2026 14:27,Done,Major,,20.02.2026 14:27,BPAY PI 2026:1.3-BPAY - Callis,,,,,,Sub-task,Done
CALLS-1421,3053185,2983819,10.12.2025 09:23,17.03.2026 15:35,Done,Major,,17.03.2026 15:36,BPAY PI 2026:1.3-BPAY - Callis,,,,,,Sub-task,Done
CALLS-1422,3053186,2983819,10.12.2025 09:24,13.03.2026 14:36,Done,Major,,13.03.2026 14:36,BPAY PI 2026:1.3-BPAY - Callis,,,,,,Sub-task,Done
CALLS-1423,3053188,2983819,10.12.2025 09:25,04.03.2026 17:33,Done,Major,,04.03.2026 17:33,BPAY PI 2026:1.3-BPAY - Callis,,,,,,Sub-task,Done
CALLS-1424,3053196,2983819,10.12.2025 09:34,03.03.2026 08:15,Abandoned,Major,,03.03.2026 08:15,BPAY PI 2026:1.3-BPAY - Callis,,,,,,Sub-task,Won't Do
CALLS-1425,3053501,2983819,10.12.2025 09:35,03.03.2026 08:15,Abandoned,Major,,03.03.2026 08:15,BPAY PI 2026:1.3-BPAY - Callis,,,,,,Sub-task,Won't Do
CALLS-1548,3157805,,05.03.2026 14:55,25.03.2026 11:44,Done,Major,,25.03.2026 15:39,,,,,,3.0,Task,Done
CALLS-1432,3058667,,16.12.2025 09:24,19.01.2026 12:41,Done,Major,,09.02.2026 15:51,,,,,,3.0,Story,Done
CALLS-1273,2919209,,08.09.2025 15:26,07.01.2026 14:14,Done,Major,,09.02.2026 15:51,BPAY PI 2025:5.3-BPAY - Callis,,,,,3.0,Story,Done
CALLS-1367,2995670,,04.11.2025 10:04,03.12.2025 08:36,Done,Major,,09.02.2026 15:52,BPAY PI 2025:5.2-BPAY - Callis,,,,,2.0,Engineering job,Done
CALLS-1383,2990250,,29.10.2025 16:42,05.12.2025 16:06,Done,Major,,09.02.2026 15:50,BPAY PI 2025:5.2-BPAY - Callis,,,,,1.0,Story,Done
CALLS-1384,2995616,,04.11.2025 09:16,11.12.2025 14:22,Done,Major,,09.02.2026 15:51,BPAY PI 2025:5.2-BPAY - Callis,,,,,3.0,Story,Done
CALLS-1410,3044962,,03.12.2025 12:03,08.12.2025 12:57,Done,Major,,09.02.2026 15:50,,,,,,1.0,Story,Done
CALLS-1385,2995668,,04.11.2025 10:04,03.12.2025 13:38,Done,Major,,09.02.2026 15:51,,,,,,1.0,Engineering job,Done
CALLS-1386,2995675,,04.11.2025 10:07,12.12.2025 17:52,Done,Major,,09.02.2026 15:51,BPAY PI 2025:5.2-BPAY - Callis,,,,,5.0,Engineering job,Done
CALLS-1387,2995676,,04.11.2025 10:09,16.12.2025 10:27,Done,Major,,09.02.2026 15:49,BPAY PI 2025:5.2-BPAY - Callis,,,,,3.0,Engineering job,Won't Do
CALLS-1388,2995678,,04.11.2025 10:10,02.12.2025 10:55,Done,Major,,09.02.2026 15:50,BPAY PI 2025:5.2-BPAY - Callis,,,,,5.0,Engineering job,Won't Do
CALLS-1389,2995679,,04.11.2025 10:11,02.12.2025 10:37,Done,Major,,09.02.2026 15:49,BPAY PI 2025:5.2-BPAY - Callis,,,,,1.0,Engineering job,Won't Do
CALLS-1462,3086292,,20.01.2026 09:05,04.02.2026 13:59,Done,Major,,09.02.2026 15:50,BPAY PI 2026:1.3-BPAY - Callis,,,,,3.0,Bug,Done
CALLS-1468,3089293,,21.01.2026 13:13,04.02.2026 12:16,Done,Major,,09.02.2026 15:51,BPAY PI 2026:1.3-BPAY - Callis,,,,,2.0,Story,Done
CALLS-1464,3086735,,20.01.2026 10:29,04.02.2026 09:47,Done,Major,,09.02.2026 15:51,BPAY PI 2026:1.3-BPAY - Callis,,,,,5.0,Story,Done
CALLS-1484,3115155,3086735,30.01.2026 09:22,04.02.2026 08:47,Done,Major,,04.02.2026 08:47,BPAY PI 2026:1.3-BPAY - Callis,,,,,,Sub-task,Done
CALLS-1485,3115898,3086735,30.01.2026 13:13,10.02.2026 14:15,Done,Major,,10.02.2026 14:15,BPAY PI 2026:1.3-BPAY - Callis,,,,,,Sub-task,Done
CALLS-1398,3037639,,26.11.2025 14:41,23.01.2026 13:23,Done,Major,,09.02.2026 15:51,,,,,,3.0,Task,Done
CALLS-1378,3022239,,18.11.2025 08:25,,In Development,Major,,01.04.2026 12:56,,,,,,0.0,Story,
CALLS-1453,3076807,,13.01.2026 10:02,,In Development,Major,,01.04.2026 12:56,,,,,,3.0,Story,
CALLS-1155,2827153,,13.06.2025 14:43,,Open,Major,,09.02.2026 15:55,,,,,,,Story,
CALLS-1156,2827180,,13.06.2025 15:28,,Open,Major,,09.02.2026 15:55,,,,,,,Story,
CALLS-1562,3173736,,17.03.2026 16:39,,Open,Major,,02.04.2026 09:42,,,,,,,Story,
CALLS-1564,3173776,,18.03.2026 07:26,,Open,Major,,02.04.2026 09:42,,,,,,,Story,
CALLS-1557,3170449,,16.03.2026 09:08,,Ready for Refinement,Major,,02.04.2026 09:42,,,,,,,Story,
CALLS-1558,3170451,,16.03.2026 09:09,,Ready for Refinement,Major,,07.04.2026 08:07,,,,,,,Story,
CALLS-1570,3177048,,19.03.2026 13:51,,Ready for Refinement,Major,,08.04.2026 13:28,,,,,,,Story,
CALLS-1578,3184264,,24.03.2026 15:26,,Ready for Refinement,Major,,08.04.2026 13:16,,,,,,,Story,
CALLS-1582,3188950,,26.03.2026 14:47,,Ready for Refinement,Major,,02.04.2026 09:42,,,,,,,Story,
CALLS-1188,2863766,,11.07.2025 14:32,10.11.2025 08:47,Done,Major,,09.02.2026 15:50,,,,,,,Task,Done
CALLS-1212,2877619,,05.08.2025 10:54,29.09.2025 14:12,Abandoned,Major,,29.09.2025 14:13,,,,,,,Task,Won't Do
CALLS-1235,2893498,,22.08.2025 10:00,29.09.2025 14:08,Done,Major,,09.02.2026 15:50,,,,,,,Story,Done
CALLS-1236,2893801,,22.08.2025 10:03,24.02.2026 14:49,Done,Major,,24.02.2026 14:49,BPAY PI 2026:1.1-BPAY - Callis,,,,,1.0,Task,Done
CALLS-1237,2893803,,22.08.2025 10:05,24.02.2026 14:50,Done,Major,,24.02.2026 14:50,BPAY PI 2026:1.1-BPAY - Callis,,,,,1.0,Task,Done
CALLS-1402,3037684,,26.11.2025 15:16,29.01.2026 10:25,Done,Major,,09.02.2026 15:50,BPAY PI 2026:1.2-BPAY - Callis,,,,,3.0,Task,Done
CALLS-1396,3037386,,26.11.2025 14:10,12.02.2026 15:55,Done,Major,,23.03.2026 16:19,BPAY PI 2026:1.2-BPAY - Callis,,,,,13.0,Task,Done
CALLS-1467,3088894,,21.01.2026 10:58,29.01.2026 16:17,Done,Major,,09.02.2026 15:52,BPAY PI 2026:1.2-BPAY - Callis,,,,,1.0,Task,Done
CALLS-1258,2898646,,27.08.2025 08:50,15.10.2025 12:51,Done,Major,,09.02.2026 15:50,,,,,,,Story,Won't Do
CALLS-1266,2910245,,04.09.2025 08:49,10.11.2025 09:07,Abandoned,Major,,10.11.2025 09:07,,,,,,,Task,Won't Do
CALLS-1316,2955913,,02.10.2025 13:44,07.01.2026 14:00,Done,Major,,09.02.2026 15:50,BPAY PI 2025:5.3-BPAY - Callis,,,,,5.0,Story,Done
CALLS-1363,3000965,,06.11.2025 12:57,08.12.2025 12:23,Done,Major,,09.02.2026 15:51,BPAY PI 2025:5.3-BPAY - Callis,,,,,3.0,Story,Done
CALLS-1327,2966972,,10.10.2025 16:29,10.11.2025 09:10,Done,Major,,09.02.2026 15:52,,,,,,,Story,Done
CALLS-1329,2971581,,15.10.2025 10:46,30.10.2025 09:54,Done,Major,,09.02.2026 15:51,,,,,,,Task,Done
CALLS-1219,2885801,,14.08.2025 11:19,,Open,Major,,09.02.2026 15:58,,,,,,,Story,
CALLS-1231,2893214,,21.08.2025 16:22,,Open,Major,,09.02.2026 15:58,,,,,,,Story,
CALLS-1234,2893220,,21.08.2025 16:27,,Open,Major,,09.02.2026 15:58,,,,,,,Story,
CALLS-1012,2712469,,18.03.2025 10:08,19.11.2025 13:19,Done,Major,,09.02.2026 15:52,,,,,,5.0,Story,Done
CALLS-1274,2919213,,08.09.2025 15:32,25.09.2025 12:38,Abandoned,Major,,25.09.2025 12:38,,,,,,,Story,Won't Do
CALLS-1357,2993353,,31.10.2025 14:29,23.01.2026 13:54,Done,Major,,09.02.2026 15:51,,,,,,5.0,Story,Done
CALLS-1358,2993358,,31.10.2025 14:47,,Open,Major,,09.02.2026 15:58,,,,,,,Story,
CALLS-1331,2974820,,17.10.2025 11:06,,Investigation,Major,,09.02.2026 15:58,,,,,,,Story,
CALLS-1340,2981388,,23.10.2025 09:14,,Ready for Refinement,Major,,09.02.2026 15:58,,,,,,,Story,
CALLS-1341,2983582,,24.10.2025 09:18,,Ready for Refinement,Major,,09.02.2026 15:58,,,,,,,Story,
CALLS-1435,2968992,,14.10.2025 08:12,,Ready for Refinement,Major,,09.02.2026 15:58,,,,,,,Story,
CALLS-1443,3069079,,06.01.2026 07:29,,Investigation,Major,,09.02.2026 15:58,,,,,,,Story,
CALLS-1444,3069080,,06.01.2026 07:30,,Investigation,Major,,09.02.2026 15:58,,,,,,,Story,
CALLS-1622,3233034,,23.04.2026 12:10,,Open,Major,,24.04.2026 13:39,,,,,,,Engineering job,
CALLS-1436,3059396,,16.12.2025 13:25,01.04.2026 09:17,Abandoned,Major,,01.04.2026 09:17,,,,,,,Story,Won't Do
CALLS-1310,2948231,,26.09.2025 09:05,02.10.2025 13:26,Done,Major,,09.02.2026 15:50,,,,,,,Task,Done
CALLS-1220,2889521,,19.08.2025 11:06,22.12.2025 13:22,Done,Major,,09.02.2026 15:58,,,,,,2.0,Story,Done
CALLS-1359,2994873,,03.11.2025 15:37,28.11.2025 07:58,Done,Major,,09.02.2026 15:58,,,,,,2.0,Task,Done
CALLS-1391,3032298,,21.11.2025 10:40,01.12.2025 12:17,Done,Major,,17.02.2026 14:11,,,,,,2.0,Production bug,Done
CALLS-1352,2987416,,28.10.2025 10:38,12.11.2025 12:28,Done,Major,,12.11.2025 12:28,,,,,,2.0,Bug,Done
CALLS-1354,2989851,,29.10.2025 14:10,12.11.2025 12:28,Done,Major,,12.11.2025 12:28,,,,,,2.0,Task,Done
CALLS-1040,2767253,,24.04.2025 09:40,15.10.2025 09:56,Done,Major,,15.10.2025 15:47,,,,,,5.0,Task,Done
CALLS-1133,2822669,2767253,11.06.2025 13:36,10.07.2025 08:27,Done,Major,,10.07.2025 13:52,,,,,,3.0,Sub-task,Done
CALLS-1134,2822682,2767253,11.06.2025 13:49,15.10.2025 09:39,Done,Major,,15.10.2025 09:39,,,,,,3.0,Sub-task,Done
CALLS-1136,2824180,2767253,12.06.2025 12:20,08.07.2025 08:53,Done,Major,,10.07.2025 13:51,,,,,,3.0,Sub-task,Done
CALLS-1137,2824181,2767253,12.06.2025 12:20,28.07.2025 08:25,Done,Major,,28.07.2025 08:25,,,,,,2.0,Sub-task,Done
CALLS-1185,2862452,2767253,10.07.2025 08:26,15.10.2025 09:55,Abandoned,Major,,15.10.2025 09:55,,,,,,,Sub-task,Won't Do
CALLS-1187,2863944,2767253,11.07.2025 14:21,15.10.2025 09:39,Done,Major,,15.10.2025 09:39,,,,,,3.0,Sub-task,Done
CALLS-1032,2760580,,16.04.2025 11:59,24.10.2025 08:50,Done,Major,,29.12.2025 15:27,,,,,,2.0,Production bug,Done
CALLS-1027,2759122,,15.04.2025 10:05,01.09.2025 15:29,Done,Major,,09.02.2026 15:50,,,,,,3.0,Task,Done
CALLS-1047,2772086,,29.04.2025 09:08,15.01.2026 13:09,Done,Major,,09.02.2026 15:51,,,,,,2.0,Engineering job,Done
CALLS-1173,2845700,,25.06.2025 09:38,24.07.2025 10:07,Done,Minor,,09.02.2026 15:51,,,,,,,Engineering job,Done
CALLS-1078,2783671,,10.05.2025 09:52,29.05.2025 11:49,Done,Major,,09.02.2026 15:51,,,,,,2.0,Story,Done
CALLS-816,2597441,,12.12.2024 09:41,07.03.2025 13:42,Done,Major,,19.06.2025 14:42,,,,,,1.0,Story,Done
CALLS-924,2690617,,27.02.2025 16:07,07.04.2025 15:51,Done,Major,,09.02.2026 15:51,,,,,,,Story,Done
CALLS-929,2693124,,03.03.2025 13:51,01.04.2025 08:47,Done,Major,,09.02.2026 15:50,,,,,,,Task,Done
CALLS-946,2702292,,10.03.2025 14:52,27.03.2025 08:11,Done,Major,,29.12.2025 15:24,,,,,,2.0,Engineering job,Done
CALLS-954,2706989,,13.03.2025 11:31,07.04.2025 07:14,Done,Major,,07.04.2025 07:14,,,,,,5.0,Story,Done
CALLS-941,2698890,,07.03.2025 11:43,27.03.2025 10:34,Done,Major,,09.02.2026 15:51,,,,,,3.0,Engineering job,Done
CALLS-930,2693421,,03.03.2025 15:31,27.03.2025 15:44,Done,Major,,27.03.2025 15:44,,,,,,8.0,Story,Done
CALLS-937,2696656,,06.03.2025 08:14,13.03.2025 09:54,Done,Major,,29.12.2025 15:23,,,,,,,Task,Won't Do
CALLS-713,2492682,,24.09.2024 10:37,17.02.2025 13:18,Done,Major,,29.12.2025 15:23,,,,,,,Story,Done
CALLS-714,2492687,2492682,24.09.2024 10:42,06.11.2024 14:54,Done,Major,,06.11.2024 14:54,,,,,,,Sub-task,Done
CALLS-715,2492693,2492682,24.09.2024 10:46,25.09.2024 06:55,Done,Major,,04.10.2024 12:34,,,,,,,Sub-task,Done
CALLS-716,2492698,2492682,24.09.2024 10:49,06.11.2024 14:54,Done,Major,,06.11.2024 14:54,,,,,,,Sub-task,Done
CALLS-717,2492928,2492682,24.09.2024 11:42,10.12.2024 11:24,Done,Major,,10.12.2024 11:24,,,,,,,Sub-task,Done
CALLS-718,2492932,2492682,24.09.2024 11:48,07.10.2024 08:22,Done,Major,,07.10.2024 08:22,,,,,,,Sub-task,Done
CALLS-719,2492939,2492682,24.09.2024 11:57,25.09.2024 13:01,Done,Major,,04.10.2024 12:34,,,,,,,Sub-task,Done
CALLS-720,2492942,2492682,24.09.2024 11:59,25.09.2024 13:01,Done,Major,,04.10.2024 12:34,,,,,,,Sub-task,Done
CALLS-721,2492959,2492682,24.09.2024 12:44,12.11.2024 10:32,Done,Major,,12.11.2024 10:32,,,,,,,Sub-task,Done
CALLS-722,2492960,2492682,24.09.2024 12:46,27.09.2024 08:36,Done,Major,,04.10.2024 12:34,,,,,,,Sub-task,Done
CALLS-723,2492961,2492682,24.09.2024 12:48,06.11.2024 14:55,Done,Major,,06.11.2024 14:55,,,,,,,Sub-task,Done
CALLS-724,2493202,2492682,24.09.2024 13:33,21.11.2024 12:24,Done,Major,,21.11.2024 12:24,,,,,,,Sub-task,Done
CALLS-725,2493206,2492682,24.09.2024 13:35,21.11.2024 12:38,Done,Major,,21.11.2024 12:38,,,,,,,Sub-task,Done
CALLS-726,2493210,2492682,24.09.2024 13:37,17.02.2025 13:15,Done,Major,,17.02.2025 13:15,,,,,,,Sub-task,Done
CALLS-727,2493695,2492682,25.09.2024 07:02,27.09.2024 08:08,Done,Major,,04.10.2024 12:34,,,,,,,Sub-task,Done
CALLS-814,2594804,2492682,10.12.2024 11:59,13.12.2024 13:29,Done,Major,,13.12.2024 13:29,,,,,,,Sub-task,Done
CALLS-584,2341959,,07.05.2024 14:57,26.03.2025 13:05,Abandoned,Major,,29.12.2025 15:23,,,,,,3.0,Bug,Won't Do
CALLS-866,2638036,,23.01.2025 16:51,03.03.2025 09:00,Done,Major,,29.12.2025 15:24,,,,,,1.0,Engineering job,Done
CALLS-889,2655993,,30.01.2025 12:34,30.01.2025 14:07,Done,Major,,29.12.2025 15:24,,,,,,1.0,Production bug,Done
CALLS-891,2658802,,03.02.2025 08:50,07.02.2025 10:01,Done,Major,,07.02.2025 10:01,,,,,,2.0,Story,Done
CALLS-903,2660114,,03.02.2025 15:21,13.02.2025 12:16,Done,Critical,,29.12.2025 15:22,,,,,,3.0,Production bug,Done
CALLS-902,2665497,,07.02.2025 09:38,12.02.2025 15:09,Done,Critical,,29.12.2025 15:24,,,,,,1.0,Story,Done
CALLS-901,2665909,,07.02.2025 09:54,12.02.2025 11:44,Done,Critical,,29.12.2025 15:22,,,,,,1.0,Engineering job,Done
CALLS-916,2681873,,20.02.2025 12:45,27.02.2025 08:17,Done,Major,,26.03.2025 09:27,,,,,,1.0,Bug,Done
CALLS-917,2685131,,24.02.2025 15:04,04.03.2025 13:39,Done,Major,,04.03.2025 13:39,,,,,,3.0,Story,Done
CALLS-920,2685141,,24.02.2025 15:23,27.02.2025 12:17,Done,Major,,29.12.2025 15:23,,,,,,1.0,Production bug,Done
CALLS-921,2688092,,26.02.2025 13:58,07.03.2025 09:36,Done,Major,,29.12.2025 15:27,,,,,,3.0,Production bug,Done
CALLS-927,2691743,,28.02.2025 15:04,05.03.2025 13:28,Done,Major,,26.03.2025 09:27,,,,,,1.0,Bug,Done
CALLS-939,2697159,,06.03.2025 09:48,02.04.2025 11:23,Done,Major,,09.02.2026 15:50,,,,,,2.0,Engineering job,Done
CALLS-1073,2702845,,11.03.2025 08:43,13.05.2025 14:33,Done,Major,,29.12.2025 15:24,,,,,,2.0,Story,Done
CALLS-1091,2789591,,15.05.2025 12:20,12.06.2025 10:38,Done,Major,,09.02.2026 15:57,,,,,,3.0,Story,Done
CALLS-1132,2821242,,10.06.2025 15:10,27.06.2025 11:17,Done,Major,,09.02.2026 15:50,,,,,,3.0,Story,Done
CALLS-1183,2858481,,07.07.2025 10:55,05.08.2025 12:45,Done,Major,,09.02.2026 15:51,,,,,,1.0,Story,Done
CALLS-1109,2811183,,02.06.2025 15:25,08.07.2025 09:50,Done,Major,,09.02.2026 15:50,,,,,,,Story,Done
CALLS-957,2708704,,14.03.2025 11:06,17.03.2025 08:05,Done,Critical,,29.12.2025 15:23,,,,,,2.0,Bug,Done
CALLS-963,2710836,,17.03.2025 10:01,17.03.2025 15:51,Done,Major,,17.03.2025 15:51,,,,,,2.0,Bug,Done
CALLS-966,2711326,,17.03.2025 13:19,20.03.2025 14:52,Done,Major,,20.03.2025 14:52,,,,,,2.0,Production bug,Done
CALLS-971,2716091,,20.03.2025 11:35,25.03.2025 12:24,Done,Major,,29.12.2025 15:22,,,,,,2.0,Production bug,Done
CALLS-995,2741713,,07.04.2025 12:54,07.04.2025 12:55,Abandoned,Major,,07.04.2025 12:55,,,,,,5.0,Story,Won't Do
CALLS-1215,2881431,,11.08.2025 10:55,22.08.2025 11:14,Done,Major,,09.02.2026 15:51,,,,,,2.0,Story,Done
CALLS-1092,2790257,,15.05.2025 15:25,19.08.2025 09:49,Abandoned,Major,,19.08.2025 09:49,,,,,,,Story,Won't Do
CALLS-1025,2758541,,14.04.2025 17:24,24.04.2025 14:43,Done,Minor,,24.04.2025 14:43,,,,,,13.0,Story,Done
CALLS-882,2651983,,29.01.2025 09:33,15.04.2025 07:53,Abandoned,Major,,29.12.2025 15:23,,,,,,3.0,Engineering job,Won't Do
CALLS-1019,2753157,,10.04.2025 08:58,14.04.2025 11:36,Done,Major,,29.12.2025 15:23,,,,,,1.0,Bug,Done
CALLS-1023,2754002,,10.04.2025 11:40,11.04.2025 08:44,Done,Major,,29.12.2025 15:24,,,,,,2.0,Production bug,Done
CALLS-1029,2759435,,15.04.2025 12:37,16.04.2025 15:20,Done,Major,,29.12.2025 15:22,,,,,,2.0,Story,Done
CALLS-1033,2762545,,17.04.2025 15:17,24.04.2025 12:08,Done,Major,,09.02.2026 15:50,,,,,,2.0,Engineering job,Done
CALLS-1036,2763694,,22.04.2025 10:11,24.04.2025 09:55,Done,Major,,29.12.2025 15:24,,,,,,1.0,Bug,Done
CALLS-1037,2763903,,22.04.2025 10:23,22.04.2025 15:41,Abandoned,Major,,29.12.2025 15:27,,,,,,,Bug,Won't Do
CALLS-1038,2765012,,22.04.2025 16:28,24.04.2025 14:40,Done,Major,,29.12.2025 15:23,,,,,,2.0,Bug,Done
CALLS-1108,2811068,,02.06.2025 14:26,13.06.2025 13:00,Done,Major,,29.12.2025 15:23,,,,,,5.0,Bug,Done
CALLS-1076,2783385,,09.05.2025 15:13,19.05.2025 14:37,Done,Minor,,29.12.2025 15:23,,,,,,5.0,Production bug,Done
CALLS-1071,2780558,,08.05.2025 08:47,09.05.2025 09:04,Done,Major,,29.12.2025 15:23,,,,,,1.0,Bug,Done
CALLS-1043,2771390,,28.04.2025 15:07,07.05.2025 08:20,Done,Major,,09.02.2026 15:50,,,,,,3.0,Engineering job,Done
CALLS-1049,2773437,,30.04.2025 08:26,30.04.2025 12:23,Done,Major,,29.12.2025 15:27,,,,,,2.0,Production bug,Done
CALLS-1050,2774560,,02.05.2025 07:28,27.06.2025 12:22,Done,Major,,09.02.2026 15:51,,,,,,3.0,Engineering job,Done
CALLS-1051,2774561,2774560,02.05.2025 07:29,05.05.2025 15:36,Done,Major,,05.05.2025 15:36,,,,,,,Sub-task,Done
CALLS-1052,2774562,2774560,02.05.2025 07:29,27.06.2025 12:22,Done,Major,,27.06.2025 12:22,,,,,,,Sub-task,Done
CALLS-1054,2775437,,02.05.2025 14:20,15.05.2025 11:33,Done,Major,,29.12.2025 15:27,,,,,,3.0,Production bug,Done
CALLS-1055,2775446,,02.05.2025 14:28,06.05.2025 14:58,Done,Major,,29.12.2025 15:23,,,,,,2.0,Production bug,Done
CALLS-1056,2776057,,05.05.2025 09:06,22.05.2025 12:43,Abandoned,Minor,,22.05.2025 12:43,,,,,,,Task,Won't Do
CALLS-1057,2776061,,05.05.2025 09:09,22.05.2025 12:50,Abandoned,Minor,,22.05.2025 12:50,,,,,,,Task,Won't Do
CALLS-1072,2776068,,05.05.2025 09:10,08.05.2025 16:07,Done,Major,,29.12.2025 15:22,,,,,,1.0,Production bug,Done
CALLS-1058,2776073,,05.05.2025 09:13,23.05.2025 10:12,Done,Minor,,23.05.2025 10:12,,,,,,1.0,Task,Done
CALLS-1063,2776095,,05.05.2025 09:39,26.05.2025 12:45,Done,Minor,,26.05.2025 12:45,,,,,,1.0,Task,Done
CALLS-1059,2776078,,05.05.2025 09:19,07.05.2025 14:09,Done,Minor,,22.05.2025 12:39,,,,,,3.0,Task,Done
CALLS-1060,2776079,,05.05.2025 09:25,06.05.2025 12:53,Abandoned,Minor,,22.05.2025 12:39,,,,,,,Task,Won't Do
CALLS-1062,2776084,,05.05.2025 09:28,06.05.2025 15:29,Abandoned,Minor,,22.05.2025 12:39,,,,,,,Task,Won't Do
CALLS-1064,2777618,,06.05.2025 09:51,07.05.2025 14:04,Done,Minor,,29.12.2025 15:27,,,,,,1.0,Production bug,Done
CALLS-1070,2778005,,06.05.2025 12:36,15.05.2025 15:44,Done,Major,,29.12.2025 15:27,,,,,,5.0,Production bug,Done
CALLS-1065,2778540,,06.05.2025 15:39,07.05.2025 09:18,Done,Minor,,12.05.2025 15:51,,,,,,1.0,Task,Done
CALLS-1069,2779540,,07.05.2025 12:40,08.05.2025 11:29,Done,Major,,29.12.2025 15:23,,,,,,2.0,Story,Done
CALLS-967,2712249,,18.03.2025 09:12,14.05.2025 14:51,Done,Major,,12.03.2026 14:17,,,,,,2.0,Task,Done
CALLS-1121,2779709,,07.05.2025 12:50,07.05.2025 15:18,Abandoned,Major,,10.06.2025 12:11,,,,,,,Story,Won't Do
CALLS-1082,2782125,,08.05.2025 15:16,12.05.2025 13:42,Done,Minor,,29.12.2025 15:23,,,,,,1.0,Production bug,Done
CALLS-1093,2786958,,13.05.2025 15:40,19.05.2025 11:30,Done,Major,,29.12.2025 15:22,,,,,,2.0,Production bug,Done
CALLS-1088,2787851,,14.05.2025 10:39,19.05.2025 14:22,Done,Major,,29.12.2025 15:23,,,,,,3.0,Production bug,Done
CALLS-1090,2788507,,14.05.2025 14:27,16.05.2025 14:35,Done,Major,,29.12.2025 15:22,,,,,,5.0,Production bug,Done
CALLS-1095,2794527,,20.05.2025 08:50,09.06.2025 09:57,Done,Major,,09.02.2026 15:50,,,,,,3.0,Story,Done
CALLS-1104,2804132,,26.05.2025 13:55,29.05.2025 12:05,Done,Major,,06.01.2026 14:44,,,,,,,Story,Done
CALLS-1105,2807993,,29.05.2025 11:16,09.06.2025 15:46,Done,Minor,,09.06.2025 15:46,,,,,,1.0,Task,Done
CALLS-1113,2814330,,04.06.2025 12:01,12.06.2025 15:53,Done,Trivial,,12.06.2025 15:53,,,,,,3.0,Task,Done
CALLS-1114,2817065,,05.06.2025 15:43,09.06.2025 14:47,Done,Major,,29.12.2025 15:27,,,,,,3.0,Production bug,Done
CALLS-1115,2817246,,06.06.2025 08:04,06.06.2025 12:15,Done,Critical,,06.06.2025 12:15,,,,,,,Bug,Done
CALLS-1135,2822836,,11.06.2025 14:34,12.06.2025 10:53,Done,Minor,,29.12.2025 15:23,,,,,,1.0,Bug,Done
CALLS-1138,2824265,,12.06.2025 11:22,13.06.2025 09:54,Done,Major,,29.12.2025 15:24,,,,,,,Production bug,Done
CALLS-1139,2824422,,12.06.2025 12:15,13.06.2025 10:19,Done,Major,,29.12.2025 15:23,,,,,,2.0,Production bug,Done
CALLS-1157,2833085,,17.06.2025 10:32,20.06.2025 15:59,Abandoned,Major,,18.09.2025 10:30,,,,,,1.0,Story,Won't Do
CALLS-1168,2840259,,18.06.2025 13:43,10.07.2025 09:31,Abandoned,Major,,10.07.2025 09:58,,,,,,,Story,Won't Do
CALLS-1202,2859899,,07.07.2025 16:06,30.07.2025 08:26,Done,Major,,09.02.2026 15:51,,,,,,1.0,Story,Done
CALLS-1194,2866867,,16.07.2025 12:59,18.07.2025 15:36,Done,Major,,09.02.2026 15:51,,,,,,1.0,Story,Done
CALLS-1201,2872368,,25.07.2025 15:38,07.08.2025 10:03,Done,Major,,09.02.2026 15:51,,,,,,3.0,Engineering job,Done
CALLS-1204,2875473,,31.07.2025 15:50,14.08.2025 11:02,Done,Major,,09.02.2026 15:51,,,,,,,Story,Won't Do
CALLS-1211,2876871,,04.08.2025 16:34,12.08.2025 13:56,Done,Major,,29.12.2025 15:23,,,,,,1.0,Bug,Done
CALLS-1217,2877691,,05.08.2025 13:40,13.08.2025 14:18,Done,Minor,,29.12.2025 15:24,,,,,,1.0,Engineering job,Done
CALLS-1221,2890440,,20.08.2025 07:32,20.08.2025 10:47,Done,Major,,09.02.2026 15:58,,,,,,1.0,Engineering job,Done
CALLS-1230,2893212,,21.08.2025 16:17,22.08.2025 09:30,Done,Major,,09.02.2026 15:51,,,,,,,Story,Done
CALLS-1232,2893216,,21.08.2025 16:24,08.09.2025 15:13,Done,Major,,09.02.2026 15:51,,,,,,1.0,Story,Done
CALLS-1242,2896629,,25.08.2025 15:56,02.09.2025 11:00,Abandoned,Major,,18.11.2025 08:30,,,,,,1.0,Story,Won't Do
CALLS-1243,2896638,,25.08.2025 16:05,02.09.2025 11:02,Abandoned,Major,,18.11.2025 08:31,,,,,,5.0,Story,Won't Do
CALLS-938,2647545,,28.01.2025 12:11,02.10.2025 08:43,Abandoned,Major,,29.12.2025 15:23,,,,,,,Engineering job,Won't Do
CALLS-936,2696516,,05.03.2025 15:01,03.10.2025 15:37,Done,Major,,29.12.2025 15:24,,,,,,,Bug,Won't Do
CALLS-1020,2754505,,10.04.2025 14:06,15.10.2025 13:59,Abandoned,Major,,29.12.2025 15:23,,,,,,,Bug,Won't Do
CALLS-1294,2932022,,11.09.2025 16:14,15.09.2025 12:44,Done,Major,,29.12.2025 15:27,,,,,,,Production bug,Done
CALLS-1261,2902637,,29.08.2025 09:49,08.09.2025 12:24,Done,Major,,08.09.2025 12:24,,,,,,5.0,Story,Done
CALLS-885,2600339,,16.12.2024 10:24,11.09.2025 08:15,Done,Minor,,11.09.2025 08:15,,,,,,5.0,Story,Done
CALLS-1270,2915922,,08.09.2025 07:58,08.09.2025 13:13,Done,Blocker,,29.12.2025 15:22,,,,,,,Bug,Done
CALLS-1298,2936394,,16.09.2025 18:16,18.09.2025 23:01,Done,Major,,19.09.2025 09:56,,,,,,,Bug,Done
CALLS-1304,2939640,,19.09.2025 08:27,19.09.2025 14:19,Done,Major,,19.09.2025 14:19,,,,,,,Bug,Done
CALLS-1305,2939641,,19.09.2025 08:33,19.09.2025 13:53,Done,Major,,19.09.2025 13:53,,,,,,,Bug,Done
CALLS-1307,2944492,,24.09.2025 12:17,05.11.2025 16:29,Done,Major,,29.12.2025 15:27,,,,,,1.0,Bug,Done
CALLS-1308,2946424,,25.09.2025 09:42,25.09.2025 15:09,Done,Critical,,17.02.2026 14:16,,,,,,2.0,Production bug,Done
CALLS-1312,2950553,,29.09.2025 14:07,30.09.2025 12:55,Done,Major,,17.02.2026 14:16,,,,,,2.0,Production bug,Done
CALLS-1320,2958112,,06.10.2025 09:11,08.10.2025 13:35,Done,Major,,17.02.2026 14:13,,,,,,3.0,Production bug,Done
CALLS-1321,2960271,,07.10.2025 10:08,08.10.2025 09:19,Done,Major,,17.02.2026 14:13,,,,,,2.0,Production bug,Done
CALLS-1324,2962069,,08.10.2025 11:11,14.10.2025 09:50,Done,Major,,17.02.2026 14:13,,,,,,3.0,Production bug,Done
CALLS-1326,2966115,,10.10.2025 06:43,16.10.2025 13:45,Done,Major,,17.02.2026 14:12,,,,,,2.0,Production bug,Done
CALLS-1332,2975172,,17.10.2025 15:02,28.10.2025 15:46,Done,Major,,09.02.2026 15:57,,,,,,2.0,Story,Done
CALLS-1335,2977054,,20.10.2025 15:31,12.11.2025 08:10,Done,Major,,29.12.2025 15:27,,,,,,3.0,Engineering job,Done
CALLS-1338,2980974,,22.10.2025 19:23,29.10.2025 14:06,Done,Major,,04.11.2025 16:17,,,,,,2.0,Story,Done
CALLS-1339,2980975,,22.10.2025 19:26,30.10.2025 09:27,Done,Major,,04.11.2025 16:17,,,,,,2.0,Story,Done
CALLS-1355,2992245,,30.10.2025 16:22,27.11.2025 07:35,Done,Major,,09.02.2026 15:50,,,,,,2.0,Story,Done
CALLS-1356,2993350,,31.10.2025 14:28,02.12.2025 15:34,Done,Major,,09.02.2026 15:52,,,,,,5.0,Story,Done
CALLS-1365,3001583,,06.11.2025 16:03,06.11.2025 18:36,Done,Major,,09.02.2026 15:49,,,,,,2.0,Task,Done
CALLS-1412,3004304,,10.11.2025 07:55,30.01.2026 10:52,Done,Major,,30.01.2026 10:52,,,,,,1.0,Engineering job,Done
CALLS-1463,3006147,,10.11.2025 15:22,17.12.2025 11:57,Done,Major,,20.01.2026 09:42,,,,,,,Story,Done
CALLS-1466,3019186,,14.11.2025 16:06,09.12.2025 09:33,Done,Major,,21.01.2026 06:39,,,,,,,Story,Done
CALLS-1397,3037614,,26.11.2025 14:29,08.01.2026 11:57,Done,Major,,09.02.2026 15:50,,,,,,1.0,Task,Done
CALLS-1214,2877636,,05.08.2025 11:20,01.04.2026 09:19,Done,Major,,01.04.2026 09:21,BPAY PI 2026:1.4-BPAY - Callis,,,,,8.0,Story,Done
CALLS-1535,3153613,2877636,03.03.2026 11:18,05.03.2026 07:53,Done,Major,,05.03.2026 07:57,BPAY PI 2026:1.4-BPAY - Callis,,,,,,Sub-task,Done
CALLS-1536,3153616,2877636,03.03.2026 11:20,26.03.2026 13:44,Done,Major,,26.03.2026 13:44,BPAY PI 2026:1.4-BPAY - Callis,,,,,3.0,Sub-task,Done
CALLS-1537,3153621,2877636,03.03.2026 11:24,06.03.2026 11:11,Done,Major,,06.03.2026 11:11,BPAY PI 2026:1.4-BPAY - Callis,,,,,,Sub-task,Done
CALLS-1538,3153623,2877636,03.03.2026 11:26,05.03.2026 10:22,Done,Major,,05.03.2026 10:22,BPAY PI 2026:1.4-BPAY - Callis,,,,,,Sub-task,Done
CALLS-1319,2956933,,03.10.2025 10:52,03.03.2026 09:06,Done,Major,,01.04.2026 09:22,BPAY PI 2026:1.4-BPAY - Callis,,,,,2.0,Task,Won't Do
CALLS-1587,3190195,,27.03.2026 11:13,,Open,Major,,01.04.2026 12:56,,,,,,,Engineering job,
CALLS-1576,3181567,,23.03.2026 14:28,,Open,Major,,24.03.2026 06:55,,,,,,1.0,Engineering job,
CALLS-969,2715228,,19.03.2025 16:06,,Open,Major,,09.02.2026 15:58,,,,,,,Task,
CALLS-1048,2772430,,29.04.2025 10:20,,Open,Minor,,05.03.2026 10:28,,,,,,5.0,Engineering job,
CALLS-1053,2774807,,02.05.2025 09:20,,Open,Major,,09.02.2026 15:58,,,,,,8.0,Engineering job,
CALLS-975,2724347,,26.03.2025 15:38,,Open,Major,,09.02.2026 15:58,,,,,,3.0,Task,
CALLS-1486,3116094,,30.01.2026 14:47,,Ready for Refinement,Major,,09.02.2026 15:58,,,,,,,Story,
CALLS-1488,3120069,,04.02.2026 08:35,19.03.2026 07:54,Done,Minor,,23.03.2026 10:50,,,,,,1.0,Bug,Done
CALLS-1490,3120584,,04.02.2026 11:08,,Investigation,Major,,09.04.2026 09:51,,,,,,,Engineering job,
CALLS-1495,3122951,,05.02.2026 13:27,,Ready for Refinement,Major,,09.02.2026 15:58,,,,,,,Story,
CALLS-1450,3076141,,12.01.2026 15:31,06.04.2026 14:19,Done,Minor,,07.04.2026 08:08,,,,,,2.0,Story,Done
CALLS-1505,3127324,,10.02.2026 10:50,09.03.2026 08:29,Done,Major,,09.03.2026 08:29,,,,,,5.0,Story,Done
CALLS-1507,3127450,,10.02.2026 12:35,19.02.2026 10:24,Done,Major,,19.02.2026 10:24,,,,,,5.0,Engineering job,Done
CALLS-1489,3115568,,30.01.2026 11:13,,Open,Major,,12.02.2026 07:41,,,,,,,Story,
CALLS-1521,3141155,,20.02.2026 10:23,,Ready for Refinement,Minor,,20.02.2026 15:37,,,,,,,Story,
CALLS-1544,3156268,,05.03.2026 07:53,,Open,Major,,05.03.2026 12:57,,,,,,,Engineering job,
CALLS-1569,3176713,,19.03.2026 12:10,,Refined,Major,,28.04.2026 14:20,,,,,,5.0,Task,
CALLS-1451,3076594,,13.01.2026 09:51,19.03.2026 09:38,Abandoned,Major,,19.03.2026 09:38,,,,,,2.0,Story,Won't Do
CALLS-1452,3076597,,13.01.2026 09:52,19.03.2026 09:38,Abandoned,Major,,19.03.2026 09:38,,,,,,2.0,Story,Won't Do
CALLS-1459,3077348,,13.01.2026 13:16,02.02.2026 13:16,Done,Major,,17.02.2026 14:07,,,,,,2.0,Production bug,Done
CALLS-1333,2871782,,25.07.2025 10:02,,Ready for Refinement,Major,,18.03.2026 06:43,,,,,,,Bug,
CALLS-1529,3146928,,25.02.2026 13:47,,Refined,Major,,01.04.2026 12:57,,,,,,2.0,Story,
CALLS-1200,2872106,,25.07.2025 11:19,27.02.2026 08:46,Done,Major,,11.03.2026 08:39,,,,,,2.0,Bug,Done
CALLS-1409,3039136,,27.11.2025 14:56,28.11.2025 11:15,Done,Major,,09.02.2026 15:51,,,,,,,Engineering job,Done
CALLS-1415,3050827,,08.12.2025 13:38,11.12.2025 14:34,Done,Major,,09.02.2026 15:58,,,,,,1.0,Engineering job,Done
CALLS-1429,3056724,,12.12.2025 14:24,18.12.2025 09:57,Done,Major,,09.02.2026 15:52,,,,,,1.0,Task,Done
CALLS-1431,3057537,,15.12.2025 10:39,18.12.2025 09:48,Done,Major,,09.02.2026 15:50,,,,,,1.0,Story,Done
CALLS-1437,3060046,,17.12.2025 07:59,12.02.2026 12:48,Done,Major,,12.02.2026 12:48,,,,,,5.0,Story,Done
CALLS-1439,3061682,,18.12.2025 08:23,22.12.2025 10:05,Done,Major,,27.02.2026 11:47,,,,,,1.0,Bug,Done
CALLS-1458,3064291,,19.12.2025 13:45,29.01.2026 14:42,Done,Major,,17.02.2026 14:11,,,,,,3.0,Production bug,Done
CALLS-1465,3067450,,31.12.2025 09:19,07.01.2026 12:32,Done,Major,,20.01.2026 13:05,,,,,,,Story,Done
CALLS-1460,3071756,,08.01.2026 11:09,29.01.2026 13:19,Done,Major,,29.01.2026 13:19,,,,,,3.0,Bug,Done
CALLS-1448,3074862,,12.01.2026 09:43,15.01.2026 08:55,Abandoned,Major,,15.01.2026 08:55,,,,,,,Story,Won't Do
CALLS-1457,3076687,,13.01.2026 09:58,19.01.2026 12:42,Done,Major,,17.02.2026 14:08,,,,,,2.0,Production bug,Done
CALLS-1469,3089895,,21.01.2026 14:48,,Open,Major,,23.01.2026 08:49,,,,,,,Story,
CALLS-1483,3091585,,22.01.2026 10:57,02.02.2026 10:23,Done,Major,,02.02.2026 10:23,,,,,,,Bug,Done
CALLS-1470,3092379,,22.01.2026 15:13,05.02.2026 08:00,Done,Major,,05.02.2026 08:00,,,,,,,Story,Done
CALLS-1471,3093360,,23.01.2026 09:41,,Open,Major,,26.01.2026 12:01,,,,,,,Story,
CALLS-1475,3097800,,26.01.2026 12:00,,Open,Major,,26.01.2026 12:01,,,,,,,Story,
CALLS-1487,3119645,,03.02.2026 15:17,04.02.2026 15:14,Done,Major,,09.02.2026 15:50,,,,,,,Bug,Done
CALLS-1504,3126289,,09.02.2026 15:28,13.02.2026 13:32,Done,Major,,13.02.2026 13:32,,,,,,,Bug,Done
CALLS-1510,3131672,,12.02.2026 12:42,19.02.2026 09:03,Done,Major,,19.02.2026 09:03,,,,,,5.0,Engineering job,Done
CALLS-1518,3140036,,19.02.2026 11:31,10.03.2026 15:36,Done,Major,,10.03.2026 15:36,,,,,,3.0,Engineering job,Done
CALLS-1543,3156041,,04.03.2026 15:22,09.03.2026 09:16,Done,Major,,09.03.2026 09:16,,,,,,3.0,Engineering job,Done
CALLS-1546,3157288,,05.03.2026 13:05,06.03.2026 08:26,Done,Major,,06.03.2026 12:28,,,,,,1.0,Task,Done
CALLS-1553,3160688,,09.03.2026 12:57,09.03.2026 15:09,Abandoned,Major,,09.03.2026 15:10,,,,,,,Bug,Won't Do
CALLS-1555,3167295,,12.03.2026 13:02,16.03.2026 11:28,Done,Major,,16.03.2026 11:28,BPAY PI 2026:1.1-BPAY - Callis,,,,,3.0,Engineering job,Done
CALLS-1572,3178299,,20.03.2026 11:36,20.03.2026 12:23,Done,Major,,20.03.2026 14:00,,,,,,1.0,Engineering job,Done
CALLS-1594,3198427,,01.04.2026 08:40,02.04.2026 09:39,Abandoned,Major,,08.04.2026 12:44,BPAY PI 2026:2.1-BPAY - Callis,,,,,2.0,Story,Won't Do
CALLS-1597,3198456,,01.04.2026 09:08,01.04.2026 10:31,Abandoned,Major,,01.04.2026 10:32,,,,,,,Task,Won't Do
CALLS-1599,3198573,,01.04.2026 09:39,01.04.2026 10:32,Abandoned,Major,,01.04.2026 10:32,,,,,,2.0,Engineering job,Won't Do
CALLS-1605,3211209,,08.04.2026 07:41,08.04.2026 10:51,Done,Minor,,08.04.2026 10:51,,,,,,,Engineering job,Done
CALLS-1606,3213569,,08.04.2026 14:43,09.04.2026 10:12,Done,Trivial,,09.04.2026 10:12,,,,,,1.0,Task,Done
