Issue key,Issue id,Parent id,Created,Resolved,Status,Priority,Due Date,Updated,Sprint,Sprint,Sprint,Sprint,Sprint,Sprint,Sprint,Sprint,Sprint,Sprint,Sprint,Custom field (Story Points),Issue Type,Resolution
SMARTPAY-748,2953120,,30.09.2025 15:42,10.10.2025 12:59,Abandoned,Minor,,10.10.2025 12:59,,,,,,,,,,,,,Bug,Won't Do
SMARTPAY-717,2882154,,12.08.2025 09:39,03.10.2025 08:18,Done,Major,,09.02.2026 15:51,BPAY PI 2025:4.2-BPAY - SmartP,,,,,,,,,,,3.0,Story,Done
SMARTPAY-738,2943808,,23.09.2025 15:58,25.09.2025 14:46,Done,Major,,25.09.2025 14:46,BPAY PI 2025:4.1-BPAY - SmartP,BPAY PI 2025:4.2-BPAY - SmartP,,,,,,,,,,5.0,Bug,Done
SMARTPAY-466,2627515,,16.01.2025 16:20,24.01.2025 09:31,Done,Major,,24.01.2025 13:11,BPAY PI 2024:5.3-BPAY - SmartP,BPAY PI 2024:5.IP-BPAY - Smart,,,,,,,,,,5.0,Story,Done
SMARTPAY-458,2615513,,08.01.2025 12:58,07.03.2025 13:48,Done,Major,,29.12.2025 15:56,BPAY PI 2024:5.3-BPAY - SmartP,BPAY PI 2024:5.IP-BPAY - Smart,BPAY PI 2025:1.1-BPAY - SmartP,BPAY PI 2025:1.2-BPAY - SmartP,BPAY PI 2025:1.3-BPAY - SmartP,,,,,,,5.0,Production bug,Done
SMARTPAY-23,2224247,,05.02.2024 08:39,02.01.2025 10:18,Done,Major,,29.12.2025 15:56,BPAY PI 2024:5.2-BPAY - SmartP,BPAY PI 2024:5.3-BPAY - SmartP,,,,,,,,,,3.0,Production bug,Done
SMARTPAY-327,2385617,,17.06.2024 09:13,18.09.2024 08:30,Done,Major,,19.09.2024 10:10,BPAY PI2024:2.Innovation-BPAY,BPAY PI 2024:4.2-BPAY - SmartP,,,,,,,,,,5.0,Story,Done
SMARTPAY-509,2695147,,05.03.2025 06:16,11.04.2025 08:12,Done,Major,,09.02.2026 15:50,BPAY PI 2025:1.4-BPAY - SmartP,BPAY PI 2025:1.IP-BPAY - Smart,BPAY PI 2025:2.1-BPAY - SmartP,,,,,,,,,1.0,Task,Done
SMARTPAY-518,2710500,,17.03.2025 06:12,11.04.2025 15:35,Done,Major,,17.04.2025 09:25,BPAY PI 2025:1.4-BPAY - SmartP,BPAY PI 2025:1.IP-BPAY - Smart,BPAY PI 2025:2.1-BPAY - SmartP,,,,,,,,,1.0,Story,Done
SMARTPAY-529,2727858,,28.03.2025 13:20,15.04.2025 12:45,Done,Major,,17.04.2025 09:25,BPAY PI 2025:1.IP-BPAY - Smart,BPAY PI 2025:2.1-BPAY - SmartP,,,,,,,,,,1.0,Story,Done
SMARTPAY-543,2736255,,03.04.2025 15:17,16.04.2025 11:46,Done,Major,,17.04.2025 09:25,BPAY PI 2025:1.IP-BPAY - Smart,BPAY PI 2025:2.1-BPAY - SmartP,,,,,,,,,,5.0,Bug,Done
SMARTPAY-480,2636314,,23.01.2025 08:32,17.04.2025 08:40,Done,Major,,17.04.2025 12:50,BPAY PI 2025:1.2-BPAY - SmartP,BPAY PI 2025:1.3-BPAY - SmartP,BPAY PI 2025:1.4-BPAY - SmartP,BPAY PI 2025:1.IP-BPAY - Smart,BPAY PI 2025:2.1-BPAY - SmartP,,,,,,,1.0,Story,Done
SMARTPAY-481,2636311,,23.01.2025 08:30,17.04.2025 08:58,Done,Major,,17.04.2025 12:50,BPAY PI 2025:1.3-BPAY - SmartP,BPAY PI 2025:1.4-BPAY - SmartP,BPAY PI 2025:1.IP-BPAY - Smart,BPAY PI 2025:2.1-BPAY - SmartP,,,,,,,,1.0,Story,Done
SMARTPAY-553,2750142,,09.04.2025 08:22,15.04.2025 06:14,Done,Major,,29.12.2025 15:52,BPAY PI 2025:2.1-BPAY - SmartP,,,,,,,,,,,3.0,Story,Done
SMARTPAY-470,2634310,,22.01.2025 08:20,17.04.2025 14:57,Done,Major,,28.04.2025 08:31,BPAY PI 2025:1.2-BPAY - SmartP,BPAY PI 2025:1.3-BPAY - SmartP,BPAY PI 2025:1.4-BPAY - SmartP,BPAY PI 2025:1.IP-BPAY - Smart,BPAY PI 2025:2.1-BPAY - SmartP,,,,,,,3.0,Story,Done
SMARTPAY-546,2682110,,20.02.2025 13:34,17.04.2025 15:35,Done,Major,,13.05.2025 15:41,BPAY PI 2025:2.1-BPAY - SmartP,,,,,,,,,,,1.0,Story,Done
SMARTPAY-566,2762519,,17.04.2025 14:29,29.04.2025 09:43,Done,Major,,29.12.2025 15:57,BPAY PI 2025:2.2-BPAY - SmartP,,,,,,,,,,,3.0,Production bug,Done
SMARTPAY-563,2766360,,23.04.2025 14:31,24.04.2025 09:20,Abandoned,Major,,24.04.2025 09:30,BPAY PI 2025:2.1-BPAY - SmartP,BPAY PI 2025:2.2-BPAY - SmartP,,,,,,,,,,,Bug,Won't Do
SMARTPAY-559,2762466,,17.04.2025 14:14,24.04.2025 08:43,Abandoned,Major,,24.04.2025 09:30,BPAY PI 2025:2.1-BPAY - SmartP,BPAY PI 2025:2.2-BPAY - SmartP,,,,,,,,,,,Bug,Won't Do
SMARTPAY-522,2718000,,21.03.2025 12:45,28.04.2025 13:43,Done,Major,,28.04.2025 13:44,BPAY PI 2025:1.4-BPAY - SmartP,BPAY PI 2025:1.IP-BPAY - Smart,BPAY PI 2025:2.1-BPAY - SmartP,BPAY PI 2025:2.2-BPAY - SmartP,,,,,,,,2.0,Story,Done
SMARTPAY-557,2758662,,15.04.2025 09:21,28.04.2025 13:36,Done,Major,,04.05.2025 18:26,BPAY PI 2025:2.1-BPAY - SmartP,BPAY PI 2025:2.2-BPAY - SmartP,,,,,,,,,,8.0,Story,Done
SMARTPAY-520,2710794,,17.03.2025 10:28,30.04.2025 09:35,Done,Major,,02.02.2026 08:27,BPAY PI 2025:1.4-BPAY - SmartP,BPAY PI 2025:1.IP-BPAY - Smart,BPAY PI 2025:2.1-BPAY - SmartP,BPAY PI 2025:2.2-BPAY - SmartP,,,,,,,,5.0,Production bug,Done
SMARTPAY-578,2784413,,12.05.2025 09:47,15.05.2025 14:10,Done,Major,,09.02.2026 15:50,BPAY PI 2025:2.3-BPAY - SmartP,,,,,,,,,,,3.0,Story,Done
SMARTPAY-582,2786957,,13.05.2025 15:40,14.05.2025 16:09,Done,Major,,19.05.2025 14:38,BPAY PI 2025:2.3-BPAY - SmartP,,,,,,,,,,,1.0,Story,Done
SMARTPAY-576,2783179,,09.05.2025 15:00,13.05.2025 15:57,Done,Major,,19.05.2025 14:38,BPAY PI 2025:2.3-BPAY - SmartP,,,,,,,,,,,2.0,Production bug,Done
SMARTPAY-547,2552818,,11.11.2024 12:16,14.05.2025 15:48,Done,Major,,19.05.2025 14:38,BPAY PI 2025:2.2-BPAY - SmartP,BPAY PI 2025:2.3-BPAY - SmartP,,,,,,,,,,3.0,Story,Done
SMARTPAY-548,2552584,,11.11.2024 11:15,14.05.2025 16:33,Done,Major,,03.06.2025 15:54,BPAY PI 2025:2.2-BPAY - SmartP,BPAY PI 2025:2.3-BPAY - SmartP,,,,,,,,,,8.0,Story,Done
SMARTPAY-538,2688963,,27.02.2025 08:40,16.05.2025 09:32,Done,Major,,09.02.2026 15:51,BPAY PI 2025:2.2-BPAY - SmartP,BPAY PI 2025:2.3-BPAY - SmartP,,,,,,,,,,5.0,Story,Done
SMARTPAY-584,2789758,,15.05.2025 13:21,15.05.2025 13:52,Done,Major,,09.02.2026 15:50,BPAY PI 2025:2.3-BPAY - SmartP,,,,,,,,,,,2.0,Engineering job,Done
SMARTPAY-581,2784930,,12.05.2025 13:06,15.05.2025 14:40,Done,Major,,09.02.2026 15:50,BPAY PI 2025:2.3-BPAY - SmartP,,,,,,,,,,,1.0,Story,Done
SMARTPAY-579,2784428,,12.05.2025 09:54,13.05.2025 15:23,Done,Major,,15.05.2025 14:49,BPAY PI 2025:2.3-BPAY - SmartP,,,,,,,,,,,2.0,Bug,Done
SMARTPAY-531,2727090,,28.03.2025 08:34,10.05.2025 15:25,Done,Major,,09.02.2026 15:51,BPAY PI 2025:2.2-BPAY - SmartP,BPAY PI 2025:2.3-BPAY - SmartP,,,,,,,,,,5.0,Story,Done
SMARTPAY-577,2783513,,09.05.2025 15:59,12.05.2025 11:32,Done,Major,,12.05.2025 15:45,BPAY PI 2025:2.3-BPAY - SmartP,,,,,,,,,,,2.0,Story,Done
SMARTPAY-549,2748315,,08.04.2025 14:06,08.05.2025 17:01,Done,Major,,11.06.2025 14:07,BPAY PI 2025:2.2-BPAY - SmartP,BPAY PI 2025:2.3-BPAY - SmartP,,,,,,,,,,2.0,Story,Done
SMARTPAY-545,2744764,,08.04.2025 10:04,09.05.2025 13:59,Done,Major,,09.05.2025 13:59,BPAY PI 2025:2.1-BPAY - SmartP,BPAY PI 2025:2.2-BPAY - SmartP,BPAY PI 2025:2.3-BPAY - SmartP,,,,,,,,,1.0,Task,Done
SMARTPAY-542,2691262,,28.02.2025 12:48,07.05.2025 09:51,Done,Major,,23.04.2026 12:17,BPAY PI 2025:2.1-BPAY - SmartP,BPAY PI 2025:2.2-BPAY - SmartP,,,,,,,,,,5.0,Story,Done
SMARTPAY-124,2383800,,14.06.2024 09:47,25.06.2024 14:34,Done,Major,,14.11.2025 14:59,BPAY PI 2024:3.1-BPAY - SmartP,,,,,,,,,,,2.0,Bug,Done
SMARTPAY-57,2258907,,28.02.2024 10:42,04.07.2024 13:21,Done,Major,,04.07.2024 13:21,BPAY PI 2024:2.2-BPAY - SmartP,BPAY PI 2024:2.3-BPAY - SmartP,BPAY PI 2024:2.4-BPAY - SmartP,BPAY PI 2024:3.1-BPAY - SmartP,BPAY PI 2024:3.2-BPAY - SmartP,,,,,,,8.0,Story,Done
SMARTPAY-89,2346983,2258907,13.05.2024 13:38,15.05.2024 12:44,Done,Major,,15.05.2024 12:44,BPAY PI 2024:2.2-BPAY - SmartP,BPAY PI 2024:2.3-BPAY - SmartP,BPAY PI 2024:2.4-BPAY - SmartP,BPAY PI 2024:3.1-BPAY - SmartP,BPAY PI 2024:3.2-BPAY - SmartP,,,,,,,2.0,Sub-task,Done
SMARTPAY-64,2274752,,13.03.2024 14:44,05.07.2024 12:30,Done,Major,,05.07.2024 12:30,BPAY PI 2024:2.3-BPAY - SmartP,BPAY PI 2024:2.4-BPAY - SmartP,BPAY PI 2024:3.1-BPAY - SmartP,BPAY PI 2024:3.2-BPAY - SmartP,,,,,,,,5.0,Story,Done
SMARTPAY-112,2262909,,01.03.2024 14:23,21.06.2024 15:02,Done,Major,,13.08.2024 12:49,BPAY PI 2024:1.2-BPAY - SmartP,BPAY PI 2024:1.3-BPAY - SmartP,BPAY PI 2024:1.4-BPAY - SmartP,BPAY PI 2024:3.1-BPAY - SmartP,,,,,,,,5.0,Story,Done
SMARTPAY-281,2375529,,06.06.2024 09:00,09.07.2024 16:24,Done,Major,,09.07.2024 16:24,BPAY PI 2024:3.1-BPAY - SmartP,BPAY PI 2024:3.2-BPAY - SmartP,,,,,,,,,,3.0,Bug,Done
SMARTPAY-61,2260763,,29.02.2024 12:23,10.07.2024 12:52,Done,Major,,10.07.2024 12:52,BPAY PI 2024:3.2-BPAY - SmartP,,,,,,,,,,,3.0,Story,Done
SMARTPAY-68,2315509,,17.04.2024 09:17,08.07.2024 13:52,Done,Major,,08.07.2024 13:52,BPAY PI 2024:3.2-BPAY - SmartP,,,,,,,,,,,5.0,Story,Done
SMARTPAY-60,2258971,,28.02.2024 12:38,10.07.2024 08:47,Done,Major,,10.07.2024 08:47,BPAY PI 2024:3.2-BPAY - SmartP,,,,,,,,,,,3.0,Story,Done
SMARTPAY-59,2258969,,28.02.2024 12:38,09.07.2024 12:15,Done,Major,,09.07.2024 12:15,BPAY PI 2024:3.2-BPAY - SmartP,,,,,,,,,,,3.0,Story,Done
SMARTPAY-301,2420683,,22.07.2024 15:39,24.07.2024 12:39,Done,Major,,11.11.2024 10:37,BPAY PI 2024:3.3-BPAY - SmartP,,,,,,,,,,,3.0,Production bug,Done
SMARTPAY-62,2261184,,29.02.2024 14:35,04.09.2024 14:09,Done,Major,,04.09.2024 14:09,BPAY PI 2024:2.4-BPAY - SmartP,BPAY PI 2024:3.2-BPAY - SmartP,BPAY PI 2024:3.3-BPAY - SmartP,BPAY PI 2024:3.4-BPAY - SmartP,BPAY PI 2024:3.5-BPAY - SmartP,,,,,,,8.0,Story,Done
SMARTPAY-114,2379857,,11.06.2024 12:28,17.09.2024 13:40,Done,Major,,21.10.2024 15:56,BPAY PI 2024:2.4-BPAY - SmartP,BPAY PI 2024:3.3-BPAY - SmartP,BPAY PI 2024:3.4-BPAY - SmartP,BPAY PI 2024:3.5-BPAY - SmartP,BPAY PI 2024:4.1-BPAY - SmartP,,,,,,,5.0,Story,Done
SMARTPAY-347,2496038,,26.09.2024 10:18,26.09.2024 13:41,Done,Critical,,26.09.2024 13:41,BPAY PI 2024:4.2-BPAY - SmartP,,,,,,,,,,,2.0,Production bug,Done
SMARTPAY-115,2379688,,11.06.2024 12:40,31.10.2024 08:26,Done,Major,,31.10.2024 14:59,BPAY PI 2024:2.4-BPAY - SmartP,BPAY PI 2024:3.3-BPAY - SmartP,BPAY PI 2024:3.4-BPAY - SmartP,BPAY PI 2024:3.5-BPAY - SmartP,BPAY PI 2024:4.1-BPAY - SmartP,BPAY PI 2024:4.2-BPAY - SmartP,BPAY PI 2024:4.3-BPAY - SmartP,BPAY PI 2024:4.4-BPAY - SmartP,,,,3.0,Story,Done
SMARTPAY-295,2417686,,16.07.2024 14:29,23.10.2024 10:24,Done,Major,,23.10.2024 10:24,BPAY PI 2024:2.4-BPAY - SmartP,BPAY PI 2024:3.2-BPAY - SmartP,BPAY PI 2024:3.3-BPAY - SmartP,BPAY PI 2024:3.4-BPAY - SmartP,BPAY PI 2024:3.5-BPAY - SmartP,BPAY PI 2024:4.2-BPAY - SmartP,BPAY PI 2024:4.3-BPAY - SmartP,,,,,8.0,Story,Done
SMARTPAY-285,2412111,,09.07.2024 08:13,31.10.2024 09:06,Done,Major,,31.10.2024 09:06,BPAY PI 2024:3.2-BPAY - SmartP,BPAY PI 2024:3.3-BPAY - SmartP,BPAY PI 2024:3.4-BPAY - SmartP,BPAY PI 2024:3.5-BPAY - SmartP,BPAY PI 2024:4.1-BPAY - SmartP,BPAY PI 2024:4.2-BPAY - SmartP,BPAY PI 2024:4.3-BPAY - SmartP,BPAY PI 2024:4.4-BPAY - SmartP,,,,3.0,Task,Done
SMARTPAY-335,2332910,,26.04.2024 13:11,18.10.2024 08:07,Done,Major,,18.10.2024 08:07,BPAY PI 2024:4.1-BPAY - SmartP,BPAY PI 2024:4.2-BPAY - SmartP,BPAY PI 2024:4.3-BPAY - SmartP,,,,,,,,,5.0,Story,Done
SMARTPAY-348,2499300,,30.09.2024 08:58,17.10.2024 15:22,Done,Major,,17.10.2024 15:22,BPAY PI 2024:4.1-BPAY - SmartP,BPAY PI 2024:4.2-BPAY - SmartP,BPAY PI 2024:4.3-BPAY - SmartP,,,,,,,,,3.0,Story,Done
SMARTPAY-396,2520065,,17.10.2024 10:05,11.11.2024 08:17,Done,Major,,27.02.2025 16:13,BPAY PI 2024:4.1-BPAY - SmartP,BPAY PI 2024:4.2-BPAY - SmartP,BPAY PI 2024:4.3-BPAY - SmartP,BPAY PI 2024:4.4-BPAY - SmartP,BPAY PI2024:4.Innovation-BPAY,,,,,,,5.0,Story,Done
SMARTPAY-413,2553374,,11.11.2024 15:47,13.11.2024 13:44,Done,Critical,,11.02.2025 12:17,BPAY PI2024:4.Innovation-BPAY,,,,,,,,,,,,Production bug,Done
SMARTPAY-409,2550534,,08.11.2024 15:08,13.11.2024 13:53,Done,Major,,05.12.2024 08:43,BPAY PI 2024:4.4-BPAY - SmartP,BPAY PI2024:4.Innovation-BPAY,,,,,,,,,,2.0,Bug,Done
SMARTPAY-397,2520091,,17.10.2024 10:27,02.12.2024 14:15,Done,Major,,22.01.2025 12:53,BPAY PI 2024:4.1-BPAY - SmartP,BPAY PI 2024:4.2-BPAY - SmartP,BPAY PI 2024:4.3-BPAY - SmartP,BPAY PI 2024:4.4-BPAY - SmartP,BPAY PI 2024:5.1-BPAY - SmartP,,,,,,,2.0,Story,Done
SMARTPAY-426,2577368,,25.11.2024 10:13,22.04.2025 12:39,Abandoned,Major,,22.04.2025 12:39,BPAY PI 2024:5.1-BPAY - SmartP,,,,,,,,,,,2.0,Story,Won't Do
SMARTPAY-427,2570813,,20.11.2024 08:44,22.04.2025 12:38,Abandoned,Major,,22.04.2025 12:38,BPAY PI 2024:5.1-BPAY - SmartP,,,,,,,,,,,,Task,Won't Do
SMARTPAY-336,2378252,,10.06.2024 12:11,21.11.2024 13:52,Done,Major,,22.01.2025 12:53,BPAY PI 2024:4.1-BPAY - SmartP,BPAY PI 2024:4.2-BPAY - SmartP,BPAY PI 2024:4.3-BPAY - SmartP,BPAY PI 2024:4.4-BPAY - SmartP,BPAY PI 2024:5.1-BPAY - SmartP,,,,,,,2.0,Story,Done
SMARTPAY-339,2380097,,11.06.2024 14:35,21.11.2024 13:01,Done,Major,,22.01.2025 12:53,BPAY PI 2024:4.2-BPAY - SmartP,BPAY PI 2024:4.3-BPAY - SmartP,BPAY PI 2024:4.4-BPAY - SmartP,BPAY PI 2024:5.1-BPAY - SmartP,,,,,,,,2.0,Story,Done
SMARTPAY-418,2561161,,15.11.2024 15:35,04.12.2024 13:30,Done,Minor,,05.12.2024 08:43,BPAY PI 2024:5.1-BPAY - SmartP,,,,,,,,,,,3.0,Bug,Done
SMARTPAY-331,2310250,,12.04.2024 09:40,24.01.2025 09:42,Done,Major,,03.03.2025 12:41,BPAY PI 2024:4.2-BPAY - SmartP,BPAY PI 2024:4.3-BPAY - SmartP,BPAY PI 2024:4.4-BPAY - SmartP,BPAY PI 2024:5.2-BPAY - SmartP,BPAY PI 2024:5.3-BPAY - SmartP,BPAY PI 2024:5.IP-BPAY - Smart,,,,,,8.0,Story,Done
SMARTPAY-334,2305187,,10.04.2024 09:01,13.01.2025 13:51,Done,Major,,22.01.2025 12:54,BPAY PI 2024:4.3-BPAY - SmartP,BPAY PI 2024:4.4-BPAY - SmartP,BPAY PI 2024:5.1-BPAY - SmartP,BPAY PI 2024:5.2-BPAY - SmartP,BPAY PI 2024:5.3-BPAY - SmartP,,,,,,,3.0,Story,Done
SMARTPAY-438,2596638,,11.12.2024 14:00,18.12.2024 08:27,Done,Major,,22.01.2025 12:54,BPAY PI 2024:5.2-BPAY - SmartP,,,,,,,,,,,1.0,Story,Done
SMARTPAY-330,2328969,,24.04.2024 10:26,18.12.2024 16:10,Done,Major,,22.01.2025 12:54,BPAY PI 2024:4.1-BPAY - SmartP,BPAY PI 2024:4.2-BPAY - SmartP,BPAY PI 2024:4.3-BPAY - SmartP,BPAY PI 2024:4.4-BPAY - SmartP,BPAY PI 2024:5.2-BPAY - SmartP,,,,,,,2.0,Story,Done
SMARTPAY-401,2533931,,28.10.2024 12:32,12.12.2024 11:12,Done,Major,,22.01.2025 12:54,BPAY PI 2024:5.1-BPAY - SmartP,BPAY PI 2024:5.2-BPAY - SmartP,,,,,,,,,,3.0,Story,Done
SMARTPAY-428,2497994,,27.09.2024 14:31,16.12.2024 12:34,Done,Major,,29.12.2025 15:55,BPAY PI 2024:5.1-BPAY - SmartP,BPAY PI 2024:5.2-BPAY - SmartP,,,,,,,,,,5.0,Production bug,Done
SMARTPAY-406,2545992,,06.11.2024 14:50,03.12.2024 14:45,Done,Major,,03.12.2024 14:45,BPAY PI 2024:4.4-BPAY - SmartP,BPAY PI 2024:5.1-BPAY - SmartP,,,,,,,,,,8.0,Production bug,Done
SMARTPAY-404,2541010,,04.11.2024 08:12,28.11.2024 13:02,Done,Major,,12.12.2024 08:07,BPAY PI 2024:4.4-BPAY - SmartP,BPAY PI 2024:5.1-BPAY - SmartP,,,,,,,,,,8.0,Production bug,Done
SMARTPAY-415,2556370,,13.11.2024 11:15,21.11.2024 12:58,Done,Major,,21.11.2024 17:10,BPAY PI 2024:5.1-BPAY - SmartP,,,,,,,,,,,,Story,Done
SMARTPAY-416,2556396,,13.11.2024 11:35,21.11.2024 13:05,Done,Major,,21.11.2024 15:07,BPAY PI 2024:5.1-BPAY - SmartP,,,,,,,,,,,,Story,Done
SMARTPAY-417,2556511,,13.11.2024 11:50,21.11.2024 13:11,Done,Major,,21.11.2024 15:10,BPAY PI 2024:5.1-BPAY - SmartP,,,,,,,,,,,,Story,Done
SMARTPAY-410,2553205,,11.11.2024 13:52,12.11.2024 09:36,Done,Major,,22.01.2025 12:53,BPAY PI 2024:4.4-BPAY - SmartP,BPAY PI2024:4.Innovation-BPAY,,,,,,,,,,3.0,Task,Done
SMARTPAY-407,2548999,,07.11.2024 17:40,12.11.2024 08:16,Done,Major,,22.01.2025 12:53,BPAY PI 2024:4.4-BPAY - SmartP,BPAY PI2024:4.Innovation-BPAY,,,,,,,,,,3.0,Task,Done
SMARTPAY-337,2378254,,10.06.2024 12:15,07.10.2024 14:05,Done,Major,,07.10.2024 14:05,BPAY PI 2024:4.1-BPAY - SmartP,BPAY PI 2024:4.2-BPAY - SmartP,,,,,,,,,,3.0,Story,Done
SMARTPAY-338,2380054,,11.06.2024 14:08,03.10.2024 08:58,Done,Major,,03.10.2024 08:58,BPAY PI 2024:4.1-BPAY - SmartP,BPAY PI 2024:4.2-BPAY - SmartP,,,,,,,,,,5.0,Story,Done
SMARTPAY-315,2434142,,14.08.2024 10:44,19.09.2024 15:52,Done,Major,,14.11.2025 14:58,BPAY PI 2024:3.5-BPAY - SmartP,BPAY PI 2024:4.1-BPAY - SmartP,,,,,,,,,,3.0,Production bug,Done
SMARTPAY-88,2344394,,10.05.2024 08:30,18.09.2024 13:38,Done,Minor,,18.09.2024 13:38,BPAY PI 2024:3.5-BPAY - SmartP,BPAY PI 2024:4.1-BPAY - SmartP,,,,,,,,,,3.0,Story,Done
SMARTPAY-758,2969409,,14.10.2025 09:55,13.11.2025 08:44,Done,Major,,13.11.2025 08:44,BPAY PI 2025:4.3-BPAY - SmartP,BPAY PI 2025:4.4-BPAY - SmartP,BPAY PI 2025:4.5-BPAY - SmartP,,,,,,,,,3.0,Story,Done
SMARTPAY-715,2882161,,12.08.2025 09:45,31.10.2025 14:32,Done,Major,,23.04.2026 12:18,BPAY PI 2025:4.2-BPAY - SmartP,BPAY PI 2025:4.3-BPAY - SmartP,BPAY PI 2025:4.4-BPAY - SmartP,,,,,,,,,3.0,Story,Done
SMARTPAY-781,3002532,,07.11.2025 11:21,13.11.2025 14:08,Done,Major,,29.12.2025 15:57,BPAY PI 2025:4.5-BPAY - SmartP,,,,,,,,,,,,Bug,Done
SMARTPAY-791,2986542,,27.10.2025 15:40,04.12.2025 14:27,Abandoned,Major,,08.01.2026 14:15,BPAY PI 2025:5.2-BPAY - SmartP,,,,,,,,,,,,Story,Won't Do
SMARTPAY-805,2986540,,27.10.2025 15:39,04.12.2025 10:49,Abandoned,Major,,08.01.2026 14:15,BPAY PI 2025:5.2-BPAY - SmartP,,,,,,,,,,,,Story,Won't Do
SMARTPAY-795,2986524,,27.10.2025 15:27,04.12.2025 10:16,Abandoned,Major,,12.12.2025 08:20,BPAY PI 2025:5.2-BPAY - SmartP,,,,,,,,,,,,Story,Won't Do
SMARTPAY-797,2986529,,27.10.2025 15:36,11.12.2025 14:31,Abandoned,Major,,08.01.2026 14:16,BPAY PI 2025:5.2-BPAY - SmartP,,,,,,,,,,,,Story,Won't Do
SMARTPAY-801,2986523,,27.10.2025 15:27,27.11.2025 11:48,Abandoned,Major,,12.12.2025 08:20,BPAY PI 2025:5.2-BPAY - SmartP,,,,,,,,,,,,Story,Won't Do
SMARTPAY-798,2986531,,27.10.2025 15:36,27.11.2025 11:50,Abandoned,Major,,08.01.2026 14:16,BPAY PI 2025:5.2-BPAY - SmartP,,,,,,,,,,,,Story,Won't Do
SMARTPAY-793,2986533,,27.10.2025 15:37,27.11.2025 11:52,Abandoned,Major,,08.01.2026 14:16,BPAY PI 2025:5.2-BPAY - SmartP,,,,,,,,,,,,Story,Won't Do
SMARTPAY-792,2986532,,27.10.2025 15:37,22.12.2025 12:22,Done,Major,,12.01.2026 14:44,BPAY PI 2025:5.2-BPAY - SmartP,BPAY PI 2025:5.3-BPAY - SmartP,,,,,,,,,,3.0,Story,Done
SMARTPAY-844,3079013,,14.01.2026 11:00,21.01.2026 15:25,Done,Major,,09.02.2026 15:49,BPAY PI 2025:5.3-BPAY - SmartP,BPAY PI 2025:5.4-BPAY - SmartP,,,,,,,,,,2.0,Story,Done
SMARTPAY-838,3069575,,06.01.2026 14:09,21.01.2026 12:38,Done,Major,,09.02.2026 15:51,BPAY PI 2025:5.3-BPAY - SmartP,BPAY PI 2025:5.4-BPAY - SmartP,,,,,,,,,,3.0,Story,Done
SMARTPAY-865,3085477,,19.01.2026 13:51,26.01.2026 11:13,Done,Major,26.01.2026 00:00,26.01.2026 12:02,BPAY PI 2025:5.4-BPAY - SmartP,,,,,,,,,,,2.0,Production bug,Done
SMARTPAY-892,3124159,,06.02.2026 13:01,10.02.2026 16:16,Done,Major,,12.02.2026 09:30,BPAY PI 2026:1.1-BPAY - SmartP,,,,,,,,,,,3.0,Story,Done
SMARTPAY-859,3087077,,20.01.2026 12:46,10.02.2026 14:00,Done,Major,,23.04.2026 12:18,BPAY PI 2025:5.4-BPAY - SmartP,BPAY PI 2026:1.1-BPAY - SmartP,,,,,,,,,,5.0,Story,Done
SMARTPAY-849,3085413,,19.01.2026 12:58,04.02.2026 09:50,Done,Major,,09.02.2026 15:51,BPAY PI 2026:1.1-BPAY - SmartP,,,,,,,,,,,5.0,Story,Done
SMARTPAY-863,3090728,,22.01.2026 07:36,04.02.2026 10:47,Done,Major,,09.02.2026 15:49,BPAY PI 2025:5.4-BPAY - SmartP,BPAY PI 2026:1.1-BPAY - SmartP,,,,,,,,,,1.0,Story,Done
SMARTPAY-870,3096604,,26.01.2026 09:19,30.01.2026 16:15,Done,Major,,09.02.2026 15:52,BPAY PI 2026:1.1-BPAY - SmartP,,,,,,,,,,,3.0,Bug,Done
SMARTPAY-864,3085973,,20.01.2026 08:20,29.01.2026 15:59,Done,Major,,03.02.2026 15:00,BPAY PI 2025:5.4-BPAY - SmartP,BPAY PI 2026:1.1-BPAY - SmartP,,,,,,,,,,3.0,Bug,Done
SMARTPAY-866,3091979,3085973,22.01.2026 13:12,03.02.2026 15:01,Done,Major,,03.02.2026 15:01,BPAY PI 2025:5.4-BPAY - SmartP,BPAY PI 2026:1.1-BPAY - SmartP,,,,,,,,,,,Sub-task,Done
SMARTPAY-834,3057917,,15.12.2025 13:09,27.01.2026 08:23,Done,Major,,23.04.2026 12:18,BPAY PI 2025:5.3-BPAY - SmartP,BPAY PI 2025:5.4-BPAY - SmartP,BPAY PI 2026:1.1-BPAY - SmartP,,,,,,,,,5.0,Story,Done
SMARTPAY-872,3096904,,26.01.2026 10:19,04.02.2026 15:56,Done,Major,,09.02.2026 15:50,BPAY PI 2026:1.1-BPAY - SmartP,,,,,,,,,,,3.0,Bug,Done
SMARTPAY-883,3110870,,28.01.2026 12:29,30.01.2026 15:54,Done,Major,,05.02.2026 08:21,BPAY PI 2026:1.1-BPAY - SmartP,,,,,,,,,,,1.0,Story,Done
SMARTPAY-888,3115594,,30.01.2026 11:42,03.02.2026 06:47,Done,Major,,05.02.2026 08:22,BPAY PI 2025:5.4-BPAY - SmartP,BPAY PI 2026:1.1-BPAY - SmartP,,,,,,,,,,3.0,Bug,Done
SMARTPAY-847,3081991,,15.01.2026 13:32,06.02.2026 15:44,Done,Major,,09.02.2026 15:51,BPAY PI 2026:1.1-BPAY - SmartP,,,,,,,,,,,5.0,Story,Done
SMARTPAY-846,3081945,,15.01.2026 13:25,06.02.2026 15:35,Done,Major,,09.02.2026 15:51,BPAY PI 2026:1.1-BPAY - SmartP,,,,,,,,,,,3.0,Story,Done
SMARTPAY-845,3079786,,14.01.2026 14:59,05.02.2026 12:07,Done,Major,,23.04.2026 12:17,BPAY PI 2025:5.4-BPAY - SmartP,BPAY PI 2026:1.1-BPAY - SmartP,,,,,,,,,,3.0,Story,Done
SMARTPAY-832,3057697,,15.12.2025 12:45,09.01.2026 11:12,Done,Major,,09.02.2026 15:51,BPAY PI 2025:5.3-BPAY - SmartP,,,,,,,,,,,3.0,Story,Done
SMARTPAY-895,3132755,,13.02.2026 08:30,20.02.2026 08:43,Done,Major,,26.02.2026 11:52,BPAY PI 2026:1.2-BPAY - SmartP,,,,,,,,,,,2.0,Task,Done
SMARTPAY-851,3085432,,19.01.2026 13:12,19.02.2026 12:59,Done,Major,,23.02.2026 15:45,BPAY PI 2026:1.1-BPAY - SmartP,BPAY PI 2026:1.2-BPAY - SmartP,,,,,,,,,,8.0,Story,Done
SMARTPAY-535,2691536,,28.02.2025 14:30,17.02.2026 13:10,Done,Major,,17.02.2026 13:10,BPAY PI 2025:4.3-BPAY - SmartP,BPAY PI 2025:4.4-BPAY - SmartP,BPAY PI 2025:4.5-BPAY - SmartP,BPAY PI 2025:5.1-BPAY - SmartP,BPAY PI 2025:5.2-BPAY - SmartP,BPAY PI 2025:5.3-BPAY - SmartP,BPAY PI 2025:5.4-BPAY - SmartP,BPAY PI 2026:1.1-BPAY - SmartP,BPAY PI 2026:1.2-BPAY - SmartP,,,8.0,Story,Done
SMARTPAY-532,2718181,,21.03.2025 14:44,13.02.2026 16:10,Done,Major,,13.02.2026 16:10,BPAY PI 2025:4.3-BPAY - SmartP,BPAY PI 2025:4.4-BPAY - SmartP,BPAY PI 2025:4.5-BPAY - SmartP,BPAY PI 2025:5.1-BPAY - SmartP,BPAY PI 2025:5.2-BPAY - SmartP,BPAY PI 2025:5.3-BPAY - SmartP,BPAY PI 2025:5.4-BPAY - SmartP,BPAY PI 2026:1.1-BPAY - SmartP,BPAY PI 2026:1.2-BPAY - SmartP,,,5.0,Story,Done
SMARTPAY-777,3001288,,06.11.2025 14:55,16.02.2026 15:30,Done,Major,,16.02.2026 15:30,BPAY PI 2025:5.2-BPAY - SmartP,BPAY PI 2025:5.3-BPAY - SmartP,BPAY PI 2025:5.4-BPAY - SmartP,BPAY PI 2026:1.1-BPAY - SmartP,BPAY PI 2026:1.2-BPAY - SmartP,,,,,,,3.0,Story,Done
SMARTPAY-778,3001289,,06.11.2025 14:56,12.02.2026 15:01,Done,Major,,12.02.2026 15:01,BPAY PI 2025:5.2-BPAY - SmartP,BPAY PI 2025:5.3-BPAY - SmartP,BPAY PI 2025:5.4-BPAY - SmartP,BPAY PI 2026:1.1-BPAY - SmartP,BPAY PI 2026:1.2-BPAY - SmartP,,,,,,,3.0,Story,Done
SMARTPAY-891,3122810,,05.02.2026 12:01,16.02.2026 15:15,Done,Major,,26.02.2026 11:52,BPAY PI 2026:1.1-BPAY - SmartP,BPAY PI 2026:1.2-BPAY - SmartP,,,,,,,,,,5.0,Bug,Done
SMARTPAY-876,3101125,,27.01.2026 08:41,19.02.2026 09:41,Done,Major,,09.04.2026 10:10,BPAY PI 2026:1.2-BPAY - SmartP,,,,,,,,,,,13.0,Story,Done
SMARTPAY-833,3057914,,15.12.2025 13:03,13.01.2026 12:09,Done,Major,,09.02.2026 15:50,BPAY PI 2025:5.3-BPAY - SmartP,,,,,,,,,,,3.0,Story,Done
SMARTPAY-810,2986547,,27.10.2025 15:43,06.01.2026 15:50,Done,Major,,12.01.2026 14:29,BPAY PI 2025:5.2-BPAY - SmartP,BPAY PI 2025:5.3-BPAY - SmartP,,,,,,,,,,0.0,Story,Done
SMARTPAY-804,2986536,,27.10.2025 15:38,05.01.2026 15:06,Abandoned,Major,,05.01.2026 15:06,BPAY PI 2025:5.2-BPAY - SmartP,BPAY PI 2025:5.3-BPAY - SmartP,,,,,,,,,,,Story,Won't Do
SMARTPAY-809,2986537,,27.10.2025 15:39,30.12.2025 10:42,Done,Major,,12.01.2026 14:22,BPAY PI 2025:5.2-BPAY - SmartP,BPAY PI 2025:5.3-BPAY - SmartP,,,,,,,,,,1.0,Story,Done
SMARTPAY-811,2986538,,27.10.2025 15:39,12.12.2025 09:34,Abandoned,Major,,07.01.2026 16:49,BPAY PI 2025:5.2-BPAY - SmartP,,,,,,,,,,,,Story,Won't Do
SMARTPAY-823,3029674,,20.11.2025 08:22,11.12.2025 12:33,Done,Critical,,29.12.2025 15:51,BPAY PI 2025:5.1-BPAY - SmartP,BPAY PI 2025:5.2-BPAY - SmartP,,,,,,,,,,3.0,Production bug,Done
SMARTPAY-789,3017489,,14.11.2025 08:54,25.11.2025 15:44,Done,Critical,,29.12.2025 15:54,BPAY PI 2025:5.1-BPAY - SmartP,,,,,,,,,,,3.0,Task,Done
SMARTPAY-787,3010951,,12.11.2025 12:42,04.12.2025 08:09,Abandoned,Major,,12.02.2026 12:39,BPAY PI 2025:4.5-BPAY - SmartP,BPAY PI 2025:5.1-BPAY - SmartP,BPAY PI 2025:5.2-BPAY - SmartP,,,,,,,,,3.0,Production bug,Won't Do
SMARTPAY-786,3010943,,12.11.2025 12:38,08.12.2025 13:39,Abandoned,Major,,29.12.2025 15:56,BPAY PI 2025:4.5-BPAY - SmartP,BPAY PI 2025:5.2-BPAY - SmartP,,,,,,,,,,2.0,Production bug,Won't Do
SMARTPAY-790,3017375,,14.11.2025 08:27,03.12.2025 13:52,Done,Major,,29.12.2025 15:55,BPAY PI 2025:5.1-BPAY - SmartP,,,,,,,,,,,3.0,Production bug,Done
SMARTPAY-806,2986528,,27.10.2025 15:35,09.01.2026 10:04,Done,Major,,12.01.2026 14:21,BPAY PI 2025:5.2-BPAY - SmartP,BPAY PI 2025:5.3-BPAY - SmartP,,,,,,,,,,8.0,Story,Done
SMARTPAY-799,2986527,,27.10.2025 15:34,19.12.2025 15:17,Done,Major,,12.01.2026 14:30,BPAY PI 2025:5.2-BPAY - SmartP,BPAY PI 2025:5.3-BPAY - SmartP,,,,,,,,,,3.0,Story,Done
SMARTPAY-802,2986546,,27.10.2025 15:42,19.12.2025 08:57,Done,Major,,12.01.2026 14:33,BPAY PI 2025:5.2-BPAY - SmartP,BPAY PI 2025:5.3-BPAY - SmartP,,,,,,,,,,2.0,Story,Done
SMARTPAY-808,2986520,,27.10.2025 15:26,19.12.2025 14:54,Done,Major,,12.01.2026 14:34,BPAY PI 2025:5.1-BPAY - SmartP,BPAY PI 2025:5.2-BPAY - SmartP,BPAY PI 2025:5.3-BPAY - SmartP,,,,,,,,,5.0,Story,Done
SMARTPAY-782,2966546,,10.10.2025 10:35,12.12.2025 15:44,Done,Major,,12.01.2026 11:49,BPAY PI 2025:4.5-BPAY - SmartP,BPAY PI 2025:5.1-BPAY - SmartP,BPAY PI 2025:5.2-BPAY - SmartP,,,,,,,,,8.0,Story,Done
SMARTPAY-533,2688983,,27.02.2025 08:47,01.12.2025 15:14,Done,Major,,23.04.2026 12:18,BPAY PI 2025:2.3-BPAY - SmartP,BPAY PI 2025:2.4-BPAY - SmartP,BPAY PI 2025:3.1-BPAY - SmartP,BPAY PI 2025:4.2-BPAY - SmartP,BPAY PI 2025:4.3-BPAY - SmartP,BPAY PI 2025:4.4-BPAY - SmartP,BPAY PI 2025:4.5-BPAY - SmartP,BPAY PI 2025:5.1-BPAY - SmartP,,,,3.0,Story,Done
SMARTPAY-774,2994333,,03.11.2025 10:35,14.11.2025 10:51,Done,Major,,29.12.2025 15:54,BPAY PI 2025:4.4-BPAY - SmartP,BPAY PI 2025:4.5-BPAY - SmartP,,,,,,,,,,5.0,Production bug,Done
SMARTPAY-773,2993336,,31.10.2025 14:12,12.11.2025 10:39,Done,Major,,29.12.2025 15:57,BPAY PI 2025:4.4-BPAY - SmartP,BPAY PI 2025:4.5-BPAY - SmartP,,,,,,,,,,,Production bug,Done
SMARTPAY-45,2122484,,02.11.2023 10:08,14.11.2025 10:54,Done,Major,,14.11.2025 10:55,BPAY PI2024:1.Inno-SmartPay,BPAY PI 2024:3.3-BPAY - SmartP,BPAY PI 2024:3.4-BPAY - SmartP,BPAY PI 2024:3.5-BPAY - SmartP,BPAY PI 2025:4.4-BPAY - SmartP,BPAY PI 2025:4.5-BPAY - SmartP,,,,,,5.0,Bug,Done
SMARTPAY-316,2383509,,14.06.2024 07:44,04.09.2024 14:54,Done,Major,,04.09.2024 14:54,BPAY PI 2024:3.2-BPAY - SmartP,BPAY PI 2024:3.3-BPAY - SmartP,BPAY PI 2024:3.4-BPAY - SmartP,BPAY PI 2024:3.5-BPAY - SmartP,,,,,,,,5.0,Production bug,Done
SMARTPAY-304,2421903,,24.07.2024 10:35,19.08.2024 10:23,Done,Major,,19.08.2024 10:23,BPAY PI 2024:3.3-BPAY - SmartP,BPAY PI 2024:3.4-BPAY - SmartP,BPAY PI 2024:3.5-BPAY - SmartP,,,,,,,,,2.0,Task,Done
SMARTPAY-44,2279290,,18.03.2024 11:10,23.07.2024 10:36,Done,Major,,08.08.2024 19:38,BPAY PI 2024:1.4-BPAY - SmartP,BPAY PI2024:1.Inno-SmartPay,BPAY PI 2024:3.2-BPAY - SmartP,BPAY PI 2024:3.3-BPAY - SmartP,,,,,,,,5.0,Production bug,Done
SMARTPAY-302,2420891,,23.07.2024 08:15,21.08.2024 10:09,Done,Critical,,21.08.2024 14:18,BPAY PI 2024:3.3-BPAY - SmartP,BPAY PI 2024:3.4-BPAY - SmartP,BPAY PI 2024:3.5-BPAY - SmartP,,,,,,,,,8.0,Production bug,Done
SMARTPAY-306,2423061,,26.07.2024 11:27,05.08.2024 08:14,Done,Critical,,15.08.2024 12:42,BPAY PI 2024:3.3-BPAY - SmartP,,,,,,,,,,,2.0,Production bug,Done
SMARTPAY-296,2418609,,17.07.2024 13:27,12.08.2024 08:24,Abandoned,Major,,12.08.2024 08:24,BPAY PI 2024:3.3-BPAY - SmartP,BPAY PI 2024:3.4-BPAY - SmartP,,,,,,,,,,,Production bug,Won't Do
SMARTPAY-305,2421425,,23.07.2024 13:06,26.07.2024 13:03,Done,Critical,,26.07.2024 13:03,BPAY PI 2024:3.3-BPAY - SmartP,,,,,,,,,,,5.0,Bug,Done
SMARTPAY-303,2421842,,24.07.2024 09:00,05.08.2024 14:11,Done,Major,,09.08.2024 10:36,BPAY PI 2024:3.3-BPAY - SmartP,,,,,,,,,,,2.0,Bug,Done
SMARTPAY-108,2375534,,06.06.2024 09:20,10.06.2024 09:50,Abandoned,Trivial,,10.06.2024 09:51,,,,,,,,,,,,,Bug,Won't Do
SMARTPAY-107,2375532,,06.06.2024 09:16,10.06.2024 09:51,Abandoned,Trivial,,17.10.2024 10:27,,,,,,,,,,,,,Bug,Won't Do
SMARTPAY-102,2374489,,05.06.2024 12:20,06.06.2024 16:02,Done,Major,,06.06.2024 16:02,BPAY PI 2024:2.4-BPAY - SmartP,,,,,,,,,,,2.0,Bug,Done
SMARTPAY-43,2279334,,18.03.2024 11:24,05.04.2024 09:01,Done,Major,,11.04.2024 12:29,BPAY PI 2024:1.3-BPAY - SmartP,BPAY PI 2024:1.4-BPAY - SmartP,BPAY PI2024:1.Inno-SmartPay,,,,,,,,,8.0,Spike,Done
SMARTPAY-92,2351903,,17.05.2024 06:55,06.06.2024 10:09,Done,Major,,06.06.2024 10:09,BPAY PI 2024:2.4-BPAY - SmartP,,,,,,,,,,,5.0,Bug,Done
SMARTPAY-93,2355357,,20.05.2024 11:44,27.05.2024 08:03,Abandoned,Major,,27.05.2024 08:05,,,,,,,,,,,,,Bug,Won't Do
SMARTPAY-9,1757402,,17.11.2022 14:59,06.02.2024 14:07,Done,Major,,21.05.2025 10:21,BPAY PI 2024:1.1-BPAY - SmartP,,,,,,,,,,,5.0,Engineering job,Done
SMARTPAY-49,2199020,,16.01.2024 15:21,07.06.2024 20:14,Done,Major,,20.05.2025 12:28,BPAY PI 2024:2.1-BPAY - SmartP,BPAY PI 2024:2.2-BPAY - SmartP,BPAY PI 2024:2.3-BPAY - SmartP,BPAY PI 2024:2.4-BPAY - SmartP,,,,,,,,8.0,Story,Done
SMARTPAY-50,2202197,,18.01.2024 16:01,07.06.2024 19:40,Done,Major,,10.06.2024 11:29,BPAY PI 2024:2.1-BPAY - SmartP,BPAY PI 2024:2.2-BPAY - SmartP,BPAY PI 2024:2.3-BPAY - SmartP,BPAY PI 2024:2.4-BPAY - SmartP,,,,,,,,5.0,Story,Done
SMARTPAY-76,2229286,,07.02.2024 15:20,23.05.2024 13:38,Done,Major,,23.05.2024 13:38,BPAY PI 2024:2.1-BPAY - SmartP,BPAY PI 2024:2.2-BPAY - SmartP,BPAY PI 2024:2.3-BPAY - SmartP,,,,,,,,,5.0,Story,Done
SMARTPAY-90,2349083,2229286,15.05.2024 07:58,21.05.2024 12:40,Done,Major,,21.05.2024 12:40,BPAY PI 2024:2.1-BPAY - SmartP,BPAY PI 2024:2.2-BPAY - SmartP,BPAY PI 2024:2.3-BPAY - SmartP,,,,,,,,,3.0,Sub-task,Done
SMARTPAY-75,2328388,,24.04.2024 08:41,15.05.2024 12:43,Done,Major,,11.07.2024 13:37,BPAY PI 2024:2.1-BPAY - SmartP,BPAY PI 2024:2.2-BPAY - SmartP,,,,,,,,,,5.0,Story,Done
SMARTPAY-55,2255235,,26.02.2024 10:37,06.06.2024 09:08,Done,Major,,08.11.2024 15:08,BPAY PI 2024:2.1-BPAY - SmartP,BPAY PI 2024:2.2-BPAY - SmartP,BPAY PI 2024:2.3-BPAY - SmartP,BPAY PI 2024:2.4-BPAY - SmartP,,,,,,,,5.0,Story,Done
SMARTPAY-8,2211099,,25.01.2024 15:45,05.02.2024 11:05,Done,Major,,21.05.2025 10:21,BPAY PI 2024:1.1-BPAY - SmartP,,,,,,,,,,,3.0,Production bug,Done
SMARTPAY-18,2119867,,31.10.2023 13:22,12.02.2024 12:40,Done,Major,,12.02.2024 12:40,BPAY PI 2024:1.1-BPAY - SmartP,,,,,,,,,,,13.0,Story,Done
SMARTPAY-17,2119876,,31.10.2023 13:32,26.02.2024 16:13,Done,Major,,26.02.2024 16:13,BPAY PI 2024:1.1-BPAY - SmartP,BPAY PI 2024:1.2-BPAY - SmartP,,,,,,,,,,5.0,Story,Done
SMARTPAY-21,2124857,,06.11.2023 09:16,13.02.2024 12:39,Done,Major,,28.02.2024 08:55,BPAY PI 2024:1.1-BPAY - SmartP,,,,,,,,,,,3.0,Story,Done
SMARTPAY-11,2164901,,05.12.2023 10:15,02.05.2024 11:22,Done,Minor,,08.08.2024 18:47,BPAY PI2024:1.Inno-SmartPay,BPAY PI 2024:2.1-BPAY - SmartP,BPAY PI 2024:2.2-BPAY - SmartP,,,,,,,,,5.0,Production bug,Done
SMARTPAY-10,2198354,,16.01.2024 12:15,02.02.2024 10:23,Done,Minor,,13.08.2024 12:51,,,,,,,,,,,,2.0,Production bug,Done
SMARTPAY-22,2148445,,24.11.2023 13:42,05.02.2024 15:46,Done,Major,,14.02.2024 14:34,BPAY PI 2024:1.1-BPAY - SmartP,,,,,,,,,,,2.0,Story,Done
SMARTPAY-16,2124859,,06.11.2023 09:18,19.02.2024 11:04,Done,Major,,19.02.2024 11:04,BPAY PI 2024:1.1-BPAY - SmartP,,,,,,,,,,,3.0,Story,Done
SMARTPAY-24,2229638,,07.02.2024 16:10,08.02.2024 10:17,Done,Major,,08.02.2024 10:17,BPAY PI 2024:1.1-BPAY - SmartP,,,,,,,,,,,3.0,Story,Done
SMARTPAY-19,2119881,,31.10.2023 13:38,28.02.2024 08:56,Done,Major,,28.02.2024 08:56,BPAY PI 2024:1.1-BPAY - SmartP,BPAY PI 2024:1.2-BPAY - SmartP,,,,,,,,,,5.0,Story,Done
SMARTPAY-14,2203215,,19.01.2024 11:23,03.04.2024 16:12,Done,Major,,19.04.2024 08:22,BPAY PI 2024:1.1-BPAY - SmartP,BPAY PI 2024:1.2-BPAY - SmartP,BPAY PI 2024:1.3-BPAY - SmartP,BPAY PI 2024:1.4-BPAY - SmartP,,,,,,,,13.0,Story,Done
SMARTPAY-26,2107047,,19.10.2023 13:19,13.02.2024 07:36,Done,Major,,13.02.2024 08:16,BPAY PI 2024:1.1-BPAY - SmartP,,,,,,,,,,,5.0,Story,Done
SMARTPAY-25,2232372,,09.02.2024 12:30,21.02.2024 12:08,Done,Major,,21.02.2024 12:08,BPAY PI 2024:1.1-BPAY - SmartP,,,,,,,,,,,3.0,Task,Done
SMARTPAY-20,2124513,,03.11.2023 13:53,28.02.2024 08:57,Done,Major,,28.02.2024 08:57,BPAY PI 2024:1.1-BPAY - SmartP,BPAY PI 2024:1.2-BPAY - SmartP,,,,,,,,,,5.0,Story,Done
SMARTPAY-28,2248400,,19.02.2024 13:57,08.03.2024 12:53,Done,Major,,15.04.2026 08:29,BPAY PI 2024:1.1-BPAY - SmartP,BPAY PI 2024:1.2-BPAY - SmartP,BPAY PI 2024:1.3-BPAY - SmartP,,,,,,,,,5.0,Engineering job,Done
SMARTPAY-27,2244673,,15.02.2024 12:17,28.02.2024 12:47,Done,Minor,,13.08.2024 12:51,BPAY PI 2024:1.1-BPAY - SmartP,BPAY PI 2024:1.2-BPAY - SmartP,,,,,,,,,,2.0,Bug,Done
SMARTPAY-12,2203258,,19.01.2024 11:50,04.04.2024 10:46,Done,Major,,04.04.2024 10:46,BPAY PI 2024:1.2-BPAY - SmartP,BPAY PI 2024:1.3-BPAY - SmartP,BPAY PI 2024:1.4-BPAY - SmartP,,,,,,,,,13.0,Story,Done
SMARTPAY-47,2295224,2203258,03.04.2024 07:47,04.04.2024 10:42,Done,Major,,04.04.2024 16:28,BPAY PI 2024:1.2-BPAY - SmartP,BPAY PI 2024:1.3-BPAY - SmartP,BPAY PI 2024:1.4-BPAY - SmartP,,,,,,,,,2.0,Sub-task,Done
SMARTPAY-30,2258277,,28.02.2024 08:52,07.03.2024 14:29,Done,Major,,07.03.2024 14:29,BPAY PI 2024:1.2-BPAY - SmartP,,,,,,,,,,,1.0,Story,Done
SMARTPAY-33,2262121,,01.03.2024 08:42,06.03.2024 14:32,Done,Major,,13.08.2024 12:50,BPAY PI 2024:1.2-BPAY - SmartP,,,,,,,,,,,2.0,Production bug,Done
SMARTPAY-13,2203594,,19.01.2024 13:36,25.04.2024 07:14,Done,Major,,25.04.2024 07:14,BPAY PI 2024:1.4-BPAY - SmartP,BPAY PI2024:1.Inno-SmartPay,BPAY PI 2024:2.1-BPAY - SmartP,,,,,,,,,13.0,Story,Done
SMARTPAY-40,2275827,2203594,14.03.2024 10:00,08.04.2024 15:56,Done,Major,,08.04.2024 15:56,BPAY PI 2024:1.4-BPAY - SmartP,BPAY PI2024:1.Inno-SmartPay,BPAY PI 2024:2.1-BPAY - SmartP,,,,,,,,,,Sub-task,Done
SMARTPAY-41,2275832,2203594,14.03.2024 10:02,24.04.2024 16:07,Done,Major,,24.04.2024 16:07,BPAY PI 2024:1.4-BPAY - SmartP,BPAY PI2024:1.Inno-SmartPay,BPAY PI 2024:2.1-BPAY - SmartP,,,,,,,,,,Sub-task,Done
SMARTPAY-51,2208886,,24.01.2024 15:48,17.05.2024 12:16,Done,Major,,17.05.2024 12:16,BPAY PI 2024:2.1-BPAY - SmartP,BPAY PI 2024:2.2-BPAY - SmartP,BPAY PI 2024:2.3-BPAY - SmartP,,,,,,,,,3.0,Story,Done
SMARTPAY-15,2220793,,01.02.2024 09:19,18.07.2024 15:15,Done,Major,,18.07.2024 15:15,BPAY PI 2024:1.2-BPAY - SmartP,,,,,,,,,,,,Spike,Done
SMARTPAY-52,2228915,,07.02.2024 12:49,13.05.2024 12:22,Done,Major,,17.06.2024 09:46,BPAY PI 2024:2.1-BPAY - SmartP,BPAY PI 2024:2.2-BPAY - SmartP,,,,,,,,,,8.0,Story,Done
SMARTPAY-39,2232060,,09.02.2024 11:16,26.03.2024 14:18,Done,Major,,30.09.2024 13:25,BPAY PI 2024:1.3-BPAY - SmartP,BPAY PI 2024:1.4-BPAY - SmartP,,,,,,,,,,5.0,Production bug,Done
SMARTPAY-38,2248945,,20.02.2024 08:11,21.03.2024 16:03,Done,Major,,21.03.2024 16:03,BPAY PI 2024:1.2-BPAY - SmartP,BPAY PI 2024:1.3-BPAY - SmartP,BPAY PI 2024:1.4-BPAY - SmartP,,,,,,,,,5.0,Production bug,Done
SMARTPAY-48,2310204,,12.04.2024 09:06,24.04.2024 15:42,Done,Major,,24.04.2024 15:42,BPAY PI2024:1.Inno-SmartPay,BPAY PI 2024:2.1-BPAY - SmartP,,,,,,,,,,3.0,Story,Done
SMARTPAY-53,2257914,,27.02.2024 15:44,02.05.2024 14:09,Done,Major,,03.05.2024 13:26,BPAY PI 2024:2.1-BPAY - SmartP,BPAY PI 2024:2.2-BPAY - SmartP,,,,,,,,,,5.0,Story,Done
SMARTPAY-54,2255033,,26.02.2024 08:53,25.04.2024 09:02,Done,Major,,05.12.2024 08:42,BPAY PI 2024:2.1-BPAY - SmartP,,,,,,,,,,,1.0,Engineering job,Done
SMARTPAY-56,2258621,,28.02.2024 10:03,07.06.2024 19:29,Done,Major,,08.11.2024 15:08,BPAY PI 2024:2.2-BPAY - SmartP,BPAY PI 2024:2.3-BPAY - SmartP,BPAY PI 2024:2.4-BPAY - SmartP,,,,,,,,,3.0,Story,Done
SMARTPAY-109,2375459,2258621,06.06.2024 09:32,07.06.2024 14:53,Done,Major,,07.06.2024 14:53,BPAY PI 2024:2.2-BPAY - SmartP,BPAY PI 2024:2.3-BPAY - SmartP,BPAY PI 2024:2.4-BPAY - SmartP,,,,,,,,,,Bug Sub-Task,Done
SMARTPAY-77,2338570,,03.05.2024 12:28,14.05.2024 11:54,Done,Major,,14.05.2024 11:54,BPAY PI 2024:2.2-BPAY - SmartP,,,,,,,,,,,5.0,Bug,Done
SMARTPAY-58,2258943,,28.02.2024 11:38,03.06.2024 09:55,Done,Major,,05.06.2024 10:16,BPAY PI 2024:2.3-BPAY - SmartP,BPAY PI 2024:2.4-BPAY - SmartP,,,,,,,,,,8.0,Story,Done
SMARTPAY-104,2375410,,06.06.2024 08:33,17.06.2024 09:52,Done,Major,,08.11.2024 15:08,BPAY PI 2024:2.4-BPAY - SmartP,BPAY PI2024:2.Innovation-BPAY,,,,,,,,,,3.0,Story,Done
SMARTPAY-34,2264030,,04.03.2024 12:26,22.03.2024 12:57,Done,Major,,22.03.2024 12:57,BPAY PI 2024:1.2-BPAY - SmartP,BPAY PI 2024:1.3-BPAY - SmartP,,,,,,,,,,3.0,Spike,Done
SMARTPAY-37,2264191,,04.03.2024 14:24,22.03.2024 08:55,Done,Major,,13.08.2024 12:50,BPAY PI 2024:1.2-BPAY - SmartP,BPAY PI 2024:1.3-BPAY - SmartP,BPAY PI 2024:1.4-BPAY - SmartP,,,,,,,,,5.0,Production bug,Done
SMARTPAY-328,2377087,,07.06.2024 19:05,20.09.2024 14:24,Done,Minor,,20.09.2024 14:24,BPAY PI 2024:4.1-BPAY - SmartP,,,,,,,,,,,3.0,Bug,Done
SMARTPAY-96,2361136,,23.05.2024 14:48,29.05.2024 08:53,Done,Major,,29.05.2024 08:53,BPAY PI 2024:2.3-BPAY - SmartP,,,,,,,,,,,2.0,Bug,Done
SMARTPAY-42,2277845,,15.03.2024 11:38,25.03.2024 15:02,Done,Major,,13.08.2024 12:50,BPAY PI 2024:1.3-BPAY - SmartP,BPAY PI 2024:1.4-BPAY - SmartP,,,,,,,,,,2.0,Production bug,Done
SMARTPAY-46,2290504,,27.03.2024 13:43,23.04.2024 15:48,Done,Major,,23.04.2024 15:48,BPAY PI2024:1.Inno-SmartPay,BPAY PI 2024:2.1-BPAY - SmartP,,,,,,,,,,5.0,Story,Done
SMARTPAY-332,2305179,,10.04.2024 08:53,30.10.2024 08:50,Done,Major,,22.01.2025 12:54,BPAY PI 2024:4.1-BPAY - SmartP,BPAY PI 2024:4.2-BPAY - SmartP,BPAY PI 2024:4.3-BPAY - SmartP,BPAY PI 2024:4.4-BPAY - SmartP,,,,,,,,3.0,Story,Done
SMARTPAY-400,2529160,,24.10.2024 08:57,30.10.2024 08:52,Done,Major,,22.01.2025 12:54,BPAY PI 2024:4.3-BPAY - SmartP,BPAY PI 2024:4.4-BPAY - SmartP,,,,,,,,,,3.0,Story,Done
SMARTPAY-271,2310535,,12.04.2024 12:10,12.07.2024 10:54,Done,Minor,,12.07.2024 14:14,BPAY PI 2024:3.1-BPAY - SmartP,BPAY PI 2024:3.2-BPAY - SmartP,,,,,,,,,,5.0,Production bug,Done
SMARTPAY-67,2315174,,17.04.2024 08:27,21.05.2024 14:44,Abandoned,Major,,21.05.2024 14:50,BPAY PI 2024:2.3-BPAY - SmartP,,,,,,,,,,,13.0,Story,Won't Do
SMARTPAY-69,2321345,,22.04.2024 09:04,30.04.2024 12:32,Done,Major,,17.05.2024 09:27,,,,,,,,,,,,,Test,Done
SMARTPAY-70,2321346,,22.04.2024 09:06,30.04.2024 12:42,Done,Major,,17.05.2024 09:27,,,,,,,,,,,,,Test,Done
SMARTPAY-71,2321347,,22.04.2024 09:07,30.04.2024 12:41,Done,Major,,17.05.2024 09:27,,,,,,,,,,,,,Test,Done
SMARTPAY-72,2321350,,22.04.2024 09:14,30.04.2024 12:54,Done,Major,,17.05.2024 09:27,,,,,,,,,,,,,Test,Done
SMARTPAY-73,2321351,,22.04.2024 09:15,30.04.2024 13:05,Done,Major,,17.05.2024 09:27,,,,,,,,,,,,,Test,Done
SMARTPAY-74,2321353,,22.04.2024 09:16,30.04.2024 13:08,Done,Major,,17.05.2024 09:27,,,,,,,,,,,,,Test,Done
SMARTPAY-78,2343332,,08.05.2024 12:36,13.05.2024 12:22,Done,Major,,17.05.2024 09:27,,,,,,,,,,,,,Test,Done
SMARTPAY-79,2343334,,08.05.2024 12:37,13.05.2024 12:22,Done,Major,,17.05.2024 09:27,,,,,,,,,,,,,Test,Done
SMARTPAY-80,2343337,,08.05.2024 12:39,13.05.2024 12:22,Done,Major,,17.05.2024 09:26,,,,,,,,,,,,,Test,Done
SMARTPAY-81,2343696,,08.05.2024 15:22,17.05.2024 08:25,Done,Trivial,,17.05.2024 09:26,,,,,,,,,,,,,Test,Done
SMARTPAY-82,2343906,,08.05.2024 15:31,17.05.2024 08:25,Done,Trivial,,17.05.2024 09:26,,,,,,,,,,,,,Test,Done
SMARTPAY-83,2343910,,08.05.2024 15:33,17.05.2024 08:25,Done,Trivial,,17.05.2024 09:26,,,,,,,,,,,,,Test,Done
SMARTPAY-84,2343912,,08.05.2024 15:34,17.05.2024 08:25,Done,Trivial,,17.05.2024 09:26,,,,,,,,,,,,,Test,Done
SMARTPAY-85,2343913,,08.05.2024 15:35,17.05.2024 08:24,Done,Trivial,,17.05.2024 09:25,,,,,,,,,,,,,Test,Done
SMARTPAY-86,2343914,,08.05.2024 15:36,17.05.2024 08:25,Done,Trivial,,17.05.2024 09:25,,,,,,,,,,,,,Test,Done
SMARTPAY-91,2349756,,15.05.2024 12:32,15.05.2024 12:41,Done,Major,,17.05.2024 09:25,,,,,,,,,,,,,Test,Done
SMARTPAY-94,2356901,,21.05.2024 10:29,22.05.2024 13:12,Done,Major,,22.05.2024 13:12,,,,,,,,,,,,,Test,Done
SMARTPAY-95,2356902,,21.05.2024 10:29,22.05.2024 13:12,Done,Major,,22.05.2024 13:12,,,,,,,,,,,,,Test,Done
SMARTPAY-97,2365048,,28.05.2024 12:33,06.06.2024 08:41,Done,Major,,13.06.2024 13:43,,,,,,,,,,,,,Test,Done
SMARTPAY-98,2366285,,29.05.2024 10:39,30.05.2024 08:16,Abandoned,Major,,30.05.2024 08:19,,,,,,,,,,,,,Story,Won't Do
SMARTPAY-99,2367157,,29.05.2024 15:08,05.06.2024 13:01,Done,Major,,05.06.2024 13:01,BPAY PI 2024:2.4-BPAY - SmartP,,,,,,,,,,,3.0,Bug,Done
SMARTPAY-100,2370278,,03.06.2024 09:25,03.06.2024 09:43,Done,Major,,03.06.2024 09:55,,,,,,,,,,,,,Test,Done
SMARTPAY-110,2376242,,07.06.2024 08:29,13.06.2024 08:30,Done,Major,,19.06.2024 08:34,,,,,,,,,,,,,Bug,Done
SMARTPAY-289,2412691,,09.07.2024 14:23,18.07.2024 15:15,Done,Critical,,19.07.2024 13:36,BPAY PI 2024:3.2-BPAY - SmartP,,,,,,,,,,,8.0,Spike,Done
SMARTPAY-550,2749105,,08.04.2025 14:56,09.04.2025 08:21,Done,Major,,29.12.2025 15:55,,,,,,,,,,,,1.0,Story,Done
SMARTPAY-628,2847742,,26.06.2025 12:57,10.10.2025 16:27,Done,Major,,23.04.2026 12:18,BPAY PI 2025:4.1-BPAY - SmartP,BPAY PI 2025:4.2-BPAY - SmartP,BPAY PI 2025:4.3-BPAY - SmartP,,,,,,,,,3.0,Story,Done
SMARTPAY-607,2830569,,16.06.2025 15:01,10.10.2025 15:52,Done,Major,,23.04.2026 12:17,BPAY PI 2025:4.2-BPAY - SmartP,BPAY PI 2025:4.3-BPAY - SmartP,,,,,,,,,,3.0,Story,Done
SMARTPAY-651,2868146,,17.07.2025 14:31,17.10.2025 09:13,Done,Major,,09.02.2026 15:51,BPAY PI 2025:4.2-BPAY - SmartP,BPAY PI 2025:4.3-BPAY - SmartP,,,,,,,,,,3.0,Story,Done
SMARTPAY-752,2955425,,02.10.2025 11:17,24.10.2025 19:11,Done,Major,,27.02.2026 12:22,BPAY PI 2025:4.3-BPAY - SmartP,BPAY PI 2025:4.4-BPAY - SmartP,,,,,,,,,,5.0,Production bug,Done
SMARTPAY-680,2883751,,13.08.2025 10:21,30.10.2025 10:45,Done,Major,,09.02.2026 16:05,BPAY PI 2025:3.4-BPAY - SmartP,BPAY PI 2025:3.5-BPAY - SmartP,BPAY PI 2025:3.6-BPAY - SmartP,BPAY PI 2025:4.1-BPAY - SmartP,BPAY PI 2025:4.2-BPAY - SmartP,BPAY PI 2025:4.3-BPAY - SmartP,BPAY PI 2025:4.4-BPAY - SmartP,,,,,5.0,Story,Done
SMARTPAY-768,2984167,,24.10.2025 12:55,27.10.2025 16:45,Done,Major,,01.12.2025 12:56,BPAY PI 2025:4.4-BPAY - SmartP,,,,,,,,,,,3.0,Production bug,Done
SMARTPAY-769,2984926,,24.10.2025 18:54,27.10.2025 13:44,Done,Major,,01.12.2025 12:56,BPAY PI 2025:4.4-BPAY - SmartP,,,,,,,,,,,2.0,Production bug,Done
SMARTPAY-600,2824621,,12.06.2025 13:13,12.11.2025 12:41,Done,Major,,09.02.2026 15:51,BPAY PI 2025:4.2-BPAY - SmartP,BPAY PI 2025:4.3-BPAY - SmartP,BPAY PI 2025:4.4-BPAY - SmartP,BPAY PI 2025:4.5-BPAY - SmartP,,,,,,,,5.0,Story,Done
SMARTPAY-780,3002320,,07.11.2025 09:40,14.11.2025 16:45,Abandoned,Major,,29.12.2025 15:55,BPAY PI 2025:4.5-BPAY - SmartP,,,,,,,,,,,5.0,Production bug,Won't Do
SMARTPAY-482,2636313,,23.01.2025 08:31,03.10.2025 09:35,Done,Major,,20.11.2025 11:25,BPAY PI 2025:1.3-BPAY - SmartP,BPAY PI 2025:1.4-BPAY - SmartP,BPAY PI 2025:4.3-BPAY - SmartP,,,,,,,,,5.0,Story,Done
SMARTPAY-757,2966535,,10.10.2025 10:18,14.10.2025 10:55,Done,Major,,14.10.2025 10:55,BPAY PI 2025:4.3-BPAY - SmartP,,,,,,,,,,,3.0,Story,Done
SMARTPAY-753,2955428,,02.10.2025 11:22,30.10.2025 14:05,Abandoned,Major,,30.10.2025 14:05,BPAY PI 2025:4.3-BPAY - SmartP,BPAY PI 2025:4.4-BPAY - SmartP,,,,,,,,,,,Production bug,Won't Do
SMARTPAY-749,2954948,,02.10.2025 08:52,10.10.2025 12:18,Done,Major,,13.10.2025 08:52,BPAY PI 2025:4.2-BPAY - SmartP,BPAY PI 2025:4.3-BPAY - SmartP,,,,,,,,,,3.0,Story,Done
SMARTPAY-755,2961563,,08.10.2025 06:55,10.10.2025 13:17,Done,Major,,13.10.2025 08:52,BPAY PI 2025:4.2-BPAY - SmartP,BPAY PI 2025:4.3-BPAY - SmartP,,,,,,,,,,3.0,Production bug,Done
SMARTPAY-750,2957199,,03.10.2025 14:21,17.10.2025 09:57,Done,Critical,,17.10.2025 09:57,BPAY PI 2025:4.2-BPAY - SmartP,BPAY PI 2025:4.3-BPAY - SmartP,,,,,,,,,,3.0,Bug,Done
SMARTPAY-759,2969750,,14.10.2025 12:24,15.10.2025 14:15,Done,Major,,28.10.2025 08:40,BPAY PI 2025:4.3-BPAY - SmartP,,,,,,,,,,,2.0,Production bug,Done
SMARTPAY-760,2970556,,14.10.2025 15:29,15.10.2025 13:54,Done,Major,,09.02.2026 16:05,BPAY PI 2025:4.3-BPAY - SmartP,,,,,,,,,,,3.0,Engineering job,Done
SMARTPAY-751,2958207,,06.10.2025 09:04,15.10.2025 13:01,Done,Critical,,15.10.2025 13:01,BPAY PI 2025:4.2-BPAY - SmartP,BPAY PI 2025:4.3-BPAY - SmartP,,,,,,,,,,3.0,Bug,Done
SMARTPAY-756,2966126,,10.10.2025 07:45,14.10.2025 12:26,Done,Major,,29.12.2025 15:56,BPAY PI 2025:4.3-BPAY - SmartP,,,,,,,,,,,2.0,Bug,Done
SMARTPAY-742,2947058,,25.09.2025 12:50,01.10.2025 15:25,Done,Major,,09.02.2026 16:05,BPAY PI 2025:4.2-BPAY - SmartP,,,,,,,,,,,2.0,Story,Done
SMARTPAY-736,2941936,,22.09.2025 14:51,29.09.2025 15:14,Done,Major,,09.02.2026 16:05,BPAY PI 2025:4.1-BPAY - SmartP,BPAY PI 2025:4.2-BPAY - SmartP,,,,,,,,,,1.0,Bug,Done
SMARTPAY-712,2881614,,11.08.2025 12:57,03.10.2025 10:50,Done,Major,,23.04.2026 12:18,BPAY PI 2025:4.2-BPAY - SmartP,,,,,,,,,,,3.0,Story,Done
SMARTPAY-754,2959608,,06.10.2025 16:13,08.10.2025 13:42,Done,Critical,,25.11.2025 13:20,BPAY PI 2025:4.2-BPAY - SmartP,,,,,,,,,,,3.0,Production bug,Done
SMARTPAY-762,2980340,,22.10.2025 13:47,10.11.2025 10:52,Abandoned,Major,,14.11.2025 14:18,BPAY PI 2025:4.5-BPAY - SmartP,,,,,,,,,,,5.0,Production bug,Won't Do
SMARTPAY-763,2980971,,22.10.2025 19:07,30.10.2025 10:45,Done,Major,,28.01.2026 12:29,BPAY PI 2025:4.4-BPAY - SmartP,,,,,,,,,,,1.0,Story,Done
SMARTPAY-761,2980303,,22.10.2025 13:36,05.11.2025 11:49,Done,Major,,09.02.2026 15:50,BPAY PI 2025:4.4-BPAY - SmartP,,,,,,,,,,,3.0,Story,Done
SMARTPAY-726,2929930,,11.09.2025 08:33,18.09.2025 08:27,Done,Major,,09.02.2026 16:05,BPAY PI 2025:4.1-BPAY - SmartP,,,,,,,,,,,1.0,Story,Done
SMARTPAY-719,2926315,,10.09.2025 08:32,16.09.2025 11:04,Done,Major,,09.02.2026 16:06,BPAY PI 2025:4.1-BPAY - SmartP,,,,,,,,,,,1.0,Bug,Done
SMARTPAY-496,2681631,,20.02.2025 10:05,18.09.2025 11:45,Done,Major,,09.02.2026 15:50,BPAY PI 2025:4.1-BPAY - SmartP,,,,,,,,,,,1.0,Story,Done
SMARTPAY-639,2859021,,07.07.2025 11:04,23.09.2025 12:41,Done,Major,,09.02.2026 15:52,BPAY PI 2025:4.1-BPAY - SmartP,,,,,,,,,,,1.0,Story,Done
SMARTPAY-707,2913201,,05.09.2025 10:19,19.09.2025 07:31,Done,Major,,24.09.2025 09:06,BPAY PI 2025:3.6-BPAY - SmartP,BPAY PI 2025:4.1-BPAY - SmartP,,,,,,,,,,5.0,Bug,Done
SMARTPAY-619,2836545,,17.06.2025 14:20,16.09.2025 11:59,Done,Major,,17.10.2025 09:55,BPAY PI 2025:3.5-BPAY - SmartP,BPAY PI 2025:3.6-BPAY - SmartP,BPAY PI 2025:4.1-BPAY - SmartP,,,,,,,,,5.0,Story,Done
SMARTPAY-618,2836576,,17.06.2025 14:25,19.09.2025 20:57,Done,Major,,24.09.2025 09:06,BPAY PI 2025:3.5-BPAY - SmartP,BPAY PI 2025:3.6-BPAY - SmartP,BPAY PI 2025:4.1-BPAY - SmartP,,,,,,,,,8.0,Story,Done
SMARTPAY-662,2878333,2836576,06.08.2025 09:09,02.09.2025 16:06,Done,Major,,02.09.2025 16:06,BPAY PI 2025:3.5-BPAY - SmartP,BPAY PI 2025:3.6-BPAY - SmartP,BPAY PI 2025:4.1-BPAY - SmartP,,,,,,,,,,Sub-task,Done
SMARTPAY-663,2878354,2836576,06.08.2025 09:24,08.09.2025 16:45,Done,Major,,08.09.2025 16:45,BPAY PI 2025:3.5-BPAY - SmartP,BPAY PI 2025:3.6-BPAY - SmartP,BPAY PI 2025:4.1-BPAY - SmartP,,,,,,,,,,Sub-task,Done
SMARTPAY-665,2878364,2836576,06.08.2025 09:36,15.09.2025 16:17,Done,Major,,15.09.2025 16:17,BPAY PI 2025:3.5-BPAY - SmartP,BPAY PI 2025:3.6-BPAY - SmartP,BPAY PI 2025:4.1-BPAY - SmartP,,,,,,,,,,Sub-task,Done
SMARTPAY-664,2878359,2836576,06.08.2025 09:30,19.09.2025 20:20,Done,Major,,19.09.2025 20:20,BPAY PI 2025:3.5-BPAY - SmartP,BPAY PI 2025:3.6-BPAY - SmartP,BPAY PI 2025:4.1-BPAY - SmartP,,,,,,,,,,Sub-task,Done
SMARTPAY-666,2878386,2836576,06.08.2025 10:02,19.09.2025 20:21,Done,Major,,19.09.2025 20:21,BPAY PI 2025:3.5-BPAY - SmartP,BPAY PI 2025:3.6-BPAY - SmartP,BPAY PI 2025:4.1-BPAY - SmartP,,,,,,,,,,Sub-task,Done
SMARTPAY-667,2878387,2836576,06.08.2025 10:03,19.09.2025 20:13,Done,Major,,19.09.2025 20:13,BPAY PI 2025:3.5-BPAY - SmartP,BPAY PI 2025:3.6-BPAY - SmartP,BPAY PI 2025:4.1-BPAY - SmartP,,,,,,,,,,Sub-task,Done
SMARTPAY-668,2878388,2836576,06.08.2025 10:04,19.09.2025 20:10,Done,Major,,19.09.2025 20:10,BPAY PI 2025:3.5-BPAY - SmartP,BPAY PI 2025:3.6-BPAY - SmartP,BPAY PI 2025:4.1-BPAY - SmartP,,,,,,,,,,Sub-task,Done
SMARTPAY-669,2878389,2836576,06.08.2025 10:05,08.09.2025 14:51,Done,Major,,08.09.2025 14:51,BPAY PI 2025:3.5-BPAY - SmartP,BPAY PI 2025:3.6-BPAY - SmartP,BPAY PI 2025:4.1-BPAY - SmartP,,,,,,,,,,Sub-task,Done
SMARTPAY-670,2878390,2836576,06.08.2025 10:06,08.09.2025 14:55,Done,Major,,08.09.2025 15:08,BPAY PI 2025:3.5-BPAY - SmartP,BPAY PI 2025:3.6-BPAY - SmartP,BPAY PI 2025:4.1-BPAY - SmartP,,,,,,,,,,Sub-task,Done
SMARTPAY-671,2878392,2836576,06.08.2025 10:07,08.09.2025 15:12,Done,Major,,08.09.2025 15:12,BPAY PI 2025:3.5-BPAY - SmartP,BPAY PI 2025:3.6-BPAY - SmartP,BPAY PI 2025:4.1-BPAY - SmartP,,,,,,,,,,Sub-task,Done
SMARTPAY-672,2878393,2836576,06.08.2025 10:07,08.09.2025 15:51,Done,Major,,08.09.2025 15:51,BPAY PI 2025:3.5-BPAY - SmartP,BPAY PI 2025:3.6-BPAY - SmartP,BPAY PI 2025:4.1-BPAY - SmartP,,,,,,,,,,Sub-task,Done
SMARTPAY-673,2878394,2836576,06.08.2025 10:08,19.09.2025 12:47,Done,Major,,23.09.2025 08:59,BPAY PI 2025:3.5-BPAY - SmartP,BPAY PI 2025:3.6-BPAY - SmartP,BPAY PI 2025:4.1-BPAY - SmartP,,,,,,,,,,Sub-task,Done
SMARTPAY-674,2878396,2836576,06.08.2025 10:08,05.09.2025 16:19,Done,Major,,05.09.2025 16:19,BPAY PI 2025:3.5-BPAY - SmartP,BPAY PI 2025:3.6-BPAY - SmartP,BPAY PI 2025:4.1-BPAY - SmartP,,,,,,,,,,Sub-task,Done
SMARTPAY-675,2878397,2836576,06.08.2025 10:08,05.09.2025 16:11,Done,Major,,05.09.2025 16:14,BPAY PI 2025:3.5-BPAY - SmartP,BPAY PI 2025:3.6-BPAY - SmartP,BPAY PI 2025:4.1-BPAY - SmartP,,,,,,,,,,Sub-task,Done
SMARTPAY-676,2878601,2836576,06.08.2025 10:15,05.09.2025 16:15,Done,Major,,05.09.2025 16:15,BPAY PI 2025:3.5-BPAY - SmartP,BPAY PI 2025:3.6-BPAY - SmartP,BPAY PI 2025:4.1-BPAY - SmartP,,,,,,,,,,Sub-task,Done
SMARTPAY-685,2889403,2836576,19.08.2025 10:49,21.08.2025 08:38,Done,Major,,21.08.2025 08:38,BPAY PI 2025:3.5-BPAY - SmartP,BPAY PI 2025:3.6-BPAY - SmartP,BPAY PI 2025:4.1-BPAY - SmartP,,,,,,,,,1.0,Sub-task,Done
SMARTPAY-706,2911197,2836576,04.09.2025 14:07,19.09.2025 20:56,Done,Major,,19.09.2025 20:56,BPAY PI 2025:3.5-BPAY - SmartP,BPAY PI 2025:3.6-BPAY - SmartP,BPAY PI 2025:4.1-BPAY - SmartP,,,,,,,,,,Sub-task,Done
SMARTPAY-727,2932269,,12.09.2025 09:28,18.09.2025 15:28,Done,Major,,25.09.2025 10:12,BPAY PI 2025:4.1-BPAY - SmartP,,,,,,,,,,,1.0,Bug,Done
SMARTPAY-615,2836476,,17.06.2025 14:12,15.09.2025 15:30,Done,Major,,24.09.2025 09:06,BPAY PI 2025:3.4-BPAY - SmartP,BPAY PI 2025:3.5-BPAY - SmartP,BPAY PI 2025:3.6-BPAY - SmartP,BPAY PI 2025:4.1-BPAY - SmartP,,,,,,,,8.0,Story,Done
SMARTPAY-718,2924259,,09.09.2025 14:42,12.09.2025 15:21,Done,Major,,09.02.2026 16:05,BPAY PI 2025:4.1-BPAY - SmartP,,,,,,,,,,,2.0,Story,Done
SMARTPAY-689,2899257,,27.08.2025 11:49,18.09.2025 15:32,Done,Major,,09.02.2026 16:05,BPAY PI 2025:3.6-BPAY - SmartP,BPAY PI 2025:4.1-BPAY - SmartP,,,,,,,,,,3.0,Story,Done
SMARTPAY-684,2888684,,18.08.2025 16:45,15.09.2025 10:29,Done,Major,,09.02.2026 16:06,BPAY PI 2025:3.4-BPAY - SmartP,BPAY PI 2025:3.5-BPAY - SmartP,BPAY PI 2025:3.6-BPAY - SmartP,BPAY PI 2025:4.1-BPAY - SmartP,,,,,,,,5.0,Story,Done
SMARTPAY-708,2913301,,05.09.2025 10:27,12.09.2025 14:53,Done,Major,,09.02.2026 16:05,BPAY PI 2025:3.6-BPAY - SmartP,BPAY PI 2025:4.1-BPAY - SmartP,,,,,,,,,,2.0,Bug,Done
SMARTPAY-687,2896603,,25.08.2025 15:18,16.09.2025 10:52,Done,Major,,10.02.2026 11:45,BPAY PI 2025:3.5-BPAY - SmartP,BPAY PI 2025:3.6-BPAY - SmartP,BPAY PI 2025:4.1-BPAY - SmartP,,,,,,,,,1.0,Story,Done
SMARTPAY-704,2910820,,04.09.2025 10:52,16.09.2025 10:04,Done,Major,,09.02.2026 16:05,BPAY PI 2025:3.6-BPAY - SmartP,BPAY PI 2025:4.1-BPAY - SmartP,,,,,,,,,,3.0,Story,Done
SMARTPAY-729,2934188,,15.09.2025 12:18,19.09.2025 09:52,Done,Major,,09.02.2026 16:05,BPAY PI 2025:4.1-BPAY - SmartP,,,,,,,,,,,2.0,Bug,Done
SMARTPAY-728,2933369,,15.09.2025 08:08,19.09.2025 08:07,Done,Major,,09.02.2026 16:05,BPAY PI 2025:4.1-BPAY - SmartP,,,,,,,,,,,2.0,Story,Done
SMARTPAY-731,2938461,,18.09.2025 11:52,23.09.2025 15:00,Done,Major,,24.09.2025 10:19,BPAY PI 2025:4.1-BPAY - SmartP,,,,,,,,,,,3.0,Bug,Done
SMARTPAY-733,2939972,,19.09.2025 11:41,21.10.2025 10:07,Abandoned,Major,,21.10.2025 10:10,BPAY PI 2025:4.1-BPAY - SmartP,BPAY PI 2025:4.2-BPAY - SmartP,BPAY PI 2025:4.3-BPAY - SmartP,,,,,,,,,,Bug,Won't Do
SMARTPAY-724,2929684,,10.09.2025 18:14,30.09.2025 15:28,Done,Major,,30.09.2025 15:28,BPAY PI 2025:4.1-BPAY - SmartP,BPAY PI 2025:4.2-BPAY - SmartP,,,,,,,,,,3.0,Story,Done
SMARTPAY-725,2929685,,10.09.2025 18:17,10.09.2025 18:18,Abandoned,Major,,10.09.2025 18:18,,,,,,,,,,,,,Story,Won't Do
SMARTPAY-785,3012895,,12.11.2025 15:34,23.01.2026 10:54,Done,Critical,,23.01.2026 10:54,BPAY PI 2025:4.5-BPAY - SmartP,BPAY PI 2025:5.1-BPAY - SmartP,BPAY PI 2025:5.2-BPAY - SmartP,BPAY PI 2025:5.3-BPAY - SmartP,BPAY PI 2025:5.4-BPAY - SmartP,,,,,,,13.0,Production bug,Done
SMARTPAY-812,3029456,,19.11.2025 18:30,30.12.2025 07:41,Done,Major,,30.12.2025 07:44,BPAY PI 2025:5.2-BPAY - SmartP,BPAY PI 2025:5.3-BPAY - SmartP,,,,,,,,,,0.0,Story,Done
SMARTPAY-821,2875166,,31.07.2025 11:48,08.01.2026 14:42,Done,Major,,09.02.2026 15:50,BPAY PI 2025:5.3-BPAY - SmartP,,,,,,,,,,,2.0,Story,Done
SMARTPAY-822,2977702,,21.10.2025 08:45,15.01.2026 14:18,Done,Major,,09.02.2026 15:51,BPAY PI 2025:5.3-BPAY - SmartP,BPAY PI 2025:5.4-BPAY - SmartP,,,,,,,,,,,Story,Done
SMARTPAY-814,3029264,,19.11.2025 18:07,15.01.2026 14:22,Done,Major,,09.02.2026 15:51,BPAY PI 2025:5.3-BPAY - SmartP,BPAY PI 2025:5.4-BPAY - SmartP,,,,,,,,,,,Story,Done
SMARTPAY-828,3055061,,11.12.2025 11:50,17.01.2026 15:15,Done,Major,,23.04.2026 12:18,BPAY PI 2025:5.3-BPAY - SmartP,BPAY PI 2025:5.4-BPAY - SmartP,,,,,,,,,,3.0,Story,Done
SMARTPAY-831,3057409,,15.12.2025 09:28,07.01.2026 13:27,Done,Major,,09.02.2026 15:50,BPAY PI 2025:5.3-BPAY - SmartP,,,,,,,,,,,3.0,Story,Done
SMARTPAY-836,3066473,,29.12.2025 08:56,20.01.2026 08:10,Done,Major,,20.01.2026 08:10,BPAY PI 2025:5.3-BPAY - SmartP,BPAY PI 2025:5.4-BPAY - SmartP,,,,,,,,,,5.0,Story,Done
SMARTPAY-897,3138433,,18.02.2026 11:25,23.02.2026 13:46,Done,Major,,23.04.2026 12:17,BPAY PI 2026:1.2-BPAY - SmartP,,,,,,,,,,,2.0,Story,Done
SMARTPAY-894,3128462,,11.02.2026 08:45,19.02.2026 08:26,Done,Major,,23.02.2026 15:45,BPAY PI 2026:1.1-BPAY - SmartP,BPAY PI 2026:1.2-BPAY - SmartP,,,,,,,,,,2.0,Story,Done
SMARTPAY-893,3127813,,10.02.2026 13:54,18.02.2026 12:30,Done,Major,,23.02.2026 15:45,BPAY PI 2026:1.1-BPAY - SmartP,BPAY PI 2026:1.2-BPAY - SmartP,,,,,,,,,,3.0,Story,Done
SMARTPAY-898,3139365,,19.02.2026 08:47,26.02.2026 09:36,Done,Major,,23.04.2026 12:18,BPAY PI 2026:1.2-BPAY - SmartP,BPAY PI 2026:1.3-BPAY - SmartP,,,,,,,,,,3.0,Story,Done
SMARTPAY-899,3143855,,23.02.2026 14:27,26.02.2026 09:42,Done,Major,,02.03.2026 12:22,BPAY PI 2026:1.2-BPAY - SmartP,BPAY PI 2026:1.3-BPAY - SmartP,,,,,,,,,,2.0,Bug,Done
SMARTPAY-711,2883845,,13.08.2025 12:18,26.03.2026 08:15,Done,Major,,26.03.2026 08:15,BPAY PI 2025:5.4-BPAY - SmartP,BPAY PI 2026:1.2-BPAY - SmartP,BPAY PI 2026:1.3-BPAY - SmartP,BPAY PI 2026:1.4-BPAY - SmartP,,,,,,,,13.0,Story,Done
SMARTPAY-714,2893954,,22.08.2025 11:26,12.03.2026 13:22,Done,Major,,12.03.2026 13:22,BPAY PI 2025:4.3-BPAY - SmartP,BPAY PI 2025:5.4-BPAY - SmartP,BPAY PI 2026:1.1-BPAY - SmartP,BPAY PI 2026:1.2-BPAY - SmartP,BPAY PI 2026:1.3-BPAY - SmartP,BPAY PI 2026:1.4-BPAY - SmartP,,,,,,8.0,Story,Done
SMARTPAY-709,2883839,,13.08.2025 12:09,,Ready for test,Major,,02.04.2026 12:07,BPAY PI 2026:2.5-BPAY - SmartP,,,,,,,,,,,3.0,Story,
SMARTPAY-900,3144332,,24.02.2026 08:27,25.02.2026 09:21,Done,Major,,26.02.2026 11:51,BPAY PI 2026:1.2-BPAY - SmartP,,,,,,,,,,,1.0,Story,Done
SMARTPAY-904,3147156,,25.02.2026 15:38,06.03.2026 15:31,Done,Major,,06.03.2026 15:31,BPAY PI 2026:1.3-BPAY - SmartP,,,,,,,,,,,5.0,Bug,Done
SMARTPAY-908,3150310,,27.02.2026 10:01,19.03.2026 13:55,Done,Major,,13.04.2026 09:23,BPAY PI 2026:1.3-BPAY - SmartP,BPAY PI 2026:1.4-BPAY - SmartP,,,,,,,,,,3.0,Production bug,Done
SMARTPAY-929,3186609,,25.03.2026 13:50,,Ready for test,Major,,28.04.2026 09:06,BPAY PI 2026:2.2-BPAY - SmartP,,,,,,,,,,,3.0,Story,
SMARTPAY-902,3145941,,25.02.2026 09:19,,In Development,Major,,23.04.2026 09:21,BPAY PI 2026:1.3-BPAY - SmartP,BPAY PI 2026:2.2-BPAY - SmartP,,,,,,,,,,5.0,Story,
SMARTPAY-948,3193903,,30.03.2026 16:58,,Refined,Major,,23.04.2026 16:10,BPAY PI 2026:2.2-BPAY - SmartP,,,,,,,,,,,0.0,Task,
SMARTPAY-943,3193589,,30.03.2026 16:33,,Refined,Major,,23.04.2026 14:41,BPAY PI 2026:2.2-BPAY - SmartP,,,,,,,,,,,5.0,Task,
SMARTPAY-928,3181571,,23.03.2026 14:32,,In Testing,Major,,27.04.2026 10:26,BPAY PI 2026:2.1-BPAY - SmartP,BPAY PI 2026:2.2-BPAY - SmartP,,,,,,,,,,3.0,Story,
SMARTPAY-931,3181596,,23.03.2026 14:43,24.04.2026 14:47,Done,Major,,24.04.2026 14:47,BPAY PI 2026:2.1-BPAY - SmartP,BPAY PI 2026:2.2-BPAY - SmartP,,,,,,,,,,3.0,Story,Done
SMARTPAY-971,3206388,,07.04.2026 10:10,,Ready for test,Critical,,27.04.2026 16:15,BPAY PI 2026:2.1-BPAY - SmartP,BPAY PI 2026:2.2-BPAY - SmartP,,,,,,,,,,3.0,Story,
SMARTPAY-983,3230426,,22.04.2026 08:31,,In Development,Major,,27.04.2026 17:58,BPAY PI 2026:2.1-BPAY - SmartP,BPAY PI 2026:2.2-BPAY - SmartP,,,,,,,,,,1.0,Story,
SMARTPAY-980,3184876,,25.03.2026 08:48,,Ready for test,Major,,27.04.2026 07:42,BPAY PI 2026:2.2-BPAY - SmartP,,,,,,,,,,,3.0,Bug,
SMARTPAY-954,3195955,,31.03.2026 12:05,,In Development,Major,,23.04.2026 13:41,BPAY PI 2026:2.2-BPAY - SmartP,,,,,,,,,,,8.0,Story,
SMARTPAY-912,3153949,,03.03.2026 13:54,16.03.2026 15:40,Done,Major,,16.03.2026 15:40,BPAY PI 2026:1.3-BPAY - SmartP,BPAY PI 2026:1.4-BPAY - SmartP,,,,,,,,,,5.0,Bug,Done
SMARTPAY-873,3101969,,27.01.2026 10:07,,Ready for test,Major,,01.04.2026 08:43,BPAY PI 2026:2.5-BPAY - SmartP,,,,,,,,,,,8.0,Story,
SMARTPAY-510,2696961,,06.03.2025 09:36,,Open,Major,,02.04.2026 16:20,,,,,,,,,,,,,Story,
SMARTPAY-853,3018683,,14.11.2025 14:18,,Refined,Major,,03.03.2026 09:47,BPAY PI 2025:5.4-BPAY - SmartP,,,,,,,,,,,3.0,Story,
SMARTPAY-854,3018684,,14.11.2025 14:20,,Refined,Major,,03.03.2026 09:47,BPAY PI 2025:5.4-BPAY - SmartP,,,,,,,,,,,3.0,Story,
SMARTPAY-855,3019019,,14.11.2025 14:51,,Refined,Major,,28.01.2026 10:56,BPAY PI 2025:5.4-BPAY - SmartP,,,,,,,,,,,2.0,Story,
SMARTPAY-856,3019024,,14.11.2025 14:53,,Refined,Major,,28.01.2026 10:56,BPAY PI 2025:5.4-BPAY - SmartP,,,,,,,,,,,2.0,Story,
SMARTPAY-857,3019025,,14.11.2025 14:54,,On Hold,Major,,28.01.2026 10:56,BPAY PI 2025:5.4-BPAY - SmartP,,,,,,,,,,,3.0,Story,
SMARTPAY-860,3019027,,14.11.2025 14:55,,Refined,Major,,03.03.2026 09:48,BPAY PI 2025:5.4-BPAY - SmartP,,,,,,,,,,,3.0,Story,
SMARTPAY-592,2790689,,16.05.2025 10:19,27.04.2026 08:51,Done,Major,,27.04.2026 08:52,BPAY PI 2025:2.4-BPAY - SmartP,BPAY PI 2025:3.2-BPAY - SmartP,BPAY PI 2025:3.3-BPAY - SmartP,BPAY PI 2025:3.4-BPAY - SmartP,BPAY PI 2025:3.5-BPAY - SmartP,BPAY PI 2025:3.6-BPAY - SmartP,,,,,,8.0,Production bug,Done
SMARTPAY-564,2766982,,24.04.2025 08:53,,Open,Major,,24.04.2026 15:10,BPAY PI 2025:3.3-BPAY - SmartP,,,,,,,,,,,1.0,Bug,
SMARTPAY-705,2910833,,04.09.2025 11:00,30.09.2025 14:19,Done,Major,,09.02.2026 16:05,BPAY PI 2025:3.6-BPAY - SmartP,BPAY PI 2025:4.1-BPAY - SmartP,BPAY PI 2025:4.2-BPAY - SmartP,,,,,,,,,3.0,Story,Done
SMARTPAY-681,2883777,,13.08.2025 10:33,30.09.2025 13:44,Done,Major,,09.02.2026 16:05,BPAY PI 2025:3.4-BPAY - SmartP,BPAY PI 2025:3.5-BPAY - SmartP,BPAY PI 2025:3.6-BPAY - SmartP,BPAY PI 2025:4.1-BPAY - SmartP,BPAY PI 2025:4.2-BPAY - SmartP,,,,,,,5.0,Story,Done
SMARTPAY-737,2941971,,22.09.2025 16:07,26.09.2025 10:30,Done,Major,,09.02.2026 16:05,BPAY PI 2025:4.1-BPAY - SmartP,BPAY PI 2025:4.2-BPAY - SmartP,,,,,,,,,,2.0,Bug,Done
SMARTPAY-611,2831174,,16.06.2025 16:57,18.06.2025 09:00,Abandoned,Major,,18.06.2025 09:02,,,,,,,,,,,,,Story,Won't Do
SMARTPAY-612,2831187,,16.06.2025 17:19,18.06.2025 10:14,Abandoned,Major,,18.06.2025 12:50,,,,,,,,,,,,8.0,Story,Won't Do
SMARTPAY-314,2411772,,08.07.2024 14:51,,In Development,Major,,13.01.2026 10:01,BPAY PI 2024:3.4-BPAY - SmartP,BPAY PI 2024:3.5-BPAY - SmartP,BPAY PI2024:3.Innovation-BPAY,,,,,,,,,8.0,Production bug,
SMARTPAY-275,2409481,,04.07.2024 16:23,24.03.2026 16:00,Done,Major,,24.03.2026 16:00,BPAY PI 2024:3.2-BPAY - SmartP,BPAY PI 2024:3.3-BPAY - SmartP,BPAY PI 2024:3.4-BPAY - SmartP,BPAY PI 2024:3.5-BPAY - SmartP,BPAY PI2024:3.Innovation-BPAY,,,,,,,1.0,Story,Done
SMARTPAY-277,2409483,,04.07.2024 16:24,24.03.2026 16:00,Done,Major,,24.03.2026 16:00,BPAY PI 2024:3.2-BPAY - SmartP,BPAY PI 2024:3.3-BPAY - SmartP,BPAY PI 2024:3.4-BPAY - SmartP,BPAY PI 2024:3.5-BPAY - SmartP,BPAY PI2024:3.Innovation-BPAY,,,,,,,1.0,Story,Done
SMARTPAY-403,2538708,,31.10.2024 08:49,24.03.2026 16:01,Done,Major,,24.03.2026 16:01,BPAY PI 2024:4.4-BPAY - SmartP,,,,,,,,,,,5.0,Engineering job,Done
SMARTPAY-405,2543820,,05.11.2024 13:26,13.11.2024 15:18,Done,Major,,14.11.2025 14:57,BPAY PI 2024:4.4-BPAY - SmartP,BPAY PI2024:4.Innovation-BPAY,,,,,,,,,,2.0,Production bug,Done
SMARTPAY-155,2388923,,18.06.2024 13:32,04.07.2024 10:50,Done,Critical,,04.07.2024 10:50,BPAY PI 2024:3.2-BPAY - SmartP,,,,,,,,,,,1.0,Story,Done
SMARTPAY-156,2388924,,18.06.2024 13:32,04.07.2024 10:50,Done,Critical,,04.07.2024 10:50,BPAY PI 2024:3.2-BPAY - SmartP,,,,,,,,,,,1.0,Story,Done
SMARTPAY-158,2388926,,18.06.2024 13:33,04.07.2024 10:52,Done,Critical,,04.07.2024 10:52,BPAY PI 2024:3.2-BPAY - SmartP,,,,,,,,,,,1.0,Story,Done
SMARTPAY-159,2388927,,18.06.2024 13:33,04.07.2024 10:52,Done,Critical,,04.07.2024 10:52,BPAY PI 2024:3.2-BPAY - SmartP,,,,,,,,,,,1.0,Story,Done
SMARTPAY-160,2388952,,18.06.2024 13:37,04.07.2024 11:58,Done,Major,,04.07.2024 11:58,BPAY PI 2024:3.2-BPAY - SmartP,,,,,,,,,,,1.0,Story,Done
SMARTPAY-161,2388953,,18.06.2024 13:37,04.07.2024 11:59,Done,Major,,04.07.2024 11:59,BPAY PI 2024:3.2-BPAY - SmartP,,,,,,,,,,,1.0,Story,Done
SMARTPAY-162,2388956,,18.06.2024 13:37,04.07.2024 12:00,Done,Major,,04.07.2024 12:00,BPAY PI 2024:3.2-BPAY - SmartP,,,,,,,,,,,1.0,Story,Done
SMARTPAY-164,2388958,,18.06.2024 13:37,04.07.2024 12:01,Done,Major,,04.07.2024 12:01,BPAY PI 2024:3.2-BPAY - SmartP,,,,,,,,,,,1.0,Story,Done
SMARTPAY-165,2388963,,18.06.2024 13:37,04.07.2024 12:02,Done,Major,,04.07.2024 12:02,BPAY PI 2024:3.2-BPAY - SmartP,,,,,,,,,,,1.0,Story,Done
SMARTPAY-166,2388964,,18.06.2024 13:38,04.07.2024 12:03,Done,Major,,04.07.2024 12:03,BPAY PI 2024:3.2-BPAY - SmartP,,,,,,,,,,,1.0,Story,Done
SMARTPAY-167,2388968,,18.06.2024 13:38,04.07.2024 12:04,Done,Major,,04.07.2024 12:04,BPAY PI 2024:3.2-BPAY - SmartP,,,,,,,,,,,1.0,Story,Done
SMARTPAY-168,2388970,,18.06.2024 13:38,04.07.2024 12:16,Done,Major,,04.07.2024 12:16,BPAY PI 2024:3.2-BPAY - SmartP,,,,,,,,,,,1.0,Story,Done
SMARTPAY-169,2388972,,18.06.2024 13:38,04.07.2024 12:17,Done,Major,,04.07.2024 12:17,BPAY PI 2024:3.2-BPAY - SmartP,,,,,,,,,,,1.0,Story,Done
SMARTPAY-170,2388973,,18.06.2024 13:39,04.07.2024 12:17,Done,Major,,04.07.2024 12:17,BPAY PI 2024:3.2-BPAY - SmartP,,,,,,,,,,,1.0,Story,Done
SMARTPAY-171,2388974,,18.06.2024 13:39,04.07.2024 12:19,Done,Major,,04.07.2024 12:19,BPAY PI 2024:3.2-BPAY - SmartP,,,,,,,,,,,1.0,Story,Done
SMARTPAY-172,2388975,,18.06.2024 13:39,04.07.2024 12:19,Done,Major,,04.07.2024 12:19,BPAY PI 2024:3.2-BPAY - SmartP,,,,,,,,,,,1.0,Story,Done
SMARTPAY-173,2388977,,18.06.2024 13:39,04.07.2024 12:20,Done,Major,,04.07.2024 12:20,BPAY PI 2024:3.2-BPAY - SmartP,,,,,,,,,,,1.0,Story,Done
SMARTPAY-174,2388978,,18.06.2024 13:39,04.07.2024 12:21,Done,Major,,04.07.2024 12:21,BPAY PI 2024:3.2-BPAY - SmartP,,,,,,,,,,,1.0,Story,Done
SMARTPAY-175,2388980,,18.06.2024 13:39,04.07.2024 12:23,Done,Major,,04.07.2024 12:23,BPAY PI 2024:3.2-BPAY - SmartP,,,,,,,,,,,1.0,Story,Done
SMARTPAY-176,2388982,,18.06.2024 13:39,04.07.2024 12:24,Done,Major,,04.07.2024 12:24,BPAY PI 2024:3.2-BPAY - SmartP,,,,,,,,,,,1.0,Story,Done
SMARTPAY-177,2388983,,18.06.2024 13:40,04.07.2024 12:25,Done,Major,,04.07.2024 12:25,BPAY PI 2024:3.2-BPAY - SmartP,,,,,,,,,,,1.0,Story,Done
SMARTPAY-178,2388985,,18.06.2024 13:40,04.07.2024 12:25,Done,Major,,04.07.2024 12:25,BPAY PI 2024:3.2-BPAY - SmartP,,,,,,,,,,,1.0,Story,Done
SMARTPAY-179,2388986,,18.06.2024 13:40,04.07.2024 12:26,Done,Major,,04.07.2024 12:26,BPAY PI 2024:3.2-BPAY - SmartP,,,,,,,,,,,1.0,Story,Done
SMARTPAY-117,2382649,,13.06.2024 13:43,13.06.2024 13:46,Done,Major,,13.06.2024 13:46,,,,,,,,,,,,,Test,Done
SMARTPAY-267,2263269,,04.03.2024 07:20,26.08.2024 12:26,Done,Major,,26.08.2024 12:26,BPAY PI 2024:1.2-BPAY - SmartP,BPAY PI 2024:3.1-BPAY - SmartP,BPAY PI 2024:3.2-BPAY - SmartP,BPAY PI 2024:3.3-BPAY - SmartP,BPAY PI 2024:3.4-BPAY - SmartP,BPAY PI 2024:3.5-BPAY - SmartP,,,,,,1.0,Production bug,Done
SMARTPAY-127,2167542,,07.12.2023 09:19,27.08.2024 17:11,Done,Major,,02.09.2024 08:36,BPAY PI 2024:3.1-BPAY - SmartP,BPAY PI 2024:3.2-BPAY - SmartP,BPAY PI 2024:3.3-BPAY - SmartP,BPAY PI 2024:3.4-BPAY - SmartP,BPAY PI 2024:3.5-BPAY - SmartP,,,,,,,3.0,Story,Done
SMARTPAY-280,2409486,,04.07.2024 16:25,03.09.2024 09:36,Done,Major,,03.09.2024 09:36,BPAY PI 2024:3.2-BPAY - SmartP,BPAY PI 2024:3.3-BPAY - SmartP,BPAY PI 2024:3.4-BPAY - SmartP,BPAY PI 2024:3.5-BPAY - SmartP,,,,,,,,1.0,Story,Done
SMARTPAY-279,2409485,,04.07.2024 16:25,18.07.2024 10:35,Done,Major,,19.07.2024 07:53,BPAY PI 2024:3.2-BPAY - SmartP,BPAY PI 2024:3.3-BPAY - SmartP,,,,,,,,,,1.0,Story,Done
SMARTPAY-276,2409482,,04.07.2024 16:23,03.09.2024 09:46,Done,Major,,03.09.2024 09:46,BPAY PI 2024:3.2-BPAY - SmartP,BPAY PI 2024:3.3-BPAY - SmartP,,,,,,,,,,1.0,Story,Done
SMARTPAY-180,2388989,,18.06.2024 13:41,05.07.2024 08:06,Done,Major,,19.07.2024 07:54,BPAY PI 2024:3.3-BPAY - SmartP,,,,,,,,,,,1.0,Story,Done
SMARTPAY-181,2388990,,18.06.2024 13:41,05.07.2024 08:06,Done,Major,,19.07.2024 07:54,BPAY PI 2024:3.3-BPAY - SmartP,,,,,,,,,,,1.0,Story,Done
SMARTPAY-182,2388991,,18.06.2024 13:41,05.07.2024 08:06,Done,Major,,19.07.2024 07:54,BPAY PI 2024:3.3-BPAY - SmartP,,,,,,,,,,,1.0,Story,Done
SMARTPAY-183,2388992,,18.06.2024 13:41,05.07.2024 08:06,Done,Major,,19.07.2024 07:54,BPAY PI 2024:3.3-BPAY - SmartP,,,,,,,,,,,1.0,Story,Done
SMARTPAY-184,2388993,,18.06.2024 13:41,05.07.2024 08:06,Done,Major,,19.07.2024 07:54,BPAY PI 2024:3.3-BPAY - SmartP,,,,,,,,,,,1.0,Story,Done
SMARTPAY-185,2388996,,18.06.2024 13:42,05.07.2024 08:06,Done,Major,,19.07.2024 07:54,BPAY PI 2024:3.3-BPAY - SmartP,,,,,,,,,,,1.0,Story,Done
SMARTPAY-186,2388998,,18.06.2024 13:42,05.07.2024 08:06,Done,Major,,19.07.2024 07:54,BPAY PI 2024:3.3-BPAY - SmartP,,,,,,,,,,,1.0,Story,Done
SMARTPAY-187,2388999,,18.06.2024 13:42,05.07.2024 08:06,Done,Major,,19.07.2024 07:54,BPAY PI 2024:3.3-BPAY - SmartP,,,,,,,,,,,1.0,Story,Done
SMARTPAY-188,2389101,,18.06.2024 13:42,05.07.2024 08:06,Done,Major,,19.07.2024 07:54,BPAY PI 2024:3.3-BPAY - SmartP,,,,,,,,,,,1.0,Story,Done
SMARTPAY-189,2389102,,18.06.2024 13:43,05.07.2024 08:06,Done,Major,,19.07.2024 07:54,BPAY PI 2024:3.3-BPAY - SmartP,,,,,,,,,,,1.0,Story,Done
SMARTPAY-190,2389103,,18.06.2024 13:43,05.07.2024 08:06,Done,Major,,19.07.2024 07:54,BPAY PI 2024:3.3-BPAY - SmartP,,,,,,,,,,,1.0,Story,Done
SMARTPAY-192,2389107,,18.06.2024 13:43,05.07.2024 08:06,Done,Major,,19.07.2024 07:54,BPAY PI 2024:3.3-BPAY - SmartP,,,,,,,,,,,1.0,Story,Done
SMARTPAY-193,2389108,,18.06.2024 13:43,05.07.2024 08:06,Done,Major,,19.07.2024 07:54,BPAY PI 2024:3.3-BPAY - SmartP,,,,,,,,,,,1.0,Story,Done
SMARTPAY-195,2389111,,18.06.2024 13:44,20.06.2024 10:32,Abandoned,Major,,19.07.2024 07:54,BPAY PI 2024:3.3-BPAY - SmartP,,,,,,,,,,,1.0,Story,Won't Do
SMARTPAY-196,2389112,,18.06.2024 13:44,05.07.2024 08:06,Done,Major,,19.07.2024 07:54,BPAY PI 2024:3.3-BPAY - SmartP,,,,,,,,,,,1.0,Story,Done
SMARTPAY-194,2389109,,18.06.2024 13:44,05.07.2024 08:06,Done,Major,,19.07.2024 07:54,BPAY PI 2024:3.3-BPAY - SmartP,,,,,,,,,,,1.0,Story,Done
SMARTPAY-198,2389115,,18.06.2024 13:45,05.07.2024 08:07,Done,Major,,19.07.2024 07:54,BPAY PI 2024:3.3-BPAY - SmartP,,,,,,,,,,,1.0,Story,Done
SMARTPAY-199,2389117,,18.06.2024 13:45,05.07.2024 08:07,Done,Major,,19.07.2024 07:54,BPAY PI 2024:3.3-BPAY - SmartP,,,,,,,,,,,1.0,Story,Done
SMARTPAY-200,2389118,,18.06.2024 13:45,05.07.2024 08:07,Done,Major,,19.07.2024 07:54,BPAY PI 2024:3.3-BPAY - SmartP,,,,,,,,,,,1.0,Story,Done
SMARTPAY-201,2389119,,18.06.2024 13:45,05.07.2024 08:07,Done,Major,,19.07.2024 07:54,BPAY PI 2024:3.3-BPAY - SmartP,,,,,,,,,,,1.0,Story,Done
SMARTPAY-202,2389122,,18.06.2024 13:45,05.07.2024 08:07,Done,Major,,19.07.2024 07:54,BPAY PI 2024:3.3-BPAY - SmartP,,,,,,,,,,,1.0,Story,Done
SMARTPAY-130,2388781,,18.06.2024 13:26,04.07.2024 16:10,Done,Critical,,04.07.2024 16:10,BPAY PI 2024:3.1-BPAY - SmartP,BPAY PI 2024:3.2-BPAY - SmartP,,,,,,,,,,1.0,Story,Done
SMARTPAY-131,2388787,,18.06.2024 13:27,04.07.2024 16:11,Done,Critical,,04.07.2024 16:11,BPAY PI 2024:3.1-BPAY - SmartP,BPAY PI 2024:3.2-BPAY - SmartP,,,,,,,,,,1.0,Story,Done
SMARTPAY-132,2388790,,18.06.2024 13:28,04.07.2024 16:11,Done,Critical,,04.07.2024 16:11,BPAY PI 2024:3.1-BPAY - SmartP,BPAY PI 2024:3.2-BPAY - SmartP,,,,,,,,,,1.0,Story,Done
SMARTPAY-133,2388791,,18.06.2024 13:28,04.07.2024 16:12,Done,Critical,,04.07.2024 16:12,BPAY PI 2024:3.1-BPAY - SmartP,BPAY PI 2024:3.2-BPAY - SmartP,,,,,,,,,,1.0,Story,Done
SMARTPAY-134,2388792,,18.06.2024 13:28,04.07.2024 16:12,Done,Critical,,04.07.2024 16:12,BPAY PI 2024:3.1-BPAY - SmartP,BPAY PI 2024:3.2-BPAY - SmartP,,,,,,,,,,1.0,Story,Done
SMARTPAY-135,2388794,,18.06.2024 13:28,04.07.2024 16:13,Done,Critical,,04.07.2024 16:13,BPAY PI 2024:3.1-BPAY - SmartP,BPAY PI 2024:3.2-BPAY - SmartP,,,,,,,,,,1.0,Story,Done
SMARTPAY-136,2388795,,18.06.2024 13:28,04.07.2024 16:13,Done,Critical,,04.07.2024 16:13,BPAY PI 2024:3.1-BPAY - SmartP,BPAY PI 2024:3.2-BPAY - SmartP,,,,,,,,,,1.0,Story,Done
SMARTPAY-138,2388797,,18.06.2024 13:29,04.07.2024 16:15,Done,Critical,,04.07.2024 16:15,BPAY PI 2024:3.1-BPAY - SmartP,BPAY PI 2024:3.2-BPAY - SmartP,,,,,,,,,,1.0,Story,Done
SMARTPAY-137,2388796,,18.06.2024 13:28,04.07.2024 16:15,Done,Critical,,04.07.2024 16:15,BPAY PI 2024:3.1-BPAY - SmartP,BPAY PI 2024:3.2-BPAY - SmartP,,,,,,,,,,1.0,Story,Done
SMARTPAY-139,2388799,,18.06.2024 13:29,04.07.2024 16:15,Done,Critical,,04.07.2024 16:15,BPAY PI 2024:3.1-BPAY - SmartP,BPAY PI 2024:3.2-BPAY - SmartP,,,,,,,,,,1.0,Story,Done
SMARTPAY-140,2388902,,18.06.2024 13:29,04.07.2024 16:16,Done,Critical,,04.07.2024 16:16,BPAY PI 2024:3.1-BPAY - SmartP,BPAY PI 2024:3.2-BPAY - SmartP,,,,,,,,,,1.0,Story,Done
SMARTPAY-141,2388904,,18.06.2024 13:29,04.07.2024 16:16,Done,Critical,,04.07.2024 16:16,BPAY PI 2024:3.1-BPAY - SmartP,BPAY PI 2024:3.2-BPAY - SmartP,,,,,,,,,,1.0,Story,Done
SMARTPAY-142,2388907,,18.06.2024 13:29,04.07.2024 16:17,Done,Critical,,04.07.2024 16:17,BPAY PI 2024:3.1-BPAY - SmartP,BPAY PI 2024:3.2-BPAY - SmartP,,,,,,,,,,1.0,Story,Done
SMARTPAY-143,2388908,,18.06.2024 13:30,05.07.2024 08:03,Done,Critical,,05.07.2024 08:03,BPAY PI 2024:3.1-BPAY - SmartP,BPAY PI 2024:3.2-BPAY - SmartP,,,,,,,,,,1.0,Story,Done
SMARTPAY-144,2388911,,18.06.2024 13:30,05.07.2024 08:03,Done,Critical,,05.07.2024 08:03,BPAY PI 2024:3.1-BPAY - SmartP,BPAY PI 2024:3.2-BPAY - SmartP,,,,,,,,,,1.0,Story,Done
SMARTPAY-145,2388912,,18.06.2024 13:30,05.07.2024 08:03,Done,Critical,,05.07.2024 08:03,BPAY PI 2024:3.1-BPAY - SmartP,BPAY PI 2024:3.2-BPAY - SmartP,,,,,,,,,,1.0,Story,Done
SMARTPAY-146,2388913,,18.06.2024 13:30,05.07.2024 08:03,Done,Critical,,05.07.2024 08:03,BPAY PI 2024:3.1-BPAY - SmartP,BPAY PI 2024:3.2-BPAY - SmartP,,,,,,,,,,1.0,Story,Done
SMARTPAY-147,2388914,,18.06.2024 13:30,05.07.2024 08:04,Done,Critical,,05.07.2024 08:04,BPAY PI 2024:3.1-BPAY - SmartP,BPAY PI 2024:3.2-BPAY - SmartP,,,,,,,,,,1.0,Story,Done
SMARTPAY-148,2388916,,18.06.2024 13:31,05.07.2024 08:04,Done,Critical,,05.07.2024 08:04,BPAY PI 2024:3.1-BPAY - SmartP,BPAY PI 2024:3.2-BPAY - SmartP,,,,,,,,,,1.0,Story,Done
SMARTPAY-149,2388917,,18.06.2024 13:31,05.07.2024 08:04,Done,Critical,,05.07.2024 08:04,BPAY PI 2024:3.1-BPAY - SmartP,BPAY PI 2024:3.2-BPAY - SmartP,,,,,,,,,,1.0,Story,Done
SMARTPAY-150,2388918,,18.06.2024 13:31,05.07.2024 08:04,Done,Critical,,05.07.2024 08:04,BPAY PI 2024:3.1-BPAY - SmartP,BPAY PI 2024:3.2-BPAY - SmartP,,,,,,,,,,1.0,Story,Done
SMARTPAY-151,2388919,,18.06.2024 13:31,05.07.2024 08:04,Done,Critical,,05.07.2024 08:04,BPAY PI 2024:3.1-BPAY - SmartP,BPAY PI 2024:3.2-BPAY - SmartP,,,,,,,,,,1.0,Story,Done
SMARTPAY-152,2388920,,18.06.2024 13:31,05.07.2024 08:04,Done,Critical,,05.07.2024 08:04,BPAY PI 2024:3.1-BPAY - SmartP,BPAY PI 2024:3.2-BPAY - SmartP,,,,,,,,,,1.0,Story,Done
SMARTPAY-153,2388921,,18.06.2024 13:32,05.07.2024 08:04,Done,Critical,,05.07.2024 08:04,BPAY PI 2024:3.1-BPAY - SmartP,BPAY PI 2024:3.2-BPAY - SmartP,,,,,,,,,,1.0,Story,Done
SMARTPAY-154,2388922,,18.06.2024 13:32,05.07.2024 08:04,Done,Critical,,05.07.2024 08:04,BPAY PI 2024:3.1-BPAY - SmartP,BPAY PI 2024:3.2-BPAY - SmartP,,,,,,,,,,1.0,Story,Done
SMARTPAY-116,2382124,,13.06.2024 08:58,16.07.2024 13:02,Done,Major,,13.08.2024 12:46,BPAY PI 2024:3.2-BPAY - SmartP,,,,,,,,,,,3.0,Production bug,Done
SMARTPAY-254,2389317,,18.06.2024 13:57,01.07.2024 16:13,Done,Trivial,,01.07.2024 16:13,BPAY PI 2024:3.1-BPAY - SmartP,,,,,,,,,,,1.0,Story,Done
SMARTPAY-255,2389323,,18.06.2024 13:57,01.07.2024 16:13,Done,Trivial,,01.07.2024 16:13,BPAY PI 2024:3.1-BPAY - SmartP,,,,,,,,,,,1.0,Story,Done
SMARTPAY-256,2389324,,18.06.2024 13:58,01.07.2024 16:13,Done,Trivial,,01.07.2024 16:13,BPAY PI 2024:3.1-BPAY - SmartP,,,,,,,,,,,1.0,Story,Done
SMARTPAY-257,2389326,,18.06.2024 13:58,01.07.2024 16:13,Done,Trivial,,01.07.2024 16:13,BPAY PI 2024:3.1-BPAY - SmartP,,,,,,,,,,,1.0,Story,Done
SMARTPAY-258,2389329,,18.06.2024 13:58,01.07.2024 16:13,Done,Trivial,,01.07.2024 16:13,BPAY PI 2024:3.1-BPAY - SmartP,,,,,,,,,,,1.0,Story,Done
SMARTPAY-259,2389334,,18.06.2024 13:59,01.07.2024 16:13,Done,Minor,,01.07.2024 16:13,BPAY PI 2024:3.1-BPAY - SmartP,,,,,,,,,,,1.0,Story,Done
SMARTPAY-260,2389336,,18.06.2024 13:59,01.07.2024 16:13,Done,Minor,,01.07.2024 16:13,BPAY PI 2024:3.1-BPAY - SmartP,,,,,,,,,,,1.0,Story,Done
SMARTPAY-261,2389338,,18.06.2024 13:59,01.07.2024 16:13,Done,Minor,,01.07.2024 16:13,BPAY PI 2024:3.1-BPAY - SmartP,,,,,,,,,,,1.0,Story,Done
SMARTPAY-262,2389340,,18.06.2024 14:00,01.07.2024 16:13,Done,Minor,,01.07.2024 16:13,BPAY PI 2024:3.1-BPAY - SmartP,,,,,,,,,,,1.0,Story,Done
SMARTPAY-263,2389344,,18.06.2024 14:00,01.07.2024 16:13,Done,Minor,,01.07.2024 16:13,BPAY PI 2024:3.1-BPAY - SmartP,,,,,,,,,,,1.0,Story,Done
SMARTPAY-204,2389125,,18.06.2024 13:46,05.07.2024 08:08,Done,Major,,05.07.2024 08:08,BPAY PI 2024:3.4-BPAY - SmartP,,,,,,,,,,,1.0,Story,Done
SMARTPAY-205,2389126,,18.06.2024 13:46,05.07.2024 08:08,Done,Major,,05.07.2024 08:08,BPAY PI 2024:3.4-BPAY - SmartP,,,,,,,,,,,1.0,Story,Done
SMARTPAY-206,2389128,,18.06.2024 13:46,05.07.2024 08:08,Done,Major,,05.07.2024 08:08,BPAY PI 2024:3.4-BPAY - SmartP,,,,,,,,,,,1.0,Story,Done
SMARTPAY-207,2389129,,18.06.2024 13:46,05.07.2024 08:08,Done,Major,,05.07.2024 08:08,BPAY PI 2024:3.4-BPAY - SmartP,,,,,,,,,,,1.0,Story,Done
SMARTPAY-208,2389130,,18.06.2024 13:46,05.07.2024 08:08,Done,Major,,05.07.2024 08:08,BPAY PI 2024:3.4-BPAY - SmartP,,,,,,,,,,,1.0,Story,Done
SMARTPAY-209,2389133,,18.06.2024 13:46,05.07.2024 08:08,Done,Major,,05.07.2024 08:08,BPAY PI 2024:3.4-BPAY - SmartP,,,,,,,,,,,1.0,Story,Done
SMARTPAY-211,2389136,,18.06.2024 13:47,05.07.2024 08:08,Done,Major,,05.07.2024 08:08,BPAY PI 2024:3.4-BPAY - SmartP,,,,,,,,,,,1.0,Story,Done
SMARTPAY-212,2389138,,18.06.2024 13:47,05.07.2024 08:08,Done,Major,,05.07.2024 08:08,BPAY PI 2024:3.4-BPAY - SmartP,,,,,,,,,,,1.0,Story,Done
SMARTPAY-213,2389139,,18.06.2024 13:47,05.07.2024 08:08,Done,Major,,05.07.2024 08:08,BPAY PI 2024:3.4-BPAY - SmartP,,,,,,,,,,,1.0,Story,Done
SMARTPAY-214,2389141,,18.06.2024 13:47,05.07.2024 08:08,Done,Major,,05.07.2024 08:08,BPAY PI 2024:3.4-BPAY - SmartP,,,,,,,,,,,1.0,Story,Done
SMARTPAY-215,2389144,,18.06.2024 13:47,05.07.2024 08:08,Done,Major,,05.07.2024 08:08,BPAY PI 2024:3.4-BPAY - SmartP,,,,,,,,,,,1.0,Story,Done
SMARTPAY-216,2389145,,18.06.2024 13:48,05.07.2024 08:08,Done,Major,,05.07.2024 08:08,BPAY PI 2024:3.4-BPAY - SmartP,,,,,,,,,,,1.0,Story,Done
SMARTPAY-217,2389148,,18.06.2024 13:48,05.07.2024 08:08,Done,Major,,05.07.2024 08:08,BPAY PI 2024:3.4-BPAY - SmartP,,,,,,,,,,,1.0,Story,Done
SMARTPAY-218,2389150,,18.06.2024 13:48,05.07.2024 08:08,Done,Major,,05.07.2024 08:08,BPAY PI 2024:3.4-BPAY - SmartP,,,,,,,,,,,1.0,Story,Done
SMARTPAY-219,2389152,,18.06.2024 13:48,05.07.2024 08:08,Done,Major,,05.07.2024 08:08,BPAY PI 2024:3.4-BPAY - SmartP,,,,,,,,,,,1.0,Story,Done
SMARTPAY-220,2389153,,18.06.2024 13:49,03.09.2024 09:54,Done,Major,,03.09.2024 09:54,BPAY PI 2024:3.4-BPAY - SmartP,,,,,,,,,,,1.0,Story,Done
SMARTPAY-221,2389155,,18.06.2024 13:49,05.07.2024 08:08,Done,Major,,05.07.2024 08:08,BPAY PI 2024:3.4-BPAY - SmartP,,,,,,,,,,,1.0,Story,Done
SMARTPAY-222,2389158,,18.06.2024 13:49,05.07.2024 08:08,Done,Major,,05.07.2024 08:08,BPAY PI 2024:3.4-BPAY - SmartP,,,,,,,,,,,1.0,Story,Done
SMARTPAY-223,2389159,,18.06.2024 13:49,05.07.2024 08:08,Done,Major,,05.07.2024 08:08,BPAY PI 2024:3.4-BPAY - SmartP,,,,,,,,,,,1.0,Story,Done
SMARTPAY-224,2389161,,18.06.2024 13:49,05.07.2024 08:08,Done,Major,,05.07.2024 08:08,BPAY PI 2024:3.4-BPAY - SmartP,,,,,,,,,,,1.0,Story,Done
SMARTPAY-225,2389162,,18.06.2024 13:50,05.07.2024 08:08,Done,Major,,05.07.2024 08:08,BPAY PI 2024:3.4-BPAY - SmartP,,,,,,,,,,,1.0,Story,Done
SMARTPAY-226,2389165,,18.06.2024 13:50,05.07.2024 08:08,Done,Major,,05.07.2024 08:08,BPAY PI 2024:3.4-BPAY - SmartP,,,,,,,,,,,1.0,Story,Done
SMARTPAY-227,2389167,,18.06.2024 13:51,05.07.2024 08:08,Done,Major,,05.07.2024 08:08,BPAY PI 2024:3.4-BPAY - SmartP,,,,,,,,,,,1.0,Story,Done
SMARTPAY-228,2389168,,18.06.2024 13:51,05.07.2024 08:08,Done,Major,,05.07.2024 08:08,BPAY PI 2024:3.4-BPAY - SmartP,,,,,,,,,,,1.0,Story,Done
SMARTPAY-229,2389170,,18.06.2024 13:51,05.07.2024 08:09,Done,Major,,15.08.2024 11:02,,,,,,,,,,,,1.0,Story,Done
SMARTPAY-230,2389171,,18.06.2024 13:51,05.07.2024 08:09,Done,Major,,15.08.2024 11:03,,,,,,,,,,,,1.0,Story,Done
SMARTPAY-231,2389172,,18.06.2024 13:51,05.07.2024 08:09,Done,Major,,15.08.2024 11:03,,,,,,,,,,,,1.0,Story,Done
SMARTPAY-232,2389173,,18.06.2024 13:52,05.07.2024 08:09,Done,Major,,15.08.2024 11:03,,,,,,,,,,,,1.0,Story,Done
SMARTPAY-233,2389175,,18.06.2024 13:52,05.07.2024 08:09,Done,Major,,15.08.2024 11:03,,,,,,,,,,,,1.0,Story,Done
SMARTPAY-234,2389177,,18.06.2024 13:52,05.07.2024 08:09,Done,Major,,15.08.2024 11:03,,,,,,,,,,,,1.0,Story,Done
SMARTPAY-235,2389178,,18.06.2024 13:52,05.07.2024 08:09,Done,Major,,15.08.2024 11:03,,,,,,,,,,,,1.0,Story,Done
SMARTPAY-236,2389180,,18.06.2024 13:52,05.07.2024 08:09,Done,Major,,15.08.2024 11:03,,,,,,,,,,,,1.0,Story,Done
SMARTPAY-237,2389181,,18.06.2024 13:53,05.07.2024 08:09,Done,Major,,15.08.2024 11:04,,,,,,,,,,,,1.0,Story,Done
SMARTPAY-238,2389184,,18.06.2024 13:53,05.07.2024 08:09,Done,Major,,15.08.2024 11:04,,,,,,,,,,,,1.0,Story,Done
SMARTPAY-239,2389185,,18.06.2024 13:53,05.07.2024 08:09,Done,Major,,15.08.2024 11:04,,,,,,,,,,,,1.0,Story,Done
SMARTPAY-240,2389187,,18.06.2024 13:53,05.07.2024 08:09,Done,Major,,15.08.2024 11:04,,,,,,,,,,,,1.0,Story,Done
SMARTPAY-241,2389188,,18.06.2024 13:54,05.07.2024 08:09,Done,Major,,15.08.2024 11:04,,,,,,,,,,,,1.0,Story,Done
SMARTPAY-242,2389190,,18.06.2024 13:54,05.07.2024 08:09,Done,Major,,15.08.2024 11:04,,,,,,,,,,,,1.0,Story,Done
SMARTPAY-243,2389192,,18.06.2024 13:54,05.07.2024 08:09,Done,Major,,15.08.2024 11:04,,,,,,,,,,,,1.0,Story,Done
SMARTPAY-245,2389197,,18.06.2024 13:54,05.07.2024 08:09,Done,Major,,15.08.2024 11:06,,,,,,,,,,,,1.0,Story,Done
SMARTPAY-246,2389198,,18.06.2024 13:54,05.07.2024 08:09,Done,Major,,15.08.2024 11:06,,,,,,,,,,,,1.0,Story,Done
SMARTPAY-247,2389300,,18.06.2024 13:55,05.07.2024 08:09,Done,Major,,15.08.2024 11:05,,,,,,,,,,,,1.0,Story,Done
SMARTPAY-248,2389301,,18.06.2024 13:55,05.07.2024 08:09,Done,Major,,15.08.2024 11:05,,,,,,,,,,,,1.0,Story,Done
SMARTPAY-249,2389303,,18.06.2024 13:55,05.07.2024 08:09,Done,Major,,15.08.2024 11:05,,,,,,,,,,,,1.0,Story,Done
SMARTPAY-250,2389304,,18.06.2024 13:55,05.07.2024 08:09,Done,Major,,15.08.2024 11:05,,,,,,,,,,,,1.0,Story,Done
SMARTPAY-251,2389306,,18.06.2024 13:55,05.07.2024 08:09,Done,Major,,15.08.2024 11:06,,,,,,,,,,,,1.0,Story,Done
SMARTPAY-252,2389308,,18.06.2024 13:56,05.07.2024 08:10,Done,Major,,15.08.2024 11:06,,,,,,,,,,,,1.0,Story,Done
SMARTPAY-253,2389309,,18.06.2024 13:56,05.07.2024 08:10,Done,Major,,15.08.2024 11:06,,,,,,,,,,,,1.0,Story,Done
SMARTPAY-273,2409092,,04.07.2024 12:44,04.07.2024 13:14,Done,Major,,04.07.2024 13:14,,,,,,,,,,,,,Test,Done
SMARTPAY-274,2409408,,04.07.2024 13:23,05.07.2024 12:25,Done,Major,,05.07.2024 12:25,,,,,,,,,,,,,Test,Done
SMARTPAY-614,2810006,,02.06.2025 07:07,11.08.2025 09:15,Done,Major,,13.08.2025 14:18,BPAY PI 2025:3.3-BPAY - SmartP,BPAY PI 2025:3.4-BPAY - SmartP,,,,,,,,,,5.0,Story,Done
SMARTPAY-659,2878187,,06.08.2025 07:45,08.08.2025 13:35,Done,Major,,09.02.2026 16:05,BPAY PI 2025:3.4-BPAY - SmartP,,,,,,,,,,,1.0,Story,Done
SMARTPAY-660,2878197,,06.08.2025 08:10,08.08.2025 13:17,Done,Major,,23.01.2026 15:49,BPAY PI 2025:3.4-BPAY - SmartP,,,,,,,,,,,1.0,Story,Done
SMARTPAY-606,2809981,,02.06.2025 09:21,04.09.2025 11:05,Done,Major,,09.02.2026 16:05,BPAY PI 2025:3.1-BPAY - SmartP,BPAY PI 2025:3.2-BPAY - SmartP,BPAY PI 2025:3.3-BPAY - SmartP,BPAY PI 2025:3.4-BPAY - SmartP,BPAY PI 2025:3.5-BPAY - SmartP,BPAY PI 2025:3.6-BPAY - SmartP,,,,,,8.0,Story,Done
SMARTPAY-690,2904730,,01.09.2025 13:12,03.09.2025 13:45,Done,Major,,09.02.2026 16:05,BPAY PI 2025:3.6-BPAY - SmartP,,,,,,,,,,,2.0,Bug,Done
SMARTPAY-656,2876262,,03.08.2025 19:07,04.09.2025 19:55,Done,Major,,04.09.2025 19:55,BPAY PI 2025:3.4-BPAY - SmartP,BPAY PI 2025:3.5-BPAY - SmartP,BPAY PI 2025:3.6-BPAY - SmartP,,,,,,,,,5.0,Story,Done
SMARTPAY-677,2410067,,05.07.2024 09:13,15.08.2025 13:30,Done,Major,,29.12.2025 15:56,BPAY PI 2025:3.4-BPAY - SmartP,BPAY PI 2025:3.5-BPAY - SmartP,,,,,,,,,,1.0,Engineering job,Done
SMARTPAY-283,2411647,,08.07.2024 13:30,08.07.2024 13:44,Done,Major,,09.07.2024 12:20,,,,,,,,,,,,,Test,Done
SMARTPAY-284,2411676,,08.07.2024 13:54,08.07.2024 14:10,Done,Major,,08.07.2024 14:10,,,,,,,,,,,,,Test,Done
SMARTPAY-288,2412612,,09.07.2024 12:20,09.07.2024 13:00,Done,Major,,09.07.2024 13:00,,,,,,,,,,,,,Test,Done
SMARTPAY-291,2413571,,10.07.2024 12:23,10.07.2024 12:28,Done,Major,,10.07.2024 12:28,,,,,,,,,,,,,Test,Done
SMARTPAY-299,2419666,,19.07.2024 08:58,03.09.2024 09:57,Done,Minor,,03.09.2024 09:57,BPAY PI 2024:3.3-BPAY - SmartP,BPAY PI 2024:3.4-BPAY - SmartP,BPAY PI 2024:3.5-BPAY - SmartP,,,,,,,,,,Story,Done
SMARTPAY-300,2419667,,19.07.2024 08:59,03.09.2024 09:57,Done,Minor,,03.09.2024 09:57,BPAY PI 2024:3.3-BPAY - SmartP,BPAY PI 2024:3.4-BPAY - SmartP,BPAY PI 2024:3.5-BPAY - SmartP,,,,,,,,,,Story,Done
SMARTPAY-308,2430107,,08.08.2024 18:46,14.08.2024 15:56,Done,Minor,,28.04.2025 13:42,BPAY PI 2024:3.3-BPAY - SmartP,BPAY PI 2024:3.4-BPAY - SmartP,,,,,,,,,,3.0,Production bug,Done
SMARTPAY-310,2430081,,08.08.2024 19:38,09.08.2024 15:57,Done,Critical,,11.11.2024 10:34,BPAY PI 2024:3.3-BPAY - SmartP,,,,,,,,,,,1.0,Production bug,Done
SMARTPAY-311,2430393,,09.08.2024 10:36,09.08.2024 16:36,Done,Major,,11.11.2024 10:34,BPAY PI 2024:3.3-BPAY - SmartP,,,,,,,,,,,1.0,Production bug,Done
SMARTPAY-307,2429456,,08.08.2024 10:37,08.08.2024 19:20,Done,Critical,,11.11.2024 10:35,,,,,,,,,,,,1.0,Production bug,Done
SMARTPAY-309,2430078,,08.08.2024 19:24,08.08.2024 19:25,Abandoned,Major,,08.08.2024 19:25,,,,,,,,,,,,2.0,Bug,Won't Do
SMARTPAY-312,2430716,,09.08.2024 15:25,13.08.2024 09:50,Done,Major,,11.11.2024 10:34,BPAY PI 2024:3.4-BPAY - SmartP,,,,,,,,,,,3.0,Production bug,Done
SMARTPAY-313,2431578,,12.08.2024 11:56,13.08.2024 13:52,Done,Major,,14.11.2025 14:55,BPAY PI 2024:3.4-BPAY - SmartP,,,,,,,,,,,2.0,Bug,Done
SMARTPAY-317,2468434,,09.09.2024 15:54,21.11.2024 08:07,Done,Major,,21.11.2024 08:11,,,,,,,,,,,,,Test,Done
SMARTPAY-318,2468435,,09.09.2024 15:54,21.11.2024 08:07,Done,Major,,21.11.2024 08:11,,,,,,,,,,,,,Test,Done
SMARTPAY-319,2468436,,09.09.2024 15:55,21.11.2024 08:07,Done,Major,,21.11.2024 08:11,,,,,,,,,,,,,Test,Done
SMARTPAY-320,2468437,,09.09.2024 15:55,21.11.2024 08:07,Done,Major,,21.11.2024 08:11,,,,,,,,,,,,,Test,Done
SMARTPAY-321,2468438,,09.09.2024 15:55,21.11.2024 08:07,Done,Major,,21.11.2024 08:11,,,,,,,,,,,,,Test,Done
SMARTPAY-322,2468439,,09.09.2024 15:55,21.11.2024 08:08,Done,Major,,21.11.2024 08:11,,,,,,,,,,,,,Test,Done
SMARTPAY-323,2468440,,09.09.2024 15:56,21.11.2024 08:08,Done,Major,,21.11.2024 08:11,,,,,,,,,,,,,Test,Done
SMARTPAY-324,2468441,,09.09.2024 15:56,21.11.2024 08:11,Done,Major,,21.11.2024 08:11,,,,,,,,,,,,,Test,Done
SMARTPAY-325,2468442,,09.09.2024 15:56,21.11.2024 08:09,Done,Major,,21.11.2024 08:11,,,,,,,,,,,,,Test,Done
SMARTPAY-326,2468444,,09.09.2024 15:57,21.11.2024 08:09,Done,Major,,21.11.2024 08:11,,,,,,,,,,,,,Test,Done
SMARTPAY-270,1829785,,31.01.2023 09:56,13.11.2024 11:33,Done,Major,,13.11.2024 11:50,FPAY 2022 - 27,,,,,,,,,,,2.0,Engineering job,Done
SMARTPAY-650,2866146,,15.07.2025 12:02,24.07.2025 08:54,Done,Major,,29.12.2025 15:51,BPAY PI 2025:3.3-BPAY - SmartP,,,,,,,,,,,2.0,Production bug,Done
SMARTPAY-629,2848636,,27.06.2025 08:15,28.07.2025 14:37,Done,Major,,09.02.2026 16:05,BPAY PI 2025:3.2-BPAY - SmartP,BPAY PI 2025:3.3-BPAY - SmartP,,,,,,,,,,3.0,Story,Done
SMARTPAY-644,2862928,,10.07.2025 14:13,23.07.2025 13:47,Done,Critical,,29.12.2025 15:51,BPAY PI 2025:3.2-BPAY - SmartP,BPAY PI 2025:3.3-BPAY - SmartP,,,,,,,,,,5.0,Bug,Done
SMARTPAY-652,2869061,,21.07.2025 09:04,24.07.2025 09:26,Done,Major,,29.12.2025 15:57,BPAY PI 2025:3.3-BPAY - SmartP,,,,,,,,,,,1.0,Production bug,Done
SMARTPAY-609,2831162,,16.06.2025 16:48,23.07.2025 13:53,Done,Major,,09.02.2026 16:06,BPAY PI 2025:3.1-BPAY - SmartP,BPAY PI 2025:3.2-BPAY - SmartP,BPAY PI 2025:3.3-BPAY - SmartP,,,,,,,,,5.0,Story,Done
SMARTPAY-647,2863240,,11.07.2025 08:45,23.07.2025 10:45,Done,Major,,29.12.2025 15:54,BPAY PI 2025:3.3-BPAY - SmartP,,,,,,,,,,,3.0,Production bug,Done
SMARTPAY-649,2867456,,17.07.2025 09:01,22.07.2025 09:33,Done,Critical,,29.12.2025 15:55,BPAY PI 2025:3.3-BPAY - SmartP,,,,,,,,,,,5.0,Production bug,Done
SMARTPAY-640,2860066,,08.07.2025 08:29,28.07.2025 12:38,Done,Major,,29.12.2025 15:52,BPAY PI 2025:3.2-BPAY - SmartP,BPAY PI 2025:3.3-BPAY - SmartP,,,,,,,,,,5.0,Story,Done
SMARTPAY-623,2837692,,18.06.2025 08:49,23.07.2025 12:25,Abandoned,Major,,23.07.2025 12:25,BPAY PI 2025:3.3-BPAY - SmartP,,,,,,,,,,,3.0,Story,Won't Do
SMARTPAY-346,2494943,,25.09.2024 13:56,08.10.2024 09:12,Abandoned,Major,,08.10.2024 09:12,BPAY PI 2024:4.2-BPAY - SmartP,,,,,,,,,,,3.0,Story,Won't Do
SMARTPAY-353,2506688,,07.10.2024 08:10,01.11.2024 14:39,Done,Critical,,26.11.2024 10:24,BPAY PI 2024:4.3-BPAY - SmartP,BPAY PI 2024:4.4-BPAY - SmartP,,,,,,,,,,,Story,Done
SMARTPAY-387,2507229,,07.10.2024 08:22,30.10.2024 10:25,Done,Critical,,26.11.2024 10:25,BPAY PI 2024:4.3-BPAY - SmartP,BPAY PI 2024:4.4-BPAY - SmartP,,,,,,,,,,,Story,Done
SMARTPAY-352,2506687,,07.10.2024 08:09,24.03.2026 15:38,Done,Critical,,24.03.2026 15:38,,,,,,,,,,,,,Story,Done
SMARTPAY-354,2506690,,07.10.2024 08:11,24.03.2026 15:38,Done,Critical,,24.03.2026 15:38,,,,,,,,,,,,,Story,Done
SMARTPAY-355,2506691,,07.10.2024 08:12,24.03.2026 15:39,Done,Critical,,24.03.2026 15:39,,,,,,,,,,,,,Story,Done
SMARTPAY-356,2506692,,07.10.2024 08:12,24.03.2026 15:41,Done,Critical,,24.03.2026 15:41,,,,,,,,,,,,,Story,Done
SMARTPAY-357,2506693,,07.10.2024 08:12,24.03.2026 15:42,Done,Critical,,24.03.2026 15:42,,,,,,,,,,,,,Story,Done
SMARTPAY-358,2506694,,07.10.2024 08:12,24.03.2026 15:43,Done,Critical,,24.03.2026 15:43,,,,,,,,,,,,,Story,Done
SMARTPAY-359,2506695,,07.10.2024 08:12,24.03.2026 15:45,Done,Critical,,24.03.2026 15:45,,,,,,,,,,,,,Story,Done
SMARTPAY-360,2506696,,07.10.2024 08:13,24.03.2026 15:46,Done,Critical,,24.03.2026 15:46,,,,,,,,,,,,,Story,Done
SMARTPAY-361,2506697,,07.10.2024 08:13,24.03.2026 15:47,Done,Critical,,24.03.2026 15:47,,,,,,,,,,,,,Story,Done
SMARTPAY-362,2506698,,07.10.2024 08:13,24.03.2026 15:47,Done,Critical,,24.03.2026 15:47,,,,,,,,,,,,,Story,Done
SMARTPAY-363,2507200,,07.10.2024 08:13,24.03.2026 15:48,Done,Critical,,24.03.2026 15:48,,,,,,,,,,,,,Story,Done
SMARTPAY-364,2507201,,07.10.2024 08:13,24.03.2026 15:48,Done,Critical,,24.03.2026 15:48,,,,,,,,,,,,,Story,Done
SMARTPAY-365,2507202,,07.10.2024 08:13,24.03.2026 15:49,Done,Critical,,24.03.2026 15:49,,,,,,,,,,,,,Story,Done
SMARTPAY-630,2849175,,27.06.2025 12:20,,Open,Major,,25.03.2026 08:03,,,,,,,,,,,,,Task,
SMARTPAY-366,2507203,,07.10.2024 08:13,24.03.2026 15:49,Done,Critical,,24.03.2026 15:49,,,,,,,,,,,,,Story,Done
SMARTPAY-367,2507204,,07.10.2024 08:14,24.03.2026 15:50,Done,Critical,,24.03.2026 15:50,,,,,,,,,,,,,Story,Done
SMARTPAY-368,2507205,,07.10.2024 08:14,24.03.2026 15:50,Done,Critical,,24.03.2026 15:50,,,,,,,,,,,,,Story,Done
SMARTPAY-371,2507208,,07.10.2024 08:14,24.03.2026 15:51,Done,Critical,,24.03.2026 15:51,,,,,,,,,,,,,Story,Done
SMARTPAY-372,2507209,,07.10.2024 08:14,24.03.2026 15:51,Done,Critical,,24.03.2026 15:51,,,,,,,,,,,,,Story,Done
SMARTPAY-377,2507216,,07.10.2024 08:17,24.03.2026 15:52,Done,Critical,,24.03.2026 15:52,,,,,,,,,,,,,Story,Done
SMARTPAY-378,2507217,,07.10.2024 08:17,24.03.2026 15:52,Done,Critical,,24.03.2026 15:52,,,,,,,,,,,,,Story,Done
SMARTPAY-379,2507218,,07.10.2024 08:17,24.03.2026 15:53,Done,Critical,,24.03.2026 15:53,,,,,,,,,,,,,Story,Done
SMARTPAY-380,2507219,,07.10.2024 08:17,24.03.2026 15:53,Done,Critical,,24.03.2026 15:53,,,,,,,,,,,,,Story,Done
SMARTPAY-381,2507220,,07.10.2024 08:17,24.03.2026 15:54,Done,Critical,,24.03.2026 15:54,,,,,,,,,,,,,Story,Done
SMARTPAY-382,2507224,,07.10.2024 08:22,24.03.2026 15:54,Done,Critical,,24.03.2026 15:54,,,,,,,,,,,,,Story,Done
SMARTPAY-383,2507225,,07.10.2024 08:22,24.03.2026 15:56,Done,Critical,,24.03.2026 15:56,,,,,,,,,,,,,Story,Done
SMARTPAY-384,2507226,,07.10.2024 08:22,24.03.2026 15:56,Done,Critical,,24.03.2026 15:56,,,,,,,,,,,,,Story,Done
SMARTPAY-385,2507227,,07.10.2024 08:22,24.03.2026 15:57,Done,Critical,,24.03.2026 15:57,,,,,,,,,,,,,Story,Done
SMARTPAY-388,2507230,,07.10.2024 08:22,24.03.2026 15:57,Done,Critical,,24.03.2026 15:57,,,,,,,,,,,,,Story,Done
SMARTPAY-390,2507232,,07.10.2024 08:23,24.03.2026 15:58,Done,Critical,,24.03.2026 15:58,,,,,,,,,,,,,Story,Done
SMARTPAY-391,2507233,,07.10.2024 08:23,24.03.2026 15:59,Done,Critical,,24.03.2026 15:59,,,,,,,,,,,,,Story,Done
SMARTPAY-392,2507234,,07.10.2024 08:23,13.01.2025 15:30,Done,Critical,,29.12.2025 15:55,,,,,,,,,,,,,Story,Done
SMARTPAY-437,2588957,,05.12.2024 08:39,12.12.2024 07:56,Done,Major,,12.12.2024 07:56,BPAY PI 2024:5.2-BPAY - SmartP,,,,,,,,,,,1.0,Engineering job,Done
SMARTPAY-424,2510961,,09.10.2024 13:30,10.01.2025 21:36,Done,Major,,29.12.2025 15:51,BPAY PI 2024:5.1-BPAY - SmartP,BPAY PI 2024:5.2-BPAY - SmartP,BPAY PI 2024:5.3-BPAY - SmartP,,,,,,,,,5.0,Story,Done
SMARTPAY-425,2575212,,21.11.2024 14:29,10.12.2024 13:40,Done,Major,,22.01.2025 12:54,BPAY PI 2024:5.1-BPAY - SmartP,BPAY PI 2024:5.2-BPAY - SmartP,,,,,,,,,,3.0,Story,Done
SMARTPAY-398,2524420,,21.10.2024 13:46,31.10.2024 08:26,Done,Major,,31.10.2024 08:34,BPAY PI 2024:2.4-BPAY - SmartP,BPAY PI 2024:3.3-BPAY - SmartP,BPAY PI 2024:3.4-BPAY - SmartP,BPAY PI 2024:3.5-BPAY - SmartP,BPAY PI 2024:4.1-BPAY - SmartP,BPAY PI 2024:4.2-BPAY - SmartP,BPAY PI 2024:4.3-BPAY - SmartP,BPAY PI 2024:4.4-BPAY - SmartP,,,,3.0,Story,Done
SMARTPAY-399,2524856,,21.10.2024 15:56,31.10.2024 08:26,Done,Major,,31.10.2024 08:39,BPAY PI 2024:2.4-BPAY - SmartP,BPAY PI 2024:3.3-BPAY - SmartP,BPAY PI 2024:3.4-BPAY - SmartP,BPAY PI 2024:3.5-BPAY - SmartP,BPAY PI 2024:4.1-BPAY - SmartP,BPAY PI 2024:4.2-BPAY - SmartP,BPAY PI 2024:4.3-BPAY - SmartP,BPAY PI 2024:4.4-BPAY - SmartP,,,,3.0,Story,Done
SMARTPAY-386,2507228,,07.10.2024 08:22,30.10.2024 10:25,Done,Critical,,26.11.2024 10:24,BPAY PI 2024:4.3-BPAY - SmartP,BPAY PI 2024:4.4-BPAY - SmartP,,,,,,,,,,,Story,Done
SMARTPAY-369,2507206,,07.10.2024 08:14,12.11.2024 08:32,Done,Critical,,12.11.2024 14:16,BPAY PI 2024:4.4-BPAY - SmartP,BPAY PI2024:4.Innovation-BPAY,,,,,,,,,,2.0,Story,Done
SMARTPAY-370,2507207,,07.10.2024 08:14,12.11.2024 08:32,Done,Critical,,12.11.2024 14:16,BPAY PI 2024:4.4-BPAY - SmartP,BPAY PI2024:4.Innovation-BPAY,,,,,,,,,,2.0,Story,Done
SMARTPAY-373,2507210,,07.10.2024 08:14,12.11.2024 08:32,Done,Critical,,12.11.2024 14:17,BPAY PI 2024:4.4-BPAY - SmartP,BPAY PI2024:4.Innovation-BPAY,,,,,,,,,,2.0,Story,Done
SMARTPAY-374,2507212,,07.10.2024 08:16,12.11.2024 08:33,Done,Critical,,12.11.2024 14:17,BPAY PI 2024:4.4-BPAY - SmartP,BPAY PI2024:4.Innovation-BPAY,,,,,,,,,,2.0,Story,Done
SMARTPAY-375,2507213,,07.10.2024 08:16,12.11.2024 08:32,Done,Critical,,12.11.2024 14:18,BPAY PI 2024:4.4-BPAY - SmartP,BPAY PI2024:4.Innovation-BPAY,,,,,,,,,,2.0,Story,Done
SMARTPAY-376,2507214,,07.10.2024 08:16,12.11.2024 08:32,Done,Critical,,12.11.2024 14:18,BPAY PI 2024:4.4-BPAY - SmartP,BPAY PI2024:4.Innovation-BPAY,,,,,,,,,,2.0,Story,Done
SMARTPAY-333,2328966,,24.04.2024 10:23,17.12.2024 16:24,Done,Major,,07.02.2025 10:27,BPAY PI 2024:4.1-BPAY - SmartP,BPAY PI 2024:4.2-BPAY - SmartP,BPAY PI 2024:4.3-BPAY - SmartP,BPAY PI 2024:4.4-BPAY - SmartP,BPAY PI 2024:5.2-BPAY - SmartP,,,,,,,5.0,Story,Done
SMARTPAY-210,2389135,,18.06.2024 13:47,22.04.2025 12:38,Abandoned,Major,,22.04.2025 12:38,BPAY PI 2024:3.4-BPAY - SmartP,BPAY PI 2024:4.4-BPAY - SmartP,BPAY PI 2024:5.1-BPAY - SmartP,BPAY PI 2024:5.2-BPAY - SmartP,,,,,,,,8.0,Story,Won't Do
SMARTPAY-419,2558282,,14.11.2024 11:45,30.01.2025 09:12,Done,Major,,09.02.2026 15:49,BPAY PI 2024:5.3-BPAY - SmartP,BPAY PI 2025:1.1-BPAY - SmartP,,,,,,,,,,1.0,Story,Done
SMARTPAY-423,2558283,,14.11.2024 11:46,22.04.2025 12:37,Abandoned,Major,,22.04.2025 12:37,BPAY PI 2024:5.3-BPAY - SmartP,BPAY PI 2025:1.1-BPAY - SmartP,,,,,,,,,,2.0,Story,Won't Do
SMARTPAY-420,2558284,,14.11.2024 11:46,30.01.2025 09:15,Done,Major,,09.02.2026 15:50,BPAY PI 2024:5.3-BPAY - SmartP,BPAY PI 2025:1.1-BPAY - SmartP,,,,,,,,,,5.0,Story,Done
SMARTPAY-422,2558287,,14.11.2024 11:47,30.01.2025 09:16,Done,Major,,09.02.2026 15:49,BPAY PI 2024:5.3-BPAY - SmartP,BPAY PI 2025:1.1-BPAY - SmartP,,,,,,,,,,2.0,Story,Done
SMARTPAY-421,2558285,,14.11.2024 11:47,17.02.2025 12:04,Done,Major,,09.02.2026 15:50,BPAY PI 2024:5.3-BPAY - SmartP,BPAY PI 2025:1.1-BPAY - SmartP,,,,,,,,,,8.0,Story,Done
SMARTPAY-465,2626933,,16.01.2025 14:01,03.02.2025 12:34,Done,Major,,09.02.2026 16:00,BPAY PI 2024:5.3-BPAY - SmartP,BPAY PI 2025:1.1-BPAY - SmartP,,,,,,,,,,1.0,Story,Done
SMARTPAY-461,2618481,,10.01.2025 12:40,03.02.2025 12:34,Done,Major,,09.02.2026 16:00,BPAY PI 2024:5.3-BPAY - SmartP,BPAY PI 2025:1.1-BPAY - SmartP,,,,,,,,,,1.0,Story,Done
SMARTPAY-408,2275036,,13.03.2024 15:57,24.02.2025 14:23,Done,Major,,24.02.2025 14:23,BPAY PI 2024:5.1-BPAY - SmartP,BPAY PI 2024:5.2-BPAY - SmartP,BPAY PI 2024:5.3-BPAY - SmartP,BPAY PI 2024:5.IP-BPAY - Smart,BPAY PI 2025:1.1-BPAY - SmartP,BPAY PI 2025:1.2-BPAY - SmartP,,,,,,5.0,Engineering job,Done
SMARTPAY-414,2554433,,12.11.2024 11:08,26.11.2024 10:10,Done,Major,,03.12.2025 14:02,BPAY PI 2024:5.1-BPAY - SmartP,,,,,,,,,,,2.0,Production bug,Done
SMARTPAY-440,2604720,,17.12.2024 16:20,03.01.2025 07:45,Done,Major,,03.01.2025 07:45,BPAY PI 2024:5.2-BPAY - SmartP,BPAY PI 2024:5.3-BPAY - SmartP,,,,,,,,,,,Task,Done
SMARTPAY-436,2584131,,02.12.2024 08:45,10.02.2025 16:33,Done,Minor,,16.04.2025 11:28,BPAY PI 2024:5.1-BPAY - SmartP,BPAY PI 2024:5.2-BPAY - SmartP,BPAY PI 2024:5.3-BPAY - SmartP,BPAY PI 2024:5.IP-BPAY - Smart,BPAY PI 2025:1.1-BPAY - SmartP,,,,,,,8.0,Bug,Done
SMARTPAY-402,2537224,,30.10.2024 12:23,20.12.2024 09:57,Done,Major,,29.12.2025 15:51,BPAY PI 2024:4.4-BPAY - SmartP,BPAY PI 2024:5.1-BPAY - SmartP,BPAY PI 2024:5.2-BPAY - SmartP,BPAY PI 2024:5.3-BPAY - SmartP,,,,,,,,8.0,Story,Done
SMARTPAY-580,2784804,,12.05.2025 11:30,27.05.2025 10:01,Done,Major,,29.05.2025 08:18,BPAY PI 2025:2.2-BPAY - SmartP,BPAY PI 2025:2.3-BPAY - SmartP,BPAY PI 2025:2.4-BPAY - SmartP,,,,,,,,,3.0,Story,Done
SMARTPAY-583,2789305,,15.05.2025 09:28,03.06.2025 16:28,Done,Major,,03.06.2025 16:28,BPAY PI 2025:2.3-BPAY - SmartP,BPAY PI 2025:2.4-BPAY - SmartP,,,,,,,,,,3.0,Production bug,Done
SMARTPAY-536,2688961,,27.02.2025 08:38,30.05.2025 14:07,Done,Major,,09.02.2026 15:50,BPAY PI 2025:2.2-BPAY - SmartP,BPAY PI 2025:2.3-BPAY - SmartP,BPAY PI 2025:2.4-BPAY - SmartP,,,,,,,,,5.0,Story,Done
SMARTPAY-568,2773878,2688961,30.04.2025 10:30,09.05.2025 15:03,Done,Major,,09.05.2025 15:03,BPAY PI 2025:2.2-BPAY - SmartP,BPAY PI 2025:2.3-BPAY - SmartP,BPAY PI 2025:2.4-BPAY - SmartP,,,,,,,,,,Sub-task,Done
SMARTPAY-599,2824008,,12.06.2025 10:06,13.06.2025 15:03,Done,Major,,23.04.2026 12:18,BPAY PI 2025:2.5-BPAY - SmartP,,,,,,,,,,,2.0,Story,Done
SMARTPAY-585,2790266,,15.05.2025 15:32,09.06.2025 14:26,Done,Major,,09.02.2026 15:50,BPAY PI 2025:2.3-BPAY - SmartP,BPAY PI 2025:2.4-BPAY - SmartP,BPAY PI 2025:2.5-BPAY - SmartP,,,,,,,,,3.0,Story,Done
SMARTPAY-596,2814345,,04.06.2025 12:38,16.06.2025 16:09,Done,Major,,09.02.2026 15:52,BPAY PI 2025:2.5-BPAY - SmartP,,,,,,,,,,,5.0,Engineering job,Done
SMARTPAY-534,2691542,,28.02.2025 14:35,11.06.2025 16:34,Done,Major,,09.02.2026 15:51,BPAY PI 2025:2.3-BPAY - SmartP,BPAY PI 2025:2.4-BPAY - SmartP,BPAY PI 2025:2.5-BPAY - SmartP,,,,,,,,,3.0,Story,Done
SMARTPAY-562,2763955,,22.04.2025 10:58,13.06.2025 14:50,Done,Major,,23.04.2026 12:17,BPAY PI 2025:2.4-BPAY - SmartP,BPAY PI 2025:2.5-BPAY - SmartP,,,,,,,,,,3.0,Story,Done
SMARTPAY-431,2581158,,28.11.2024 07:37,12.12.2024 07:55,Done,Major,,09.02.2026 16:00,BPAY PI 2024:5.2-BPAY - SmartP,,,,,,,,,,,1.0,Story,Done
SMARTPAY-432,2581159,,28.11.2024 07:39,15.01.2025 08:54,Done,Major,,09.02.2026 16:00,BPAY PI 2024:5.2-BPAY - SmartP,BPAY PI 2024:5.3-BPAY - SmartP,,,,,,,,,,1.0,Story,Done
SMARTPAY-433,2581160,,28.11.2024 07:41,12.12.2024 07:54,Done,Major,,09.02.2026 16:00,BPAY PI 2024:5.2-BPAY - SmartP,,,,,,,,,,,5.0,Story,Done
SMARTPAY-434,2581168,,28.11.2024 08:16,17.12.2024 11:24,Done,Major,,09.02.2026 16:00,BPAY PI 2024:5.2-BPAY - SmartP,,,,,,,,,,,2.0,Story,Done
SMARTPAY-435,2582581,,29.11.2024 08:03,05.12.2024 11:15,Done,Major,,22.01.2025 12:54,BPAY PI 2024:5.1-BPAY - SmartP,BPAY PI 2024:5.2-BPAY - SmartP,,,,,,,,,,3.0,Story,Done
SMARTPAY-442,2588458,,04.12.2024 15:18,21.02.2025 09:20,Done,Major,,29.12.2025 15:55,BPAY PI 2024:5.2-BPAY - SmartP,BPAY PI 2024:5.3-BPAY - SmartP,BPAY PI 2024:5.IP-BPAY - Smart,BPAY PI 2025:1.1-BPAY - SmartP,BPAY PI 2025:1.2-BPAY - SmartP,,,,,,,5.0,Production bug,Done
SMARTPAY-490,2665024,,06.02.2025 13:34,26.02.2025 09:45,Done,Major,,29.12.2025 15:51,BPAY PI 2025:1.1-BPAY - SmartP,BPAY PI 2025:1.2-BPAY - SmartP,,,,,,,,,,2.0,Production bug,Done
SMARTPAY-441,2605373,,18.12.2024 10:44,18.12.2024 14:42,Done,Minor,,03.12.2025 14:01,BPAY PI 2024:5.2-BPAY - SmartP,,,,,,,,,,,2.0,Bug,Done
SMARTPAY-488,2663441,,05.02.2025 14:08,11.02.2025 14:29,Done,Major,,29.12.2025 15:51,BPAY PI 2025:1.1-BPAY - SmartP,,,,,,,,,,,3.0,Production bug,Done
SMARTPAY-499,2683370,,21.02.2025 12:50,12.03.2025 15:35,Done,Major,,21.03.2025 09:52,BPAY PI 2025:1.2-BPAY - SmartP,BPAY PI 2025:1.3-BPAY - SmartP,,,,,,,,,,3.0,Bug,Done
SMARTPAY-455,2614682,,08.01.2025 08:34,11.03.2025 14:51,Done,Major,,29.12.2025 15:51,BPAY PI 2024:5.3-BPAY - SmartP,BPAY PI 2024:5.IP-BPAY - Smart,BPAY PI 2025:1.1-BPAY - SmartP,BPAY PI 2025:1.2-BPAY - SmartP,BPAY PI 2025:1.3-BPAY - SmartP,,,,,,,5.0,Production bug,Done
SMARTPAY-517,2708801,,14.03.2025 11:23,17.03.2025 15:42,Done,Major,,18.03.2025 06:10,BPAY PI 2025:1.4-BPAY - SmartP,,,,,,,,,,,2.0,Story,Done
SMARTPAY-511,2698957,,07.03.2025 10:17,21.03.2025 08:54,Done,Major,,29.12.2025 15:57,BPAY PI 2025:1.3-BPAY - SmartP,BPAY PI 2025:1.4-BPAY - SmartP,,,,,,,,,,3.0,Production bug,Done
SMARTPAY-516,2708503,,14.03.2025 09:38,02.04.2025 15:16,Done,Critical,,29.12.2025 15:51,BPAY PI 2025:1.4-BPAY - SmartP,BPAY PI 2025:1.IP-BPAY - Smart,,,,,,,,,,3.0,Production bug,Done
SMARTPAY-523,2719240,,24.03.2025 10:12,02.04.2025 12:41,Done,Critical,,29.12.2025 15:51,BPAY PI 2025:1.4-BPAY - SmartP,BPAY PI 2025:1.IP-BPAY - Smart,,,,,,,,,,8.0,Production bug,Done
SMARTPAY-519,2709035,,14.03.2025 14:16,03.04.2025 08:50,Done,Major,,29.12.2025 15:54,BPAY PI 2025:1.4-BPAY - SmartP,BPAY PI 2025:1.IP-BPAY - Smart,,,,,,,,,,3.0,Production bug,Done
SMARTPAY-524,2717559,,21.03.2025 09:52,31.03.2025 14:29,Done,Major,,16.04.2025 10:14,BPAY PI 2025:1.4-BPAY - SmartP,,,,,,,,,,,1.0,Production bug,Done
SMARTPAY-526,2722121,,25.03.2025 14:14,22.04.2025 12:38,Abandoned,Major,,29.12.2025 15:55,BPAY PI 2025:1.4-BPAY - SmartP,,,,,,,,,,,,Production bug,Won't Do
SMARTPAY-478,2652451,,29.01.2025 10:00,22.04.2025 12:38,Abandoned,Major,,22.04.2025 12:38,BPAY PI 2025:1.4-BPAY - SmartP,BPAY PI 2025:1.IP-BPAY - Smart,,,,,,,,,,1.0,Story,Won't Do
SMARTPAY-537,2691510,,28.02.2025 13:59,07.05.2025 13:46,Done,Major,,23.04.2026 12:18,BPAY PI 2025:2.2-BPAY - SmartP,,,,,,,,,,,5.0,Story,Done
SMARTPAY-539,2712880,,18.03.2025 13:44,30.05.2025 14:21,Done,Major,,23.04.2026 12:18,BPAY PI 2025:2.3-BPAY - SmartP,BPAY PI 2025:2.4-BPAY - SmartP,,,,,,,,,,5.0,Story,Done
SMARTPAY-561,2762692,,18.04.2025 14:03,02.06.2025 09:16,Done,Major,,02.06.2025 09:16,BPAY PI 2025:2.2-BPAY - SmartP,BPAY PI 2025:2.3-BPAY - SmartP,BPAY PI 2025:2.4-BPAY - SmartP,,,,,,,,,8.0,Story,Done
SMARTPAY-625,2830644,,16.06.2025 14:47,19.06.2025 09:11,Done,Major,,20.06.2025 08:22,BPAY PI 2025:3.1-BPAY - SmartP,,,,,,,,,,,,Task,Done
SMARTPAY-624,2830326,,16.06.2025 14:18,20.06.2025 08:25,Done,Major,,02.09.2025 12:48,BPAY PI 2025:3.1-BPAY - SmartP,,,,,,,,,,,,Task,Done
SMARTPAY-658,2877057,,05.08.2025 06:24,06.08.2025 09:56,Done,Major,,09.02.2026 16:05,BPAY PI 2025:3.4-BPAY - SmartP,,,,,,,,,,,2.0,Story,Done
SMARTPAY-657,2876585,,04.08.2025 13:02,05.08.2025 09:13,Done,Major,,09.02.2026 16:05,BPAY PI 2025:3.4-BPAY - SmartP,,,,,,,,,,,1.0,Story,Done
SMARTPAY-655,2874527,,30.07.2025 15:25,01.08.2025 12:04,Done,Critical,,29.12.2025 15:57,BPAY PI 2025:3.4-BPAY - SmartP,,,,,,,,,,,1.0,Task,Done
SMARTPAY-544,2737568,,04.04.2025 12:50,05.08.2025 10:31,Done,Major,,29.12.2025 15:54,BPAY PI 2025:2.2-BPAY - SmartP,BPAY PI 2025:2.3-BPAY - SmartP,BPAY PI 2025:2.4-BPAY - SmartP,BPAY PI 2025:3.1-BPAY - SmartP,BPAY PI 2025:3.4-BPAY - SmartP,,,,,,,0.0,Story,Done
SMARTPAY-610,2831173,,16.06.2025 16:52,04.09.2025 10:46,Done,Major,,09.02.2026 16:05,BPAY PI 2025:3.3-BPAY - SmartP,BPAY PI 2025:3.4-BPAY - SmartP,BPAY PI 2025:3.5-BPAY - SmartP,BPAY PI 2025:3.6-BPAY - SmartP,,,,,,,,5.0,Story,Done
SMARTPAY-678,2882071,,12.08.2025 07:36,04.09.2025 10:48,Done,Major,,09.02.2026 16:05,BPAY PI 2025:3.4-BPAY - SmartP,BPAY PI 2025:3.5-BPAY - SmartP,BPAY PI 2025:3.6-BPAY - SmartP,,,,,,,,,,Story,Done
SMARTPAY-679,2883257,,13.08.2025 08:57,04.09.2025 10:48,Done,Major,,09.02.2026 16:05,BPAY PI 2025:3.4-BPAY - SmartP,BPAY PI 2025:3.5-BPAY - SmartP,BPAY PI 2025:3.6-BPAY - SmartP,,,,,,,,,5.0,Story,Done
SMARTPAY-605,2812680,,03.06.2025 14:10,04.09.2025 10:53,Done,Major,,04.03.2026 16:08,BPAY PI 2025:3.3-BPAY - SmartP,BPAY PI 2025:3.4-BPAY - SmartP,BPAY PI 2025:3.5-BPAY - SmartP,BPAY PI 2025:3.6-BPAY - SmartP,,,,,,,,3.0,Story,Done
SMARTPAY-661,2878315,,06.08.2025 08:44,25.08.2025 08:55,Done,Major,,23.01.2026 15:50,BPAY PI 2025:3.4-BPAY - SmartP,BPAY PI 2025:3.5-BPAY - SmartP,,,,,,,,,,5.0,Story,Done
SMARTPAY-641,2857323,,04.07.2025 11:50,11.07.2025 09:10,Done,Major,,29.12.2025 15:55,BPAY PI 2025:3.2-BPAY - SmartP,,,,,,,,,,,2.0,Production bug,Done
SMARTPAY-645,2863210,,10.07.2025 21:52,11.07.2025 12:49,Done,Major,,29.12.2025 15:54,BPAY PI 2025:3.2-BPAY - SmartP,,,,,,,,,,,2.0,Task,Done
SMARTPAY-637,2856291,,04.07.2025 09:43,09.07.2025 07:02,Done,Major,,29.12.2025 15:51,BPAY PI 2025:3.2-BPAY - SmartP,,,,,,,,,,,3.0,Task,Done
SMARTPAY-597,2812229,,03.06.2025 10:35,11.07.2025 11:58,Done,Major,,09.02.2026 15:52,BPAY PI 2025:3.1-BPAY - SmartP,BPAY PI 2025:3.2-BPAY - SmartP,,,,,,,,,,3.0,Story,Done
SMARTPAY-601,2828344,,16.06.2025 08:36,16.07.2025 15:18,Done,Major,,09.02.2026 15:50,,,,,,,,,,,,2.0,Bug,Done
SMARTPAY-646,2863835,,11.07.2025 14:42,17.07.2025 15:29,Done,Major,,29.12.2025 15:55,BPAY PI 2025:3.1-BPAY - SmartP,BPAY PI 2025:3.2-BPAY - SmartP,BPAY PI 2025:3.3-BPAY - SmartP,,,,,,,,,5.0,Production bug,Done
SMARTPAY-653,2869518,,21.07.2025 14:26,22.07.2025 15:03,Done,Critical,,29.12.2025 15:52,BPAY PI 2025:3.3-BPAY - SmartP,,,,,,,,,,,2.0,Production bug,Done
SMARTPAY-613,2831603,,16.06.2025 19:53,03.09.2025 13:36,Done,Major,,09.02.2026 16:05,BPAY PI 2025:3.3-BPAY - SmartP,BPAY PI 2025:3.4-BPAY - SmartP,BPAY PI 2025:3.5-BPAY - SmartP,BPAY PI 2025:3.6-BPAY - SmartP,,,,,,,,8.0,Story,Done
SMARTPAY-540,2721805,,25.03.2025 12:02,23.04.2025 09:53,Done,Major,,09.02.2026 15:49,BPAY PI 2025:2.1-BPAY - SmartP,,,,,,,,,,,5.0,Story,Done
SMARTPAY-479,2636310,,23.01.2025 08:29,03.04.2025 06:43,Done,Major,,03.04.2025 06:43,BPAY PI 2025:1.3-BPAY - SmartP,BPAY PI 2025:1.4-BPAY - SmartP,BPAY PI 2025:1.IP-BPAY - Smart,,,,,,,,,5.0,Story,Done
SMARTPAY-495,2679636,,19.02.2025 08:46,25.02.2025 15:33,Done,Major,,29.12.2025 15:54,BPAY PI 2025:1.2-BPAY - SmartP,,,,,,,,,,,2.0,Bug,Done
SMARTPAY-497,2682475,,20.02.2025 16:22,21.03.2025 16:53,Done,Major,,21.03.2025 16:53,BPAY PI 2025:1.2-BPAY - SmartP,BPAY PI 2025:1.3-BPAY - SmartP,BPAY PI 2025:1.4-BPAY - SmartP,,,,,,,,,5.0,Story,Done
SMARTPAY-492,2667788,,10.02.2025 10:20,21.02.2025 12:19,Done,Major,,29.12.2025 15:55,BPAY PI 2025:1.2-BPAY - SmartP,,,,,,,,,,,2.0,Bug,Done
SMARTPAY-484,2655193,,30.01.2025 09:13,20.02.2025 10:07,Done,Major,,09.02.2026 15:51,BPAY PI 2025:1.1-BPAY - SmartP,BPAY PI 2025:1.2-BPAY - SmartP,,,,,,,,,,1.0,Story,Done
SMARTPAY-487,2655428,,30.01.2025 09:29,31.03.2025 08:19,Done,Major,,02.04.2026 07:57,BPAY PI 2025:1.1-BPAY - SmartP,BPAY PI 2025:1.2-BPAY - SmartP,BPAY PI 2025:1.3-BPAY - SmartP,BPAY PI 2025:1.4-BPAY - SmartP,,,,,,,,8.0,Task,Done
SMARTPAY-485,2655422,,30.01.2025 09:27,05.03.2025 06:17,Done,Major,,09.02.2026 15:52,BPAY PI 2025:1.1-BPAY - SmartP,BPAY PI 2025:1.2-BPAY - SmartP,BPAY PI 2025:1.3-BPAY - SmartP,,,,,,,,,5.0,Task,Done
SMARTPAY-486,2655425,,30.01.2025 09:28,22.04.2025 12:38,Abandoned,Major,,22.04.2025 12:38,BPAY PI 2025:1.1-BPAY - SmartP,BPAY PI 2025:1.2-BPAY - SmartP,BPAY PI 2025:1.3-BPAY - SmartP,,,,,,,,,,Task,Won't Do
SMARTPAY-456,2614914,,08.01.2025 09:23,08.01.2025 12:09,Done,Major,,09.02.2026 16:00,BPAY PI 2024:5.3-BPAY - SmartP,,,,,,,,,,,1.0,Story,Done
SMARTPAY-457,2615502,,08.01.2025 12:36,10.01.2025 12:25,Done,Major,,09.02.2026 16:00,BPAY PI 2024:5.3-BPAY - SmartP,,,,,,,,,,,1.0,Story,Done
SMARTPAY-459,2616427,,09.01.2025 09:19,16.01.2025 15:49,Done,Major,,16.01.2025 15:49,BPAY PI 2024:5.3-BPAY - SmartP,,,,,,,,,,,,Engineering job,Done
SMARTPAY-463,2623801,,15.01.2025 09:20,15.01.2025 12:32,Done,Major,,09.02.2026 16:00,BPAY PI 2024:5.3-BPAY - SmartP,,,,,,,,,,,1.0,Story,Done
SMARTPAY-467,2629520,,20.01.2025 08:45,22.04.2025 12:38,Abandoned,Major,,22.04.2025 12:38,BPAY PI 2024:5.IP-BPAY - Smart,,,,,,,,,,,,Bug,Won't Do
SMARTPAY-469,2629545,,20.01.2025 09:11,22.04.2025 12:38,Abandoned,Major,,22.04.2025 12:38,BPAY PI 2025:1.4-BPAY - SmartP,,,,,,,,,,,,Story,Won't Do
SMARTPAY-468,2633282,,21.01.2025 14:13,24.01.2025 09:45,Done,Major,,24.01.2025 13:11,BPAY PI 2024:5.IP-BPAY - Smart,,,,,,,,,,,1.0,Story,Done
SMARTPAY-512,2701060,,10.03.2025 08:48,13.03.2025 14:35,Done,Major,,29.12.2025 15:56,BPAY PI 2025:1.3-BPAY - SmartP,BPAY PI 2025:1.4-BPAY - SmartP,,,,,,,,,,3.0,Bug,Done
SMARTPAY-472,2649717,,28.01.2025 14:28,31.03.2025 09:05,Done,Major,,12.05.2025 11:41,BPAY PI 2025:1.2-BPAY - SmartP,BPAY PI 2025:1.3-BPAY - SmartP,BPAY PI 2025:1.4-BPAY - SmartP,,,,,,,,,,Task,Done
SMARTPAY-464,2624403,,15.01.2025 12:43,03.02.2025 12:37,Done,Major,,09.02.2026 16:00,BPAY PI 2024:5.3-BPAY - SmartP,BPAY PI 2025:1.1-BPAY - SmartP,,,,,,,,,,1.0,Story,Done
SMARTPAY-489,2664131,,06.02.2025 08:21,10.02.2025 08:35,Done,Major,,10.02.2025 15:12,BPAY PI 2025:1.1-BPAY - SmartP,,,,,,,,,,,1.0,Production bug,Done
SMARTPAY-491,2666710,,07.02.2025 15:29,22.04.2025 12:37,Done,Major,,09.02.2026 16:00,BPAY PI 2025:1.1-BPAY - SmartP,BPAY PI 2025:1.2-BPAY - SmartP,BPAY PI 2025:1.3-BPAY - SmartP,,,,,,,,,,Task,Done
SMARTPAY-493,2669774,,11.02.2025 09:12,22.04.2025 12:37,Done,Major,,09.02.2026 15:51,BPAY PI 2025:1.1-BPAY - SmartP,BPAY PI 2025:1.2-BPAY - SmartP,BPAY PI 2025:1.3-BPAY - SmartP,,,,,,,,,8.0,Task,Done
SMARTPAY-498,2682990,,21.02.2025 10:04,26.02.2025 08:09,Done,Major,,14.03.2025 11:38,BPAY PI 2025:1.2-BPAY - SmartP,,,,,,,,,,,1.0,Story,Done
SMARTPAY-513,2702038,,10.03.2025 12:37,20.03.2025 08:57,Done,Major,,29.12.2025 15:55,BPAY PI 2025:1.3-BPAY - SmartP,,,,,,,,,,,1.0,Production bug,Done
SMARTPAY-560,2762491,,17.04.2025 14:50,23.04.2025 13:14,Abandoned,Major,,23.04.2025 13:14,BPAY PI 2025:2.1-BPAY - SmartP,,,,,,,,,,,,Bug,Won't Do
SMARTPAY-574,2781998,,08.05.2025 15:10,08.05.2025 15:18,Done,Major,,22.05.2025 10:32,,,,,,,,,,,,1.0,Production bug,Done
SMARTPAY-575,2782967,,09.05.2025 12:34,13.05.2025 09:04,Done,Blocker,,29.12.2025 15:51,,,,,,,,,,,,,Engineering job,Done
SMARTPAY-588,2795457,,20.05.2025 14:44,29.05.2025 14:08,Done,Major,,29.05.2025 14:08,BPAY PI 2025:2.3-BPAY - SmartP,BPAY PI 2025:2.4-BPAY - SmartP,,,,,,,,,,3.0,Production bug,Done
SMARTPAY-602,2814618,,04.06.2025 13:42,13.06.2025 13:00,Abandoned,Major,,16.06.2025 14:30,,,,,,,,,,,,,Story,Won't Do
SMARTPAY-471,2634311,,22.01.2025 08:21,30.06.2025 14:47,Done,Major,,29.12.2025 15:55,BPAY PI 2025:1.4-BPAY - SmartP,BPAY PI 2025:3.1-BPAY - SmartP,,,,,,,,,,8.0,Story,Done
SMARTPAY-565,2768798,,25.04.2025 08:52,09.09.2025 13:28,Done,Major,,09.02.2026 15:51,BPAY PI 2025:2.2-BPAY - SmartP,BPAY PI 2025:2.3-BPAY - SmartP,BPAY PI 2025:2.4-BPAY - SmartP,BPAY PI 2025:3.5-BPAY - SmartP,BPAY PI 2025:3.6-BPAY - SmartP,,,,,,,,Story,Done
SMARTPAY-608,2831160,,16.06.2025 16:45,03.07.2025 14:00,Done,Major,,09.02.2026 16:05,BPAY PI 2025:3.1-BPAY - SmartP,,,,,,,,,,,8.0,Story,Done
SMARTPAY-278,2409484,,04.07.2024 16:24,27.06.2025 13:41,Done,Major,,27.06.2025 13:51,BPAY PI 2024:3.2-BPAY - SmartP,BPAY PI 2024:3.3-BPAY - SmartP,BPAY PI 2024:3.4-BPAY - SmartP,BPAY PI 2024:3.5-BPAY - SmartP,BPAY PI2024:3.Innovation-BPAY,BPAY PI 2025:3.1-BPAY - SmartP,,,,,,1.0,Story,Done
SMARTPAY-197,2389113,,18.06.2024 13:44,27.06.2025 13:43,Done,Major,,27.06.2025 13:51,BPAY PI 2024:3.3-BPAY - SmartP,BPAY PI 2024:3.4-BPAY - SmartP,BPAY PI 2024:3.5-BPAY - SmartP,BPAY PI2024:3.Innovation-BPAY,BPAY PI 2025:3.1-BPAY - SmartP,,,,,,,1.0,Story,Done
SMARTPAY-163,2388957,,18.06.2024 13:37,27.06.2025 13:45,Done,Major,,27.06.2025 13:51,BPAY PI 2024:3.2-BPAY - SmartP,BPAY PI 2024:3.3-BPAY - SmartP,BPAY PI 2024:3.4-BPAY - SmartP,BPAY PI 2024:3.5-BPAY - SmartP,BPAY PI2024:3.Innovation-BPAY,BPAY PI 2025:3.1-BPAY - SmartP,,,,,,1.0,Story,Done
SMARTPAY-157,2388925,,18.06.2024 13:32,27.06.2025 13:51,Done,Critical,,27.06.2025 13:51,BPAY PI 2024:3.2-BPAY - SmartP,BPAY PI 2024:3.3-BPAY - SmartP,BPAY PI 2024:3.4-BPAY - SmartP,BPAY PI 2024:3.5-BPAY - SmartP,BPAY PI2024:3.Innovation-BPAY,BPAY PI 2025:3.1-BPAY - SmartP,,,,,,1.0,Story,Done
SMARTPAY-191,2389105,,18.06.2024 13:43,27.06.2025 14:26,Done,Major,,27.06.2025 14:26,BPAY PI 2024:3.3-BPAY - SmartP,BPAY PI 2025:3.1-BPAY - SmartP,,,,,,,,,,1.0,Story,Done
SMARTPAY-203,2389123,,18.06.2024 13:45,27.06.2025 14:27,Done,Major,,27.06.2025 14:27,BPAY PI 2024:3.3-BPAY - SmartP,BPAY PI 2025:3.1-BPAY - SmartP,,,,,,,,,,1.0,Story,Done
SMARTPAY-636,2854301,,03.07.2025 07:25,07.07.2025 13:49,Done,Major,,29.12.2025 15:56,BPAY PI 2025:3.1-BPAY - SmartP,,,,,,,,,,,8.0,Story,Done
SMARTPAY-393,2507235,,07.10.2024 08:24,24.03.2026 15:59,Done,Critical,,24.03.2026 15:59,,,,,,,,,,,,,Story,Done
SMARTPAY-443,2611500,,02.01.2025 10:16,19.02.2026 14:38,Refined,Major,,19.02.2026 14:39,BPAY PI 2024:5.2-BPAY - SmartP,BPAY PI 2024:5.3-BPAY - SmartP,BPAY PI 2024:5.IP-BPAY - Smart,BPAY PI 2025:1.1-BPAY - SmartP,BPAY PI 2025:1.2-BPAY - SmartP,BPAY PI 2025:1.3-BPAY - SmartP,BPAY PI 2025:1.4-BPAY - SmartP,,,,,8.0,Production bug,Done
SMARTPAY-514,2704900,,12.03.2025 12:16,,Open,Minor,,17.06.2025 13:19,,,,,,,,,,,,,Production bug,
SMARTPAY-603,2812666,,03.06.2025 13:39,04.09.2025 11:05,Done,Major,,23.04.2026 13:54,BPAY PI 2025:3.3-BPAY - SmartP,BPAY PI 2025:3.4-BPAY - SmartP,BPAY PI 2025:3.5-BPAY - SmartP,BPAY PI 2025:3.6-BPAY - SmartP,,,,,,,,2.0,Story,Done
SMARTPAY-626,2841640,,19.06.2025 10:05,30.03.2026 14:07,Done,Major,,30.03.2026 14:07,,,,,,,,,,,,,Task,Done
SMARTPAY-631,2849942,,27.06.2025 13:58,14.07.2025 16:05,Done,Major,,09.02.2026 15:50,BPAY PI 2025:3.2-BPAY - SmartP,,,,,,,,,,,1.0,Story,Done
SMARTPAY-643,2862550,,10.07.2025 09:02,10.07.2025 10:30,Done,Critical,,29.12.2025 15:51,,,,,,,,,,,,1.0,Production bug,Done
SMARTPAY-632,2849951,,27.06.2025 14:03,15.07.2025 15:18,Done,Major,,09.02.2026 15:51,BPAY PI 2025:3.2-BPAY - SmartP,,,,,,,,,,,3.0,Story,Done
SMARTPAY-682,2886450,,14.08.2025 16:03,18.08.2025 11:47,Done,Major,,29.12.2025 15:56,BPAY PI 2025:3.5-BPAY - SmartP,,,,,,,,,,,5.0,Bug,Done
SMARTPAY-776,2997383,,05.11.2025 08:20,10.11.2025 11:49,Done,Major,,29.12.2025 15:56,BPAY PI 2025:4.4-BPAY - SmartP,BPAY PI 2025:4.5-BPAY - SmartP,,,,,,,,,,,Engineering job,Done
SMARTPAY-701,2907473,,02.09.2025 15:26,17.10.2025 12:52,Done,Major,,17.10.2025 12:52,BPAY PI 2025:4.3-BPAY - SmartP,,,,,,,,,,,,Task,Done
SMARTPAY-703,2907477,,02.09.2025 15:28,17.10.2025 10:45,Done,Major,,17.10.2025 10:50,BPAY PI 2025:4.3-BPAY - SmartP,,,,,,,,,,,,Task,Done
SMARTPAY-686,2895436,,25.08.2025 09:30,25.08.2025 10:32,Abandoned,Major,,01.09.2025 08:43,,,,,,,,,,,,,Story,Won't Do
SMARTPAY-691,2906816,,02.09.2025 12:48,09.09.2025 13:13,Done,Major,,09.09.2025 13:14,BPAY PI 2025:3.6-BPAY - SmartP,,,,,,,,,,,,Task,Done
SMARTPAY-739,2945576,,24.09.2025 19:28,01.10.2025 15:43,Done,Major,,29.12.2025 15:56,BPAY PI 2025:4.1-BPAY - SmartP,BPAY PI 2025:4.2-BPAY - SmartP,,,,,,,,,,3.0,Bug,Done
SMARTPAY-744,2950598,,29.09.2025 15:16,30.09.2025 16:08,Done,Major,,09.02.2026 16:05,BPAY PI 2025:4.2-BPAY - SmartP,,,,,,,,,,,1.0,Story,Done
SMARTPAY-745,2950599,,29.09.2025 15:16,30.09.2025 16:08,Done,Major,,09.02.2026 16:05,BPAY PI 2025:4.2-BPAY - SmartP,,,,,,,,,,,1.0,Story,Done
SMARTPAY-746,2951000,,29.09.2025 15:16,30.09.2025 16:08,Done,Major,,09.02.2026 16:05,BPAY PI 2025:4.2-BPAY - SmartP,,,,,,,,,,,1.0,Story,Done
SMARTPAY-747,2952137,,30.09.2025 11:09,01.10.2025 15:39,Done,Major,,29.12.2025 15:56,BPAY PI 2025:4.2-BPAY - SmartP,,,,,,,,,,,3.0,Bug,Done
SMARTPAY-788,3014986,,13.11.2025 12:01,14.11.2025 08:59,Abandoned,Critical,,29.12.2025 15:57,BPAY PI 2025:4.5-BPAY - SmartP,,,,,,,,,,,,Bug,Won't Do
SMARTPAY-770,2985670,,27.10.2025 11:29,27.10.2025 18:06,Done,Major,,29.12.2025 15:55,BPAY PI 2025:4.4-BPAY - SmartP,,,,,,,,,,,1.0,Production bug,Done
SMARTPAY-775,2997013,,04.11.2025 16:12,27.11.2025 09:15,Done,Major,,28.01.2026 12:31,BPAY PI 2025:5.1-BPAY - SmartP,,,,,,,,,,,8.0,Story,Done
SMARTPAY-784,3008818,,11.11.2025 16:36,,On Hold,Major,,08.01.2026 14:59,,,,,,,,,,,,,Task,
SMARTPAY-783,3007061,,11.11.2025 10:22,12.11.2025 15:38,Abandoned,Major,,29.12.2025 15:56,,,,,,,,,,,,,Bug,Won't Do
SMARTPAY-938,2809920,,01.06.2025 17:34,,Ready for Refinement,Major,,31.03.2026 21:29,,,,,,,,,,,,8.0,Story,
SMARTPAY-937,2809922,,01.06.2025 17:40,,Ready for Refinement,Major,,31.03.2026 21:29,,,,,,,,,,,,8.0,Story,
SMARTPAY-939,2959320,,06.10.2025 14:46,,Ready for Refinement,Major,,23.04.2026 12:18,,,,,,,,,,,,3.0,Story,
SMARTPAY-936,2965176,,09.10.2025 12:33,,Ready for Refinement,Major,,31.03.2026 21:29,,,,,,,,,,,,3.0,Story,
SMARTPAY-940,2980338,,22.10.2025 13:46,,Ready for Refinement,Major,,23.04.2026 12:18,,,,,,,,,,,,3.0,Story,
SMARTPAY-941,2980311,,22.10.2025 13:42,,Ready for Refinement,Major,,31.03.2026 21:29,,,,,,,,,,,,21.0,Story,
SMARTPAY-824,2997014,,04.11.2025 16:13,25.11.2025 09:50,Done,Major,,08.12.2025 12:15,BPAY PI 2025:5.1-BPAY - SmartP,,,,,,,,,,,5.0,Story,Done
SMARTPAY-796,2986516,,27.10.2025 15:25,26.11.2025 13:40,Abandoned,Major,,26.11.2025 13:51,BPAY PI 2025:5.1-BPAY - SmartP,,,,,,,,,,,,Story,Won't Do
SMARTPAY-794,2986517,,27.10.2025 15:25,26.11.2025 13:40,Abandoned,Major,,26.11.2025 13:40,BPAY PI 2025:5.1-BPAY - SmartP,,,,,,,,,,,,Story,Won't Do
SMARTPAY-803,2986518,,27.10.2025 15:26,02.12.2025 08:25,Done,Major,,02.12.2025 08:25,BPAY PI 2025:5.1-BPAY - SmartP,,,,,,,,,,,1.0,Story,Done
SMARTPAY-807,2986521,,27.10.2025 15:27,12.12.2025 10:24,Done,Major,,19.12.2025 17:36,BPAY PI 2025:5.1-BPAY - SmartP,BPAY PI 2025:5.2-BPAY - SmartP,,,,,,,,,,1.0,Story,Done
SMARTPAY-800,2986522,,27.10.2025 15:27,12.12.2025 10:24,Done,Major,,19.12.2025 17:37,BPAY PI 2025:5.1-BPAY - SmartP,BPAY PI 2025:5.2-BPAY - SmartP,,,,,,,,,,1.0,Story,Done
SMARTPAY-915,3162268,,10.03.2026 11:48,25.03.2026 11:03,Abandoned,Major,,25.03.2026 11:03,BPAY PI 2026:1.4-BPAY - SmartP,,,,,,,,,,,,Production bug,Won't Do
SMARTPAY-918,3168084,,13.03.2026 09:09,20.03.2026 10:05,Done,Major,,20.03.2026 10:50,BPAY PI 2026:1.4-BPAY - SmartP,,,,,,,,,,,3.0,Production bug,Done
SMARTPAY-815,2977704,,21.10.2025 08:48,24.03.2026 12:55,Done,Major,,24.03.2026 12:55,BPAY PI 2025:5.2-BPAY - SmartP,BPAY PI 2025:5.3-BPAY - SmartP,BPAY PI 2025:5.4-BPAY - SmartP,BPAY PI 2026:1.4-BPAY - SmartP,,,,,,,,,Story,Done
SMARTPAY-967,3198405,,01.04.2026 08:20,,Open,Major,,22.04.2026 15:25,BPAY PI 2026:2.4-BPAY - SmartP,,,,,,,,,,,2.0,Story,
SMARTPAY-820,3029261,,19.11.2025 18:01,,On Hold,Major,,02.04.2026 16:23,BPAY PI 2026:2.4-BPAY - SmartP,,,,,,,,,,,2.0,Story,
SMARTPAY-944,3193687,,30.03.2026 16:34,,Open,Major,,27.04.2026 09:32,BPAY PI 2026:2.3-BPAY - SmartP,,,,,,,,,,,0.0,Task,
SMARTPAY-950,3193756,,30.03.2026 16:58,,Open,Major,,27.04.2026 09:32,BPAY PI 2026:2.3-BPAY - SmartP,,,,,,,,,,,0.0,Task,
SMARTPAY-988,3233113,,23.04.2026 13:17,,Ready for Refinement,Major,,27.04.2026 09:32,BPAY PI 2026:2.3-BPAY - SmartP,,,,,,,,,,,,Story,
SMARTPAY-976,3224319,,16.04.2026 09:10,,Ready for test,Major,,27.04.2026 09:36,BPAY PI 2026:2.3-BPAY - SmartP,,,,,,,,,,,3.0,Story,
SMARTPAY-969,3198195,,01.04.2026 08:56,,Ready for test,Major,,23.04.2026 09:43,BPAY PI 2026:2.1-BPAY - SmartP,BPAY PI 2026:2.3-BPAY - SmartP,,,,,,,,,,5.0,Story,
SMARTPAY-910,3152480,,02.03.2026 15:16,,Ready for test,Critical,,23.04.2026 09:23,BPAY PI 2026:2.1-BPAY - SmartP,BPAY PI 2026:2.3-BPAY - SmartP,,,,,,,,,,1.0,Bug,
SMARTPAY-906,3148736,,26.02.2026 12:07,,Ready for test,Critical,,23.04.2026 09:23,BPAY PI 2026:2.3-BPAY - SmartP,,,,,,,,,,,1.0,Bug,
SMARTPAY-925,3190309,,27.03.2026 11:10,,Ready for Refinement,Trivial,,27.04.2026 07:27,BPAY PI 2026:2.3-BPAY - SmartP,,,,,,,,,,,3.0,Story,
SMARTPAY-963,3198265,,31.03.2026 21:11,,Open,Major,,27.04.2026 09:33,BPAY PI 2026:2.3-BPAY - SmartP,,,,,,,,,,,5.0,Story,
SMARTPAY-966,3198170,,01.04.2026 08:13,,Open,Major,,22.04.2026 15:25,BPAY PI 2026:2.3-BPAY - SmartP,,,,,,,,,,,8.0,Story,
SMARTPAY-965,3198319,,01.04.2026 08:10,,Refined,Major,,22.04.2026 15:25,BPAY PI 2026:2.3-BPAY - SmartP,,,,,,,,,,,5.0,Story,
SMARTPAY-819,2977703,,21.10.2025 08:46,,Investigation,Major,,22.04.2026 15:25,BPAY PI 2026:2.3-BPAY - SmartP,,,,,,,,,,,5.0,Story,
SMARTPAY-817,3029268,,19.11.2025 18:11,,On Hold,Major,,22.04.2026 13:54,BPAY PI 2026:2.3-BPAY - SmartP,,,,,,,,,,,1.0,Story,
SMARTPAY-818,3029271,,19.11.2025 18:14,,Investigation,Major,,22.04.2026 13:54,BPAY PI 2026:2.4-BPAY - SmartP,,,,,,,,,,,1.0,Story,
SMARTPAY-813,3029272,,19.11.2025 18:16,18.03.2026 10:21,Done,Major,,18.03.2026 10:21,BPAY PI 2025:5.4-BPAY - SmartP,BPAY PI 2026:1.4-BPAY - SmartP,,,,,,,,,,,Story,Done
SMARTPAY-816,3029273,,19.11.2025 18:20,,Investigation,Major,,22.04.2026 13:54,BPAY PI 2026:2.4-BPAY - SmartP,,,,,,,,,,,1.0,Story,
SMARTPAY-843,3075840,,12.01.2026 14:24,,Open,Major,,22.04.2026 13:54,BPAY PI 2026:2.4-BPAY - SmartP,,,,,,,,,,,2.0,Story,
SMARTPAY-716,2880408,,08.08.2025 14:07,29.01.2026 13:25,Done,Major,,09.02.2026 15:51,BPAY PI 2025:4.3-BPAY - SmartP,BPAY PI 2025:5.4-BPAY - SmartP,BPAY PI 2026:1.4-BPAY - SmartP,,,,,,,,,13.0,Story,Done
SMARTPAY-720,2927492,2880408,10.09.2025 11:29,29.01.2026 10:11,Done,Major,,29.01.2026 10:11,BPAY PI 2025:4.3-BPAY - SmartP,BPAY PI 2025:5.4-BPAY - SmartP,BPAY PI 2026:1.4-BPAY - SmartP,,,,,,,,,,Sub-task,Done
SMARTPAY-721,2927493,2880408,10.09.2025 11:30,28.01.2026 15:45,Done,Major,,28.01.2026 15:45,BPAY PI 2025:4.3-BPAY - SmartP,BPAY PI 2025:5.4-BPAY - SmartP,BPAY PI 2026:1.4-BPAY - SmartP,,,,,,,,,,Sub-task,Done
SMARTPAY-913,3158410,,06.03.2026 09:24,16.03.2026 13:23,Done,Major,,25.03.2026 11:01,BPAY PI 2026:1.3-BPAY - SmartP,BPAY PI 2026:1.4-BPAY - SmartP,,,,,,,,,,1.0,Production bug,Done
SMARTPAY-914,3159946,,09.03.2026 08:46,18.03.2026 16:10,Done,Major,,19.03.2026 13:32,BPAY PI 2026:1.3-BPAY - SmartP,BPAY PI 2026:1.4-BPAY - SmartP,,,,,,,,,,2.0,Production bug,Done
SMARTPAY-713,2880412,,08.08.2025 14:13,,Ready for test,Major,,13.04.2026 09:36,BPAY PI 2026:2.5-BPAY - SmartP,,,,,,,,,,,3.0,Story,
SMARTPAY-722,2927494,2880412,10.09.2025 11:31,26.03.2026 08:26,Abandoned,Major,,26.03.2026 08:26,BPAY PI 2026:2.5-BPAY - SmartP,,,,,,,,,,,,Sub-task,Won't Do
SMARTPAY-723,2927495,2880412,10.09.2025 11:31,26.03.2026 08:26,Abandoned,Major,,26.03.2026 08:26,BPAY PI 2026:2.5-BPAY - SmartP,,,,,,,,,,,,Sub-task,Won't Do
SMARTPAY-710,2880779,,11.08.2025 09:28,,Ready for test,Major,,01.04.2026 08:43,BPAY PI 2026:2.5-BPAY - SmartP,,,,,,,,,,,5.0,Story,
SMARTPAY-877,3110848,,28.01.2026 12:07,,Open,Major,,22.04.2026 13:54,BPAY PI 2026:2.3-BPAY - SmartP,,,,,,,,,,,3.0,Story,
SMARTPAY-878,3110850,,28.01.2026 12:09,24.03.2026 13:31,Abandoned,Major,,24.03.2026 13:31,BPAY PI 2026:1.4-BPAY - SmartP,,,,,,,,,,,3.0,Story,Won't Do
SMARTPAY-879,3110851,,28.01.2026 12:09,24.03.2026 13:31,Abandoned,Major,,24.03.2026 13:31,BPAY PI 2026:1.4-BPAY - SmartP,,,,,,,,,,,3.0,Story,Won't Do
SMARTPAY-880,3110860,,28.01.2026 12:12,24.03.2026 13:35,Abandoned,Major,,24.03.2026 13:35,BPAY PI 2026:1.4-BPAY - SmartP,,,,,,,,,,,3.0,Story,Won't Do
SMARTPAY-881,3110864,,28.01.2026 12:23,,Open,Major,,22.04.2026 13:54,BPAY PI 2026:2.3-BPAY - SmartP,,,,,,,,,,,3.0,Story,
SMARTPAY-882,3110865,,28.01.2026 12:24,24.03.2026 13:37,Abandoned,Major,,24.03.2026 13:37,BPAY PI 2026:1.4-BPAY - SmartP,,,,,,,,,,,3.0,Story,Won't Do
SMARTPAY-862,3019033,,14.11.2025 15:00,15.01.2026 15:02,Done,Major,,22.01.2026 12:56,BPAY PI 2025:5.4-BPAY - SmartP,,,,,,,,,,,3.0,Story,Done
SMARTPAY-861,3019036,,14.11.2025 15:01,07.01.2026 13:03,Done,Major,,22.01.2026 12:56,BPAY PI 2025:5.4-BPAY - SmartP,,,,,,,,,,,2.0,Story,Done
SMARTPAY-541,2718192,,21.03.2025 14:53,02.03.2026 13:12,Done,Major,,02.03.2026 14:34,BPAY PI 2025:2.4-BPAY - SmartP,BPAY PI 2025:4.2-BPAY - SmartP,BPAY PI 2025:4.3-BPAY - SmartP,BPAY PI 2025:4.4-BPAY - SmartP,BPAY PI 2025:4.5-BPAY - SmartP,BPAY PI 2025:5.2-BPAY - SmartP,BPAY PI 2025:5.3-BPAY - SmartP,BPAY PI 2025:5.4-BPAY - SmartP,BPAY PI 2026:1.1-BPAY - SmartP,BPAY PI 2026:1.2-BPAY - SmartP,BPAY PI 2026:1.3-BPAY - SmartP,8.0,Story,Done
SMARTPAY-889,3029259,,19.11.2025 17:56,,Investigation,Major,,22.04.2026 13:54,BPAY PI 2026:2.4-BPAY - SmartP,,,,,,,,,,,3.0,Story,
SMARTPAY-825,3036286,,26.11.2025 06:54,04.12.2025 10:36,Done,Major,,29.12.2025 15:52,BPAY PI 2025:5.1-BPAY - SmartP,BPAY PI 2025:5.2-BPAY - SmartP,,,,,,,,,,3.0,Task,Done
SMARTPAY-826,3037764,,26.11.2025 16:29,12.01.2026 11:28,Done,Major,,12.01.2026 11:28,BPAY PI 2025:5.1-BPAY - SmartP,BPAY PI 2025:5.2-BPAY - SmartP,BPAY PI 2025:5.3-BPAY - SmartP,,,,,,,,,8.0,Production bug,Done
SMARTPAY-830,3055486,,11.12.2025 15:26,17.12.2025 13:40,Done,Major,,19.12.2025 17:35,BPAY PI 2025:5.2-BPAY - SmartP,,,,,,,,,,,5.0,Story,Done
SMARTPAY-835,3065792,,23.12.2025 12:41,23.12.2025 13:21,Done,Major,,09.02.2026 15:51,BPAY PI 2025:5.3-BPAY - SmartP,,,,,,,,,,,1.0,Story,Done
SMARTPAY-837,3066801,,29.12.2025 13:26,29.12.2025 13:59,Done,Major,,12.01.2026 14:35,BPAY PI 2025:5.3-BPAY - SmartP,,,,,,,,,,,0.0,Story,Done
SMARTPAY-839,3069991,,07.01.2026 10:44,20.01.2026 10:24,Done,Major,,09.02.2026 15:49,BPAY PI 2025:5.3-BPAY - SmartP,BPAY PI 2025:5.4-BPAY - SmartP,,,,,,,,,,8.0,Story,Done
SMARTPAY-841,3072610,,08.01.2026 14:23,13.01.2026 12:30,Done,Major,,09.02.2026 15:52,BPAY PI 2025:5.3-BPAY - SmartP,,,,,,,,,,,1.0,Task,Done
SMARTPAY-829,3055065,,11.12.2025 11:54,13.01.2026 16:45,Done,Major,,23.04.2026 12:17,BPAY PI 2025:5.3-BPAY - SmartP,,,,,,,,,,,3.0,Story,Done
SMARTPAY-935,3075387,,12.01.2026 12:36,,Ready for Refinement,Major,,31.03.2026 21:29,,,,,,,,,,,,,Story,
SMARTPAY-858,3086819,,20.01.2026 10:34,21.01.2026 13:16,Done,Major,,09.02.2026 15:51,BPAY PI 2025:5.4-BPAY - SmartP,,,,,,,,,,,3.0,Story,Done
SMARTPAY-909,3094170,,23.01.2026 13:48,04.03.2026 10:23,Done,Major,,13.03.2026 12:16,BPAY PI 2026:1.3-BPAY - SmartP,,,,,,,,,,,3.0,Production bug,Done
SMARTPAY-869,3094684,,23.01.2026 15:21,23.01.2026 15:57,Done,Major,,23.01.2026 15:57,,,,,,,,,,,,,Task,Done
SMARTPAY-871,3096589,,26.01.2026 10:11,26.01.2026 10:23,Abandoned,Major,,26.01.2026 10:23,,,,,,,,,,,,,Bug,Won't Do
SMARTPAY-875,3101115,,27.01.2026 08:38,17.03.2026 10:15,Done,Major,,09.04.2026 10:09,BPAY PI 2026:1.1-BPAY - SmartP,BPAY PI 2026:1.2-BPAY - SmartP,BPAY PI 2026:1.3-BPAY - SmartP,BPAY PI 2026:1.4-BPAY - SmartP,,,,,,,,13.0,Story,Done
SMARTPAY-884,3110874,,28.01.2026 12:31,11.02.2026 12:59,Abandoned,Major,,11.02.2026 12:59,BPAY PI 2026:1.1-BPAY - SmartP,,,,,,,,,,,8.0,Story,Won't Do
SMARTPAY-867,3093357,,23.01.2026 09:39,11.02.2026 14:38,Done,Major,,17.02.2026 17:16,BPAY PI 2026:1.1-BPAY - SmartP,,,,,,,,,,,3.0,Story,Done
SMARTPAY-886,3115361,,30.01.2026 09:29,02.02.2026 16:19,Done,Major,,12.02.2026 09:39,,,,,,,,,,,,1.0,Bug,Done
SMARTPAY-852,3085735,,19.01.2026 14:55,10.02.2026 13:37,Done,Major,,10.02.2026 13:37,BPAY PI 2026:1.1-BPAY - SmartP,,,,,,,,,,,3.0,Story,Done
SMARTPAY-890,3122585,,05.02.2026 11:26,11.02.2026 13:54,Done,Major,,12.02.2026 09:37,BPAY PI 2026:1.1-BPAY - SmartP,,,,,,,,,,,2.0,Story,Done
SMARTPAY-885,3115307,,30.01.2026 08:52,24.02.2026 15:14,Done,Major,,26.02.2026 11:51,BPAY PI 2026:1.1-BPAY - SmartP,BPAY PI 2026:1.2-BPAY - SmartP,,,,,,,,,,13.0,Task,Done
SMARTPAY-901,3145667,,25.02.2026 07:59,25.02.2026 08:47,Done,Major,,26.02.2026 07:57,BPAY PI 2026:1.2-BPAY - SmartP,,,,,,,,,,,2.0,Story,Done
SMARTPAY-903,3146788,,25.02.2026 14:02,26.02.2026 07:44,Done,Major,,26.02.2026 07:58,BPAY PI 2026:1.2-BPAY - SmartP,,,,,,,,,,,3.0,Story,Done
SMARTPAY-905,3147169,,25.02.2026 15:56,02.03.2026 15:23,Done,Major,,02.03.2026 15:23,BPAY PI 2026:1.2-BPAY - SmartP,BPAY PI 2026:1.3-BPAY - SmartP,,,,,,,,,,1.0,Story,Done
SMARTPAY-911,3153182,,03.03.2026 09:43,,Ready for test,Major,,08.04.2026 10:47,BPAY PI 2026:2.5-BPAY - SmartP,,,,,,,,,,,2.0,Story,
SMARTPAY-934,3127755,,10.02.2026 14:17,,Ready for Refinement,Major,,24.04.2026 10:55,BPAY PI 2026:2.5-BPAY - SmartP,,,,,,,,,,,2.0,Story,
SMARTPAY-920,3167635,,12.03.2026 15:07,02.04.2026 15:15,Done,Major,,23.04.2026 09:06,BPAY PI 2026:1.4-BPAY - SmartP,BPAY PI 2026:2.1-BPAY - SmartP,,,,,,,,,,1.0,Production bug,Done
SMARTPAY-917,3168090,,13.03.2026 09:15,17.03.2026 14:14,Done,Major,,19.03.2026 13:32,BPAY PI 2026:1.4-BPAY - SmartP,,,,,,,,,,,3.0,Production bug,Done
SMARTPAY-919,3175366,,18.03.2026 15:44,30.03.2026 13:30,Done,Major,,09.04.2026 08:04,BPAY PI 2026:1.4-BPAY - SmartP,,,,,,,,,,,3.0,Bug,Done
SMARTPAY-921,3183509,,24.03.2026 12:13,,Open,Major,,31.03.2026 21:29,BPAY PI 2026:2.4-BPAY - SmartP,,,,,,,,,,,8.0,Story,
SMARTPAY-923,3184861,,25.03.2026 08:36,02.04.2026 12:15,Done,Major,,23.04.2026 09:06,BPAY PI 2026:1.4-BPAY - SmartP,BPAY PI 2026:2.1-BPAY - SmartP,,,,,,,,,,1.0,Production bug,Done
SMARTPAY-933,3186719,,25.03.2026 14:27,,Ready for Refinement,Major,,08.04.2026 11:09,BPAY PI 2026:2.5-BPAY - SmartP,,,,,,,,,,,5.0,Story,
SMARTPAY-930,3180762,,23.03.2026 11:07,07.04.2026 13:33,Done,Major,,07.04.2026 13:33,BPAY PI 2026:2.1-BPAY - SmartP,,,,,,,,,,,3.0,Story,Done
SMARTPAY-926,3190322,,27.03.2026 11:19,14.04.2026 13:38,Done,Major,,14.04.2026 13:38,BPAY PI 2026:2.1-BPAY - SmartP,,,,,,,,,,,3.0,Story,Done
SMARTPAY-970,3201351,,02.04.2026 08:54,21.04.2026 15:31,Done,Major,,21.04.2026 15:31,BPAY PI 2026:2.1-BPAY - SmartP,,,,,,,,,,,2.0,Story,Done
SMARTPAY-907,3150637,,27.02.2026 13:49,,In Testing,Major,,24.04.2026 14:48,BPAY PI 2026:1.3-BPAY - SmartP,BPAY PI 2026:2.2-BPAY - SmartP,,,,,,,,,,5.0,Story,
SMARTPAY-927,3173421,,17.03.2026 14:35,15.04.2026 14:31,Done,Major,,15.04.2026 14:31,BPAY PI 2026:2.1-BPAY - SmartP,,,,,,,,,,,3.0,Story,Done
SMARTPAY-932,3181040,,23.03.2026 11:47,15.04.2026 14:00,Done,Major,,15.04.2026 14:00,BPAY PI 2026:2.1-BPAY - SmartP,,,,,,,,,,,5.0,Story,Done
SMARTPAY-942,3193741,,30.03.2026 16:32,20.04.2026 13:41,Done,Major,,23.04.2026 09:07,BPAY PI 2026:2.1-BPAY - SmartP,,,,,,,,,,,5.0,Task,Done
SMARTPAY-947,3193810,,30.03.2026 16:58,23.04.2026 07:47,Done,Major,,23.04.2026 09:09,BPAY PI 2026:2.1-BPAY - SmartP,,,,,,,,,,,8.0,Task,Done
SMARTPAY-945,3193595,,30.03.2026 16:36,21.04.2026 12:41,Done,Major,,21.04.2026 12:41,BPAY PI 2026:2.1-BPAY - SmartP,,,,,,,,,,,2.0,Story,Done
SMARTPAY-946,3193744,,30.03.2026 16:36,,Open,Major,,31.03.2026 14:50,,,,,,,,,,,,0.0,Story,
SMARTPAY-949,3193904,,30.03.2026 16:58,,Open,Major,,09.04.2026 13:47,BPAY PI 2026:2.4-BPAY - SmartP,,,,,,,,,,,0.0,Task,
SMARTPAY-951,3193905,,30.03.2026 16:59,,Open,Major,,30.03.2026 16:59,BPAY PI 2026:2.5-BPAY - SmartP,,,,,,,,,,,0.0,Task,
SMARTPAY-956,3196187,,31.03.2026 12:41,,Open,Major,,07.04.2026 11:13,BPAY PI 2026:2.4-BPAY - SmartP,,,,,,,,,,,0.0,Story,
SMARTPAY-957,3196095,,31.03.2026 12:54,,Open,Major,,01.04.2026 08:48,,,,,,,,,,,,5.0,Story,
SMARTPAY-962,3198263,,31.03.2026 20:58,,Open,Major,,27.04.2026 09:38,BPAY PI 2026:2.3-BPAY - SmartP,,,,,,,,,,,3.0,Task,
SMARTPAY-992,3234245,,24.04.2026 11:49,,In Development,Major,,28.04.2026 15:55,BPAY PI 2026:2.3-BPAY - SmartP,,,,,,,,,,,,Story,
SMARTPAY-964,3198081,,31.03.2026 21:49,,Open,Major,,07.04.2026 11:12,BPAY PI 2026:2.4-BPAY - SmartP,,,,,,,,,,,5.0,Story,
SMARTPAY-968,3198343,,01.04.2026 08:38,,Open,Major,,08.04.2026 10:46,BPAY PI 2026:2.4-BPAY - SmartP,,,,,,,,,,,3.0,Story,
SMARTPAY-984,3231439,,22.04.2026 14:38,,Ready for Refinement,Major,,28.04.2026 11:53,,,,,,,,,,,,,Story,
SMARTPAY-985,3231830,,22.04.2026 15:53,,Open,Major,,28.04.2026 12:08,,,,,,,,,,,,,Story,
SMARTPAY-986,3231867,,22.04.2026 16:27,,Open,Major,,28.04.2026 13:29,,,,,,,,,,,,,Story,
SMARTPAY-987,3232134,,23.04.2026 08:14,,Open,Major,,27.04.2026 09:28,,,,,,,,,,,,,Story,
SMARTPAY-989,3233132,,23.04.2026 13:39,,Ready for Refinement,Major,,23.04.2026 13:52,,,,,,,,,,,,,Story,
SMARTPAY-990,3233182,,23.04.2026 14:47,,Open,Major,,23.04.2026 16:23,BPAY PI 2026:2.4-BPAY - SmartP,,,,,,,,,,,,Story,
SMARTPAY-991,3234242,,24.04.2026 11:46,,Open,Major,,28.04.2026 15:54,,,,,,,,,,,,,Story,
SMARTPAY-993,3235433,,27.04.2026 08:53,,Ready for test,Major,,28.04.2026 12:31,BPAY PI 2026:2.2-BPAY - SmartP,,,,,,,,,,,2.0,Task,
