Type,Key,Summary,Resolution Date,Open,Ready for Refinement,On Hold,Reopened,Investigation,Backlog,On-hold,Funnel,In Development,Ready for test,In Testing,Refined,Selected for Development,In Progress,Waiting for acceptance,Under Investigation,Done,Abandoned
,,Average time taken (from table),,1011.22h,403.52h,998.55h,83.74h,411.20h,498.36h,188.73h,0.10h,204.99h,196.96h,88.20h,451.88h,815.20h,1780.28h,77.54h,220.97h,9825.00h,5394.94h
,SMARTPAY-993,cleanup old kafka solution from batch handler,,0.98h,,,,,,,,26.63h,22.13h,,,,,,,,
,SMARTPAY-992,BH: update fraud screening initiation (by signing batch sid) recovery process,,96.72h,,,,,,,,22.10h,,,,,,,,,
,SMARTPAY-991,BH: update status report initiation (by batch sid) recovery process,,118.88h,,,,,,,,,,,,,,,,,
,SMARTPAY-990,Spring Boot 4 migration,,139.87h,,,,,,,,,,,,,,,,,
,SMARTPAY-989,BH: update which Kafka topic is consumed from FLM and store additional data about payment,,0.00h,141.00h,,,,,,,,,,,,,,,,
,SMARTPAY-988,DB: add additional fields to payment_info table,,0.20h,141.15h,,,,,,,,,,,,,,,,
,SMARTPAY-987,Clean-up iBank not to check sysglobal FILE_FORMAT_REMOVAL,,146.42h,,,,,,,,,,,,,,,,,
,SMARTPAY-986,Change the position of account number,,162.20h,,,,,,,,,,,,,,,,,
,SMARTPAY-985,File type and info text update in Import of payments page,,162.77h,,,,,,,,,,,,,,,,,
,SMARTPAY-984,[DB]: create sysglobal for removal of certain file formats,,141.25h,22.77h,,,,,,,,,,,,,,,,
,SMARTPAY-983,[batch-handler]configure kafka sesources for PROD,,0.00h,,,,,,,,170.13h,,,,,,,,,
,SMARTPAY-976,Clean-up after tracker functionality change,,95.08h,,,,,,,,31.13h,187.25h,,,,,,,,
,SMARTPAY-971,GitHub Migration- Kafla Configuration Repository separation,,216.28h,2.82h,,,,,,,266.95h,42.40h,,,,,,,,
,SMARTPAY-970,adjust BH application for sequence usage,4/21/26,121.88h,,,,,,,,69.48h,125.72h,145.50h,,,,,,187.13h,
,SMARTPAY-969,Testing of merged BH application,,483.12h,,,,,,,,0.00h,190.60h,,,,,,,,
,SMARTPAY-968,"new repository to be created and move kafka instalation scripts to that repository, because of Kafka migration (all environemnt)",,674.02h,,,,,,,,,,,,,,,,,
,SMARTPAY-967,"clean-up Kafka from old application (test, dev)",,674.32h,,,,,,,,,,,,,,,,,
,SMARTPAY-966,Order name speace for Azure,,674.43h,,,,,,,,,,,,,,,,,
,SMARTPAY-965,Change for main core application of BH in repository namespace,,362.30h,0.00h,,,,,,,,,,312.17h,,,,,,
,SMARTPAY-964,BH Tests automation placeholder,,684.83h,,,,,,,,,,,,,,,,,
,SMARTPAY-963,BH Tests automation placeholder,,685.47h,,,,,,,,,,,,,,,,,
,SMARTPAY-962,Review (audit) SEPA messaging automated tests - specify what needs to be automated to cover the gap,,685.68h,,,,,,,,,,,,,,,,,
,SMARTPAY-957,BH Tests automation placeholder,,693.75h,,,,,,,,,,,,,,,,,
,SMARTPAY-956,"Recovery process improvement: so that it'r reported failed step, restart possible from the failed step",,693.97h,,,,,,,,,,,,,,,,,
,SMARTPAY-954,Renaming a service - during moving to Azure as we need to change certificates,,382.38h,0.00h,,,,,,,140.97h,,,171.20h,,,,,,
,SMARTPAY-951,Maintenance,,713.68h,,,,,,,,,,,,,,,,,
,SMARTPAY-950,Maintenance,,713.68h,,,,,,,,,,,,,,,,,
,SMARTPAY-949,Maintenance,,713.68h,,,,,,,,,,,,,,,,,
,SMARTPAY-948,Maintenance,,575.15h,,,,,,,,0.00h,,,138.52h,,,,,,
,SMARTPAY-947,Maintenance,4/23/26,548.80h,,,,,,,,0.00h,,,18.00h,,,,,146.87h,
,SMARTPAY-946,Review automated tests and cover som tests automation gaps placeholder,,714.05h,,,,,,,,,,,,,,,,,
,SMARTPAY-945,BH Tests automation placeholder,4/21/26,207.80h,,146.10h,,,,,,147.52h,0.00h,22.65h,,,,,,189.97h,
,SMARTPAY-944,PERFORMANCE REGRESSIONS PBREL-295-A,,714.08h,,,,,,,,,,,,,,,,,
,SMARTPAY-943,IBANK REGRESSIONS PBREL-294-O,,401.92h,0.00h,,,,,,,,,,312.17h,,,,,,
,SMARTPAY-942,SEPA REGRESSIONS PBREL-293-O,4/20/26,401.83h,,,,,,,,0.00h,0.00h,99.28h,,,,,,212.97h,
,SMARTPAY-926,DB: recreate tables to use sequences,4/14/26,3.08h,256.43h,,,,,,,48.23h,122.38h,3.13h,,,,,,357.02h,
,SMARTPAY-925,BH Clean-up after applications merge,,0.00h,790.48h,,,,,,,,,,,,,,,,
,SMARTPAY-933,SmartPay team: E2E test & bug-fix of new processing flow for signed SGW files,,44.47h,790.73h,,,,,,,,,,,,,,,,
,SMARTPAY-929,DB: investigate limiting access rights for database tables,,473.42h,,,,,,,,336.65h,25.73h,,,,,,,,
,SMARTPAY-980,[BH Tracker] Tracker can not process reject without error code,,0.00h,695.40h,,,,,,,94.47h,50.95h,,,,,,,,
Production bug,SMARTPAY-923,[EPE] Repeater removes A0014 error code when cancelling payments,4/2/26,0.00h,48.10h,,,,,,,71.20h,71.43h,3.88h,,,,,,646.40h,
,SMARTPAY-921,Placeholder: patch several batches from the file,,861.43h,,,,,,,,,,,,,,,,,
,SMARTPAY-931,Create scheduler to find batches which need sub-sequent status report,4/24/26,232.12h,,170.95h,,,,,,199.77h,92.92h,71.27h,,,,,,115.87h,
,SMARTPAY-928,Update how payment status is updated,,234.57h,,,,,,,,454.35h,4.43h,189.77h,,,,,,,
,SMARTPAY-932,Create triggers on payment table to increase counters,4/15/26,354.20h,,,17.83h,,,,,49.12h,6.42h,125.63h,,,,,,332.65h,
,SMARTPAY-930,Create new table to track batch processing information (counters) and update existing ones,4/7/26,235.87h,,,,,,,,118.95h,2.02h,4.57h,,,,,,525.10h,
,SMARTPAY-919,Missing warning message when payment above available balance,3/30/26,40.45h,0.00h,,,0.00h,,,,2.92h,171.95h,69.40h,0.00h,,,,,717.15h,
,SMARTPAY-927,Update batch parsing and storing,4/15/26,239.83h,139.35h,,,,,,,283.10h,7.78h,24.82h,,,,,,332.13h,
Production bug,SMARTPAY-917,On file import page special symbols not shown correctly,3/17/26,0.02h,0.87h,,,,,,,4.68h,72.17h,23.22h,,,,,,1027.42h,
Production bug,SMARTPAY-918,The new payment beneficiary dropdown displays the same payment/name multiple times,3/20/26,147.38h,,,,,,,,0.00h,21.05h,0.48h,,,,,,959.57h,
Production bug,SMARTPAY-920,NullPointerException: Cannot invoke ChronoLocalDate,4/2/26,0.00h,260.42h,,,0.05h,,,,44.00h,193.85h,4.78h,,,,,,643.40h,
Production bug,SMARTPAY-915,No beneficiary address field in International payments form,3/25/26,0.12h,45.18h,34.17h,,157.18h,,,,,,,,,,,,122.55h,838.60h
Production bug,SMARTPAY-914,validity check of EE reference number in Estonia has disappeared,3/18/26,0.07h,25.07h,,,,,,,52.27h,18.03h,127.95h,,,,,,1001.48h,
Production bug,SMARTPAY-913,EPE PROD servers critically low on available RAM,3/16/26,0.02h,0.42h,,,242.93h,,,,0.00h,0.00h,0.58h,,,,,,1052.27h,
,SMARTPAY-912,BH: create unique constraint for status-report table and update status report creation,3/16/26,0.63h,19.03h,,,,,,,217.20h,0.00h,76.87h,,,,,,1049.98h,
,SMARTPAY-911,[tracker] Recovery process guarantee sending to KAFKA,,0.00h,,,,,,,,21.52h,1179.80h,166.60h,,,,,,,
,SMARTPAY-910,[BH] Timeout reading big pain.001 files from filebarn,,17.53h,887.48h,,,,,,,18.10h,463.23h,,,,,,,,
,SMARTPAY-907,BH: update how payments are created to increase performance,,66.42h,,,,,,,,559.48h,718.03h,115.85h,,,,,,,
Production bug,SMARTPAY-908,Ibank: Error related to benef name validation,3/19/26,2.00h,68.70h,,,,,,,167.55h,193.95h,51.65h,,,,,,979.73h,
,SMARTPAY-906,Investigate slow performance of payments processing from file,,0.00h,1002.90h,,,1.25h,,,,0.00h,481.33h,,,,,,,,
,SMARTPAY-905,Create new status in status table,3/2/26,0.00h,17.17h,,,,,,,2.80h,97.27h,2.17h,,,,,,1386.27h,
,SMARTPAY-904,Update fraud screening creation if unique constraint is violated,3/6/26,0.00h,17.57h,,,,,,,145.18h,0.60h,50.00h,2.48h,,,,,1290.13h,
,SMARTPAY-903,"[tracker] local enviromnment development, local kafka",2/26/26,0.00h,,,,,,,,17.68h,,,,,,,,1489.92h,
,SMARTPAY-902,[DB] Prepare Archive DB scripts (strucutre/logic),,2.23h,,,,,,,,1510.10h,,,,,,,,,
,SMARTPAY-901,[tracker] refactoring common loger,2/25/26,0.00h,,,,,,,,0.78h,,,,,,,,1512.87h,
,SMARTPAY-900,Fix recovery end-point names to have API name in them,2/25/26,4.80h,,,,,,,,1.70h,0.32h,18.03h,,,,,,1512.30h,
,SMARTPAY-899,Recovery creation request execution for valid cases takes a lot of time,2/26/26,24.20h,,,,,,,,22.15h,20.78h,0.10h,,,,,,1487.95h,
,SMARTPAY-898,Update end point getting fraud screening request created for the batch,2/26/26,0.00h,0.03h,,,,,,,22.80h,78.85h,67.10h,,,,,,1488.05h,
,SMARTPAY-897,BH: update end point calculating fraud screening status and end point usage,2/23/26,2.50h,,,,,,,,42.43h,1.33h,76.03h,,,,,,1555.90h,
,SMARTPAY-895,"[DB]Do batch handler db structure cleanup and ""not null"" changes",2/20/26,143.03h,,,,,,,,1.27h,1.00h,22.88h,,,,,,1632.93h,
,SMARTPAY-894,BH-tracker: update batch and payment file status if no status response is needed,2/19/26,1.18h,23.50h,,,,,,,0.00h,98.37h,43.23h,25.33h,,,,,1657.22h,
,SMARTPAY-934,To add new XSD validation file - Batch Handler,,0.00h,1867.37h,,,,,,,,,,,,,,,,
,SMARTPAY-893,Update status-reports Kafka topic,2/18/26,1.45h,18.45h,,1.85h,,,,,48.98h,0.05h,119.77h,,,,,,1677.15h,
,SMARTPAY-892,"[tracker] grafana filter topics requests by type retry,dlt and main",2/10/26,0.00h,,,,,,,,74.02h,25.05h,0.17h,,,,,,1865.38h,
,SMARTPAY-891,BH-tracker: Wrong status provided when creating status report entry,2/16/26,0.00h,21.23h,,,,,,,169.53h,5.37h,71.07h,,,,,,1722.40h,
,SMARTPAY-890,BH-tracker: flow handles rejected payments incorrectly,2/11/26,0.00h,21.82h,,,,,,,4.13h,2.33h,118.13h,,,,,,1843.75h,
,SMARTPAY-888,[ibank] SmartForm Breach of Limits,2/3/26,0.00h,,,,,,,,5.37h,64.32h,21.37h,,,,,,2042.87h,
,SMARTPAY-886,Publishing to fraud screening requests kafka topic does not work,2/2/26,0.00h,78.82h,,,,,,,,,,,,,,,2057.33h,
,SMARTPAY-885,Payment Limit Service - Refactor Limit Usage Classes,2/24/26,263.42h,,,,,,,,0.05h,25.68h,317.18h,,,,,,1530.42h,
,SMARTPAY-884,"Domestic (iBank and STAR) regression testing on Skyvault in EE, LV, LT [26-30.01.2026]",2/11/26,336.47h,,,,,,,,,,,,,,,,,1844.67h
,SMARTPAY-883,"Domestic (iBank and STAR) regression testing on Skyvault in EE, LV,LT Gate [26-30.01]",1/30/26,50.17h,,,,,,,,0.00h,0.00h,1.25h,,,,,,2129.75h,
,SMARTPAY-882,[batch-handler-UI] order certificate for PROD and put to configuration,3/24/26,1321.22h,,,,,,,,,,,,,,,,,860.03h
,SMARTPAY-881,[batch-handler-exp-<new appl name>] order certificate for PROD and put to configuration,,2181.27h,,,,,,,,,,,,,,,,,
,SMARTPAY-880,[batch-handler and tracker] add prod certificate DN name to prod kafka,3/24/26,1321.38h,,,,,,,,,,,,,,,,,860.07h
,SMARTPAY-879,[batch-handler] order certificate for PROD and put to configuration,3/24/26,1321.37h,,,,,,,,,,,,,,,,,860.13h
,SMARTPAY-878,[batch-handler-tracker] order certificate for PROD and put to configuration,3/24/26,1321.37h,,,,,,,,,,,,,,,,,860.13h
,SMARTPAY-877,[batch-handler-data-<new appl name>] order certificate for PROD and put to configuration,,2181.53h,,,,,,,,,,,,,,,,,
,SMARTPAY-873,Create scheduler to find entries in need of recovery,,23.65h,,,64.30h,672.30h,,,,477.33h,800.52h,169.40h,,,,,,,
,SMARTPAY-876,CVUL0074945,2/19/26,57.97h,0.00h,,0.58h,,,,,0.00h,332.12h,0.00h,0.00h,,,,,1655.97h,162.27h
,SMARTPAY-875,CVUL0074524,3/17/26,245.40h,,,,,,,,234.98h,675.97h,21.23h,,,,,,1031.40h,
,SMARTPAY-872,Wrong payment status report value if batch reporting status is not needed,2/4/26,74.77h,,,,,,,,142.73h,0.12h,4.00h,0.00h,,,,,2009.72h,
,SMARTPAY-871,Wrong payment status report value if batch reporting status is not needed,1/26/26,0.20h,,,,,,,,,,,,,,,,,2231.27h
,SMARTPAY-870,BH-tracker: wrong status is provided to fraud screening create API,1/30/26,0.00h,71.85h,,,,,,,22.65h,0.33h,8.08h,,,,,,2129.40h,
,SMARTPAY-869,Payment Limit service - Deprecate usage of PMNT_LIMIT_SERVICE_START sysglobal,1/23/26,0.15h,,,,,,,,0.43h,,,,,,,,2297.70h,
Production bug,SMARTPAY-909,Penetration test finding. Payment Import: Persistent Cross-Site Scripting,3/4/26,0.02h,906.87h,,,,,,,3.20h,23.70h,22.77h,0.00h,,,,,1343.27h,
,SMARTPAY-867,s1.2 - BH-data-manager: create API to update recovery status,2/11/26,120.12h,0.98h,,21.52h,,,,,120.03h,3.12h,6.35h,188.80h,,,,,1843.02h,
,SMARTPAY-866,Technical debt: [ibank] SmartForm Payment Limits Refactoring,2/3/26,289.80h,,,,,,,,,,,,,,,,2034.63h,
,SMARTPAY-863,[ibank] file import mock page for testing batch handler open for dev,2/4/26,0.00h,,,2.17h,,,,,24.57h,268.58h,19.83h,,,,,,2014.87h,
,SMARTPAY-859,Update API end point which updates payment status and checks if response is needed,2/10/26,0.00h,18.82h,,50.55h,,,,,241.68h,78.53h,115.60h,,,,,,1867.65h,
,SMARTPAY-858,[worker-payment-batch-handler-tracker] fix data manager API call,1/21/26,0.00h,,,,,,,,0.30h,25.75h,0.62h,,,,,,2348.38h,
,SMARTPAY-864,[ibank] SmartForm Breach of Limits,1/29/26,1.88h,47.48h,,,,,,,23.70h,145.17h,5.37h,0.00h,,,,,2153.67h,
,SMARTPAY-852,s1.2 - BH-data-manager: create API to request recovery status,2/10/26,210.85h,0.97h,,,,,,,67.83h,95.82h,4.53h,146.65h,,,,,1868.03h,
Production bug,SMARTPAY-865,Unable to choose recipient from payment history,1/26/26,,68.97h,,,,1.40h,,,94.95h,,,,,,,,2230.45h,
,SMARTPAY-851,BH-data-manager: create API to initiate recovery process,2/19/26,212.57h,117.92h,,,,,,,337.12h,52.12h,121.50h,,,,,,1555.20h,
,SMARTPAY-849,DB: create table for recovery requests,2/4/26,25.33h,188.43h,,,,,,,2.68h,25.60h,116.53h,22.23h,,,,,2015.82h,
,SMARTPAY-847,BH-tracker: send not consumed messages to dead letter topic,2/6/26,91.85h,238.87h,,,,,,,173.88h,23.72h,1.87h,,,,,,1961.92h,
,SMARTPAY-846,BH-tracker: Create dead letter and retry topics for w991.flowmanager.order.status,2/6/26,91.95h,192.48h,,,,,,,220.27h,23.72h,1.72h,,,,,,1962.07h,
,SMARTPAY-845,BH-data-manager: Update API end points updating payment and batch statuses,2/5/26,0.00h,165.02h,,,,,,,271.05h,4.53h,43.67h,40.82h,,,,,1989.53h,
,SMARTPAY-844,[tracker] fix error messages in logs for tracker,1/21/26,0.00h,,,,,,,,125.13h,44.50h,2.75h,,,,,,2346.23h,
,SMARTPAY-843,[TO BE REVIEWED]Order Keytabs for Service Accounts,,2563.25h,,,,,,,,,,,,,,,,,
,SMARTPAY-935,8. Implement process to send to fraud screening payments signed in iBank,,0.53h,2564.50h,,,,,,,,,,,,,,,,
,SMARTPAY-841,Fix kafka schema for status report topic,1/13/26,0.00h,,,,,,,,116.92h,0.90h,0.27h,,,,,,2541.15h,
,SMARTPAY-839,[batch-handler-tracker] establish connection to kafka,1/20/26,0.00h,,,,,,,,148.57h,118.82h,44.27h,,,,,,2375.25h,
,SMARTPAY-838,BH-tracker: add trace id and logging for easier testing and maintenance,1/21/26,0.00h,66.62h,,,,,,,263.95h,1.03h,26.87h,,,,,,2349.02h,
,SMARTPAY-837,W712 einvoice-component from ivy to artifactory,12/29/25,0.00h,,,,,,,,0.53h,,,,,,,,2899.67h,
,SMARTPAY-836,Fixing pentest finding for SEPA,1/20/26,175.22h,,185.93h,,,,,,96.42h,47.13h,22.50h,,,,,,2377.48h,
,SMARTPAY-835,Add member to CasC,12/23/25,0.65h,,,,,,,,,,,,,,,,3044.30h,
,SMARTPAY-834,Update API end point which updates payment status and checks if response is needed,1/27/26,0.00h,524.70h,,,,,,,410.00h,0.90h,91.58h,0.00h,,,,,2209.27h,
,SMARTPAY-833,Update API updating batch and payment statuses,1/13/26,0.00h,597.98h,,,,,,,70.05h,3.62h,23.40h,,,,,,2541.50h,
,SMARTPAY-832,Recreate tracker Kafka topics to have 6 partitions,1/9/26,0.00h,524.80h,,,,,,,25.88h,2.97h,20.48h,24.27h,,,,,2638.45h,
,SMARTPAY-831,DB: updates to payment and fraud_screening tables,1/7/26,532.12h,0.00h,,,,,,,0.72h,0.83h,22.15h,0.12h,,,,,2684.20h,
,SMARTPAY-830,Domestic (iBank and STAR) regression testing on Skyvault in LV [15.12-17.12],12/17/25,17.70h,0.00h,,,,,,,,0.00h,50.37h,74.13h,,,,,3187.98h,
,SMARTPAY-829,Create API end point to get payments grouped by their reporting status,1/13/26,0.02h,790.33h,,,,,,,3.12h,1.87h,1.47h,,,,,,2536.90h,
,SMARTPAY-828,Create API end point to get batch data,1/17/26,0.00h,769.30h,,,,,,,19.17h,0.38h,102.52h,,,,,,2442.40h,
Production bug,SMARTPAY-826,LT iBank: Customer without regno cannot make payment to List A account,1/12/26,0.00h,17.77h,,,0.22h,,,,1004.92h,2.18h,97.85h,,,,,,2566.20h,
,SMARTPAY-825,Add additional information (Originator_User_Id) to DWH views.,12/4/25,0.75h,,,,,,,,24.17h,168.87h,1.87h,,,,,,3503.05h,
Production bug,SMARTPAY-823,Unsupported type of object: com.swedbank.notification.api.event.NotificationEvent,12/11/25,9.20h,1.88h,,,23.72h,,,,139.35h,122.63h,84.72h,69.95h,,,,,3365.77h,
,SMARTPAY-812,Pentest for W668 and W871,12/30/25,17.03h,,,,,,,,0.00h,0.00h,956.10h,,,,,,2881.97h,
,SMARTPAY-816,SIAM entitlements - user groups,,782.40h,,,,3072.92h,,,,,,,,,,,,,
,SMARTPAY-813,Service accounts,3/18/26,781.87h,,1483.37h,,582.83h,,,,0.00h,,,,,,,,1007.30h,
,SMARTPAY-818,[TO BE REVIEWED]Security policies,,782.67h,,,,3072.75h,,,,,,,,,,,,,
,SMARTPAY-817,FW rules for prod,,782.67h,,2491.27h,,581.52h,,,,0.00h,,,,,,,,,
,SMARTPAY-814,KAFKA topics move from APPLICATIONS folder in SNAP/SP,1/15/26,782.52h,,,,581.65h,,,,0.07h,,,,,,,,2491.28h,
,SMARTPAY-820,[TO BE REVIEWED]IP Network Groups,,783.20h,,642.27h,,581.05h,,,,1849.07h,,,,,,,,,
,SMARTPAY-889,[TO BE REVIEWED]**Application** KAFKA topic installations -for core application,,782.68h,,,,3073.02h,,,,,,,,,,,,,
,SMARTPAY-861,[ibank]Enter key input in smartform should not cause a page refresh,1/7/26,,,,,,622.32h,,,,,,,648.25h,23.43h,,,2684.60h,
,SMARTPAY-862,[Ibank]Automation scenarios for Temporary blocking of instant payments,1/15/26,,,,,,622.45h,,,,,,,790.08h,75.50h,,,2490.62h,
,SMARTPAY-860,[iBank]Overwriting payment details in salary payment from list of payments makes payment deletion not possible,,,,,,,622.50h,,,987.17h,,,1367.87h,791.82h,209.35h,,,,
,SMARTPAY-857,[ibank]LV issue with beneficiary residence country and payment balance code,,,,2375.67h,,,622.40h,188.73h,,,,,,671.73h,120.17h,,,,
,SMARTPAY-856,[ibank]Missing currency in List of Payments,,20.82h,30.23h,,,,622.25h,,,,,,2324.63h,980.82h,,,,,
,SMARTPAY-855,[ibank] Mass payment form - Beneficary ID is not saved,,20.85h,30.27h,,,,622.57h,,,,,,2324.63h,980.45h,,,,,
,SMARTPAY-854,[ibank] archived payments can't open,,,,,,,623.08h,,,1007.92h,,,1367.87h,865.63h,114.80h,,,,
,SMARTPAY-853,"[ibank]Instant payment warning message is not showed when exceeded instant, daily and monthly payment limits",,,,,,,622.80h,,,1007.95h,,,1367.87h,792.83h,187.87h,,,,
,SMARTPAY-789,[iBank] Adjust logic for handling response from PLS when double accept and instant payment limits are exceeded,11/25/25,146.45h,,,,,,,,27.35h,0.17h,96.82h,,,,,,3713.92h,
Production bug,SMARTPAY-790,Error Limits locking failed causes manual processing of payments which are stuck in OPV,12/3/25,5.52h,235.88h,,,,,,,197.22h,18.37h,4.40h,,,,,,3523.78h,
,SMARTPAY-788,"[iBank] File import doesn't work properly, when there are defective payments",11/14/25,20.95h,,,,,,,,,,,,,,,,,3984.67h
Production bug,SMARTPAY-785,Gap for fraud in production - abusing limits with biometrics and small amounts,1/23/26,16.30h,,187.48h,72.95h,,,,,34.30h,795.13h,520.08h,,,,,,2399.77h,
Production bug,SMARTPAY-787,[iBank] Intrabank payments can't be executed when beneficiary name is updated,12/4/25,0.15h,20.57h,,137.40h,25.75h,,,,243.97h,67.45h,28.12h,,,,,,0.00h,3505.50h
Production bug,SMARTPAY-786,[sepa-exchange] Incoming instant return is not processed if payment is in dp_arh table,12/8/25,0.00h,20.77h,,,598.50h,,,,5.73h,,,,,,,,0.00h,3404.02h
,SMARTPAY-784,Spam SEPA payments from PAYPAL Europe,,1390.37h,,2658.67h,,,,,,,,,,,,,,,
,SMARTPAY-783,Not possible to correct uploaded Mass/Salary file payments,11/12/25,2.67h,,,,,,,,26.58h,,,,,,,,,4026.02h
,SMARTPAY-781,Not possible to save previously uploaded and edited Mass payment,11/13/25,69.67h,,,27.28h,,,,,6.10h,17.57h,26.12h,,,,,,4003.52h,
Production bug,SMARTPAY-780,iBank: SmartForm Instant payment failed,11/14/25,144.27h,,,,,,,,30.82h,,,,,,,,,3976.90h
,SMARTPAY-778,Update publishing to fraud.screening.requests Kafka topic - add fraud screening request SID to header,2/12/26,0.00h,1458.73h,750.18h,,0.00h,,,,18.62h,72.20h,0.67h,51.65h,,,,,1818.63h,
,SMARTPAY-777,Update publishing to status.report Kafka topic - add status report SID to header,2/16/26,0.00h,665.05h,847.17h,,,,,,115.08h,72.20h,0.15h,748.87h,,,,,1722.15h,
,SMARTPAY-776,[Post-sync] Do not send out production FPO payments in TEST,11/10/25,0.00h,22.77h,,,,,,,0.82h,97.68h,2.18h,,,,,,4077.83h,
,SMARTPAY-824,"Payment performance testing on Skyvaut in LV, LT, EE [24.11-26.11]",11/25/25,478.92h,,,,,,,,0.00h,0.00h,26.75h,,,,,,3711.73h,
,SMARTPAY-775,"Domestic (iBank and STAR) regression testing on Skyvault in LV, LT, EE [24.11-26.11]",11/27/25,378.78h,,,,,,,,0.00h,98.43h,67.82h,,,,,,3672.40h,
Production bug,SMARTPAY-774,iBank: Add additional logging to Smart Payment Form,11/14/25,73.85h,,,,,,,,0.00h,190.23h,0.15h,,,,,,3982.80h,
Production bug,SMARTPAY-773,mobile app - national chars issue with VOP close match name correction in cross-border payments,11/12/25,71.25h,,,,,,,,39.78h,124.33h,49.05h,,,,,,4031.02h,
,SMARTPAY-810,W670: foreignpayments,1/6/26,834.57h,,,,,,,,4.02h,,,508.03h,,,,,2705.82h,357.47h
,SMARTPAY-802,W670: batch-target2-uploader,12/19/25,1000.90h,,,63.83h,,,,,74.10h,102.82h,23.57h,,,,,,3144.70h,
,SMARTPAY-791,W880: account-alias-service-client,12/4/25,906.77h,,,,,,,,4.00h,,,,,,,,,3499.20h
,SMARTPAY-805,W880: account-alias-api,12/4/25,905.90h,,,,,,,,1.25h,,,,,,,,,3502.83h
,SMARTPAY-811,W712: payments-machine,12/12/25,756.05h,,,,,,,,,,,,,,,,,3629.95h
,SMARTPAY-809,W712: einvoice-payments-machine,12/30/25,875.88h,,,,,,,,142.87h,170.22h,0.15h,,,,,,2878.95h,341.90h
,SMARTPAY-804,W712: einvoice-generator,1/5/26,756.25h,,,146.50h,,,,,141.10h,170.22h,2.03h,121.42h,,,,,,3072.45h
,SMARTPAY-793,W670: sepatransfer,11/27/25,740.23h,,,,,,,,,,,,,,,,,3669.80h
,SMARTPAY-792,W670: incoming-swift-msg-converter,12/22/25,1049.37h,,,0.95h,,,,,143.93h,54.43h,0.65h,,,,,,3136.67h,
,SMARTPAY-798,W670: batch-wc-list-uplouder,11/27/25,740.23h,,,,,,,,,,,,,,,,,3669.82h
,SMARTPAY-797,W670: batch-wc-list-uploader,12/11/25,1077.83h,,,,,,,,1.08h,,,,,,,,,3331.13h
,SMARTPAY-806,W670: batch-nostro-export2,1/9/26,1100.98h,,,95.52h,,,,,482.83h,90.63h,0.48h,,,,,,2639.60h,
,SMARTPAY-799,W670: batch-incoming-swift-msg-loader,12/19/25,1097.25h,,,9.85h,,,,,100.53h,64.05h,0.02h,,,,,,3138.37h,
,SMARTPAY-795,W668: payment-monitor,12/4/25,906.68h,,,,,,,,0.10h,,,,,,,,,3503.38h
,SMARTPAY-801,W668: hibernate-test-bed,11/27/25,740.35h,,,,,,,,,,,,,,,,,3669.85h
,SMARTPAY-800,W668: giro-file-payment-reports,12/12/25,737.32h,,,,,,,,4.92h,356.67h,,,,,,,3311.27h,
,SMARTPAY-807,W668: giro-file-payment-importer,12/12/25,737.33h,,,,,,,,4.95h,356.63h,,,,,,,3311.27h,
,SMARTPAY-808,W668: batch-rt1-uploader,12/19/25,718.42h,,,65.43h,,,,,51.32h,403.33h,32.92h,,,,,,3138.75h,
,SMARTPAY-803,W668: batch-mock,12/2/25,718.23h,,,,,,,,,,,,,,,,3553.23h,138.73h
,SMARTPAY-794,W668: batch-liquidity,11/26/25,718.23h,,,,,,,,,,,,,,,,,3691.98h
,SMARTPAY-796,W668: batch-emergency-clearing,11/26/25,713.38h,,,,,,,,4.87h,,,,,,,,,3691.98h
Production bug,SMARTPAY-770,"pacs.004.001.09 cannot be created auto ""could not load an entity: [ee.hansa.bank.payments.PaymentArchived""",10/27/25,0.00h,1.33h,,,,,,,,1.93h,3.32h,0.00h,,,,,4407.55h,
Production bug,SMARTPAY-769,"[iBank]: [back button]List of payment second acceptor, on vop check modal press back and allow edit form and sign",10/27/25,0.17h,,,,,,,,1.87h,62.73h,3.00h,,,,,,4411.92h,
Production bug,SMARTPAY-768,iBank: Can't process with second signature (VOP and List of Payments view mode),10/27/25,0.23h,2.52h,,0.07h,,,,,3.05h,67.42h,3.48h,,,,,,4408.90h,
,SMARTPAY-763,Domestic (iBank and STAR) regression testing on Skyvault in LV [27.10-29.10],10/30/25,158.67h,,,,,,,,0.00h,0.00h,25.95h,,,,,,4342.90h,
Production bug,SMARTPAY-762,"iBank: Instant payment warning message is not showed when exceeded instant, daily and monthly payment limits",11/10/25,116.93h,,337.15h,,,,,,,,,,,,,,,4078.78h
,SMARTPAY-940,6. BH-data-manager: create API end point to update payment data,,0.52h,4532.37h,,,,,,,,,,,,,,,,
,SMARTPAY-941,7. BH-worker: process signed batches - send payments to FLM,,1968.47h,2564.48h,,,,,,,,,,,,,,,,
,SMARTPAY-761,Update API end point name and description,11/5/25,0.00h,22.87h,,,,,,,93.32h,218.97h,0.03h,,,,,,4197.83h,
,SMARTPAY-815,Order dedicated remote server for manual connection to PROD SQL Servers,3/24/26,1489.47h,,,,2211.63h,,,,,,,,,,,,860.73h,
,SMARTPAY-819,Open firewalls to Databases from terminal servers,,1489.48h,,,,3072.38h,,,,,,,,,,,,,
,SMARTPAY-822,Order and configure MSSQL DB for production,1/15/26,1489.57h,,,,580.95h,,,,0.00h,,,,,,,,2491.37h,
,SMARTPAY-760,[payment-services] add for loging requestt ID and in general fix about accounts,10/15/25,0.00h,,,,,,,,18.62h,3.65h,0.12h,,,,,,4700.75h,
Production bug,SMARTPAY-759,[ibank] vop audit data not cleared in session,10/15/25,0.00h,,,,,,,,2.90h,22.47h,0.47h,,,,,,4700.40h,
,SMARTPAY-758,iBank: Refactor Import of Payment(second iteration - execution part),11/13/25,147.25h,21.25h,,136.40h,,,,,264.77h,97.37h,52.75h,,,,,,4008.92h,
,SMARTPAY-782,"iBank - Permanent solution: Implement VoP response ""Close match"" presentment in SMART payment form to handle cases when received Beneficiary's name is longer than 70 symbols",12/12/25,0.33h,241.10h,,,743.20h,,,,221.22h,117.10h,100.28h,94.87h,,,,,3305.92h,
,SMARTPAY-757,iBank: Refactor Import of Payment(first iteration - validation part),10/14/25,0.38h,4.53h,,,,,,,69.18h,3.60h,18.90h,0.00h,,,,,4727.73h,
,SMARTPAY-756,[payment-services] can't save payment,10/14/25,0.00h,,,,,,,,0.52h,71.87h,28.28h,,,,,,4726.22h,
,SMARTPAY-936,5. BH-worker: Create Kafka topic for publishing payment id to FLM,,357.53h,4488.57h,,,,,,,,,,,,,,,,
Production bug,SMARTPAY-755,payment-services-errors are alerting wrongly,10/10/25,0.03h,2.48h,,,,,,,6.53h,19.08h,26.22h,,,,,,4821.37h,
Production bug,SMARTPAY-754,iBank - national chars issue with VOP close match name correction in cross-border payments,10/8/25,0.00h,16.15h,,,0.15h,,,,8.65h,19.18h,1.30h,0.00h,,,,,4868.95h,
,SMARTPAY-939,4. BH-data-manager: create API end point to find payment by dp.id,,2351.37h,2564.50h,,,,,,,,,,,,,,,,
,SMARTPAY-751,iBank: Private and Business PB: SmartForm: Changing recipient name twice to incorrect name allows to proceed with payment without any pop-up VOP warning messages,10/15/25,23.02h,32.88h,,,,,,,20.72h,93.90h,49.40h,,,,,,4701.63h,
,SMARTPAY-750,iBank: Private and Business PB: Re-factor display of payment types when user navigating from the List Of Payment to The Smart Form,10/17/25,0.03h,67.10h,,25.03h,,,,,55.48h,66.77h,117.15h,,,,,,4656.70h,
Production bug,SMARTPAY-753,iBank: Warning message is lost on editing amount,10/30/25,0.27h,428.82h,25.38h,,,,,,221.20h,,,,,,,,,4339.58h
Production bug,SMARTPAY-752,"iBank: Instant payment warning message is not showed when exceeded instant, daily and monthly payment limits",10/24/25,0.02h,170.47h,,,,,,,264.60h,0.13h,100.63h,,,,,,4479.47h,
,SMARTPAY-749,[payment-services] new parametr for controlling payment type for Vop checking,10/10/25,0.00h,,,,,,,,167.68h,2.50h,25.23h,,,,,,4822.35h,
,SMARTPAY-748,[iBank] No usageId for FiDAViSta and ASCII format imported single payments,10/10/25,237.27h,,,,,,,,,,,,,,,,,4821.67h
,SMARTPAY-747,[ibank] archived payments can't open,10/1/25,0.00h,,,,,,,,25.68h,0.03h,2.75h,,,,,,5035.00h,
,SMARTPAY-746,[LT] Mandatory VoP tests,9/30/25,4.90h,,,,,,,,18.13h,0.00h,1.78h,,,,,,5058.52h,
,SMARTPAY-745,[EE] Mandatory VoP tests,9/30/25,4.90h,,,,,,,,18.13h,0.00h,1.78h,,,,,,5058.52h,
,SMARTPAY-744,[LV] Mandatory VoP tests,9/30/25,4.90h,,,,,,,,18.13h,0.00h,1.78h,,,,,,5058.52h,
,SMARTPAY-742,[payment-services] add rest template requests log file,10/1/25,0.00h,,,,,,,,1.90h,141.02h,3.65h,,,,,,5035.23h,
,SMARTPAY-739,[payment-services] fix compiling problem because of changed by another task,10/1/25,0.00h,,,,,,,,17.25h,146.97h,,,,,,,5034.93h,
,SMARTPAY-738,[iBank] Updated payment in list of payments done without limit usage,9/25/25,23.43h,,,,,,,,16.48h,1.08h,5.75h,,,,,,5179.88h,
,SMARTPAY-737,[VoP] Making urgent payments cause VoP requests to be executed,9/26/25,18.85h,,,,,,,,0.67h,47.33h,23.50h,,,,,,5160.15h,
,SMARTPAY-736,[ibank] vop not need to init in ibank on disabled fields,9/29/25,0.00h,,,,,,,,0.90h,94.55h,72.92h,,,,,,5083.42h,
,SMARTPAY-733,"Limit exceeded exception when adding first accept or making payment between own accounts, business users",10/21/25,1.60h,5.95h,671.72h,,,,,,87.12h,,,,,,,,,4560.53h
,SMARTPAY-731,Payments opened and executed from list of payments are done without limit usage,9/23/25,2.93h,0.50h,,,,,,,23.45h,6.23h,89.97h,,,,,,5227.65h,
,SMARTPAY-729,[vop] DuplicateKeyException: a different object with the same identifier value was already associated,9/19/25,0.00h,,,,,,,,71.90h,3.32h,18.33h,,,,,,5328.78h,
,SMARTPAY-728,[Vop] add more params to vop requst for controling payment type,9/19/25,0.00h,,,,,,,,31.80h,47.58h,16.57h,,,,,,5330.53h,
,SMARTPAY-727,[iBANK] Tech Error when changing amount in an already saved payment,9/18/25,1.87h,0.00h,,,,,,,3.10h,138.78h,6.20h,0.00h,,,,,5347.18h,
,SMARTPAY-726,"[vop] modify current solution for vop, for mobile team needs",9/18/25,0.00h,,,,,,,,2.60h,165.28h,0.00h,,,,,,5354.22h,
,SMARTPAY-725,Store limitUsageId this parameter into DP table,9/10/25,0.00h,,,,,,,,,,,,,,,,,5536.35h
,SMARTPAY-724,Store new parameter limitUsageId into PAYMENT_REFERENCE table,9/30/25,15.03h,,,0.00h,,,,,335.30h,7.35h,119.52h,,,,,,5059.18h,
,SMARTPAY-723,Configure SSO for authentification,3/26/26,4725.92h,,,,,,,,,,,,,,,,,817.22h
,SMARTPAY-722,Create AD groups,3/26/26,4725.92h,,,,,,,,,,,,,,,,,817.22h
,SMARTPAY-721,Order certificates for exp-payment-batch-handler-recovery,1/28/26,3165.77h,,,,,,,,199.47h,,,,,,,,2177.90h,
,SMARTPAY-720,Create Andromeda application on Batch Handler namespace,1/29/26,3071.18h,,,,,,,,312.50h,,,,,,,,2159.47h,
,SMARTPAY-719,After VoP check SIGN button become enabled,9/16/25,0.17h,,,,,,,,9.35h,136.05h,0.95h,,,,,,5399.58h,
,SMARTPAY-718,Outgoing and Incoming VoP request/response tests,9/12/25,72.60h,,,,,,,,0.03h,,,,,,,,5491.30h,
,SMARTPAY-708,Remove VoP message from Successful Page,9/12/25,1.67h,,,,,,,,0.27h,168.52h,1.93h,,,,,,5491.77h,
,SMARTPAY-707,[iBank] Double accept check done for private users in smart form,9/19/25,0.00h,,,,,,,,97.18h,70.37h,165.60h,,,,,,5331.13h,
,SMARTPAY-706,Labels for Payment Limit Service UC's,9/19/25,2.27h,0.58h,,,,,,,17.37h,337.38h,9.18h,,,,,,5317.72h,
,SMARTPAY-705,[TEST][UI iBank Private and Business PB]: Implement VoP check initiation and response presentment in SMART payment form in 'Domestic/ European' payment tab,9/30/25,0.10h,,,1.52h,,,,,75.70h,64.30h,485.68h,,,,,,5060.33h,
,SMARTPAY-704,[TEST][iBank Private and Business PB]: Introduce VoP Request Control: Attempt Cap and Rapid Call Handling in SMART payment form,9/16/25,0.22h,,,,,,,,0.00h,0.00h,286.97h,,,,,,5400.58h,
,SMARTPAY-703,Latency test_homebank,10/17/25,1075.22h,0.00h,,,,,,,,0.00h,0.02h,0.00h,,,,,4655.90h,
,SMARTPAY-701,Latency test_International Payments Baltic,10/17/25,1076.68h,0.00h,,,,,,,,0.05h,0.68h,0.00h,,,,,4653.78h,
,SMARTPAY-691,EPE latency performance test results analyses 4th of Sept 2025,9/9/25,168.40h,,,,,,,,,,,,,,,,5565.43h,
,SMARTPAY-690,[payment-services] cen't init certs in prod for payment services deploy in prod,9/3/25,0.00h,,,,,,,,19.03h,29.50h,0.00h,,,,,,5708.90h,
,SMARTPAY-689,S3.6 - [iBank Private and Business PB]: Add labels for cases when VoP request counter has reached or exceeded 100 in the client session or client session has been flagged due to sending multiple VoP requests within one second,9/18/25,0.18h,142.20h,,,0.00h,,,,53.52h,258.88h,76.88h,,,,,,5347.12h,
,SMARTPAY-687,S.3.5 - [iBank Private and Business PB]: Do not initiate VoP check again in case beneficiary's data is not changed in SMART payment form in 'Domestic/ European' payment tab,9/16/25,0.30h,75.52h,,,16.40h,,,,92.67h,320.52h,18.13h,,,,,,5399.78h,
,SMARTPAY-686,Payment Limit service - Add isSecondAccept flag when creating limit usage requests,8/25/25,0.02h,,,,,,,,1.02h,,,,,,,,,5928.12h
,SMARTPAY-714,Setup standalone Liquibase for Archive DB for change deployments,3/12/26,432.85h,0.00h,,,,,,,674.67h,405.08h,76.52h,3261.78h,,,,,1148.28h,
,SMARTPAY-685,"[DB] Storage of ""usageId"" in DB table PAYMENTS.PAYMENT_REFERENCE (1st) Missing grants",8/21/25,0.02h,,,,,,,,0.33h,45.42h,0.03h,,,,,,6026.02h,
,SMARTPAY-684,S3.5 - [payment - services - VoP] Vop DATA save to payment.DP_VOP table,9/15/25,352.25h,,,,,,,,71.48h,169.12h,72.83h,,,,,,5424.17h,
,SMARTPAY-682,All SEPA domestic urgent payments get stuck in EPE,8/18/25,89.70h,,,,,,,,1.97h,0.00h,0.02h,,,,,,6094.87h,
,SMARTPAY-711,Implement fraud screening initiation recovery process,3/26/26,648.20h,0.00h,,,,,,,194.93h,23.48h,670.55h,3859.75h,,,,,817.40h,
,SMARTPAY-709,Implement status report initiation recovery process,,648.33h,3838.00h,,,,,,,197.33h,665.38h,865.40h,0.00h,,,,,,
,SMARTPAY-681,S3.5 - [payment-services VoP] create monitoring and charts to see vop requests,9/30/25,551.50h,,,,,,,,381.78h,22.38h,122.77h,76.72h,,,,,5060.92h,
,SMARTPAY-680,[payment-form-service - vop] update web page where will be emulated swagger for vop check,10/30/25,550.15h,,,,,,,,961.57h,74.07h,143.90h,143.68h,,,,,4342.90h,
,SMARTPAY-679,S3.5 - [payment - services - VoP] Save VoP check audit data in DP_VOP table,9/4/25,2.47h,,337.40h,,,,,,125.47h,64.47h,,,,,,,5687.85h,
,SMARTPAY-715,Create API to calculate whether sub-sequent status report should be initiated,10/31/25,674.45h,0.00h,,,,,,,0.00h,626.37h,73.22h,551.70h,,,,,4315.12h,
,SMARTPAY-717,"Create API to get payment counts by signing batch sid, grouped by fraud screening status",10/3/25,552.32h,562.90h,,,,,,,37.07h,74.30h,20.03h,,,,,,4994.35h,
,SMARTPAY-678,[payment-services] create mechanism to response audit data for saving in DP_VOP table,9/4/25,0.00h,,337.40h,,,,,,22.78h,195.00h,,,,,,,5687.87h,
,SMARTPAY-712,Create API to get all fraud screening requests created for the batch,10/3/25,1195.58h,,,,,,,,6.55h,65.45h,2.27h,,,,,,4991.83h,
,SMARTPAY-710,Configure monitoring parameters and alerts,,698.40h,,,,4080.85h,,,,284.32h,1201.62h,,,,,,,,
,SMARTPAY-713,Create UI interface for batch handler recovery application,,765.58h,0.00h,,,,,,,788.82h,385.05h,,4392.97h,,,,,,
,SMARTPAY-716,[Experience] Configure separate experience application for batch handler recovery process initiation,1/29/26,765.57h,0.00h,,,,,,,,0.00h,,3362.70h,,,,,2156.23h,
,SMARTPAY-676,UC14: Instant transactional limit exceeded,9/5/25,553.28h,,,,,,,,0.00h,172.65h,0.05h,,,,,,5658.40h,
,SMARTPAY-675,UC13: Instant daily limit exceeded,9/5/25,553.38h,,,,,,,,0.00h,172.37h,0.25h,,,,,,5658.47h,
,SMARTPAY-674,UC12: Instant payments not allowed,9/5/25,553.38h,,,,,,,,0.00h,172.72h,0.05h,,,,,,5658.33h,
,SMARTPAY-673,UC11: Double accept limit exceeded,9/19/25,553.40h,,,,,,,,0.00h,477.40h,27.83h,,,,,,5325.87h,
,SMARTPAY-672,UC10: Account monthly limit exceeded,9/8/25,553.40h,,,,,,,,0.00h,152.48h,91.83h,,,,,,5586.80h,
,SMARTPAY-671,UC9: Account daily limit exceeded,9/8/25,553.42h,,,,,,,,0.00h,152.48h,91.17h,,,,,,5587.45h,
,SMARTPAY-670,UC8: Agreement monthly limit exceeded,9/8/25,553.42h,,,,,,,,0.00h,152.48h,90.88h,,,,,,5587.73h,
,SMARTPAY-669,UC7: Agreement daily limit exceeded,9/8/25,553.43h,,,,,,,,0.00h,152.48h,90.83h,,,,,,5587.80h,
,SMARTPAY-668,UC6: Locking error,9/19/25,553.45h,,,,,,,,0.00h,364.03h,148.60h,,,,,,5318.48h,
,SMARTPAY-667,UC5: Invalid authentication method,9/19/25,553.45h,,,,,,,,0.00h,364.03h,148.65h,,,,,,5318.43h,
,SMARTPAY-666,UC4: incorrect workflowID,9/19/25,553.48h,,,,,,,,0.00h,442.48h,70.32h,,,,,,5318.32h,
,SMARTPAY-665,UC3: Nonexistent limit,9/15/25,553.90h,,,,,,,,0.00h,342.35h,70.42h,,,,,,5418.37h,
,SMARTPAY-664,UC2: Invalid input,9/19/25,554.00h,,,,,,,,0.00h,442.48h,70.32h,,,,,,5318.32h,
,SMARTPAY-663,UC1: Customer has enough limit,9/8/25,0.50h,0.00h,,,,,,,,140.62h,104.62h,553.58h,,,,,5585.90h,
,SMARTPAY-662,"Storage of ""usageId"" in DB table PAYMENTS.PAYMENT_REFERENCE (1st)",9/2/25,0.07h,291.30h,,41.63h,,,,,30.20h,133.63h,158.07h,,,,,,5730.55h,
,SMARTPAY-661,S3.5 - Payment Limit Service Usage of sysglobal PMNT_LIMIT_SERVICE_START (5th),8/25/25,0.02h,0.00h,,,,,,,274.97h,65.60h,114.82h,0.75h,,,,,5929.73h,
,SMARTPAY-660,S3.5 - Payment Limit Service Create sysglobal PMNT_LIMIT_SERVICE_START (4th),8/8/25,0.03h,0.17h,,,,,,,1.38h,51.47h,0.02h,0.00h,,,,,6333.37h,
,SMARTPAY-659,[vop] create sysglobal for VOP enabling,8/8/25,0.00h,,,,,,,,1.67h,51.75h,0.38h,,,,,,6333.07h,
,SMARTPAY-658,Grants on payments.dp_vop_arch,8/6/25,0.00h,,,,,,,,2.28h,24.52h,0.72h,,,,,,6384.72h,
,SMARTPAY-657,Set skip_on_error for PAYMENTS.DP_VOP_ARCH table archiving,8/5/25,0.00h,,,,,,,,0.52h,18.87h,0.78h,,,,,,6409.43h,
,SMARTPAY-656,"S3.5 - Payment Limit Service functionality ""Validation of Limit"" (2nd)",9/4/25,0.25h,60.73h,,0.00h,,,,,343.73h,219.20h,21.42h,123.40h,,,,,5678.75h,
,SMARTPAY-821,Add new ISO status reason codes for table crebit.dp_error_status_reason and for Batch handler database,1/8/26,2450.88h,1361.07h,,,,,,,32.28h,0.03h,23.57h,,,,,,2658.95h,
,SMARTPAY-655,Change first debiting date of SOA in Estonia,8/1/25,17.85h,,,,,,,,0.20h,7.08h,19.48h,,,,,,6502.58h,
Production bug,SMARTPAY-653,RT1Uploader: there is not possible to process RSF file:,7/22/25,0.15h,,,,1.83h,,,,19.25h,3.35h,0.00h,,,,,,6739.60h,
Production bug,SMARTPAY-652,[aq-mq-mediatorpb_vm] small fix of keystore name,7/24/25,0.00h,,,,,,,,0.03h,52.77h,19.53h,,,,,,6697.22h,
,SMARTPAY-651,Update initiation of status report creation,10/17/25,0.00h,1291.98h,,,,,,,193.18h,,,717.52h,,,,,4657.43h,
Production bug,SMARTPAY-649,[EPE] Logging of application logs is broken,7/22/25,0.08h,101.82h,,,,,,,1.77h,15.42h,1.40h,,,,,,6745.10h,
Production bug,SMARTPAY-650,[ibank EE] Mass payment form - Beneficary ID is not saved,7/24/25,0.00h,170.70h,,,,,,,20.17h,2.42h,19.53h,,,,,,6697.75h,
Production bug,SMARTPAY-646,[ibank] Fix SOA Signing Date Validation for New Easy Saver Agreements,7/17/25,95.68h,,,,,,,,48.32h,0.00h,0.77h,,,,,,6859.17h,
Production bug,SMARTPAY-647,Missing currency in List of Payments,7/23/25,149.90h,,,,,,,,94.87h,25.02h,20.18h,,,,,,6719.90h,
,SMARTPAY-645,[aq-mq-mediator_W670] after incident make refactoring of configurations,7/11/25,0.00h,,,,,,,,12.92h,1.53h,0.47h,,,,,,7005.83h,
,SMARTPAY-644,[iBank LV] Beneficiary residence country and balance code values are not saved when executing payments over 10000 EUR,7/23/25,0.22h,,,,,,,,164.68h,21.08h,125.57h,,,,,,6716.87h,
Production bug,SMARTPAY-643,aq-mq-mediator expired certificate,7/10/25,0.02h,,,,,,,,1.40h,0.02h,,,,,,,7032.15h,
,SMARTPAY-640,[ibank] Standing orders agreement implement sysglobal value,7/28/25,48.97h,312.15h,,,,,,,7.12h,40.48h,75.40h,,,,,,6598.02h,
,SMARTPAY-639,Tracker: change snake_case to CamelCase (reading from Flow manager Kafka topic),9/23/25,0.82h,1534.53h,,,,,,,14.38h,,,323.85h,,,,,5229.97h,
Production bug,SMARTPAY-641,Mass/Salary payments fail to be processed,7/11/25,0.73h,97.48h,,,0.22h,,,,47.32h,18.83h,0.70h,,,,,,7009.48h,
,SMARTPAY-637,SOA fraud prevention report,7/9/25,3.85h,,,,,,,,113.45h,,,,,,,,7059.62h,
,SMARTPAY-636,[ibank ] SOA fraud prevention measures,7/7/25,26.30h,,,,,,,,73.85h,0.10h,2.10h,,,,,,7100.85h,
,SMARTPAY-632,DB: store ISO status reason codes in Batch handler database,7/15/25,0.00h,426.22h,,,,,,,4.30h,0.22h,2.48h,0.00h,,,,,6907.37h,
,SMARTPAY-631,DB: store ISO status reason codes in created table crebit.dp_error_status_reason,7/14/25,0.00h,403.90h,,,,,,,2.00h,1.07h,3.10h,0.00h,,,,,6930.57h,
,SMARTPAY-630,Decommission not needed service account (Used for Camunda POC),,7342.32h,,,,,,,,,,,,,,,,,
,SMARTPAY-629,[payment-services] create gRPC endpoint for VoP check,7/28/25,412.15h,,,,,,,,192.45h,145.65h,0.07h,,,,,,6596.05h,
,SMARTPAY-628,[Blocker for smartpay-533] Update API which updates payment status and checks if response is needed,10/10/25,596.13h,1201.20h,,,,,,,196.45h,242.18h,169.60h,141.88h,,,,,4818.20h,
,SMARTPAY-626,Provide permanent test customers with restrictions for temp. blocking of instant payments,3/30/26,6820.03h,,,,,,,,,,,,,,,,716.53h,
,SMARTPAY-623,[payment-services] Add information about VoP in payments payload for MQ,7/23/25,0.03h,823.38h,,,,,,,20.18h,,,,,,,,,6718.23h
,SMARTPAY-618,S3.5 - Payment Limit Service Requests and Responses Handling (6th),9/19/25,0.43h,0.00h,,,,,,,92.95h,140.55h,372.88h,1655.68h,,,,,5317.70h,
,SMARTPAY-619,"S3.5 - Payment Limit Service functionality ""Restoration of Limits"" (3rd)",9/16/25,0.43h,0.00h,,18.97h,,,,,113.82h,376.70h,137.00h,1534.67h,,,,,5398.67h,
,SMARTPAY-615,"S3.5 - Payment Limit Service functionality ""Usage of Limits"" (1st)",9/15/25,0.43h,0.00h,117.27h,,,,,,197.43h,37.08h,653.92h,1155.13h,,,,,5419.15h,
,SMARTPAY-613,S3.3 - [payment-services] Vop check via payment-services,9/3/25,12.43h,0.00h,,,25.58h,,,,449.77h,557.50h,0.73h,843.65h,,,,,5709.05h,
,SMARTPAY-612,[payment-services] Implement backend restrictions and logic for external API call handling,6/18/25,15.00h,,,,25.90h,,,,,,,,,,,,,7560.42h
,SMARTPAY-611,[payment-services] Analyze and interpret VoP request processor API response data for business insights,6/18/25,15.35h,,,,24.67h,,,,,,,,,,,,,7561.65h
,SMARTPAY-610,S3.3 - [payment-services] Store VoP request processor response results into DP,9/4/25,15.43h,,883.25h,,869.63h,,,,145.55h,,,,,,,,5687.88h,
,SMARTPAY-609,[payment-services] Create a connection pool to VoP request processor API,7/23/25,15.52h,0.00h,,,24.57h,,,,597.25h,178.18h,16.52h,53.00h,,,,,6716.77h,
,SMARTPAY-608,S-3.2. [DB] Create new column in DP table for VoP result,7/3/25,15.55h,0.00h,,,24.48h,,,,23.15h,45.92h,5.65h,290.43h,,,,,7196.65h,
,SMARTPAY-607,Update API updating payment status and checking if response is needed,10/10/25,0.00h,220.40h,,,,,,,16.97h,2377.77h,169.68h,,,,,,4818.78h,
,SMARTPAY-625,Increase latency in test,6/19/25,0.00h,66.40h,,,,,,,,,,,,,,,7537.47h,
,SMARTPAY-624,EPE performance test results analyses,6/20/25,0.05h,66.73h,,,,,,,0.00h,,,23.30h,,,,,7514.23h,
,SMARTPAY-601,Change CMBD ID for fraud screening Kafka topic schema,7/16/25,0.00h,,,,,,,,3.45h,723.20h,0.02h,,,,,,6883.35h,
,SMARTPAY-600,Data manager: update APIs to use updated payment_file_sid name,11/12/25,0.00h,2133.33h,150.63h,,,,,,324.10h,502.23h,168.80h,393.30h,,,,,4028.97h,
,SMARTPAY-599,Data manager: Create API to get Payment file data by batch SID,6/13/25,0.00h,22.40h,,,,,,,2.60h,3.75h,0.17h,,,,,,7675.60h,
,SMARTPAY-602,[iBank Private and Business PB]: Implement VoP check re-initiation in SMART payment form,6/13/25,24.48h,,,,190.80h,,,,,,,,,,,,,7677.65h
,SMARTPAY-596,[core-payment-batch-handler-data-manager] refactoring API for improve relation with STATUS table,6/16/25,2.15h,,,,,,,,115.32h,102.02h,72.00h,,,,,,7602.50h,
,SMARTPAY-605,S3.3 - [iBank Private and Business PB]: Introduce VoP Request Control: Attempt Cap and Rapid Call Handling in SMART payment form,9/4/25,23.17h,3.62h,310.98h,,1198.28h,,,,282.33h,410.27h,,,,,,,5687.77h,
,SMARTPAY-603,S3.4 - [UI iBank Private and Business PB]: Implement VoP check response presentment in SMART payment form,9/4/25,0.50h,688.48h,435.22h,,649.63h,,,,23.90h,241.93h,189.73h,,,,,,5687.57h,
,SMARTPAY-597,Add validations to all APIs,7/11/25,47.32h,146.02h,,18.57h,,,,,48.10h,487.42h,165.93h,,,,,,7006.68h,
,SMARTPAY-606,S.3.4 - [iBank Private and Business PB]: Implement VoP check initiation in SMART payment form in 'Domestic/ European' payment tab,9/4/25,28.28h,163.50h,,138.18h,650.05h,,,,902.77h,140.52h,234.38h,,,,,,5687.57h,
,SMARTPAY-614,Show payments rejected by Fraud screening in Forms Teller,8/11/25,0.00h,1361.80h,2.72h,,150.90h,,,,18.02h,7.80h,140.83h,0.00h,,,,,6265.40h,
,SMARTPAY-937,3. BH-worker: store file and batch for payments from iBank,,3428.63h,4532.35h,,,,,,,,,,,,,,,,
,SMARTPAY-938,2. BH-worker: start reading batch session information from AQ,,5396.58h,2564.50h,,,,,,,,,,,,,,,,
Production bug,SMARTPAY-588,[ibank] improve sending to NA,5/29/25,0.00h,,,,20.93h,,,,0.00h,142.33h,52.12h,,,,,,8036.52h,
Production bug,SMARTPAY-592,S3.3 - Transaction on corresponding account registered twice for RETURN payment,4/27/26,74.55h,166.97h,7123.93h,,194.10h,,,,742.93h,,,,,,,,49.80h,
,SMARTPAY-585,Provide application name in API header,6/9/25,0.00h,16.42h,,,,,,,7.55h,334.85h,240.05h,,,,,,7772.22h,
,SMARTPAY-584,[core-payment-batch-handler-data-manager] Improvements for Base Entity,5/15/25,0.52h,,,,,,,,0.00h,,,,,,,,8372.78h,
Production bug,SMARTPAY-583,[sepa-exchange] not needed sequence ID for DP table executed after restriction engine implementation,6/3/25,0.00h,,,45.17h,,,,,6.95h,194.32h,216.52h,,,,,,7914.18h,
,SMARTPAY-582,DB: create new error code for fraudulent transactions in TH schema and create mapping,5/14/25,16.08h,,,,,,,,0.97h,0.80h,6.62h,,,,,,8394.50h,
,SMARTPAY-581,DB: create new error_code (if payment type cannot be set to instant),5/15/25,18.23h,,,,,,,,1.22h,54.10h,,,,,,,8371.98h,
,SMARTPAY-580,[ibank]on the reloaded Ibank page - show message to customer,5/27/25,20.52h,,,,,,,,48.73h,147.27h,141.97h,,,,,,8088.63h,
,SMARTPAY-579,[sepa-exchange]Rejected outgoing instant payment made directly from List of Payment has wrong status,5/13/25,5.50h,,,,,,,,3.68h,18.85h,1.42h,,,,,,8419.27h,
,SMARTPAY-578,DB: create place to store mass payment priority,5/15/25,0.25h,20.80h,,,,,,,3.08h,46.85h,5.38h,0.00h,,,,,8372.48h,
,SMARTPAY-577,[sepa-exchange] restriction engine timeout error change log level to warning,5/12/25,0.22h,,,,,,,,64.07h,3.23h,,,,,,,8447.12h,
Production bug,SMARTPAY-576,[ibank] restriction engine list of payments error in logs,5/13/25,0.83h,,,,,,,,64.45h,29.65h,2.00h,,,,,,8418.70h,
,SMARTPAY-575,SMARTPAY-520 Rollback,5/13/25,0.00h,0.02h,,,,,,,67.45h,5.28h,19.70h,,,,,,8425.58h,
Production bug,SMARTPAY-574,[sepa-exchangeRT1EE] fix certificate alias in keystore for restriction engine connection,5/8/25,0.12h,,,,,,,,0.00h,,,,,,,,8539.37h,
,SMARTPAY-568,Setup access and grant permissions to Kafka,5/9/25,0.00h,,,,,,,,220.55h,,,,,,,,8515.60h,
,SMARTPAY-565,DB: implement data archiving,9/9/25,0.00h,,,,,,,,3292.58h,,,,,,,,5565.18h,
,SMARTPAY-564,[sepa-exchange] Restricted incoming instant payment is not findable in Forms Teller,,8881.77h,,,,,,,,,,,,,,,,,
,SMARTPAY-563,[sepa-exchange]Instant payment to a restricted customer gets rejected with wrong error code,4/24/25,18.80h,,,,,,,,,,,,,,,,,8881.32h
,SMARTPAY-562,3. Data manager: Create API to update batch and payment status,6/13/25,0.48h,811.93h,,,,,,,197.98h,195.18h,46.23h,,,,,,7675.82h,
,SMARTPAY-561,[Test] test fraud screening results from OFD broker,6/2/25,595.60h,0.00h,,,,,,,0.00h,0.00h,448.68h,30.90h,,,0.00h,,7945.40h,
,SMARTPAY-560,[sepa-exchange] Request for getting outgoing restriction data is done twice,4/23/25,142.40h,,,,,,,,,,,,,,,,,8901.42h
Production bug,SMARTPAY-566,IBank: Mass payment view is not visible,4/29/25,166.13h,91.77h,,,,,,,7.87h,15.80h,1.63h,,,,,,8760.93h,
,SMARTPAY-559,[sepa-exchange] Restricted Incoming instant payments have wrong status after their processing,4/24/25,162.47h,,,,,,,,,,,,,,,,,8881.93h
,SMARTPAY-557,"[sepa-exchange] server type cert will expire, connection to queues",4/28/25,167.12h,,,,,,,,3.38h,140.77h,4.95h,,,,,,8781.05h,
,SMARTPAY-553,Providing views for DWH,4/15/25,23.38h,,,,,,,,118.47h,2.13h,,,,,,,9098.28h,
,SMARTPAY-550,DB: Create extract to share with Pricing team,4/9/25,17.42h,,,,,,,,,,,,,,,,9242.30h,
,SMARTPAY-549,[ibank] Improvements of current fraud sending from list of payments page,5/8/25,473.25h,0.00h,,,101.32h,,,,97.42h,18.27h,32.60h,0.00h,,,,,8537.63h,
,SMARTPAY-545,Preparation for go-live,5/9/25,383.92h,0.00h,,,,,,,70.65h,262.12h,5.50h,25.68h,,,,,8516.67h,
,SMARTPAY-544,Testing and data loading coordination for DW,8/5/25,812.58h,,651.80h,,,,,,,0.00h,1485.27h,,,,,,6408.13h,
,SMARTPAY-543,[ibank]Getting restriction from restriction engine too fast causes instant payment progress popup not to be displayed,4/16/25,0.13h,,,,,,,,260.78h,26.65h,20.88h,,,,,,9070.88h,
,SMARTPAY-529,[sepa-exchange] order mtls certs and add to keystore,4/15/25,97.18h,,,,,,,,47.65h,285.52h,0.03h,,,,,,9093.90h,
,SMARTPAY-531,DB: create place to store ISO status reason codes,5/10/25,265.20h,0.00h,,,,,,,1.70h,52.80h,25.13h,692.95h,,,,,8491.25h,
Production bug,SMARTPAY-526,Ibank: Filtering in defined payment is not working,4/22/25,0.00h,43.00h,,,,,,,,,,,,,,,,9552.38h
,SMARTPAY-540,[2025:2.2-BPAY] DB: create tables for fraud screening and status report,4/23/25,68.55h,265.15h,0.98h,,,,,,191.35h,,,166.77h,,,,,8904.77h,
Production bug,SMARTPAY-523,"There is not possible to cancel payment in IBANK, <label id=""ee.hansa.bank.payments.PaymentValidationException:invalidPaymentStatus"">",4/2/25,1.00h,3.07h,,,0.05h,,,,92.18h,68.98h,52.13h,,,,,,9405.98h,
,SMARTPAY-541,7. Tracker: Update payment status and get actions,3/2/26,161.70h,265.12h,1110.58h,,,,,,175.72h,5008.87h,167.50h,1364.77h,,,,,1388.45h,
,SMARTPAY-532,10. Tracker: Initiate fraud screening request,2/13/26,161.85h,267.33h,892.98h,793.03h,,,,,61.30h,4059.95h,90.87h,1474.05h,,,,,1793.48h,
,SMARTPAY-522,[restriction-engine] logging to rest API timing,4/28/25,0.00h,,,,,,,,838.92h,3.58h,69.43h,,,,,,8780.93h,
Production bug,SMARTPAY-524,STAR: print transactions show misleading message,3/31/25,118.43h,,,,,,,,3.28h,1.32h,120.53h,,,,,,9452.17h,
,SMARTPAY-539,5. Data manager: Create API to get Payment file data,5/30/25,234.87h,267.23h,,,,,,,48.57h,380.43h,2.02h,818.48h,,,,,8012.30h,
Production bug,SMARTPAY-520,LV issue with beneficiary residence country and payment balance code,4/30/25,0.03h,172.47h,,41.88h,0.17h,,,,593.02h,185.48h,61.03h,,,,,,8737.07h,
,SMARTPAY-518,[DB] Domestic Payments - Outgoing search - preset search changes,4/11/25,1.95h,,,,,,,,502.20h,1.45h,102.77h,,,,,,9187.07h,
Production bug,SMARTPAY-519,Beneficiary bank name is not retrieved from the system for SEPA cross border payments in STAR,4/3/25,90.42h,,,0.02h,,,,0.15h,164.38h,169.58h,48.97h,,,,,,9385.82h,
,SMARTPAY-517,[DB] create new error codes for restriction engine support,3/17/25,0.10h,,,,,,,,68.50h,6.52h,1.17h,,,,,,9785.95h,
Production bug,SMARTPAY-516,Mass payments: user without spec right can see mass payment,4/2/25,0.00h,237.50h,,,,,,,7.97h,95.48h,119.62h,,,,,,9403.38h,
Production bug,SMARTPAY-514,[STAR - light-java] missing payment information on printing before Authorization,,9909.38h,,,,,,,,,,,,,,,,,
Production bug,SMARTPAY-513,Lexus db archiving error (def_payments_log table),3/20/25,0.07h,,,,,,,,0.68h,43.52h,,,,,,,9912.77h,
,SMARTPAY-512,STAR: in PDF payer's address should not be printed for European payment in LT,3/13/25,0.05h,23.63h,,,,,,,31.20h,0.02h,22.83h,,,,,,9883.07h,
Production bug,SMARTPAY-511,[MT101] Transaction cannot be created to IDXOLV22 incoming MT101,3/21/25,0.00h,140.83h,,,,,,,3.62h,21.62h,168.52h,,,,,,9696.75h,
,SMARTPAY-510,Update automated regression test with IPR Instant payment blocking test cases,,10056.05h,,,,,,,,,,,,,,,,,
,SMARTPAY-509,Order TEST server and DB,4/11/25,530.88h,,,,,,,,358.03h,,,,,,,,9194.45h,
,SMARTPAY-534,9. [Blocker for VDE19-86] Tracker: Create Kafka topic to send fraud screening request to BH worker,6/11/25,666.00h,267.27h,,21.52h,,,,,358.42h,217.30h,53.28h,889.13h,,,,,7722.08h,
,SMARTPAY-535,8. Tracker: Initiate status report creation,2/17/26,666.08h,267.22h,989.97h,793.02h,,,,,38.45h,4112.80h,38.27h,1540.80h,,,,,1700.48h,
,SMARTPAY-537,2. [Blocker for VDE19-86] Data manager: Create API to store fraud screening request,5/7/25,666.60h,267.13h,,,,,,,239.05h,51.68h,24.60h,407.22h,,,,,8515.35h,
,SMARTPAY-542,1. [Blocker for VDE19-271] Data manager: Create API to store status report information,5/7/25,667.78h,267.05h,,,,,,,82.62h,282.57h,0.42h,327.58h,,,,,8568.80h,
,SMARTPAY-533,4. Data manager: Create API to update payment status and check if response is needed,12/1/25,695.80h,267.00h,3032.90h,89.25h,,,,,636.83h,247.97h,944.88h,739.77h,,,,,3570.42h,
,SMARTPAY-538,1. Create worker-payment-batch-handler-tracker application,5/16/25,695.92h,264.78h,,,,,,,137.85h,0.17h,,839.70h,,,,,8262.55h,
,SMARTPAY-536,6. [Blocker for VDE19-271] Tracker: Create Kafka topic to request status report creation,5/30/25,695.95h,264.97h,256.93h,0.28h,,,,,148.75h,148.25h,1.53h,695.77h,,,,,8012.53h,
,SMARTPAY-499,STAR: wrong PDF printed for international payments in LT and EE,3/12/25,0.00h,140.68h,,108.28h,,,,,170.45h,2.08h,36.28h,0.90h,,,,,9906.07h,
,SMARTPAY-498,[DB] create new column in PAYMENTS schema,2/26/25,93.88h,,,,,,,0.05h,0.00h,24.05h,0.08h,,,,,,10249.50h,
,SMARTPAY-497,[sepa-exchange] create API pool for connecting to MDM,3/21/25,23.78h,,,,,,,,424.07h,216.58h,32.03h,,,,,,9688.78h,
,SMARTPAY-546,DB: create new error code for fraudulent transactions,4/17/25,1127.47h,0.00h,,,,,,,0.00h,52.57h,2.73h,162.20h,,,,,9043.07h,
,SMARTPAY-496,Open firewalls for Kafka - PROD,9/18/25,0.02h,0.00h,,,,,,,2.22h,,,5038.42h,,,,,5350.90h,
,SMARTPAY-495,STAR: cross-border SEPA printout has beneficiary address twice in LT,2/25/25,0.00h,23.88h,,,,,,,2.47h,117.07h,7.35h,,,,,,10266.10h,
,SMARTPAY-493,Setup DB changes deployment in application.,4/22/25,4.73h,,,,,,,,520.27h,,,,,,,,10083.42h,
,SMARTPAY-492,Decimal places not displayed if amount for defined payment is a whole number,2/21/25,171.65h,70.80h,,,,,,,0.00h,23.38h,0.12h,,,,,,10365.33h,
,SMARTPAY-491,[payment-order-validator] Perform analysis of existing validations in Java and Oracle procedures,4/22/25,0.00h,,,,,,,,597.80h,18.50h,,,,,,,10081.85h,
Production bug,SMARTPAY-490,Pagination feature layout,2/26/25,287.63h,,,,2.18h,,,,44.07h,98.88h,43.38h,,,,,,10247.90h,
Production bug,SMARTPAY-489,DB: Error in PVRT0034 step in LV_ARCH,2/10/25,0.00h,0.78h,,,,,,,0.47h,94.28h,0.67h,,,,,,10633.07h,
Production bug,SMARTPAY-488,Wrong tab name in domestic defined payment form LV,2/11/25,42.82h,,,,,,,,4.10h,67.52h,29.88h,,,,,,10603.17h,
,SMARTPAY-487,Create DB structure,3/31/25,812.77h,,,,,,,,625.05h,,,,,,,,9458.33h,
,SMARTPAY-486,Configure DB,4/22/25,1008.38h,,,,,,,,,,,,,,,,,9887.78h
,SMARTPAY-485,Order DEV server and DB,3/5/25,812.82h,,,,,,,,,,,,,,,,10083.37h,
,SMARTPAY-484,"Open firewalls for Kafka - TEST, DEV",2/20/25,341.90h,,118.33h,,,,,,44.63h,0.00h,0.00h,,,,,,10391.53h,
,SMARTPAY-478,Provide option of regular payment,4/22/25,1534.80h,,,,,,,,,,,,,,,,,9384.85h
,SMARTPAY-472,Analyze business requirements of Temporary block for IP,3/31/25,383.73h,,,,498.28h,,,,0.00h,170.15h,429.40h,,,,,,9457.57h,
,SMARTPAY-480,[ibank-standing-massPayments list] check for vulnerability,4/17/25,504.93h,0.00h,,,0.00h,,,,333.20h,525.07h,23.30h,628.57h,,,,,9049.98h,
,SMARTPAY-482,[ibank-standing-e-invoices] check for vulnerability,10/3/25,504.95h,0.00h,,,0.00h,,,,,,,5567.08h,,,,,4993.07h,
,SMARTPAY-481,[ibank-standing-orders] check for vulnerability,4/17/25,504.97h,0.00h,,,0.00h,,,,124.15h,190.48h,23.60h,1172.20h,,,,,9049.68h,
,SMARTPAY-479,[ibank-list-of-payments] check for vulnerability,4/3/25,504.98h,0.00h,,,0.00h,,,,71.15h,,,1101.03h,,,,,9387.93h,
,SMARTPAY-471,S-3.2. Implement monitoring solution for restriction engine,6/30/25,1201.23h,0.00h,,,,,,,265.33h,241.42h,0.98h,2112.42h,,,,,7267.87h,
,SMARTPAY-470,[sepa-exchange] implement restriction-engine for Instant payment,4/17/25,696.45h,119.33h,,24.60h,,,,,556.48h,67.08h,581.62h,,,,,,9043.70h,
,SMARTPAY-468,Stop archiving def_mk table in LT and EE,1/24/25,0.02h,17.67h,,,,,,,0.00h,49.75h,0.03h,,,,,,11039.90h,
,SMARTPAY-469,Create database for Batch handler,4/22/25,1248.72h,,,,,,,,,,,,,,,,,9887.75h
,SMARTPAY-467,Performance issues while querying data for cart of payments/GIRO payment part,4/22/25,96.80h,,,,,,,,,,,,,,,,,11040.10h
,SMARTPAY-466,DB: update payment_bookmark table to use new def_payment ids in LT,1/24/25,0.02h,18.32h,,,,,,,0.43h,120.98h,45.42h,,,,,,11040.13h,
,SMARTPAY-465,[core-payment-order-validator] create DB user AND ROLE,2/3/25,336.82h,,,,,,,,93.73h,0.00h,0.00h,,,,,,10797.08h,
,SMARTPAY-464,[core-payment-order-validator] configure DB pool connections,2/3/25,0.05h,,,,,,,,455.82h,0.00h,0.00h,,,,,,10797.03h,
,SMARTPAY-463,[core-payment-order-validator] alert grafana,1/15/25,3.20h,,,,,,,,,,,,,,,,11253.12h,
,SMARTPAY-461,[core-payment-order-validator] configure certificates for PROD,2/3/25,0.28h,,,,,,,,575.60h,0.00h,0.00h,,,,,,10797.08h,
,SMARTPAY-459,"Remove sysglobal from code - ibank, STAR",1/16/25,0.02h,,,,,,,,0.00h,95.78h,78.67h,,,,,,11225.83h,
Production bug,SMARTPAY-458,[ibank]penetration finding FIN0002084,3/7/25,164.03h,,,160.32h,,,,,725.17h,165.73h,99.43h,78.10h,,,,,10027.85h,
,SMARTPAY-457,[core-payment-order-validator] configure application certs test and dev,1/10/25,0.02h,,,,,,,,47.77h,0.00h,0.00h,,,,,,11373.23h,
,SMARTPAY-456,[core-payment-order-validator] configure certificates for DEV TEST,1/8/25,2.77h,,,,,,,,,,,,,,,,11421.50h,
Production bug,SMARTPAY-455,"[ibank]penetration finding FIN0002082, FIN0002080, FIN0002081, FIN0002083",3/11/25,0.07h,,,1.78h,,,,,700.17h,229.60h,243.55h,319.07h,,,,,9930.80h,
Production bug,SMARTPAY-443,[ibank] SmartForm CorporatePaymentException:invalidAction,2/19/26,0.05h,,,,,,,,958.98h,0.00h,0.00h,10536.32h,,,,,0.00h,
,SMARTPAY-441,iBank: Missing translations for defined payments filtering button,12/18/24,0.32h,,,,,,,,0.88h,1.00h,1.75h,,,,,,11922.95h,
,SMARTPAY-440,Request VPN3 access,1/3/25,19.82h,,,,,,,,0.93h,0.00h,0.00h,,,,378.65h,,11545.90h,
,SMARTPAY-438,DB: fix lexus db def_payments_log archiving,12/18/24,0.55h,0.00h,,,,,,,0.05h,137.97h,23.85h,0.00h,,,,,11929.20h,
,SMARTPAY-437,Update sysglobal PAYMENT_HIGH_RISK_PRICING_DATE,12/12/24,0.00h,0.78h,,,,,,,,,,120.02h,,,46.42h,,12073.72h,0.00h
Production bug,SMARTPAY-442,Manipulating payment ID value for mass payment link in list of payments allows to see other customer mass payment data,2/21/25,354.25h,0.02h,,91.18h,,,,,880.37h,237.23h,92.73h,234.20h,,,,,10368.32h,
,SMARTPAY-436,STAR using wrong PDF blank for domestic payments (with sysglobal SINGLE FORM ON),2/10/25,408.93h,,1107.12h,,,,,,68.38h,0.10h,103.20h,,,,,,10625.10h,
,SMARTPAY-435,DB: technical preparation for defined payments migration,12/5/24,0.28h,0.00h,,,,,,,1.22h,122.50h,23.18h,0.00h,,,,,12238.40h,
,SMARTPAY-434,[payment-order-validator][andromeda repo] local active profile,12/17/24,365.02h,0.00h,,,,,,,94.08h,0.00h,0.00h,0.00h,,,,,11950.25h,
,SMARTPAY-433,[payment-order-validator] [andromeda] need to cteate first commit to repository,12/12/24,336.20h,0.00h,,,,,,,0.00h,0.00h,0.00h,0.00h,,,,,12073.75h,
,SMARTPAY-432,[payment-order-validator][jira task] create component id for new application,1/15/25,342.28h,0.00h,461.75h,,,,,,349.00h,,,0.00h,,,,,11256.75h,0.18h
,SMARTPAY-431,[payment-order-validator][andromeda tasks] create repository for application,12/12/24,172.20h,0.00h,,,,,,,70.80h,0.00h,0.00h,93.28h,,,,,12073.73h,
,SMARTPAY-426,"[DB] :[SINGLE FORM ON] Print Transactions, update PDFs used for EU cross-border payments",4/22/25,0.08h,0.00h,,,,,,,24.92h,,,0.00h,,,,,,12454.42h
,SMARTPAY-425,S5.3. - ibank: remove curtain of listed bank defined payments,12/10/24,0.00h,137.65h,,,,,,,50.42h,263.38h,3.72h,0.00h,,,,,12115.98h,
,SMARTPAY-427,Aleksej task - send additional parameter of payment type,4/22/25,121.47h,0.00h,,,0.00h,,,,46.42h,,,29.32h,,,,,,12403.70h
,SMARTPAY-418,Beneficiary´s residence country is Latvia in Smart form (LV),12/4/24,89.35h,0.00h,,,,,,,71.13h,150.85h,142.57h,0.00h,,,,,12260.15h,
,SMARTPAY-422,Create NameSpace,1/30/25,1845.48h,,,,,,,,,,,,,,,,10896.38h,
,SMARTPAY-421,Onboarding to Andromeda,2/17/25,2014.60h,,,,,,,,148.08h,18.67h,0.00h,,,,,,10461.58h,98.90h
,SMARTPAY-420,Onboarding to CI/CD,1/30/25,1845.47h,,,,,,,,,,,,,,,,10896.40h,
,SMARTPAY-423,Create BitBucket repository,4/22/25,1611.38h,,,,,,,,407.48h,162.50h,,,,,,,,10560.50h
,SMARTPAY-419,Order firewall openings,1/30/25,1845.43h,,,,,,,,,,,,,,,,10896.47h,
,SMARTPAY-417,[CORE DB] Backup Restore testing for Instant Payments Baltic (W871),11/21/24,192.95h,0.00h,,,,,,,,0.00h,0.38h,0.00h,,,,,12572.47h,
,SMARTPAY-416,[CORE DB] Backup Restore testing for SEPA Payments Baltic (W668),11/21/24,193.18h,0.00h,,,,,,,,0.00h,0.28h,0.00h,,,,,12572.57h,
,SMARTPAY-415,[CORE DB] Backup Restore testing for Giro Payments (W718),11/21/24,193.52h,0.00h,,,,,,,,0.00h,0.18h,0.00h,,,,,12572.68h,
Production bug,SMARTPAY-414,Error in Domestic payment form Beneficiary name,11/26/24,4.75h,0.00h,,,71.33h,,,,95.87h,70.02h,93.05h,0.00h,,,,,12455.48h,
Production bug,SMARTPAY-413,Payment file gets technical error upon uploading to iBank,11/13/24,0.08h,16.82h,,,,,,,23.98h,0.62h,4.42h,0.00h,,,,,12763.92h,
,SMARTPAY-410,"[DB - LV,EE] fix procedure for domestic payments creation",11/12/24,17.88h,0.00h,,,,,,,1.83h,0.00h,0.00h,0.00h,,,,,12792.05h,
,SMARTPAY-547,Represent stopped fraudulent payment,5/14/25,3552.90h,0.00h,,,,,,,219.57h,2.37h,169.40h,474.27h,,,,,8394.85h,
,SMARTPAY-548,handle fraud screening results from OFD broker,5/14/25,3554.08h,0.00h,,,,,,,212.12h,0.87h,31.63h,621.57h,,,,,8394.10h,
,SMARTPAY-409,"iBank - Unstructured address country appeared for Correspondent bank, Intermediary bank",11/13/24,0.02h,0.00h,,,,,,,26.48h,3.52h,23.75h,64.93h,,,,,12763.78h,
,SMARTPAY-407,"[DB - LV,EE] fix procedure for domestic standing order creation and view",11/12/24,13.25h,0.00h,,,,,,,96.45h,0.85h,0.00h,0.00h,,,,,12793.38h,
Production bug,SMARTPAY-406,[ibank] High risk PEN finding on payments List - FIN0002037,12/3/24,0.00h,0.00h,,,,,,,472.95h,53.25h,121.70h,0.00h,,,,,12282.90h,
Production bug,SMARTPAY-405,STAR bug in initiating MT941/942 statements. last chosen time disappears.,11/13/24,0.00h,20.30h,,0.43h,,,,,9.45h,119.25h,44.40h,0.00h,,,,,12762.35h,
Production bug,SMARTPAY-404,[ibank] High risk PEN finding on einvoices - FIN0002036,11/28/24,0.02h,0.00h,,,0.00h,,,,81.48h,332.17h,167.15h,0.00h,,,,,12404.62h,
,SMARTPAY-403,Vulanarabilities CVE-2023-20873 spring-boot-actuator-autoconfigure,3/24/26,0.00h,0.00h,5504.53h,,0.00h,,,,6718.65h,,,0.00h,,,,,857.63h,
,SMARTPAY-402,Vulnerabilities CVE-2023-2976 and CVE-2020-8908 with Guava,12/20/24,0.00h,0.00h,,,,,,,479.70h,0.00h,24.28h,717.55h,,,,,11879.70h,
,SMARTPAY-401,S5.3. - iBank: defined and bank defined menu should be visible in menu list (with no functionality inside them),12/12/24,0.00h,19.80h,,1.95h,,,,,42.48h,436.47h,43.48h,534.43h,,,,,12070.45h,
,SMARTPAY-400,DB: create package for defined payments new table,10/30/24,0.05h,0.00h,,,,,,,118.77h,26.07h,0.02h,0.00h,,,,,13104.78h,
,SMARTPAY-399,[EPE] Outgoing payment fee - counterparty country indicator,10/31/24,0.15h,0.00h,,,,,,,0.45h,15.63h,217.23h,0.00h,,,,,13081.22h,
,SMARTPAY-398,[DB] Outgoing payment fee - standing orders,10/31/24,18.43h,0.00h,,,,,,,0.07h,0.20h,216.93h,0.00h,,,,,13081.22h,
,SMARTPAY-397,"STAR-LIGHJAVA :[SINGLE FORM ON] Print Transactions, update PDFs used for EU cross-border payments",12/2/24,0.00h,0.00h,,100.73h,,,,,579.90h,140.23h,287.88h,0.00h,,,,,12307.42h,
,SMARTPAY-396,STAR: [SINGLE FORM ON] Foreign payments update PDFs used for EU cross-border payments,11/11/24,0.00h,0.00h,,,,,,,25.93h,339.45h,233.78h,0.00h,,,,,12817.37h,
,SMARTPAY-424,IBAN & Name Check reject code change,1/10/25,0.40h,1182.10h,,,,,,,0.77h,70.27h,517.45h,470.05h,,,,,11364.05h,
,SMARTPAY-393,CVUL0056490,3/24/26,12800.58h,,,,,,,,,,,,,,,,857.67h,
,SMARTPAY-392,CVUL0058619,1/13/25,2360.10h,,,,,,,,,,,,,,,,11298.15h,
,SMARTPAY-391,CVUL0056419,3/24/26,12800.58h,,,,,,,,,,,,,,,,857.68h,
,SMARTPAY-390,CVUL0058656,3/24/26,12800.58h,,,,,,,,,,,,,,,,857.68h,
,SMARTPAY-388,CVUL0056148,3/24/26,12800.58h,,,,,,,,,,,,,,,,857.70h,
,SMARTPAY-387,commons-text library vulnerability CVUL0056054,10/30/24,219.97h,0.00h,,,0.00h,,,,69.85h,265.20h,0.00h,0.00h,,,,,13103.25h,
,SMARTPAY-386,Hsqldb library vulnerability CVUL0056752,10/30/24,267.67h,0.00h,,,,,,,1.55h,285.80h,0.00h,0.00h,,,,,13103.23h,
,SMARTPAY-385,CVUL0056194,3/24/26,12800.57h,,,,,,,,,,,,,,,,857.70h,
,SMARTPAY-384,CVUL0057322,3/24/26,12800.57h,,,,,,,,,,,,,,,,857.72h,
,SMARTPAY-383,CVUL0056171,3/24/26,12800.55h,,,,,,,,,,,,,,,,857.72h,
,SMARTPAY-382,CVUL0056426,3/24/26,12800.53h,,,,,,,,,,,,,,,,857.75h,
,SMARTPAY-381,CVUL0056316,3/24/26,12800.60h,,,,,,,,,,,,,,,,857.77h,
,SMARTPAY-380,CVUL0056617,3/24/26,12800.58h,,,,,,,,,,,,,,,,857.77h,
,SMARTPAY-379,CVUL0056121,3/24/26,12800.58h,,,,,,,,,,,,,,,,857.77h,
,SMARTPAY-378,CVUL0056075,3/24/26,12800.58h,,,,,,,,,,,,,,,,857.78h,
,SMARTPAY-377,CVUL0056058,3/24/26,12800.58h,,,,,,,,,,,,,,,,857.78h,
,SMARTPAY-376,jackson-databind library vulnerability CVUL0056645,11/12/24,553.90h,0.00h,,,,,,,,311.35h,0.00h,0.00h,,,,,12793.12h,
,SMARTPAY-375,jackson-databind library vulnerability CVUL0056861,11/12/24,553.90h,0.00h,,,,,,,,311.35h,0.00h,0.00h,,,,,12793.12h,
,SMARTPAY-374,jackson-databind library vulnerability CVUL0056398,11/12/24,553.90h,0.00h,,,,,,,,311.37h,0.00h,0.00h,,,,,12793.10h,
,SMARTPAY-373,jackson-databind library vulnerability CVUL0056397,11/12/24,553.92h,0.00h,,,,,,,,311.35h,0.00h,0.00h,,,,,12793.12h,
,SMARTPAY-372,CVUL0056256,3/24/26,12800.60h,,,,,,,,,,,,,,,,857.80h,
,SMARTPAY-371,CVUL0056362,3/24/26,12800.60h,,,,,,,,,,,,,,,,857.80h,
,SMARTPAY-370,jackson-databind library vulnerability CVUL0056349,11/12/24,553.92h,0.00h,,,,,,,,311.37h,0.00h,0.00h,,,,,12793.12h,
,SMARTPAY-369,jackson-databind library vulnerability CVUL0057047,11/12/24,553.92h,0.00h,,,,,,,,311.37h,0.00h,0.00h,,,,,12793.12h,
,SMARTPAY-368,CVUL0056821,3/24/26,12800.60h,,,,,,,,,,,,,,,,857.82h,
,SMARTPAY-367,CVUL0056047,3/24/26,12800.60h,,,,,,,,,,,,,,,,857.82h,
,SMARTPAY-366,CVUL0056934,3/24/26,12800.58h,,,,,,,,,,,,,,,,857.83h,
,SMARTPAY-365,CVUL0056217,3/24/26,12800.58h,,,,,,,,,,,,,,,,857.83h,
,SMARTPAY-364,CVUL0056996,3/24/26,12800.57h,,,,,,,,,,,,,,,,857.85h,
,SMARTPAY-363,CVUL0056146,3/24/26,12800.57h,,,,,,,,,,,,,,,,857.85h,
,SMARTPAY-362,CVUL0056138,3/24/26,12800.57h,,,,,,,,,,,,,,,,857.87h,
,SMARTPAY-361,CVUL0056137,3/24/26,12800.55h,,,,,,,,,,,,,,,,857.87h,
,SMARTPAY-360,CVUL0056216,3/24/26,12800.55h,,,,,,,,,,,,,,,,857.88h,
,SMARTPAY-359,CVUL0056439,3/24/26,12800.53h,,,,,,,,,,,,,,,,857.90h,
,SMARTPAY-358,CVUL0056462,3/24/26,12800.50h,,,,,,,,,,,,,,,,857.93h,
,SMARTPAY-357,CVUL0056470,3/24/26,12800.50h,,,,,,,,,,,,,,,,857.95h,
,SMARTPAY-356,CVUL0056266,3/24/26,12800.47h,,,,,,,,,,,,,,,,857.97h,
,SMARTPAY-355,CVUL0056163,3/24/26,12800.45h,,,,,,,,,,,,,,,,858.00h,
,SMARTPAY-354,CVUL0057236,3/24/26,12800.43h,,,,,,,,,,,,,,,,858.02h,
,SMARTPAY-353,CVUL0056028 com.thoughtworks.xstream_xstream version 1.4.14 has 32 vulnerabilities,11/1/24,167.82h,0.00h,,,,,,,167.73h,271.85h,0.00h,0.00h,,,,,13051.00h,0.03h
,SMARTPAY-352,CVUL0056026,3/24/26,12800.47h,,,,,,,,,,,,,,,,858.02h,
,SMARTPAY-348,"STAR-LIGHJAVA :[SINGLE FORM OFF] Print Transactions, update PDFs used for EU cross-border payments",10/17/24,0.00h,0.00h,,0.18h,,,,,95.98h,201.97h,116.23h,0.00h,,,,,13411.28h,
Production bug,SMARTPAY-428,[REGR] Payment should fail in case bank-components decide to rollback transaction,12/16/24,1437.10h,32.42h,,,,,,,161.38h,191.00h,95.38h,1.70h,,,,,11973.08h,
Production bug,SMARTPAY-347,No any pricelists are visible in STAR (Administrative - Pricing - Product administration),9/26/24,1.67h,0.00h,,,,,,,0.55h,0.60h,0.53h,0.00h,,,,,13916.97h,
,SMARTPAY-346,STAR: use the same PDF for both foreign and domestic SOA in EE,10/8/24,19.23h,0.00h,,,,,,,118.90h,,,169.10h,,,,,,13633.47h
Test,SMARTPAY-326,"[iBank] Non-SEPA payment that is pending for funds, High risk enabled, funds received to make the payment (IBAN, Clearing code, Unstructured address)",11/21/24,1745.18h,0.00h,,,0.00h,,,,,,,,,,,,12577.50h,
Test,SMARTPAY-325,"[iBank] SEPA payment that is pending for funds, High risk enabled, funds received to make the payment (IBAN, Clearing code, Unstructured address)",11/21/24,1745.20h,,,,,,,,,,,,,,,,12577.52h,
Test,SMARTPAY-324,"[iBank] Non-SEPA payment with future value date, High risk enabled before execution (IBAN, Clearing code, Unstructured address)",11/21/24,1745.25h,,,,,,,,,,,,,,,,12577.47h,
Test,SMARTPAY-323,"[iBank] SEPA payment with future value date, High risk enabled before execution (IBAN, Clearing code, Unstructured address)",11/21/24,1745.20h,,,,,,,,,,,,,,,,12577.52h,
Test,SMARTPAY-322,"[iBank] Non-SEPA payment created before High risk enabled, manual payment execution after High risk enabled (IBAN, Clearing code, Unstructured address)",11/21/24,1745.20h,,,,,,,,,,,,,,,,12577.53h,
Test,SMARTPAY-321,"[iBank] SEPA payment created before High risk enabled, manual payment execution after High risk enabled (IBAN, Clearing code, Unstructured address)",11/21/24,1745.20h,,,,,,,,,,,,,,,,12577.53h,
Test,SMARTPAY-320,"[iBank] Non-SEPA payment with High risk country enabled, country not on the High risk countries list (IBAN, Clearing code, Unstructured address)",11/21/24,1745.20h,,,,,,,,,,,,,,,,12577.53h,
Test,SMARTPAY-319,"[iBank] SEPA payment with High risk country enabled, country not on the High risk countries list (IBAN, Clearing code, Unstructured address)",11/21/24,1745.20h,,,,,,,,,,,,,,,,12577.53h,
Test,SMARTPAY-318,"[iBank] Non-SEPA payment with High risk country enabled, specific High risk country selected (IBAN, Clearing code, Unstructured address)",11/21/24,1745.20h,,,,,,,,,,,,,,,,12577.53h,
Test,SMARTPAY-317,"[iBank] SEPA payment with High risk country enabled, specific High risk country selected (IBAN, Clearing code, Unstructured address)",11/21/24,1745.20h,,,,,,,,,,,,,,,,12577.53h,
Production bug,SMARTPAY-315,User gets Technical error during creation of payment report in STAR,9/19/24,26.05h,0.00h,,,,,,,455.50h,358.07h,29.48h,0.00h,,,,,14082.78h,
,SMARTPAY-313,[iBank]Overwriting payment details in salary payment from list of payments makes payment deletion not possible,8/13/24,3.88h,0.00h,,,,,,,,16.95h,5.08h,0.00h,,,,,14972.78h,
Production bug,SMARTPAY-312,Ibank: mass defined payment - tech error when details of one or more beneficiaries were corrected,8/13/24,64.55h,0.00h,,,,,,,3.07h,1.38h,21.38h,0.00h,,,,,14976.82h,
Production bug,SMARTPAY-311,[Ibank] Mass payment details can not be overwritten in mass payments Edit page,8/9/24,0.00h,0.53h,,,,,,,1.22h,3.58h,0.62h,0.00h,,,,,15066.05h,
Production bug,SMARTPAY-310,Ibank: overwriting issue on creating consolidated payment,8/9/24,1.03h,0.00h,,,,,,,11.30h,0.43h,7.52h,0.00h,,,,,15066.70h,
,SMARTPAY-309,Ibank: overwriting issue on creating consolidated payment,8/8/24,0.02h,,,,,,,,,,,,,,,,,15087.23h
Production bug,SMARTPAY-308,Beneficiary does not open in mass payment opened from payment list,8/14/24,0.05h,0.00h,,,,,,,13.98h,103.17h,23.92h,0.00h,,,,,14946.73h,
Production bug,SMARTPAY-307,ibank: issue on creating consolidated payment and defined consolidated payment,8/8/24,3.67h,0.00h,,,,,,,2.47h,2.18h,0.38h,0.00h,,,,,15087.32h,
Production bug,SMARTPAY-306,EE: in group account statement .csv file format shows ? instead of -,8/5/24,2.32h,0.68h,,,,,,,2.67h,0.55h,163.72h,66.82h,,,,,15170.42h,
,SMARTPAY-304,[iso-exchange] fix logread batch openshift timezone,8/19/24,0.15h,0.00h,,,,,,,0.20h,623.43h,0.00h,0.00h,,,,,14832.27h,
,SMARTPAY-303,Ibank: issue on creating consolidated payment,8/5/24,2.88h,20.10h,,,1.15h,,,,263.80h,0.33h,4.42h,0.43h,,,,,15164.47h,
,SMARTPAY-305,International (not EUR) payment does not work from List of payments,7/26/24,0.02h,44.45h,,,,,,,2.20h,4.10h,20.98h,0.15h,,,,,15405.60h,
Production bug,SMARTPAY-302,[iso-exchange] 2024.07.22 errors about missing connections in PROD,8/21/24,0.05h,0.62h,,,,,,,697.03h,0.10h,0.07h,0.00h,,,,,14784.50h,
Production bug,SMARTPAY-301,LV Fidavista account statement - Incoming European payment TypeCode,7/24/24,0.00h,5.23h,,,15.70h,,,,20.40h,0.10h,3.52h,0.00h,,,,,15454.00h,
,SMARTPAY-300,CVUL0050164,9/3/24,1104.97h,,,,,,,,,,,,,,,,14472.70h,
,SMARTPAY-299,CVUL0050167,9/3/24,1104.97h,,,,,,,,,,,,,,,,14472.70h,
Production bug,SMARTPAY-296,[iBank] domestic payment signing technical error,8/12/24,0.00h,20.22h,,,0.55h,,,,313.00h,20.95h,0.00h,263.83h,,,,,0.35h,15002.25h
,SMARTPAY-295,[open-banking] Outgoing payment fee - counterparty country indicator,10/23/24,0.00h,0.00h,,,,,,,18.15h,2163.93h,189.82h,0.00h,,,,,13272.25h,
Test,SMARTPAY-291,Displaying beneficiary bank's unstructured address country in Authorise FPO form,7/10/24,0.07h,,,,,,,,,,,,,,,,15790.18h,
Spike,SMARTPAY-289,[ISO Exchange] Incoming payments got lost due to ISO Exchange pod restart,7/18/24,161.97h,,,,,,,,,,,,,,,,15626.30h,
Test,SMARTPAY-288,Beneficiary bank's unstructured address country validation in foreign standing order form,7/9/24,0.67h,,,,,,,,,,,,,,,,15813.65h,
,SMARTPAY-285,[SGW] Outgoing payment fee - counterparty country indicator,10/31/24,0.13h,0.00h,,,,,,,47.57h,1828.65h,861.50h,0.00h,,,,,13080.55h,
Production bug,SMARTPAY-314,[EPE LV] Payment in repeater is processed by two nodes simultaneously,,15.25h,986.28h,,,,,,,14443.48h,,,390.75h,,,,,,
Test,SMARTPAY-284,Beneficiary bank's unstructured address country validation in foreign payment form,7/8/24,0.27h,,,,,,,,,,,,,,,,15836.48h,
Test,SMARTPAY-283,Beneficiary bank's unstructured address country validation in predefined foreign payment form,7/8/24,0.23h,,,,,,,,,,,,,,,,15836.92h,
,SMARTPAY-677,H0158 error is missing in dp_error table,8/15/25,8741.53h,978.95h,,,,,,,0.18h,27.38h,0.17h,,,,,,6165.15h,
,SMARTPAY-280,[payment-services]CVUL0010162 - DEMO,9/3/24,1457.18h,,,,,,,,,,,,,,,,14473.05h,
,SMARTPAY-279,[iso-exchange]CVUL0013881,7/18/24,330.15h,,,,,,,,,,,,,,,,15600.08h,
,SMARTPAY-278,[payment-monitor namespace prometheus/alertmanager] CVUL0034158,6/27/25,8589.27h,,,,,,,,,,,,,,,,7340.97h,
,SMARTPAY-277,[payment-monitor namespace prometheus/alertmanager] CVUL0034820 - ON HOLD,3/24/26,15072.60h,,,,,,,,,,,,,,,,857.65h,
,SMARTPAY-276,[payment-monitor namespace prometheus/alertmanager]CVUL0034715,9/3/24,330.12h,,,,,,,,,,,,,,,,14472.90h,1127.23h
,SMARTPAY-275,[payment-monitor namespace prometheus/alertmanager]CVUL0034487 - ON HOLD,3/24/26,15072.62h,,,,,,,,,,,,,,,,857.65h,
Test,SMARTPAY-274,Beneficiary bank unstructured address country validation in list of payments,7/5/24,23.02h,,,,,,,,,,,,,,,,15910.23h,
Test,SMARTPAY-273,[pain.001]Beneficiary bank's unstructured address country is required when other information is not present,7/4/24,0.50h,,,,,,,,,,,,,,,,15933.42h,
,SMARTPAY-263,[TPH] CVUL0015160,7/1/24,314.22h,,,,,,,,,,,,,,,,16002.43h,
,SMARTPAY-262,[TPH] CVUL0045923,7/1/24,314.22h,,,,,,,,,,,,,,,,16002.43h,
,SMARTPAY-261,[TPH] CVUL0045991,7/1/24,314.22h,,,,,,,,,,,,,,,,16002.43h,
,SMARTPAY-260,[TPH] CVUL0011895,7/1/24,314.22h,,,,,,,,,,,,,,,,16002.43h,
,SMARTPAY-259,[TPH] CVUL0031062,7/1/24,314.22h,,,,,,,,,,,,,,,,16002.43h,
,SMARTPAY-258,[TPH] CVUL0014575,7/1/24,314.23h,,,,,,,,,,,,,,,,16002.43h,
,SMARTPAY-257,[TPH] CVUL0045776,7/1/24,314.25h,,,,,,,,,,,,,,,,16002.43h,
,SMARTPAY-256,[TPH] CVUL0045838,7/1/24,314.25h,,,,,,,,,,,,,,,,16002.43h,
,SMARTPAY-255,[TPH] CVUL0045872,7/1/24,314.25h,,,,,,,,,,,,,,,,16002.43h,
,SMARTPAY-254,[TPH] CVUL0045882,7/1/24,314.25h,,,,,,,,,,,,,,,,16002.43h,
,SMARTPAY-253,[TPH] CVUL0045819,7/5/24,402.22h,,,,,,,,,,,,,,,,15914.50h,
,SMARTPAY-252,[TPH] CVUL0045748,7/5/24,402.22h,,,,,,,,,,,,,,,,15914.50h,
,SMARTPAY-251,[TPH] CVUL0045959,7/5/24,402.23h,,,,,,,,,,,,,,,,15914.50h,
,SMARTPAY-250,[TPH] CVUL0045754,7/5/24,402.23h,,,,,,,,,,,,,,,,15914.50h,
,SMARTPAY-249,[TPH] CVUL0048056,7/5/24,402.23h,,,,,,,,,,,,,,,,15914.50h,
,SMARTPAY-248,[TPH] CVUL0045931,7/5/24,402.23h,,,,,,,,,,,,,,,,15914.50h,
,SMARTPAY-247,[TPH] CVUL0046004,7/5/24,402.23h,,,,,,,,,,,,,,,,15914.50h,
,SMARTPAY-246,[TPH] CVUL0045924,7/5/24,402.25h,,,,,,,,,,,,,,,,15914.50h,
,SMARTPAY-245,[TPH] CVUL0045957,7/5/24,402.25h,,,,,,,,,,,,,,,,15914.50h,
,SMARTPAY-243,[TPH] CVUL0046003,7/5/24,402.25h,,,,,,,,,,,,,,,,15914.50h,
,SMARTPAY-242,[TPH] CVUL0045943,7/5/24,402.25h,,,,,,,,,,,,,,,,15914.50h,
,SMARTPAY-241,[TPH] CVUL0045735,7/5/24,402.25h,,,,,,,,,,,,,,,,15914.50h,
,SMARTPAY-240,[TPH] CVUL0045913,7/5/24,402.27h,,,,,,,,,,,,,,,,15914.50h,
,SMARTPAY-239,[TPH] CVUL0046007,7/5/24,402.27h,,,,,,,,,,,,,,,,15914.50h,
,SMARTPAY-238,[TPH] CVUL0046006,7/5/24,402.27h,,,,,,,,,,,,,,,,15914.50h,
,SMARTPAY-237,[TPH] CVUL0045786,7/5/24,402.27h,,,,,,,,,,,,,,,,15914.50h,
,SMARTPAY-236,[TPH] CVUL0045736,7/5/24,402.27h,,,,,,,,,,,,,,,,15914.50h,
,SMARTPAY-235,[TPH] CVUL0014410,7/5/24,402.28h,,,,,,,,,,,,,,,,15914.50h,
,SMARTPAY-234,[TPH] CVUL0045731,7/5/24,402.28h,,,,,,,,,,,,,,,,15914.50h,
,SMARTPAY-233,[TPH] CVUL0045870,7/5/24,402.28h,,,,,,,,,,,,,,,,15914.50h,
,SMARTPAY-232,[TPH] CVUL0045890,7/5/24,402.28h,,,,,,,,,,,,,,,,15914.50h,
,SMARTPAY-231,[TPH] CVUL0045863,7/5/24,402.28h,,,,,,,,,,,,,,,,15914.50h,
,SMARTPAY-230,[TPH] CVUL0045809,7/5/24,402.30h,,,,,,,,,,,,,,,,15914.50h,
,SMARTPAY-229,[TPH] CVUL0045889,7/5/24,402.30h,,,,,,,,,,,,,,,,15914.50h,
,SMARTPAY-228,[TPH] CVUL0045977,7/5/24,402.28h,,,,,,,,,,,,,,,,15914.52h,
,SMARTPAY-227,[TPH] CVUL0045783,7/5/24,402.28h,,,,,,,,,,,,,,,,15914.52h,
,SMARTPAY-226,[TPH] CVUL0045740,7/5/24,402.28h,,,,,,,,,,,,,,,,15914.52h,
,SMARTPAY-225,[TPH] CVUL0045877,7/5/24,402.30h,,,,,,,,,,,,,,,,15914.52h,
,SMARTPAY-224,[TPH] CVUL0048015,7/5/24,402.30h,,,,,,,,,,,,,,,,15914.52h,
,SMARTPAY-223,[TPH] CVUL0045726,7/5/24,402.30h,,,,,,,,,,,,,,,,15914.52h,
,SMARTPAY-222,[TPH] CVUL0045814,7/5/24,402.32h,,,,,,,,,,,,,,,,15914.52h,
,SMARTPAY-221,[TPH] CVUL0045965,7/5/24,402.32h,,,,,,,,,,,,,,,,15914.52h,
,SMARTPAY-220,[iso-exchange] CVUL0013881,9/3/24,45.43h,,,,,,,,,,,,,,,,14472.75h,1798.65h
,SMARTPAY-219,[TPH]CVUL0045797,7/5/24,402.32h,,,,,,,,,,,,,,,,15914.52h,
,SMARTPAY-218,[TPH]CVUL0045929,7/5/24,402.32h,,,,,,,,,,,,,,,,15914.52h,
,SMARTPAY-217,[TPH]CVUL0048064,7/5/24,402.33h,,,,,,,,,,,,,,,,15914.52h,
,SMARTPAY-216,[TPH]CVUL0045896,7/5/24,402.33h,,,,,,,,,,,,,,,,15914.52h,
,SMARTPAY-215,[TPH]CVUL0046008,7/5/24,402.33h,,,,,,,,,,,,,,,,15914.52h,
,SMARTPAY-214,[TPH]CVUL0045905,7/5/24,402.33h,,,,,,,,,,,,,,,,15914.52h,
,SMARTPAY-213,[sb-w670-iso-exchange]CVUL0015161,7/5/24,402.35h,,,,,,,,,,,,,,,,15914.52h,
,SMARTPAY-212,[TPH]CVUL0046638,7/5/24,402.35h,,,,,,,,,,,,,,,,15914.52h,
,SMARTPAY-211,[TPH]CVUL0045852,7/5/24,402.35h,,,,,,,,,,,,,,,,15914.52h,
,SMARTPAY-210,[sb-w668-payment-monitor]CVUL0034158,4/22/25,1315.12h,0.00h,1.15h,,0.02h,,,,216.63h,502.57h,0.00h,600.67h,,,,,,13680.65h
,SMARTPAY-209,CVUL0045967,7/5/24,402.35h,,,,,,,,,,,,,,,,15914.52h,
,SMARTPAY-208,[TPH]CVUL0014667,7/5/24,402.35h,,,,,,,,,,,,,,,,15914.52h,
,SMARTPAY-207,[TPH]CVUL0048047,7/5/24,402.35h,,,,,,,,,,,,,,,,15914.52h,
,SMARTPAY-206,[TPH]CVUL0045832,7/5/24,402.37h,,,,,,,,,,,,,,,,15914.52h,
,SMARTPAY-205,[TPH]CVUL0048020,7/5/24,402.37h,,,,,,,,,,,,,,,,15914.52h,
,SMARTPAY-204,[TPH]CVUL0045868,7/5/24,402.37h,,,,,,,,,,,,,,,,15914.52h,
,SMARTPAY-203,[payment-monitor] CVUL0034820 - DEMO,6/27/25,7177.42h,,,,,,,,,,,,,,,,7340.20h,1799.27h
,SMARTPAY-202,[TPH] CVUL0045864,7/5/24,402.35h,,,,,,,,,,,,,,,,15914.53h,
,SMARTPAY-201,[TPH] CVUL0012673,7/5/24,402.35h,,,,,,,,,,,,,,,,15914.53h,
,SMARTPAY-200,[TPH] CVUL0045792,7/5/24,402.35h,,,,,,,,,,,,,,,,15914.53h,
,SMARTPAY-199,[TPH] CVUL0045869,7/5/24,402.37h,,,,,,,,,,,,,,,,15914.53h,
,SMARTPAY-198,[TPH] CVUL0045831,7/5/24,402.37h,,,,,,,,,,,,,,,,15914.53h,
,SMARTPAY-197,[payment-monitor] CVUL0041022,6/27/25,8975.97h,,,,,,,,,,,,,,,,7340.93h,
,SMARTPAY-196,[TPH] CVUL0045966,7/5/24,402.35h,,,,,,,,,,,,,,,,15914.55h,
,SMARTPAY-195,[payment-monitor] CVUL0034715,6/20/24,44.80h,,,,,,,,,,,,,,,,,16272.12h
,SMARTPAY-194,[TPH] CVUL0045990,7/5/24,402.37h,,,,,,,,,,,,,,,,15914.55h,
,SMARTPAY-193,[TPH] CVUL0014459,7/5/24,402.37h,,,,,,,,,,,,,,,,15914.55h,
,SMARTPAY-192,[TPH] CVUL0045808,7/5/24,402.37h,,,,,,,,,,,,,,,,15914.55h,
,SMARTPAY-191,[payment-monitor] CVUL0034487,6/27/25,7177.47h,,,,,,,,,,,,,,,,7340.22h,1799.23h
,SMARTPAY-190,[TPH] CVUL0045781,7/5/24,402.38h,,,,,,,,,,,,,,,,15914.55h,
,SMARTPAY-189,[TPH] CVUL0045910,7/5/24,402.38h,,,,,,,,,,,,,,,,15914.55h,
,SMARTPAY-188,[TPH] CVUL0045875,7/5/24,402.38h,,,,,,,,,,,,,,,,15914.55h,
,SMARTPAY-187,[TPH] CVUL0011353,7/5/24,402.38h,,,,,,,,,,,,,,,,15914.55h,
,SMARTPAY-186,[TPH] CVUL0045873,7/5/24,402.40h,,,,,,,,,,,,,,,,15914.55h,
,SMARTPAY-185,[TPH] CVUL0045761,7/5/24,402.40h,,,,,,,,,,,,,,,,15914.55h,
,SMARTPAY-184,[TPH] CVUL0045813,7/5/24,402.40h,,,,,,,,,,,,,,,,15914.55h,
,SMARTPAY-183,[TPH] CVUL0045780,7/5/24,402.40h,,,,,,,,,,,,,,,,15914.55h,
,SMARTPAY-182,[TPH] CVUL0045779,7/5/24,402.42h,,,,,,,,,,,,,,,,15914.55h,
,SMARTPAY-181,[TPH] CVUL0045928,7/5/24,402.42h,,,,,,,,,,,,,,,,15914.55h,
,SMARTPAY-180,[TPH] CVUL0048024,7/5/24,402.42h,,,,,,,,,,,,,,,,15914.55h,
,SMARTPAY-179,[TPH] CVUL0046005,7/4/24,382.75h,,,,,,,,,,,,,,,,15934.22h,
,SMARTPAY-178,[TPH] CVUL0045960,7/4/24,382.73h,,,,,,,,,,,,,,,,15934.23h,
,SMARTPAY-177,[TPH] CVUL0045818,7/4/24,382.75h,,,,,,,,,,,,,,,,15934.23h,
,SMARTPAY-176,[TPH] CVUL0045807,7/4/24,382.73h,,,,,,,,,,,,,,,,15934.25h,
,SMARTPAY-175,[TPH] CVUL0045791,7/4/24,382.72h,,,,,,,,,,,,,,,,15934.27h,
,SMARTPAY-174,[TPH] CVUL0045909,7/4/24,382.68h,,,,,,,,,,,,,,,,15934.30h,
,SMARTPAY-173,[TPH] CVUL0045847,7/4/24,382.67h,,,,,,,,,,,,,,,,15934.32h,
,SMARTPAY-172,[TPH] CVUL0045724,7/4/24,382.67h,,,,,,,,,,,,,,,,15934.33h,
,SMARTPAY-171,[TPH] CVUL0045860,7/4/24,382.65h,,,,,,,,,,,,,,,,15934.35h,
,SMARTPAY-170,[TPH] CVUL0045933,7/4/24,382.63h,,,,,,,,,,,,,,,,15934.37h,
,SMARTPAY-169,[TPH] CVUL0045835,7/4/24,382.63h,,,,,,,,,,,,,,,,15934.37h,
,SMARTPAY-168,[TPH] CVUL0045804,7/4/24,382.62h,,,,,,,,,,,,,,,,15934.38h,
,SMARTPAY-167,[TPH] CVUL0013973,7/4/24,382.42h,,,,,,,,,,,,,,,,15934.58h,
,SMARTPAY-166,[TPH] CVUL0045981,7/4/24,382.42h,,,,,,,,,,,,,,,,15934.60h,
,SMARTPAY-165,[TPH] CVUL0045972,7/4/24,382.40h,,,,,,,,,,,,,,,,15934.62h,
,SMARTPAY-164,[TPH] CVUL0045906,7/4/24,382.38h,,,,,,,,,,,,,,,,15934.63h,
,SMARTPAY-163,[payment-monitor namespace prometheus-operator] CVUL0035074,6/27/25,46.13h,0.00h,,,,,,,263.98h,,,8308.40h,,,,,7340.90h,357.58h
,SMARTPAY-162,[TPH] CVUL0045800,7/4/24,382.38h,,,,,,,,,,,,,,,,15934.65h,
,SMARTPAY-161,[TPH] CVUL0014159,7/4/24,382.37h,,,,,,,,,,,,,,,,15934.67h,
,SMARTPAY-160,[TPH] CVUL0045939,7/4/24,382.35h,,,,,,,,,,,,,,,,15934.68h,
,SMARTPAY-159,[TPH] CVUL0045953,7/4/24,381.32h,,,,,,,,,,,,,,,,15935.78h,
,SMARTPAY-158,[TPH] CVUL0045785,7/4/24,381.30h,,,,,,,,,,,,,,,,15935.80h,
,SMARTPAY-157,[payment-monitor namespace prometheus-operator] CVUL0034653,6/27/25,8594.72h,,,,,,,,,,,,,,,,7340.80h,357.58h
,SMARTPAY-156,[TPH] CVUL0045884,7/4/24,381.30h,,,,,,,,,,,,,,,,15935.82h,
,SMARTPAY-155,[TPH] CVUL0045897,7/4/24,381.28h,,,,,,,,,,,,,,,,15935.83h,
,SMARTPAY-154,[TPH]CVUL0045876,7/5/24,402.52h,,,,,,,,,,,,,,,,15914.60h,
,SMARTPAY-153,[TPH]CVUL0045848,7/5/24,402.52h,,,,,,,,,,,,,,,,15914.60h,
,SMARTPAY-152,[TPH]CVUL0046604,7/5/24,402.53h,,,,,,,,,,,,,,,,15914.60h,
,SMARTPAY-151,[TPH]CVUL0045732,7/5/24,402.53h,,,,,,,,,,,,,,,,15914.60h,
,SMARTPAY-150,[TPH]CVUL0045737,7/5/24,402.53h,,,,,,,,,,,,,,,,15914.60h,
,SMARTPAY-149,[TPH]CVUL0045999,7/5/24,402.53h,,,,,,,,,,,,,,,,15914.60h,
,SMARTPAY-148,[TPH]CVUL0045851,7/5/24,402.53h,,,,,,,,,,,,,,,,15914.60h,
,SMARTPAY-147,[sb-w670-iso-exchange-gate]CVUL0015019,7/5/24,402.55h,,,,,,,,,,,,,,,,15914.60h,
,SMARTPAY-146,[sb-w670-iso-exchange-gate]CVUL0011954,7/5/24,402.55h,,,,,,,,,,,,,,,,15914.60h,
,SMARTPAY-145,[TPH]CVUL0045888,7/5/24,402.55h,,,,,,,,,,,,,,,,15914.60h,
,SMARTPAY-144,[TPH]CVUL0046002,7/5/24,402.55h,,,,,,,,,,,,,,,,15914.60h,
,SMARTPAY-143,[TPH]CVUL0048166,7/5/24,402.55h,,,,,,,,,,,,,,,,15914.60h,
,SMARTPAY-142,[TPH]CVUL0045753,7/4/24,386.78h,,,,,,,,,,,,,,,,15930.37h,
,SMARTPAY-141,[TPH]CVUL0045718,7/4/24,386.77h,,,,,,,,,,,,,,,,15930.38h,
,SMARTPAY-140,[TPH]CVUL0045717,7/4/24,386.77h,,,,,,,,,,,,,,,,15930.38h,
,SMARTPAY-139,[TPH]CVUL0045802,7/4/24,386.77h,,,,,,,,,,,,,,,,15930.40h,
,SMARTPAY-138,[TPH]CVUL0045971,7/4/24,386.75h,,,,,,,,,,,,,,,,15930.42h,
,SMARTPAY-137,[TPH]CVUL0045760,7/4/24,386.77h,,,,,,,,,,,,,,,,15930.40h,
,SMARTPAY-136,[TPH]CVUL0045788,7/4/24,386.73h,,,,,,,,,,,,,,,,15930.43h,
,SMARTPAY-135,[TPH]CVUL0045932,7/4/24,386.73h,,,,,,,,,,,,,,,,15930.43h,
,SMARTPAY-134,[TPH]CVUL0045798,7/4/24,386.73h,,,,,,,,,,,,,,,,15930.45h,
,SMARTPAY-133,[TPH]CVUL0045961,7/4/24,386.72h,,,,,,,,,,,,,,,,15930.45h,
,SMARTPAY-132,[TPH]CVUL0045799,7/4/24,386.72h,,,,,,,,,,,,,,,,15930.47h,
,SMARTPAY-131,[TPH]CVUL0045810,7/4/24,386.72h,,,,,,,,,,,,,,,,15930.47h,
,SMARTPAY-130,[TPH]CVUL0045767,7/4/24,266.35h,0.00h,,,0.00h,,,,120.35h,0.00h,0.00h,0.00h,,,,,15930.48h,
,SMARTPAY-327,S4.2 - Require Address to be set for beneficiary bank if Country and SWIFT/BIC values are present in unstructured address,9/18/24,2066.82h,0.17h,,,,,,,,0.00h,0.02h,164.25h,,,,,14114.15h,
,SMARTPAY-124,EE STAR issues with encoding in Incoming International payments pages,6/25/24,72.20h,0.00h,,,0.00h,,,,27.40h,42.90h,126.23h,0.00h,,,,,16148.08h,
Production bug,SMARTPAY-316,"[EE, LT]the payer's account number is not displayed on the printed e-invoice standing order agreement.",9/4/24,2.63h,482.05h,,17.10h,,,,,856.10h,223.78h,32.12h,361.32h,,,,,14443.75h,
Test,SMARTPAY-117,Defined foreign payment requires beneficiary bank country when BIC and clearing code is not entered,6/13/24,0.05h,,,,,,,,,,,,,,,,16436.88h,
Production bug,SMARTPAY-116,error code [1086]; ORA-01086: savepoint 'LAST_PAYMENT' never established in this session or is invalid,7/16/24,0.58h,0.00h,,,,,,,24.65h,267.48h,24.03h,479.27h,,,,,15645.62h,
,SMARTPAY-339,S4.4 - STAR: add beneficiary's address fields to domestic standing order form in LV and EE,11/21/24,0.00h,2226.05h,110.95h,42.78h,,,,,389.47h,389.75h,268.62h,483.75h,,,,,12572.63h,
,SMARTPAY-338,S4.3 - STAR: show beneficiary's address when reviewing payment in print transactions in LV and EE,10/3/24,0.00h,2327.53h,,,,,,,91.12h,172.75h,139.38h,0.00h,,,,,13753.68h,
,SMARTPAY-115,[IBANK] Outgoing payment fee - counterparty country indicator,10/31/24,0.08h,0.00h,,83.48h,,,,,791.98h,1570.97h,982.22h,0.00h,,,,,13081.22h,
,SMARTPAY-114,[DB] Outgoing payment fee - counterparty country indicator (Inernet banking),9/17/24,0.03h,0.00h,,621.37h,,,,,145.08h,1222.53h,388.10h,0.03h,,,,,14133.00h,
,SMARTPAY-337,S4.3 - STAR: add beneficiary's address fields to predefined domestic payment form in LV and EE,10/7/24,0.03h,2252.33h,,92.38h,,,,,95.23h,104.67h,190.30h,122.85h,,,,,13652.57h,
,SMARTPAY-336,STAR: add beneficiary's address fields to domestic payment form in LV and EE,11/21/24,0.10h,2252.20h,,6.38h,,,,,407.75h,763.93h,196.42h,311.83h,,,,,12571.78h,
,SMARTPAY-328,"iBank - Foreign standing order - ""Country"" field missing indicator that it's mandatory under unstructured address",9/20/24,2297.13h,0.00h,,,,,,,78.92h,73.10h,22.50h,43.62h,,,,,14060.25h,
,SMARTPAY-110,"STAR PDF - Outgoing payment (SEPCO, EKSCO, SEPGO) - EE printout issues - #5",6/13/24,0.02h,0.00h,,,,,,,72.83h,70.77h,0.37h,0.00h,,,,,16442.15h,
Bug Sub-Task,SMARTPAY-109,Impossible to create international SEPA standing order,6/7/24,26.33h,0.00h,,,,,,,2.98h,0.00h,0.00h,0.00h,,,,,16579.78h,
,SMARTPAY-108,"STAR PDF - Outgoing payment (SEPCO, EKSCO, SEPGO) - LT printout issues - #2",6/10/24,96.48h,,,,,,,,,,,,,,,,,16512.82h
,SMARTPAY-107,"STAR PDF - Outgoing payment (SEPCO, EKSCO, SEPGO) - EE printout issues - #3",6/10/24,96.55h,0.00h,,,,,,,,,,0.00h,,,,,,16512.80h
,SMARTPAY-281,"STAR-LIGHTJAVA-PORTLETS PDF - Outgoing payment (SEPCO, EKSCO, SEPGO) - LV printout issues - #2, #3, #6, #7, #8",7/9/24,0.00h,197.45h,,68.28h,,,,,281.37h,221.53h,30.72h,0.00h,,,0.00h,,15810.25h,
,SMARTPAY-104,iBank - Defined payment - Beneficiary bank unstructured address country,6/17/24,4.47h,0.00h,,,,,,,0.00h,168.40h,92.40h,0.00h,,,,,16344.78h,
,SMARTPAY-102,"STAR PDF - Document Number Outgoing payment (SEPCO, EKSCO, SEPGO) - LV printout issues - #1",6/6/24,2.15h,0.00h,,,,,,,0.00h,0.23h,25.28h,0.00h,,,,,16602.62h,
Test,SMARTPAY-100,[LV]Internation payments in FiDAViSta require beneficiary bank's country when SWIFT/BIC is not present,6/3/24,0.28h,,,,,,,,,,,,,,,,16680.93h,
,SMARTPAY-99,Country field is not taken into validation for unstructured address when address is left empty,6/5/24,17.50h,0.00h,,1.32h,,,,,121.62h,17.00h,2.83h,5.58h,,,,,16629.63h,
,SMARTPAY-98,iBank - List of payments - Beneficiary bank unstructured address country,5/30/24,0.00h,20.17h,,,1.43h,,,,,,,,,,,,,16778.38h
Test,SMARTPAY-97,International payment requires beneficiary bank country when BIC and clearing code is not entered,6/6/24,212.13h,,,,,,,,,,,,,,,,16609.97h,
,SMARTPAY-96,"""Continue"" button is not working for foreign standing orders in iBank",5/29/24,0.12h,90.45h,,,,,,,28.45h,18.02h,0.50h,0.50h,,,,,16801.77h,
Test,SMARTPAY-95,[LV]Repeal an EKSCO payment,5/22/24,26.70h,,,,,,,,,,,,,,,,16965.45h,
Test,SMARTPAY-94,[LV]Authorize an EKSCO payment,5/22/24,26.72h,,,,,,,,,,,,,,,,16965.45h,
,SMARTPAY-93,STAR - Authorize FPO - LV specific data is not stored in DP,5/27/24,0.05h,164.23h,,,,,,,,,,,,,,,,16850.60h
,SMARTPAY-92,"STAR PDF - Outgoing payment (SEPCO, EKSCO, SEPGO) - LV printout issues - #4 and #5",6/6/24,1.22h,305.82h,,,7.65h,,,,167.62h,0.00h,0.88h,0.00h,,,,,16608.52h,
Test,SMARTPAY-91,International payments are not included in domestic payment double identification limit calculation,5/15/24,0.13h,,,,,,,,,,,,,,,,17133.97h,
,SMARTPAY-90,Sepa exchange changes to prevent overwriting EKSCO status.,5/21/24,23.80h,0.00h,,,,,,,6.17h,113.63h,5.05h,0.00h,,,,,16989.98h,
,SMARTPAY-89,[DB] New error codes for domestic and foreign payments,5/15/24,19.93h,,,,,,,,,,,,,,,,17137.07h,
,SMARTPAY-88,[sepa-web] Clean old code of old style pages,9/18/24,2422.60h,0.00h,,,,,,,268.80h,289.27h,23.97h,96.48h,,,,,14109.02h,
Test,SMARTPAY-86,"[EE, LV, LT] PDF generated in ""Print transactions"" details view form",5/17/24,208.82h,,,,,,,,,,,,,,,,17090.23h,
Test,SMARTPAY-85,"[LV] CANCEL button renamed in ""Print transactions"" details view form",5/17/24,208.82h,,,,,,,,,,,,,,,,17090.25h,
Test,SMARTPAY-84,"[EE] CANCEL button removed in ""Print transactions"" details view form",5/17/24,208.83h,,,,,,,,,,,,,,,,17090.25h,
Test,SMARTPAY-83,"[EE, LV, LT] Remitter's fax removed in ""Print transactions"" details view form",5/17/24,208.85h,,,,,,,,,,,,,,,,17090.23h,
Test,SMARTPAY-82,"[EE] Foreign payments search in ""Print transactions"" search form by account number + time period",5/17/24,208.88h,,,,,,,,,,,,,,,,17090.23h,
Test,SMARTPAY-81,"[EE, LV, LT] Foreign payments search in ""Print transactions"" search form by archival code",5/17/24,209.05h,,,,,,,,,,,,,,,,17090.23h,
Test,SMARTPAY-80,[LV]Outgoing foreign payment printout for emergency cross-border (EKSCO) payment,5/13/24,119.72h,,,,,,,,,,,,,,,,17182.28h,
Test,SMARTPAY-79,Outgoing foreign payment printout for intragroup (SEPGO) payment,5/13/24,119.73h,,,,,,,,,,,,,,,,17182.28h,
Test,SMARTPAY-78,Outgoing foreign payment printout for cross-border (SEPCO) payment,5/13/24,119.75h,,,,,,,,,,,,,,,,17182.28h,
,SMARTPAY-77,STAR - Name length error in payment to SEPA non-reachable bank,5/14/24,0.00h,91.02h,,,0.90h,,,,31.47h,116.48h,23.52h,0.00h,,,,,17158.75h,
,SMARTPAY-335,STAR: [SINGLE FORM OFF] Foreign payments update PDFs used for EU cross-border payments,10/18/24,289.10h,3048.10h,,0.00h,,,,,378.13h,219.85h,69.07h,190.63h,,,,,13394.53h,
,SMARTPAY-330,iBank: open SMART form when European payment is selected in defined payment list,12/18/24,339.85h,3024.38h,,,,,,,80.27h,1938.10h,125.43h,210.67h,,,,,11921.48h,
,SMARTPAY-333,iBank: update defined payments list,12/17/24,339.90h,3024.52h,,72.45h,,,,,337.68h,1391.05h,239.35h,290.00h,,,,,11945.25h,
,SMARTPAY-75,"[DB] STAR - Domestic payments double identification - Exclude outgoing international payments (SEPCO, EKSCO, SEPGO)",5/15/24,0.00h,17.95h,,,29.80h,,,,97.30h,146.82h,48.78h,167.32h,,,,,17133.93h,
Test,SMARTPAY-74,SEPA intragroup standing order beneficiary and payer name limit is 70,4/30/24,195.87h,,,,,,,,,,,,,,,,17493.52h,
Test,SMARTPAY-73,SEPA cross-border standing order beneficiary and payer name limit is 70,4/30/24,195.82h,,,,,,,,,,,,,,,,17493.57h,
Test,SMARTPAY-72,SEPA domestic standing order beneficiary and payer name limit is 70,4/30/24,195.65h,,,,,,,,,,,,,,,,17493.75h,
Test,SMARTPAY-71,SEPA intragroup payment beneficiary and payer name limit is 70,4/30/24,195.55h,,,,,,,,,,,,,,,,17493.97h,
Test,SMARTPAY-70,SEPA cross-border payment beneficiary and payer name limit is 70,4/30/24,195.58h,,,,,,,,,,,,,,,,17493.95h,
Test,SMARTPAY-69,SEPA domestic payment beneficiary and payer name limit is 70,4/30/24,195.45h,,,,,,,,,,,,,,,,17494.13h,
,SMARTPAY-68,STAR - Predefined foreign payment - Beneficiary bank unstructured address country,7/8/24,0.08h,0.00h,,,,,,,118.38h,939.00h,72.28h,842.78h,,,,,15836.80h,
,SMARTPAY-67,SGW pain.001 - Beneficiary bank unstructured address country,5/21/24,0.57h,0.00h,,,,,,,,,,821.68h,,,,,,16987.92h
Production bug,SMARTPAY-271,4 or 3 action buttons after concluding defined payment,7/12/24,0.00h,1821.33h,,0.07h,,,,,192.32h,78.28h,90.32h,0.37h,,,,,15743.75h,
,SMARTPAY-331,DB: create views for defined payments,1/24/25,2930.23h,722.80h,,,,,,,1130.65h,845.05h,259.83h,1000.40h,,,,,11039.95h,
,SMARTPAY-48,Change functionality of the Manual Sending - create additional groups,4/24/24,0.00h,0.00h,,,,,,,76.70h,194.00h,23.87h,0.00h,,,,,17634.97h,
,SMARTPAY-334,DB: create script to migrate defined payments to new storage,1/13/25,2906.45h,795.23h,,,,,,,339.27h,215.65h,629.37h,1743.82h,,,,,11299.80h,
,SMARTPAY-332,DB: create tables for storing defined payments data,10/30/24,2906.57h,795.23h,,,,,,,697.22h,360.30h,0.00h,113.58h,,,,,13104.82h,
,SMARTPAY-47,"[DB] Add grants for VM.SR_BANK_RESTRICTION, change tr$sr_bank_restriction_biu trigger",4/4/24,0.93h,0.00h,,,,,,,5.17h,20.77h,0.00h,0.00h,,,,,18119.95h,
,SMARTPAY-46,UX - Design change in manual messages menus,4/23/24,19.92h,189.65h,,,,,,,410.05h,3.40h,26.02h,0.00h,,,,,17658.85h,
Spike,SMARTPAY-43,Investigate and create solution for defined payments storage,4/5/24,21.17h,,,,,,,,,,,,,,,407.43h,18097.63h,
Production bug,SMARTPAY-44,IBANK business user can't save defined mass(salary) payment,7/23/24,0.00h,70.70h,,64.53h,213.28h,,,,420.98h,300.10h,151.05h,1777.72h,,,,,15480.05h,0.00h
Production bug,SMARTPAY-42,An error occurs when importing orders. ServiceException: java.io.FileNotFoundException.,3/25/24,0.00h,68.92h,,,23.80h,,,,1.02h,54.63h,94.97h,0.00h,,,,,18354.62h,
,SMARTPAY-41,Testing the resting functionality,4/24/24,503.83h,0.00h,,,,,,,,101.05h,384.17h,0.00h,,,,,17634.53h,
,SMARTPAY-40,Testing available functionality,4/8/24,287.15h,0.00h,,,,,,,,6.05h,311.68h,0.00h,,,,,18018.72h,
,SMARTPAY-408,Cleanup after go live - DB,2/24/25,0.40h,6335.33h,,,0.00h,,,,330.18h,596.92h,269.47h,770.08h,,,,,10291.28h,
,SMARTPAY-64,iBank - Beneficiary bank unstructured address country validation in lists,7/5/24,0.00h,833.10h,,0.00h,0.97h,,,,616.53h,145.87h,416.28h,719.93h,,,,,15910.15h,
Production bug,SMARTPAY-37,[Forms] SEPA payment processing history does not show status names for some payments,3/22/24,0.05h,94.15h,,,121.30h,,,,42.60h,70.52h,97.83h,0.00h,,,,,18432.73h,
Spike,SMARTPAY-34,Investigation regarding fx rates - DB side,3/22/24,0.07h,0.00h,,,3.25h,,,,0.68h,,,0.00h,,,,209.00h,18647.93h,0.23h
Production bug,SMARTPAY-267,[payment-services-discovery] Vulnerabilities,8/26/24,24.47h,0.00h,,,52.07h,,,,260.85h,0.00h,0.00h,3818.68h,,,,,14662.22h,
,SMARTPAY-112,IBANK user can't sign payments from payments list,6/21/24,97.15h,116.70h,,,2206.98h,,,,76.77h,68.42h,100.15h,0.00h,,,,,16243.62h,21.45h
Production bug,SMARTPAY-33,EPE error - error code [1086]; ORA-01086: savepoint 'LAST_PAYMENT' never established,3/6/24,0.68h,0.00h,,,,,,,3.57h,121.55h,0.00h,0.00h,,,,,18811.12h,
,SMARTPAY-62,DB STAR changes,9/4/24,0.00h,837.32h,,,308.83h,,,,1290.72h,339.23h,218.63h,1563.80h,,,,,14444.52h,
,SMARTPAY-61,STAR - Authorize FPO - Beneficiary bank unstructured address country,7/10/24,0.00h,1048.95h,,,99.07h,,,,1.10h,1052.78h,4.08h,961.45h,,,,,15789.78h,
,SMARTPAY-60,STAR - Foreign standing order - Beneficiary bank unstructured address country,7/10/24,19.72h,834.23h,,,317.80h,,,,0.08h,1033.68h,20.52h,961.07h,,,,,15793.87h,
,SMARTPAY-59,STAR - Foreign payment - Beneficiary bank unstructured address country,7/9/24,0.60h,834.20h,,,336.92h,,,,0.08h,1011.30h,22.38h,961.08h,,,,,15814.40h,
,SMARTPAY-58,iBank LV Fidavista - Beneficiary bank unstructured address country,6/3/24,0.02h,833.70h,,,338.98h,,,,120.65h,187.12h,120.17h,700.60h,,,,,16680.73h,
,SMARTPAY-57,iBank pain.001 - Beneficiary bank unstructured address country,7/4/24,0.05h,833.63h,,17.88h,339.93h,,,,365.82h,501.88h,630.17h,360.23h,,,,,15933.30h,
,SMARTPAY-56,iBank - Foreign standing order - Beneficiary bank unstructured address country,6/7/24,0.02h,834.13h,,71.10h,340.10h,,,,388.38h,100.57h,171.05h,503.00h,,,,,16575.17h,
,SMARTPAY-30,STAR: show message that double customer identification is needed for Standing order 2,3/7/24,4.42h,0.00h,,1.00h,19.45h,,,,6.83h,25.18h,140.70h,0.00h,,,,,18787.17h,
,SMARTPAY-53,"STAR - SEPA payment name length check (Beneficiary name, Ultimate payer/ beneficiary name)",5/2/24,0.00h,1226.10h,,,39.70h,,,,95.27h,69.62h,174.70h,0.00h,,,,,17444.50h,
,SMARTPAY-55,iBank - International payment - Beneficiary bank unstructured address country,6/6/24,0.00h,834.13h,,25.80h,387.55h,,,,352.82h,294.78h,140.18h,386.17h,,,,,16609.52h,
,SMARTPAY-54,Create new sysglobal,4/25/24,0.00h,833.33h,,,389.07h,,,,3.03h,124.03h,17.15h,48.47h,,,,,17617.62h,
Production bug,SMARTPAY-38,[iBank] For client not possible to remove from ibank FAILED imported mass payment files,3/21/24,0.00h,408.27h,,,,,,,148.28h,111.45h,55.83h,3.98h,,,,,18449.60h,
,SMARTPAY-28,[DB] new field CREBIT.DP.RISK_SCREENING_STATUS,3/8/24,0.00h,1.22h,,,,,,,197.48h,140.47h,73.62h,18.10h,,,,,18764.77h,
,SMARTPAY-27,[STAR EE] Incorrect data in FSO agreement PDF,2/28/24,0.08h,19.83h,,,103.00h,,,,144.82h,39.78h,4.92h,0.00h,,,,,18980.87h,
,SMARTPAY-25,[DB] Implement transaction double authorization limit check for Foreign standing order,2/21/24,72.02h,0.00h,,,,,,,47.05h,1.30h,167.22h,0.00h,,,,,19149.52h,
Production bug,SMARTPAY-39,[EPE] ee.hansa.bank.agreements.teleagreements.TeleAgreementException: noSuchTeleAgreementAccount,3/26/24,0.20h,813.93h,,,,,,,122.35h,46.33h,101.38h,22.80h,,,,,18331.35h,
,SMARTPAY-24,[STAR] Create star dualityLimits service,2/8/24,17.77h,0.00h,,,0.33h,,,,,,,,,,,,19463.37h,
,SMARTPAY-76,"[DB] STAR - Authorize foreign payment order (SEPCO, EKSCO, SEPGO)",5/23/24,1.62h,1481.35h,,,21.95h,,,,199.55h,112.92h,54.08h,214.55h,,,,,16941.02h,503.23h
,SMARTPAY-52,"STAR PDF - Outgoing payment (SEPCO, EKSCO, SEPGO)",5/13/24,1.50h,1792.27h,,,0.23h,,,,239.92h,0.32h,244.28h,0.00h,,,,,17182.28h,
Production bug,SMARTPAY-23,[ibank]Add more info in logs SmartForm CorporatePaymentException:invalidAction,1/2/25,7632.97h,22.65h,,,,,,,314.03h,0.00h,0.00h,0.00h,,,,,11567.35h,
Spike,SMARTPAY-15,[2 versions] investigate keep 2 versions,7/18/24,823.02h,0.00h,,,0.13h,,,,0.03h,,,0.00h,,,,46.47h,18810.52h,0.12h
Production bug,SMARTPAY-8,error ee.hansa.bank.payments.CorporatePaymentException:invalid Action.,2/5/24,0.08h,91.45h,,,93.12h,,,,4.55h,0.93h,1.57h,67.57h,,,,,19534.58h,
,SMARTPAY-51,"STAR - Print transactions (SEPCO, EKSCO, SEPGO)",5/17/24,2.68h,1531.78h,,64.30h,480.10h,,,,167.93h,4.80h,358.67h,91.40h,,,,,17068.12h,
,SMARTPAY-13,TEST - Create/view/process technical exceptions for cross-border and intragroup SEPA payments in manual messages,4/25/24,239.48h,1412.47h,,,,,,,,0.00h,500.38h,168.27h,,,,,17619.42h,
,SMARTPAY-12,Functionality - Change functionality of the manually triggered functions in Tools - Manual Sending,4/4/24,932.82h,0.00h,,,,,,,431.83h,26.52h,0.05h,430.68h,,,,,18119.88h,
,SMARTPAY-14,"UX - Change functions names, comments, buttons and grouping for RT1 / STEP2 flows in Tools - Manual Sending",4/3/24,241.70h,68.20h,,328.07h,,,,,778.22h,117.55h,7.33h,262.70h,,,,,18138.45h,
,SMARTPAY-50,"STAR PDF LV - Incoming international payment (SEPCI, EKSCI, SEPGI)",6/7/24,0.00h,1911.53h,,82.82h,359.63h,,,,217.50h,363.95h,184.35h,242.80h,,,,,16574.98h,
,SMARTPAY-49,"STAR - Incoming international payments (SEPCI, EKSCI, SEPGI)",6/7/24,0.05h,1504.50h,,109.53h,863.53h,,,,402.02h,122.18h,248.18h,185.83h,,,,,16574.42h,
Production bug,SMARTPAY-10,"iBank: change ""Beneficiery's type"" field's index order on Domestic Payment confirmation page",2/2/24,144.45h,0.00h,,167.85h,0.00h,,,,21.85h,70.52h,1.42h,0.00h,,,,,19607.27h,
,SMARTPAY-127,New OP ID setup,8/27/24,4566.18h,92.25h,,,,,,,166.63h,753.02h,697.10h,67.65h,,,,,14633.47h,
Production bug,SMARTPAY-11,[iBank] Mass Payment layout - table issue,5/2/24,0.05h,887.60h,,115.28h,,,,,1364.85h,349.55h,227.48h,631.23h,,,,,17447.28h,
,SMARTPAY-22,STAR: show message that double transaction authorisation is needed for Foreign payment,2/5/24,1458.65h,193.95h,,,,,,,3.73h,67.92h,7.57h,22.20h,,,,,19529.90h,
,SMARTPAY-16,STAR: show message that double customer identification is needed for Foreign payment,2/19/24,1895.05h,193.92h,,0.07h,,,,,103.47h,96.72h,138.67h,93.82h,,,,,19198.58h,
,SMARTPAY-21,STAR: show message that double customer identification is needed for Standing order,2/13/24,1895.08h,193.88h,,,,,,,143.95h,92.65h,25.23h,28.55h,,,,,19341.00h,
,SMARTPAY-20,STAR: implement transaction double authorization based on total amount for standing orders,2/28/24,67.03h,2089.27h,,,,,,,4.70h,193.02h,96.85h,333.57h,,,18.55h,,18984.70h,
,SMARTPAY-45,Payment crediting issue on daylight saving time night,11/14/25,30.02h,6189.30h,,,,,,,478.82h,716.17h,91.05h,341.40h,,,,,13968.73h,
,SMARTPAY-19,STAR: implement transaction double authorization limit check for Foreign standing order,2/28/24,139.30h,2041.15h,,17.88h,,,,,236.60h,23.63h,173.40h,173.62h,,,21.63h,,18984.75h,
,SMARTPAY-17,STAR: implement transaction double authorization limit check for Domestic standing order,2/26/24,139.40h,2089.10h,,,,,,,194.43h,99.53h,170.00h,142.17h,,,,,19025.43h,
,SMARTPAY-18,DB: create limits for SOA and foreign payments double customer identification and double authorization,2/12/24,576.55h,1674.57h,,,,,,,100.43h,67.32h,4.58h,71.78h,,,,,19364.98h,
,SMARTPAY-26,Create alternative way to upload/download encrypted files from SFEc server manually,2/13/24,0.00h,0.00h,,,700.35h,,,,622.43h,1461.08h,19.37h,0.00h,,,,,19346.05h,
,SMARTPAY-270,Investigate back-up testing options for of W670 and W668,11/13/24,0.12h,23.22h,,,3362.97h,1.83h,,,,,,530.60h,,11730.85h,,,12766.10h,
,SMARTPAY-9,[iBank] Smart payment form UI changes,2/6/24,8733.50h,0.00h,,273.85h,18.18h,,,,1004.57h,158.43h,107.38h,407.15h,,,,,19507.53h,
,,,,,,,,,,,,,,,,,,,,,
,,,,,,,,,,,,,,,,,,,,,
,,,,,,,,,,,,,,,,,,,,,
,,,,,,,,,,,,,,,,,,,,,
,,,,,,,,,,,,,,,,,,,,,
,,,,,,,,,,,,,,,,,,,,,
,,,,,,,,,,,,,,,,,,,,,
,,,,,,,,,,,,,,,,,,,,,
,,,,,,,,,,,,,,,,,,,,,
,,,,,,,,,,,,,,,,,,,,,
,,,,,,,,,,,,,,,,,,,,,
,,,,,,,,,,,,,,,,,,,,,
,,,,,,,,,,,,,,,,,,,,,
,,,,,,,,,,,,,,,,,,,,,
,,,,,,,,,,,,,,,,,,,,,
,,,,,,,,,,,,,,,,,,,,,
,,,,,,,,,,,,,,,,,,,,,
,,,,,,,,,,,,,,,,,,,,,
,,,,,,,,,,,,,,,,,,,,,
,,,,,,,,,,,,,,,,,,,,,
,,,,,,,,,,,,,,,,,,,,,
,,,,,,,,,,,,,,,,,,,,,
,,,,,,,,,,,,,,,,,,,,,
,,,,,,,,,,,,,,,,,,,,,
,,,,,,,,,,,,,,,,,,,,,
,,,,,,,,,,,,,,,,,,,,,
,,,,,,,,,,,,,,,,,,,,,
,,,,,,,,,,,,,,,,,,,,,
,,,,,,,,,,,,,,,,,,,,,
,,,,,,,,,,,,,,,,,,,,,
,,,,,,,,,,,,,,,,,,,,,
,,,,,,,,,,,,,,,,,,,,,
,,,,,,,,,,,,,,,,,,,,,
,,,,,,,,,,,,,,,,,,,,,
,,,,,,,,,,,,,,,,,,,,,
,,,,,,,,,,,,,,,,,,,,,
,,,,,,,,,,,,,,,,,,,,,
,,,,,,,,,,,,,,,,,,,,,
,,,,,,,,,,,,,,,,,,,,,
,,,,,,,,,,,,,,,,,,,,,
,,,,,,,,,,,,,,,,,,,,,
,,,,,,,,,,,,,,,,,,,,,
,,,,,,,,,,,,,,,,,,,,,
,,,,,,,,,,,,,,,,,,,,,
,,,,,,,,,,,,,,,,,,,,,
,,,,,,,,,,,,,,,,,,,,,
,,,,,,,,,,,,,,,,,,,,,
,,,,,,,,,,,,,,,,,,,,,
,,,,,,,,,,,,,,,,,,,,,
,,,,,,,,,,,,,,,,,,,,,
,,,,,,,,,,,,,,,,,,,,,
,,,,,,,,,,,,,,,,,,,,,
,,,,,,,,,,,,,,,,,,,,,
,,,,,,,,,,,,,,,,,,,,,
,,,,,,,,,,,,,,,,,,,,,
,,,,,,,,,,,,,,,,,,,,,
,,,,,,,,,,,,,,,,,,,,,
,,,,,,,,,,,,,,,,,,,,,
,,,,,,,,,,,,,,,,,,,,,
,,,,,,,,,,,,,,,,,,,,,
,,,,,,,,,,,,,,,,,,,,,
,,,,,,,,,,,,,,,,,,,,,
,,,,,,,,,,,,,,,,,,,,,
,,,,,,,,,,,,,,,,,,,,,
,,,,,,,,,,,,,,,,,,,,,
,,,,,,,,,,,,,,,,,,,,,
,,,,,,,,,,,,,,,,,,,,,
,,,,,,,,,,,,,,,,,,,,,
,,,,,,,,,,,,,,,,,,,,,
,,,,,,,,,,,,,,,,,,,,,
,,,,,,,,,,,,,,,,,,,,,
,,,,,,,,,,,,,,,,,,,,,
,,,,,,,,,,,,,,,,,,,,,
,,,,,,,,,,,,,,,,,,,,,
,,,,,,,,,,,,,,,,,,,,,
,,,,,,,,,,,,,,,,,,,,,
,,,,,,,,,,,,,,,,,,,,,
,,,,,,,,,,,,,,,,,,,,,
,,,,,,,,,,,,,,,,,,,,,
,,,,,,,,,,,,,,,,,,,,,
,,,,,,,,,,,,,,,,,,,,,
,,,,,,,,,,,,,,,,,,,,,
,,,,,,,,,,,,,,,,,,,,,
,,,,,,,,,,,,,,,,,,,,,
,,,,,,,,,,,,,,,,,,,,,
,,,,,,,,,,,,,,,,,,,,,
,,,,,,,,,,,,,,,,,,,,,
,,,,,,,,,,,,,,,,,,,,,
,,,,,,,,,,,,,,,,,,,,,
,,,,,,,,,,,,,,,,,,,,,
,,,,,,,,,,,,,,,,,,,,,
,,,,,,,,,,,,,,,,,,,,,
,,,,,,,,,,,,,,,,,,,,,
,,,,,,,,,,,,,,,,,,,,,
,,,,,,,,,,,,,,,,,,,,,
,,,,,,,,,,,,,,,,,,,,,
,,,,,,,,,,,,,,,,,,,,,
,,,,,,,,,,,,,,,,,,,,,
,,,,,,,,,,,,,,,,,,,,,
,,,,,,,,,,,,,,,,,,,,,
,,,,,,,,,,,,,,,,,,,,,
,,,,,,,,,,,,,,,,,,,,,
,,,,,,,,,,,,,,,,,,,,,
,,,,,,,,,,,,,,,,,,,,,
,,,,,,,,,,,,,,,,,,,,,
,,,,,,,,,,,,,,,,,,,,,
,,,,,,,,,,,,,,,,,,,,,
,,,,,,,,,,,,,,,,,,,,,
,,,,,,,,,,,,,,,,,,,,,
,,,,,,,,,,,,,,,,,,,,,
,,,,,,,,,,,,,,,,,,,,,
,,,,,,,,,,,,,,,,,,,,,
,,,,,,,,,,,,,,,,,,,,,
,,,,,,,,,,,,,,,,,,,,,
,,,,,,,,,,,,,,,,,,,,,
,,,,,,,,,,,,,,,,,,,,,
,,,,,,,,,,,,,,,,,,,,,
,,,,,,,,,,,,,,,,,,,,,
,,,,,,,,,,,,,,,,,,,,,
,,,,,,,,,,,,,,,,,,,,,
,,,,,,,,,,,,,,,,,,,,,
,,,,,,,,,,,,,,,,,,,,,
,,,,,,,,,,,,,,,,,,,,,
,,,,,,,,,,,,,,,,,,,,,
,,,,,,,,,,,,,,,,,,,,,
,,,,,,,,,,,,,,,,,,,,,
,,,,,,,,,,,,,,,,,,,,,
,,,,,,,,,,,,,,,,,,,,,
,,,,,,,,,,,,,,,,,,,,,
,,,,,,,,,,,,,,,,,,,,,
,,,,,,,,,,,,,,,,,,,,,
,,,,,,,,,,,,,,,,,,,,,
,,,,,,,,,,,,,,,,,,,,,
,,,,,,,,,,,,,,,,,,,,,
,,,,,,,,,,,,,,,,,,,,,
,,,,,,,,,,,,,,,,,,,,,
,,,,,,,,,,,,,,,,,,,,,
,,,,,,,,,,,,,,,,,,,,,
,,,,,,,,,,,,,,,,,,,,,
,,,,,,,,,,,,,,,,,,,,,
,,,,,,,,,,,,,,,,,,,,,
,,,,,,,,,,,,,,,,,,,,,
,,,,,,,,,,,,,,,,,,,,,
,,,,,,,,,,,,,,,,,,,,,
,,,,,,,,,,,,,,,,,,,,,
,,,,,,,,,,,,,,,,,,,,,
,,,,,,,,,,,,,,,,,,,,,
,,,,,,,,,,,,,,,,,,,,,
,,,,,,,,,,,,,,,,,,,,,
,,,,,,,,,,,,,,,,,,,,,
,,,,,,,,,,,,,,,,,,,,,
,,,,,,,,,,,,,,,,,,,,,
,,,,,,,,,,,,,,,,,,,,,
,,,,,,,,,,,,,,,,,,,,,
,,,,,,,,,,,,,,,,,,,,,
,,,,,,,,,,,,,,,,,,,,,
,,,,,,,,,,,,,,,,,,,,,
,,,,,,,,,,,,,,,,,,,,,
,,,,,,,,,,,,,,,,,,,,,
,,,,,,,,,,,,,,,,,,,,,
,,,,,,,,,,,,,,,,,,,,,
,,,,,,,,,,,,,,,,,,,,,
,,,,,,,,,,,,,,,,,,,,,
,,,,,,,,,,,,,,,,,,,,,
,,,,,,,,,,,,,,,,,,,,,
,,,,,,,,,,,,,,,,,,,,,
,,,,,,,,,,,,,,,,,,,,,
,,,,,,,,,,,,,,,,,,,,,
,,,,,,,,,,,,,,,,,,,,,
,,,,,,,,,,,,,,,,,,,,,
,,,,,,,,,,,,,,,,,,,,,
,,,,,,,,,,,,,,,,,,,,,
,,,,,,,,,,,,,,,,,,,,,
,,,,,,,,,,,,,,,,,,,,,
,,,,,,,,,,,,,,,,,,,,,
,,,,,,,,,,,,,,,,,,,,,
,,,,,,,,,,,,,,,,,,,,,
,,,,,,,,,,,,,,,,,,,,,
,,,,,,,,,,,,,,,,,,,,,
,,,,,,,,,,,,,,,,,,,,,
,,,,,,,,,,,,,,,,,,,,,
,,,,,,,,,,,,,,,,,,,,,
,,,,,,,,,,,,,,,,,,,,,
,,,,,,,,,,,,,,,,,,,,,
,,,,,,,,,,,,,,,,,,,,,
,,,,,,,,,,,,,,,,,,,,,
,,,,,,,,,,,,,,,,,,,,,
,,,,,,,,,,,,,,,,,,,,,
,,,,,,,,,,,,,,,,,,,,,
,,,,,,,,,,,,,,,,,,,,,
,,,,,,,,,,,,,,,,,,,,,
,,,,,,,,,,,,,,,,,,,,,
,,,,,,,,,,,,,,,,,,,,,
,,,,,,,,,,,,,,,,,,,,,
,,,,,,,,,,,,,,,,,,,,,
,,,,,,,,,,,,,,,,,,,,,
,,,,,,,,,,,,,,,,,,,,,
,,,,,,,,,,,,,,,,,,,,,
,,,,,,,,,,,,,,,,,,,,,
,,,,,,,,,,,,,,,,,,,,,
,,,,,,,,,,,,,,,,,,,,,
,,,,,,,,,,,,,,,,,,,,,
,,,,,,,,,,,,,,,,,,,,,
,,,,,,,,,,,,,,,,,,,,,
,,,,,,,,,,,,,,,,,,,,,
,,,,,,,,,,,,,,,,,,,,,
,,,,,,,,,,,,,,,,,,,,,
,,,,,,,,,,,,,,,,,,,,,
,,,,,,,,,,,,,,,,,,,,,
,,,,,,,,,,,,,,,,,,,,,
,,,,,,,,,,,,,,,,,,,,,
,,,,,,,,,,,,,,,,,,,,,
,,,,,,,,,,,,,,,,,,,,,
,,,,,,,,,,,,,,,,,,,,,
,,,,,,,,,,,,,,,,,,,,,
,,,,,,,,,,,,,,,,,,,,,
,,,,,,,,,,,,,,,,,,,,,
,,,,,,,,,,,,,,,,,,,,,
,,,,,,,,,,,,,,,,,,,,,
,,,,,,,,,,,,,,,,,,,,,
,,,,,,,,,,,,,,,,,,,,,
,,,,,,,,,,,,,,,,,,,,,
,,,,,,,,,,,,,,,,,,,,,
,,,,,,,,,,,,,,,,,,,,,
,,,,,,,,,,,,,,,,,,,,,
,,,,,,,,,,,,,,,,,,,,,
,,,,,,,,,,,,,,,,,,,,,
,,,,,,,,,,,,,,,,,,,,,
,,,,,,,,,,,,,,,,,,,,,
,,,,,,,,,,,,,,,,,,,,,
,,,,,,,,,,,,,,,,,,,,,
,,,,,,,,,,,,,,,,,,,,,
,,,,,,,,,,,,,,,,,,,,,
,,,,,,,,,,,,,,,,,,,,,
,,,,,,,,,,,,,,,,,,,,,
,,,,,,,,,,,,,,,,,,,,,
,,,,,,,,,,,,,,,,,,,,,
,,,,,,,,,,,,,,,,,,,,,
,,,,,,,,,,,,,,,,,,,,,
,,,,,,,,,,,,,,,,,,,,,
,,,,,,,,,,,,,,,,,,,,,
,,,,,,,,,,,,,,,,,,,,,
,,,,,,,,,,,,,,,,,,,,,
,,,,,,,,,,,,,,,,,,,,,
,,,,,,,,,,,,,,,,,,,,,
,,,,,,,,,,,,,,,,,,,,,
,,,,,,,,,,,,,,,,,,,,,
,,,,,,,,,,,,,,,,,,,,,
,,,,,,,,,,,,,,,,,,,,,
,,,,,,,,,,,,,,,,,,,,,
,,,,,,,,,,,,,,,,,,,,,
,,,,,,,,,,,,,,,,,,,,,
,,,,,,,,,,,,,,,,,,,,,
,,,,,,,,,,,,,,,,,,,,,
,,,,,,,,,,,,,,,,,,,,,
,,,,,,,,,,,,,,,,,,,,,
,,,,,,,,,,,,,,,,,,,,,
,,,,,,,,,,,,,,,,,,,,,
,,,,,,,,,,,,,,,,,,,,,
,,,,,,,,,,,,,,,,,,,,,
,,,,,,,,,,,,,,,,,,,,,
,,,,,,,,,,,,,,,,,,,,,
,,,,,,,,,,,,,,,,,,,,,
,,,,,,,,,,,,,,,,,,,,,
,,,,,,,,,,,,,,,,,,,,,
,,,,,,,,,,,,,,,,,,,,,
,,,,,,,,,,,,,,,,,,,,,
,,,,,,,,,,,,,,,,,,,,,
,,,,,,,,,,,,,,,,,,,,,
,,,,,,,,,,,,,,,,,,,,,
,,,,,,,,,,,,,,,,,,,,,
,,,,,,,,,,,,,,,,,,,,,
,,,,,,,,,,,,,,,,,,,,,
,,,,,,,,,,,,,,,,,,,,,
,,,,,,,,,,,,,,,,,,,,,
,,,,,,,,,,,,,,,,,,,,,
,,,,,,,,,,,,,,,,,,,,,
,,,,,,,,,,,,,,,,,,,,,
,,,,,,,,,,,,,,,,,,,,,
,,,,,,,,,,,,,,,,,,,,,
,,,,,,,,,,,,,,,,,,,,,
,,,,,,,,,,,,,,,,,,,,,
,,,,,,,,,,,,,,,,,,,,,
,,,,,,,,,,,,,,,,,,,,,
,,,,,,,,,,,,,,,,,,,,,
,,,,,,,,,,,,,,,,,,,,,
,,,,,,,,,,,,,,,,,,,,,
,,,,,,,,,,,,,,,,,,,,,
,,,,,,,,,,,,,,,,,,,,,
,,,,,,,,,,,,,,,,,,,,,
,,,,,,,,,,,,,,,,,,,,,
,,,,,,,,,,,,,,,,,,,,,
,,,,,,,,,,,,,,,,,,,,,
,,,,,,,,,,,,,,,,,,,,,
,,,,,,,,,,,,,,,,,,,,,
,,,,,,,,,,,,,,,,,,,,,
,,,,,,,,,,,,,,,,,,,,,
,,,,,,,,,,,,,,,,,,,,,
,,,,,,,,,,,,,,,,,,,,,
,,,,,,,,,,,,,,,,,,,,,
,,,,,,,,,,,,,,,,,,,,,
,,,,,,,,,,,,,,,,,,,,,
,,,,,,,,,,,,,,,,,,,,,
,,,,,,,,,,,,,,,,,,,,,
,,,,,,,,,,,,,,,,,,,,,
,,,,,,,,,,,,,,,,,,,,,
,,,,,,,,,,,,,,,,,,,,,
,,,,,,,,,,,,,,,,,,,,,
,,,,,,,,,,,,,,,,,,,,,
,,,,,,,,,,,,,,,,,,,,,
,,,,,,,,,,,,,,,,,,,,,
,,,,,,,,,,,,,,,,,,,,,
,,,,,,,,,,,,,,,,,,,,,
,,,,,,,,,,,,,,,,,,,,,
,,,,,,,,,,,,,,,,,,,,,
,,,,,,,,,,,,,,,,,,,,,
,,,,,,,,,,,,,,,,,,,,,
,,,,,,,,,,,,,,,,,,,,,
,,,,,,,,,,,,,,,,,,,,,
,,,,,,,,,,,,,,,,,,,,,
,,,,,,,,,,,,,,,,,,,,,
,,,,,,,,,,,,,,,,,,,,,
,,,,,,,,,,,,,,,,,,,,,
,,,,,,,,,,,,,,,,,,,,,
,,,,,,,,,,,,,,,,,,,,,
,,,,,,,,,,,,,,,,,,,,,
,,,,,,,,,,,,,,,,,,,,,
,,,,,,,,,,,,,,,,,,,,,
,,,,,,,,,,,,,,,,,,,,,
,,,,,,,,,,,,,,,,,,,,,
,,,,,,,,,,,,,,,,,,,,,
,,,,,,,,,,,,,,,,,,,,,
,,,,,,,,,,,,,,,,,,,,,
,,,,,,,,,,,,,,,,,,,,,
,,,,,,,,,,,,,,,,,,,,,
,,,,,,,,,,,,,,,,,,,,,
,,,,,,,,,,,,,,,,,,,,,
,,,,,,,,,,,,,,,,,,,,,
,,,,,,,,,,,,,,,,,,,,,
,,,,,,,,,,,,,,,,,,,,,
,,,,,,,,,,,,,,,,,,,,,
,,,,,,,,,,,,,,,,,,,,,
,,,,,,,,,,,,,,,,,,,,,
,,,,,,,,,,,,,,,,,,,,,
,,,,,,,,,,,,,,,,,,,,,
,,,,,,,,,,,,,,,,,,,,,
,,,,,,,,,,,,,,,,,,,,,
,,,,,,,,,,,,,,,,,,,,,
,,,,,,,,,,,,,,,,,,,,,
,,,,,,,,,,,,,,,,,,,,,
,,,,,,,,,,,,,,,,,,,,,
,,,,,,,,,,,,,,,,,,,,,
,,,,,,,,,,,,,,,,,,,,,
,,,,,,,,,,,,,,,,,,,,,
,,,,,,,,,,,,,,,,,,,,,
,,,,,,,,,,,,,,,,,,,,,
,,,,,,,,,,,,,,,,,,,,,
,,,,,,,,,,,,,,,,,,,,,
,,,,,,,,,,,,,,,,,,,,,
,,,,,,,,,,,,,,,,,,,,,
,,,,,,,,,,,,,,,,,,,,,
,,,,,,,,,,,,,,,,,,,,,
,,,,,,,,,,,,,,,,,,,,,
,,,,,,,,,,,,,,,,,,,,,
,,,,,,,,,,,,,,,,,,,,,
,,,,,,,,,,,,,,,,,,,,,
,,,,,,,,,,,,,,,,,,,,,
,,,,,,,,,,,,,,,,,,,,,
,,,,,,,,,,,,,,,,,,,,,
,,,,,,,,,,,,,,,,,,,,,
,,,,,,,,,,,,,,,,,,,,,
,,,,,,,,,,,,,,,,,,,,,
,,,,,,,,,,,,,,,,,,,,,
,,,,,,,,,,,,,,,,,,,,,
,,,,,,,,,,,,,,,,,,,,,
,,,,,,,,,,,,,,,,,,,,,
,,,,,,,,,,,,,,,,,,,,,
,,,,,,,,,,,,,,,,,,,,,
,,,,,,,,,,,,,,,,,,,,,
,,,,,,,,,,,,,,,,,,,,,
,,,,,,,,,,,,,,,,,,,,,
,,,,,,,,,,,,,,,,,,,,,
,,,,,,,,,,,,,,,,,,,,,
,,,,,,,,,,,,,,,,,,,,,
,,,,,,,,,,,,,,,,,,,,,
,,,,,,,,,,,,,,,,,,,,,
,,,,,,,,,,,,,,,,,,,,,
,,,,,,,,,,,,,,,,,,,,,
,,,,,,,,,,,,,,,,,,,,,
,,,,,,,,,,,,,,,,,,,,,
,,,,,,,,,,,,,,,,,,,,,
,,,,,,,,,,,,,,,,,,,,,
,,,,,,,,,,,,,,,,,,,,,
,,,,,,,,,,,,,,,,,,,,,
,,,,,,,,,,,,,,,,,,,,,
,,,,,,,,,,,,,,,,,,,,,
,,,,,,,,,,,,,,,,,,,,,
,,,,,,,,,,,,,,,,,,,,,
,,,,,,,,,,,,,,,,,,,,,
,,,,,,,,,,,,,,,,,,,,,
,,,,,,,,,,,,,,,,,,,,,
,,,,,,,,,,,,,,,,,,,,,
,,,,,,,,,,,,,,,,,,,,,
,,,,,,,,,,,,,,,,,,,,,
,,,,,,,,,,,,,,,,,,,,,
,,,,,,,,,,,,,,,,,,,,,
,,,,,,,,,,,,,,,,,,,,,
,,,,,,,,,,,,,,,,,,,,,
,,,,,,,,,,,,,,,,,,,,,
,,,,,,,,,,,,,,,,,,,,,
,,,,,,,,,,,,,,,,,,,,,
,,,,,,,,,,,,,,,,,,,,,
,,,,,,,,,,,,,,,,,,,,,
,,,,,,,,,,,,,,,,,,,,,
,,,,,,,,,,,,,,,,,,,,,
,,,,,,,,,,,,,,,,,,,,,
,,,,,,,,,,,,,,,,,,,,,
,,,,,,,,,,,,,,,,,,,,,
,,,,,,,,,,,,,,,,,,,,,
,,,,,,,,,,,,,,,,,,,,,
,,,,,,,,,,,,,,,,,,,,,
,,,,,,,,,,,,,,,,,,,,,
,,,,,,,,,,,,,,,,,,,,,
,,,,,,,,,,,,,,,,,,,,,
,,,,,,,,,,,,,,,,,,,,,
,,,,,,,,,,,,,,,,,,,,,
,,,,,,,,,,,,,,,,,,,,,
,,,,,,,,,,,,,,,,,,,,,
,,,,,,,,,,,,,,,,,,,,,
,,,,,,,,,,,,,,,,,,,,,
,,,,,,,,,,,,,,,,,,,,,
,,,,,,,,,,,,,,,,,,,,,
,,,,,,,,,,,,,,,,,,,,,
,,,,,,,,,,,,,,,,,,,,,
,,,,,,,,,,,,,,,,,,,,,
,,,,,,,,,,,,,,,,,,,,,
,,,,,,,,,,,,,,,,,,,,,
,,,,,,,,,,,,,,,,,,,,,
,,,,,,,,,,,,,,,,,,,,,
,,,,,,,,,,,,,,,,,,,,,
,,,,,,,,,,,,,,,,,,,,,
,,,,,,,,,,,,,,,,,,,,,
,,,,,,,,,,,,,,,,,,,,,
,,,,,,,,,,,,,,,,,,,,,
,,,,,,,,,,,,,,,,,,,,,
,,,,,,,,,,,,,,,,,,,,,
,,,,,,,,,,,,,,,,,,,,,
,,,,,,,,,,,,,,,,,,,,,
,,,,,,,,,,,,,,,,,,,,,
,,,,,,,,,,,,,,,,,,,,,
,,,,,,,,,,,,,,,,,,,,,
,,,,,,,,,,,,,,,,,,,,,
,,,,,,,,,,,,,,,,,,,,,
,,,,,,,,,,,,,,,,,,,,,
,,,,,,,,,,,,,,,,,,,,,
,,,,,,,,,,,,,,,,,,,,,
,,,,,,,,,,,,,,,,,,,,,
,,,,,,,,,,,,,,,,,,,,,
,,,,,,,,,,,,,,,,,,,,,
,,,,,,,,,,,,,,,,,,,,,
,,,,,,,,,,,,,,,,,,,,,
,,,,,,,,,,,,,,,,,,,,,
,,,,,,,,,,,,,,,,,,,,,
,,,,,,,,,,,,,,,,,,,,,
,,,,,,,,,,,,,,,,,,,,,
,,,,,,,,,,,,,,,,,,,,,
,,,,,,,,,,,,,,,,,,,,,
,,,,,,,,,,,,,,,,,,,,,
,,,,,,,,,,,,,,,,,,,,,
,,,,,,,,,,,,,,,,,,,,,
,,,,,,,,,,,,,,,,,,,,,
,,,,,,,,,,,,,,,,,,,,,
,,,,,,,,,,,,,,,,,,,,,
,,,,,,,,,,,,,,,,,,,,,
,,,,,,,,,,,,,,,,,,,,,
,,,,,,,,,,,,,,,,,,,,,
,,,,,,,,,,,,,,,,,,,,,
,,,,,,,,,,,,,,,,,,,,,
,,,,,,,,,,,,,,,,,,,,,
,,,,,,,,,,,,,,,,,,,,,
,,,,,,,,,,,,,,,,,,,,,
,,,,,,,,,,,,,,,,,,,,,
,,,,,,,,,,,,,,,,,,,,,
,,,,,,,,,,,,,,,,,,,,,
,,,,,,,,,,,,,,,,,,,,,
,,,,,,,,,,,,,,,,,,,,,
,,,,,,,,,,,,,,,,,,,,,
,,,,,,,,,,,,,,,,,,,,,
,,,,,,,,,,,,,,,,,,,,,
,,,,,,,,,,,,,,,,,,,,,
,,,,,,,,,,,,,,,,,,,,,
,,,,,,,,,,,,,,,,,,,,,
,,,,,,,,,,,,,,,,,,,,,
,,,,,,,,,,,,,,,,,,,,,
,,,,,,,,,,,,,,,,,,,,,
,,,,,,,,,,,,,,,,,,,,,
,,,,,,,,,,,,,,,,,,,,,
,,,,,,,,,,,,,,,,,,,,,
,,,,,,,,,,,,,,,,,,,,,
,,,,,,,,,,,,,,,,,,,,,
,,,,,,,,,,,,,,,,,,,,,
,,,,,,,,,,,,,,,,,,,,,
,,,,,,,,,,,,,,,,,,,,,
,,,,,,,,,,,,,,,,,,,,,
,,,,,,,,,,,,,,,,,,,,,
,,,,,,,,,,,,,,,,,,,,,
,,,,,,,,,,,,,,,,,,,,,
,,,,,,,,,,,,,,,,,,,,,
,,,,,,,,,,,,,,,,,,,,,
,,,,,,,,,,,,,,,,,,,,,
,,,,,,,,,,,,,,,,,,,,,
,,,,,,,,,,,,,,,,,,,,,
,,,,,,,,,,,,,,,,,,,,,
,,,,,,,,,,,,,,,,,,,,,
,,,,,,,,,,,,,,,,,,,,,
,,,,,,,,,,,,,,,,,,,,,
,,,,,,,,,,,,,,,,,,,,,
,,,,,,,,,,,,,,,,,,,,,
,,,,,,,,,,,,,,,,,,,,,
,,,,,,,,,,,,,,,,,,,,,
,,,,,,,,,,,,,,,,,,,,,
,,,,,,,,,,,,,,,,,,,,,
,,,,,,,,,,,,,,,,,,,,,
,,,,,,,,,,,,,,,,,,,,,
,,,,,,,,,,,,,,,,,,,,,
,,,,,,,,,,,,,,,,,,,,,
,,,,,,,,,,,,,,,,,,,,,
,,,,,,,,,,,,,,,,,,,,,
,,,,,,,,,,,,,,,,,,,,,
,,,,,,,,,,,,,,,,,,,,,
,,,,,,,,,,,,,,,,,,,,,
,,,,,,,,,,,,,,,,,,,,,
,,,,,,,,,,,,,,,,,,,,,
,,,,,,,,,,,,,,,,,,,,,
,,,,,,,,,,,,,,,,,,,,,
,,,,,,,,,,,,,,,,,,,,,
,,,,,,,,,,,,,,,,,,,,,
,,,,,,,,,,,,,,,,,,,,,
,,,,,,,,,,,,,,,,,,,,,
,,,,,,,,,,,,,,,,,,,,,
,,,,,,,,,,,,,,,,,,,,,
,,,,,,,,,,,,,,,,,,,,,
,,,,,,,,,,,,,,,,,,,,,
,,,,,,,,,,,,,,,,,,,,,
,,,,,,,,,,,,,,,,,,,,,
,,,,,,,,,,,,,,,,,,,,,
,,,,,,,,,,,,,,,,,,,,,
,,,,,,,,,,,,,,,,,,,,,
,,,,,,,,,,,,,,,,,,,,,
,,,,,,,,,,,,,,,,,,,,,
,,,,,,,,,,,,,,,,,,,,,
,,,,,,,,,,,,,,,,,,,,,
,,,,,,,,,,,,,,,,,,,,,
,,,,,,,,,,,,,,,,,,,,,
,,,,,,,,,,,,,,,,,,,,,
,,,,,,,,,,,,,,,,,,,,,
,,,,,,,,,,,,,,,,,,,,,
,,,,,,,,,,,,,,,,,,,,,
,,,,,,,,,,,,,,,,,,,,,
,,,,,,,,,,,,,,,,,,,,,
,,,,,,,,,,,,,,,,,,,,,
,,,,,,,,,,,,,,,,,,,,,
,,,,,,,,,,,,,,,,,,,,,
,,,,,,,,,,,,,,,,,,,,,
,,,,,,,,,,,,,,,,,,,,,
,,,,,,,,,,,,,,,,,,,,,
,,,,,,,,,,,,,,,,,,,,,
,,,,,,,,,,,,,,,,,,,,,
,,,,,,,,,,,,,,,,,,,,,
,,,,,,,,,,,,,,,,,,,,,
,,,,,,,,,,,,,,,,,,,,,
,,,,,,,,,,,,,,,,,,,,,
,,,,,,,,,,,,,,,,,,,,,
,,,,,,,,,,,,,,,,,,,,,
,,,,,,,,,,,,,,,,,,,,,
,,,,,,,,,,,,,,,,,,,,,
,,,,,,,,,,,,,,,,,,,,,
,,,,,,,,,,,,,,,,,,,,,
,,,,,,,,,,,,,,,,,,,,,
,,,,,,,,,,,,,,,,,,,,,
,,,,,,,,,,,,,,,,,,,,,
,,,,,,,,,,,,,,,,,,,,,
,,,,,,,,,,,,,,,,,,,,,
,,,,,,,,,,,,,,,,,,,,,
,,,,,,,,,,,,,,,,,,,,,
,,,,,,,,,,,,,,,,,,,,,
,,,,,,,,,,,,,,,,,,,,,
,,,,,,,,,,,,,,,,,,,,,
,,,,,,,,,,,,,,,,,,,,,
,,,,,,,,,,,,,,,,,,,,,
,,,,,,,,,,,,,,,,,,,,,
,,,,,,,,,,,,,,,,,,,,,
,,,,,,,,,,,,,,,,,,,,,
,,,,,,,,,,,,,,,,,,,,,
,,,,,,,,,,,,,,,,,,,,,
,,,,,,,,,,,,,,,,,,,,,
,,,,,,,,,,,,,,,,,,,,,
,,,,,,,,,,,,,,,,,,,,,
,,,,,,,,,,,,,,,,,,,,,
,,,,,,,,,,,,,,,,,,,,,
,,,,,,,,,,,,,,,,,,,,,
,,,,,,,,,,,,,,,,,,,,,
,,,,,,,,,,,,,,,,,,,,,
,,,,,,,,,,,,,,,,,,,,,
,,,,,,,,,,,,,,,,,,,,,