Type,Key,Summary,Resolution Date,Open,Ready for Refinement,Investigation,Reopened,On Hold,Backlog,To Do,Refined,In Development,Ready for test,In Testing,In Progress,Waiting for acceptance,Done,Abandoned,,,
,,Average time taken (from table),,223.55h,912.77h,242.93h,180.88h,127.86h,671.26h,2.50h,85.14h,119.06h,123.48h,73.60h,911.58h,50.52h,4199.21h,4399.09h,,,
,EASYPAY-1569,"[DB] Create archiving process for CREBIT.PER_MK_DOK table in LV, EE",,0.28h,0.00h,,,,,,0.02h,20.65h,,,,,,,,,
,EASYPAY-1568,"[FLM | Validate and Enrich ] SEPCO, FPO debtor id saved for SGW import (LV, EE)",,4.37h,0.47h,,,,,,0.12h,21.83h,,,,,,,,,
,EASYPAY-1567,Switch Instant payments to Gate environment 1 day prior to performance testing,,27.08h,,,,,,,,,,,,,,,,,
,EASYPAY-1566,"Payments Performance Testing in Skyvaut in EE, LV, LT [29.04.2026]",,1.25h,0.00h,,,,,,24.22h,,0.00h,1.58h,,,,,,,
,EASYPAY-1565,[FLM | Validate and Enrich] Creditor unstructured address from USTRD_ADDRESS_END,,0.00h,1.62h,19.33h,,,,,90.62h,5.80h,21.83h,,,,,,,,
,EASYPAY-1564,BH: update creation of status report- use outbox instead of Kafka,,22.93h,116.90h,,,,,,,,,,,,,,,,
,EASYPAY-1563,BH: update sending to fraud screening - use outbox instead of Kafka,,22.97h,116.90h,,,,,,,,,,,,,,,,
,EASYPAY-1562,BH: update initiation of fraud screening - use outbox instead of Kafka,,20.80h,119.17h,,,,,,,,,,,,,,,,
,EASYPAY-1561,BH: update initiation of status report - use outbox instead of Kafka,,20.80h,119.17h,,,,,,,,,,,,,,,,
,EASYPAY-1560,BH: update how status report is published to Kafka,,0.08h,121.27h,,,,,,18.87h,,,,,,,,,,
,EASYPAY-1559,BH: update how fraud screening result is published to Kafka,,0.00h,140.75h,,,,,,,,,,,,,,,,
,EASYPAY-1558,BH: update where data is taken from for API call to OFD broker,,0.02h,140.95h,,,,,,,,,,,,,,,,
,EASYPAY-1557,[DB] prefill customer_id for GIRO agreements,,165.55h,,,,,,,,,,,,,,,,,
,EASYPAY-1556,Slash '/' symbols in identifications and identifier fields bypass validation,,0.15h,50.48h,,,,,,88.50h,23.40h,27.65h,,,,,,,,
,EASYPAY-1555,Non-Latin characters in identifications and identifier fields bypass validation,,1.93h,50.48h,,,,,,20.93h,90.97h,27.65h,,,,,,,,
,EASYPAY-1554,BH: Refactor payment orders sending to FLM,,3.07h,18.65h,,,,,,25.57h,142.12h,3.37h,,,,,,,,
,EASYPAY-1553,DB: create table for outbox solution for sending messages to Kafka,4/28/26,3.05h,0.23h,,,,,,0.00h,19.97h,143.72h,2.10h,,,23.80h,,,,
,EASYPAY-1552,[DB] Create/ replace status 'C' (Closed) instead of currently used null value in SWIFT agreements [PB],,4.20h,,189.65h,,,,,,,,,,,,,,,
,EASYPAY-1551,RTGS payments: Local characters (EE/LV/LT) not preserved in Ultimate Debtor/Creditor Address fields,,15.98h,55.25h,,,,,,18.30h,2.63h,118.63h,,,,,,,,
,EASYPAY-1550,Non-Latin characters not converted in Intermediary/Creditor Agent fields for FPO Payments,,17.85h,55.23h,,,,,,16.58h,1.72h,121.27h,,,,,,,,
,EASYPAY-1549,[DB] Create a new field customer_id for Standing order agreements,,28.98h,0.00h,23.48h,,,,,1.28h,141.75h,23.03h,,,,,,,,
,EASYPAY-1545,Remove the connection with sysglobal,,0.00h,236.92h,,,,,,100.25h,,,,,,,,,,
,EASYPAY-1542,[TEST] RT1 Mandatory testing (self-certification),,0.05h,,339.73h,,,,,,,,,,,,,,,
,EASYPAY-1544,[DB] SGW payments to International payments to high risk countries gets incorrect error code,4/17/26,0.02h,39.25h,,,,,,25.57h,26.67h,0.00h,0.00h,,,285.18h,,,,
,EASYPAY-1543,[DB] SGW payments to RU/BY countries gets incorrect error code,4/21/26,0.00h,39.27h,,,,,,0.05h,23.97h,101.60h,18.58h,,,193.23h,,,,
,EASYPAY-1540,[ISO Exchange] Search for DEBT_CRED_NOTIFICATION_RULES by message type without version,4/15/26,0.00h,0.10h,,,,,,0.00h,0.60h,100.73h,43.08h,,,337.50h,,,,
,EASYPAY-1538,[DB] 22. Payload messages generation on DAY0 load for Swift services agreements,4/20/26,43.73h,0.00h,,,,,,98.00h,72.35h,94.88h,5.12h,,,211.83h,,,,
,EASYPAY-1537,[DB] 21. Payload messages generation on MDM requests for Swift services (Homebank),4/20/26,43.75h,0.00h,,,,,,0.52h,22.78h,170.48h,75.90h,,,212.57h,,,,
,EASYPAY-1536,[DB] 20. Track changes in agreements for Swift services (Homebank),,43.82h,0.00h,,,,,,23.37h,79.00h,162.72h,217.20h,,,,,,,
,EASYPAY-1535,[DB] 19. Payload messages generation for Swift services (Homebank),4/20/26,44.47h,0.00h,,,,,,0.45h,22.92h,169.87h,72.12h,,,216.97h,,,,
,EASYPAY-1539,"BH Discussion: Kafka is not needed -Urte shall discusses maybe to use outbox expected: 3 stories Publshing, process initiation, use new process (e.g. fraud screening, start sending, status report creation))",4/23/26,203.82h,0.00h,342.27h,,,,,,,,,,,139.82h,,,,
,EASYPAY-1534,"performance test for ""Verification of Payee"" service task",,698.67h,,,,,,,,,,,,,,,,,
,EASYPAY-1505,"[FLM | Validate and Enrich] - unstructured information not split - EACT standard (CRE, SEPO, RTGS)",,0.15h,647.35h,,,,,,0.12h,16.58h,123.00h,,,,,,,,
,EASYPAY-1503,"[FLM | Validate and Enrich] - Invalid Structured RmtInf returns errCd -1 for LT payment (CRE, SEPO, RTGS)",4/9/26,0.13h,93.10h,25.08h,,,,,1.78h,3.87h,193.40h,1.88h,,,474.92h,,,,
,EASYPAY-1506,ePay team: E2E test & bug-fix of new processing flow for signed SGW files,,45.85h,791.22h,,,,,,,,,,,,,,,,
,EASYPAY-1500,"[FLM|CurrencyConversionEcb] Small amounts are converted to 0, should be 0.01",3/27/26,0.00h,41.63h,,,,,,0.43h,0.85h,21.33h,1.42h,,,793.17h,,,,
,EASYPAY-1499,DB [FLM | Validate and Enrich] Clearing system member code and ID validations (for FPO),4/8/26,0.00h,41.70h,0.18h,,,,,146.30h,46.17h,100.77h,18.15h,,,505.73h,,,,
,EASYPAY-1498,[FLM | Validate and Enrich] - FPO's - chrgBr - Urgent SEPA cross-border payments,4/7/26,0.05h,67.10h,,,,,,68.15h,3.30h,52.85h,138.72h,,,530.37h,,,,
,EASYPAY-1497,[FLM | Validate and Enrich] Creditor agent account in correspondent bank validation (FPO),4/14/26,16.65h,94.05h,0.22h,,,,,0.57h,52.67h,24.33h,172.47h,,,598.63h,,,,
,EASYPAY-1496,DB [FLM | Validate and Enrich] Creditor agent data saving (for FPO),3/25/26,0.00h,95.20h,0.37h,,,,,2.63h,3.45h,17.32h,3.95h,,,838.05h,,,,
,EASYPAY-1495,Giro,,980.23h,,,,,,,,,,,,,,,,,
,EASYPAY-1494,"[FLM | Validate and Enrich] - RmtInf Unstructured and Structured combined max 130 chars( SEPO, RTGS)",3/27/26,0.03h,24.02h,,,,,,0.50h,74.78h,69.22h,22.85h,,,793.93h,,,,
,EASYPAY-1510,[FLM | Validate and Enrich] Creditor Reference enrichment for Homebank/MX (FPO),4/7/26,0.22h,311.43h,,,,,,4.00h,19.10h,25.58h,101.52h,,,523.95h,,,,
,EASYPAY-1493,[FLM | Validate and Enrich] Budget code (only for LV domestic),3/26/26,0.00h,19.05h,1.85h,,,,,0.88h,3.50h,120.28h,44.75h,,,816.05h,,,,
,EASYPAY-1492,[DB] Fill agreement start dates in all Standing Order Agreements,4/3/26,146.17h,0.02h,,,,,,2.43h,185.58h,23.10h,24.97h,,,625.90h,,,,
,EASYPAY-1490,DB [Validate&Enrich] FPO creditor address gives incorrect error code,3/24/26,0.02h,144.03h,,,,,,3.57h,18.05h,2.65h,3.30h,,,860.92h,,,,
,EASYPAY-1487,[DB] Fill agreement start and end dates in closed Homebank (SWIFT service) agreements,4/9/26,0.00h,146.22h,47.03h,,,,,75.68h,260.80h,18.73h,23.77h,,,482.98h,,,,
,EASYPAY-1525,[ISO Exchange] Change RT1 camt.052 from V10 to V12,4/1/26,455.58h,,,,,,,,,,,,,,667.12h,,,
,EASYPAY-1520,[ISO Exchange] Change RT1 camt.054 from V06 to V12,,456.10h,472.62h,,,,,,3.60h,3.43h,187.35h,,,,,,,,
,EASYPAY-1547,[DB] archiving step crebit.dp_utility.archive_dp runs too long in runJobs_LT CL,4/17/26,0.48h,18.72h,815.40h,,,,,0.00h,26.70h,0.00h,0.00h,,,287.38h,0.00h,,,
,EASYPAY-1507,[FLM | Validate and Enrich] LT Creditor Reference enrichment for Homebank/MX (local payments),4/14/26,193.85h,283.37h,,,,,,151.22h,39.90h,0.25h,123.80h,,,358.97h,,,,
,EASYPAY-1509,[FLM | Validate and Enrich] EE Creditor Reference enrichment for Homebank/MX (local payments),4/13/26,148.85h,352.37h,,,,,,46.72h,104.48h,17.25h,120.75h,,,384.95h,,,,
,EASYPAY-1508,[FLM | Validate and Enrich] LV Regulatory reporting enrichment for Homebank/MX,4/16/26,27.15h,474.18h,,,,,,23.13h,23.53h,97.13h,223.10h,,,307.25h,,,,
,EASYPAY-1529,[CORE DB] Create sysglobal for June release ***,4/1/26,0.17h,484.40h,,,,,,20.37h,3.05h,0.02h,0.83h,,,669.93h,,,,
,EASYPAY-1482,Error on fraud screening process,,136.88h,0.00h,,796.57h,,,,0.00h,29.25h,232.42h,0.00h,,,,,,,
,EASYPAY-1484,Create BitBucket repository,3/17/26,22.77h,44.77h,,,,,,0.18h,120.62h,0.35h,0.00h,,,1032.28h,,,,
,EASYPAY-1478,DB [Execute&Saved] FPO payment waiting funds - missing error code,3/23/26,0.88h,403.02h,,,,,,,,,,,,,888.20h,,,
,EASYPAY-1477,Recovery process doesn't work/stops when payments are duplicates,,627.08h,,692.88h,,,,,,,,,,,,,,,
,EASYPAY-1474,[DB] 18. Payload messages generation on DAY0 load for Account alias agreements,3/18/26,307.18h,0.00h,,,,,,0.00h,22.68h,0.72h,1.10h,,,1008.82h,,,,
,EASYPAY-1473,[DB] 17. Payload messages generation on MDM requests for Account alias,3/17/26,285.22h,0.00h,,,,,,0.00h,21.77h,0.57h,5.52h,,,1027.53h,,,,
,EASYPAY-1472,[DB] 16. Track changes in agreements for Account alias,3/17/26,192.87h,0.00h,,,,,,0.00h,113.53h,0.70h,6.43h,,,1027.20h,,,,
,EASYPAY-1471,[DB] 15. Payload messages generation for Account alias,3/16/26,191.97h,0.00h,,,,,,0.00h,1.20h,89.33h,8.47h,,,1050.05h,,,,
,EASYPAY-1469,[FLM | Validate and Enrich] - BIC derivation for Any currency to EU/EEA country,3/13/26,0.10h,17.97h,,,,,,3.45h,0.80h,113.05h,102.82h,,,1123.55h,,,,
,EASYPAY-1465,[FLM | Validate and Enrich] International payment with provided address for beneficiary bank in pain.001 actually is rejected with error F3221 Address of beneficiary bank is missing,3/16/26,0.80h,43.80h,,,,,,0.00h,,0.68h,263.58h,,,1055.98h,,,,
Bug Sub-Task,EASYPAY-1464,Recovery process status is not updated to completed when status report does not exist for batch,,7.22h,0.00h,,,,,,0.00h,301.68h,1058.23h,,,,,,,,
Bug Sub-Task,EASYPAY-1461,BH doesn't send mass payment header to Kafka topic payment.orders when recovery process was initiated,3/2/26,0.55h,0.00h,,,,,,0.00h,1.82h,0.82h,1.42h,,,1387.02h,,,,
,EASYPAY-1475,[FLM | Validate and Enrich] Post box is not saved to database for part of addresses,3/13/26,0.83h,137.93h,,,,,,0.20h,1.02h,94.30h,97.13h,,,1128.63h,,,,
,EASYPAY-1470,"[FLM | Validate and Enrich] - If Postal Address is used, and if Address Line is present, then Country can/must be used",3/13/26,0.03h,335.97h,,,,,,,,,,,,1124.32h,,,,
Bug Sub-Task,EASYPAY-1458,Batch is not split to payments when recovery process was initiated,2/27/26,0.03h,0.00h,,,,,,0.00h,2.60h,0.48h,0.72h,,,1459.02h,,,,
Bug Sub-Task,EASYPAY-1457,Recovery process status is not updated to completed when status report does not exist,2/27/26,0.05h,0.00h,,,,,,0.00h,1.42h,0.72h,3.52h,,,1459.37h,,,,
Production bug,EASYPAY-1456,DB cache is not refreshed,3/2/26,0.43h,0.35h,,,,,,1.07h,2.17h,0.00h,68.65h,,,1393.50h,,,,
Bug Sub-Task,EASYPAY-1455,Recovery process fails when related batches are not found for payment file(payment file was no split to batches),2/26/26,0.17h,0.00h,,,,,,16.40h,2.75h,2.03h,2.40h,,,1483.05h,,,,
,EASYPAY-1459,[FLM | Validate and Enrich] Creditor MIG address validation,3/6/26,161.88h,2.48h,,1.17h,,,,1.10h,5.27h,48.33h,20.27h,,,1290.73h,3.25h,,,
,EASYPAY-1453,Payment file recovery process fails when trying to update recovery status,2/26/26,0.00h,1.52h,,,,,,0.00h,19.70h,51.23h,0.00h,,,1483.03h,,,,
,EASYPAY-1452,Logging is missing when calling end-point,2/24/26,0.58h,23.88h,,,,,,0.00h,,2.03h,1.17h,,,1531.08h,,,,
,EASYPAY-1451,Update end point collecting payments for fraud screening,3/3/26,0.00h,66.12h,,,,,,0.00h,4.85h,19.50h,172.67h,,,1364.42h,,,,
,EASYPAY-1450,Update mapping to OFD broker end point - some fields should be nullable,,0.00h,73.87h,,,,,,0.00h,46.63h,1509.95h,,,,,,,,
,EASYPAY-1454,[FLM] ( LV )BOP code is not being validate,3/5/26,0.00h,142.52h,,,,,,26.82h,72.97h,72.98h,1.30h,,,1314.87h,,,,
,EASYPAY-1449,Add BH application to OFD broker whitelist,2/20/26,0.00h,16.10h,,,,,,0.00h,1.35h,0.00h,0.00h,,,1632.17h,,,,
,EASYPAY-1447,[DB] latest Star changes in Payments printouts slows query & stops Star App,2/24/26,0.07h,0.00h,,,,,,0.07h,24.68h,68.95h,30.78h,,,1529.47h,,,,
,EASYPAY-1489,Switch Instant payments to Gate environment 1 day prior to performance testing,,1657.00h,,,,,,,,,,,,,,,,,
,EASYPAY-1488,"Payment performance testing on Skyvaut in EE, LV,LT [18.03.2026]",3/18/26,624.87h,0.00h,,,,,,0.00h,,26.27h,2.45h,,,1003.45h,,,,
Production bug,EASYPAY-1446,RT1 flow: Invalid processing flow `RT` for message type `PACS_008` after Linux server patching,3/6/26,0.00h,0.65h,,,,,,4.93h,22.33h,338.28h,,,,1291.32h,,,,
Production bug,EASYPAY-1445,[IBank] No possibility to make instant payment when IP is enabled in limits,3/2/26,0.00h,17.05h,,,,,,0.08h,192.20h,0.00h,71.73h,,,1393.40h,,,,
,EASYPAY-1521,[SEPA Exchange] Receive and process TIPS admi.004 (Test only?),,1536.57h,,164.65h,,,,,,,,,,,,,,,
,EASYPAY-1442,[FLM | PaymentPriorityOutChannelCode - LV] - FPO - payment_priority not set as Express,3/3/26,17.53h,146.28h,,,,,,1.17h,50.13h,136.48h,1.45h,,,1368.25h,,,,
,EASYPAY-1438,Payment-form-service-ee - NullPointerException occurred inside PriorityAvailabilityLegacy.isAvailableForDate,3/6/26,16.75h,0.00h,0.00h,,,,,22.70h,2.40h,388.25h,0.00h,,,1291.32h,,,,
,EASYPAY-1441,[FLM | PaymentPriorityOutChannelCode] - FPO - LocalInstrument values not used for payment type determination,3/9/26,18.40h,146.22h,,,,,,1.22h,50.15h,137.97h,146.28h,,,1221.95h,,,,
Production bug,EASYPAY-1444,For some clients not possible to make defined payment,2/19/26,46.08h,0.00h,2.78h,,,,,0.00h,1.32h,14.72h,6.75h,,,1651.55h,,,,
,EASYPAY-1440,[FLM | Validate and Enrich] - Mass payment can be sent without instrId,3/3/26,20.77h,146.15h,,,,,,1.22h,0.35h,162.58h,23.77h,,,1369.75h,,,,
,EASYPAY-1439,"[FLM | Validate and Enrich] - FPO's - chrgBr - missing or not valid code, will be treated as SHAR",2/26/26,115.02h,146.08h,,,,,,1.30h,0.07h,66.62h,5.63h,,,1484.13h,,,,
Bug Sub-Task,EASYPAY-1437,PODM end-point is not reachable,2/24/26,0.00h,186.10h,,,,,,0.00h,,71.90h,31.75h,,,1530.38h,,,,
,EASYPAY-1435,[FLM | Validate and Enrich] Missing validations for FPO payments,3/30/26,0.00h,0.05h,1.10h,,,,,111.53h,343.23h,622.07h,26.37h,,,720.15h,,,,
,EASYPAY-1434,[FLM | Validate and Enrich] Missing validations for non-FPO payments,3/18/26,0.00h,0.18h,2.28h,0.47h,,,,24.88h,19.58h,838.23h,0.00h,,,1011.08h,,,,
,EASYPAY-1436,[FLM | Validate and Enrich] TEST FPO cdtrAgt - Name can be sent without BIC and Postal address,3/16/26,17.77h,121.20h,,153.83h,,,,192.53h,1.50h,284.85h,21.42h,,,1048.77h,,,,
,EASYPAY-1433,Test sending payments to fraud screening,,0.00h,1848.03h,,,,,,,,,,,,,,,,
,EASYPAY-1432,[Batch Handler] Null Cd in rgltryRptg gets error,2/10/26,0.00h,5.95h,,,,,,,,,,,,,1866.07h,,,
,EASYPAY-1430,[FLM | Validate and Enrich] Regulatory reporting (only for LV),3/18/26,0.00h,165.10h,7.02h,,,,,40.72h,7.55h,424.23h,221.03h,,,1006.68h,,,,
,EASYPAY-1431,Add grants PAYMENT_RO and PAYMENT_SUP on tables crebit.pc_field and crebit.pc_screen,2/13/26,0.25h,0.00h,,,,,,0.02h,1.05h,1.47h,74.33h,,,1795.45h,,,,
,EASYPAY-1429,GIRO: add label in Ibank and STAR,2/24/26,0.00h,0.60h,,,,,,0.00h,6.05h,18.67h,312.83h,,,1534.92h,,,,
,EASYPAY-1426,[FLM | PaymentPriorityOutChannelCode] Intragroup payment with currency != Euro returned as SEPGO not FPO,2/13/26,1.62h,66.47h,,,,,,27.08h,0.70h,1.07h,0.58h,,,1795.72h,,,,
,EASYPAY-1428,[FLM | Validate and Enrich] Creditor residence country (only for LV),2/25/26,0.00h,189.63h,6.72h,,,,,40.68h,7.53h,139.67h,7.37h,,,1504.92h,,,,
,EASYPAY-1427,"[FLM | Validate and Enrich] Creditor address (handling in EE, LV domestic payment)",2/23/26,0.00h,191.15h,71.27h,,,,,40.67h,7.53h,94.07h,3.08h,,,1554.82h,,,,
,EASYPAY-1513,[Investigation] Plan go-live activities,,1799.28h,,164.63h,,,,,,,,,,,,,,,
,EASYPAY-1532,[TEST] EURO1 Mandatory connectivity test,,0.02h,1624.28h,,,,,,339.78h,,,,,,,,,,
,EASYPAY-1425,"[FLM | Validate and Enrich] Ultimate party address (only for RTGS, FPO)",2/20/26,0.00h,191.90h,95.08h,,,,,40.65h,7.52h,20.83h,3.47h,,,1627.67h,,,,
Bug Sub-Task,EASYPAY-1423,Ultimate debtor name should be non-mandatory field for payment,2/13/26,17.77h,0.00h,,,,,,99.70h,26.65h,16.82h,30.52h,,,1795.75h,,,,
,EASYPAY-1424,[FLM | Validate and Enrich] Intermediary agent1 data (only for FPO),2/20/26,0.00h,191.92h,97.32h,,,,,40.63h,7.52h,24.37h,1.68h,,,1625.93h,,,,
,EASYPAY-1422,[FLM | Validate and Enrich] TEST Creditor agent BIC without name+address (FPO),3/30/26,0.02h,291.30h,0.08h,34.50h,,,,339.08h,1.50h,566.00h,41.67h,,,720.17h,,,,
,EASYPAY-1420,[Batch Handler] Error in batch handler when Debtor name is not filled in file,3/2/26,0.07h,47.62h,,,,,,130.97h,136.50h,0.47h,76.08h,,,1625.27h,,,,
,EASYPAY-1418,Update namespace used for reading fraud screening and status report Kafka topics,2/4/26,40.33h,0.25h,,,,,,0.00h,0.70h,0.00h,0.00h,,,2016.40h,,,,
,EASYPAY-1411,BH-data-manager: update API providing payment file data - include entitlement information,2/2/26,0.00h,0.72h,,,,,,0.00h,24.17h,66.98h,6.72h,,,2059.02h,,,,
Production bug,EASYPAY-1416,GIRO: can't edit giro payment name,2/3/26,0.00h,93.95h,,,,,,0.60h,26.10h,0.43h,0.12h,,,2038.15h,,,,
,EASYPAY-1401,DB: create procedure to write session information to the queue,2/5/26,0.00h,0.12h,,,,,,141.62h,46.60h,20.68h,7.32h,,,1987.00h,,,,
,EASYPAY-1407,Create scheduler to find entries in need of recovery for worker,3/3/26,23.65h,,821.68h,,,,,,,,,,,,1362.38h,,,
,EASYPAY-1409,CVUL0074647,3/6/26,46.75h,1.12h,,,,,,0.00h,363.18h,506.75h,0.00h,,,1291.33h,,,,
,EASYPAY-1410,CVUL0074545,3/6/26,46.77h,1.10h,,,,,,0.00h,363.18h,506.75h,0.00h,,,1291.33h,,,,
Bug Sub-Task,EASYPAY-1371,Payment type information (with all data under it) isn't taken correctly for mass payment,1/26/26,0.23h,,,,,,,,,,,,,,2228.33h,,,
,EASYPAY-1415,"[FLM | Validate and Enrich] TEST Ultimate party address without town, country (RTGS, FPO)",2/20/26,0.00h,524.17h,2.07h,,,,,0.00h,,50.33h,21.43h,,,1631.17h,,,,
,EASYPAY-1414,[FLM | Validate and Enrich] TEST Invalid country code,3/18/26,0.00h,410.15h,25.42h,18.58h,,,,0.00h,,362.22h,402.78h,,,1011.10h,,,,
,EASYPAY-1413,[FLM | Validate and Enrich] TEST Ultimate party name without address (European urgent to EU/EEA),2/19/26,0.00h,527.88h,,,,,,0.00h,,50.35h,4.13h,,,1648.45h,,,,
Production bug,EASYPAY-1476,"[IBank] Can submit a payment, with an empty ""Amount"" field",3/19/26,667.32h,0.00h,,,243.42h,,,0.07h,294.38h,47.78h,0.03h,,,978.25h,,,,
,EASYPAY-1412,"[FLM | Validate and Enrich] TEST Ultimate party address without name (RTGS, FPO)",2/19/26,0.00h,595.40h,0.20h,,,,,0.00h,,50.35h,1.37h,,,1651.22h,,,,
Bug Sub-Task,EASYPAY-1369,Incorrect creditor postal address conversion for pain.001.001.03,2/3/26,0.73h,0.00h,0.13h,,,,,0.00h,169.40h,64.50h,26.58h,,,2039.43h,,,,
,EASYPAY-1367,[STAR] update existing SEPA domestic payments to a hybrid postal address,,0.08h,2327.60h,,,,,,,,,,,,,,,,
,EASYPAY-1366,BH-worker: publish Key value to Kafka message,2/4/26,0.00h,24.43h,,,,,,0.00h,288.18h,29.55h,0.02h,,,2011.38h,,,,
,EASYPAY-1361,[DB] Remove Foreign Key from SWIFT table,2/3/26,0.00h,144.10h,0.58h,,,,,0.08h,4.55h,67.57h,120.90h,,,2040.05h,,,,
,EASYPAY-1408,BH-data-manager: create Kafka topic to request recovery,2/17/26,212.70h,22.62h,,,,,,123.73h,331.52h,8.05h,0.00h,,,1698.08h,,,,
,EASYPAY-1362,GRPC services return value 0 instead of null,1/23/26,0.00h,19.80h,,,,,,2.12h,29.77h,14.83h,31.30h,,,2299.37h,,,,
,EASYPAY-1399,Instant payment limits in List of Payments,,264.42h,137.48h,2065.78h,,,,,,,,,,,,,,,
,EASYPAY-1357,Ibank: we're providing userId instead of coreId in mock page signatures information block,1/23/26,0.72h,93.97h,,,,,,26.43h,21.65h,24.63h,0.32h,,,2304.23h,,,,
,EASYPAY-1370,[iBank] Cannot access International payment tab,1/26/26,0.00h,0.67h,,,,,,0.00h,1.52h,214.28h,65.57h,,,2234.33h,,,,
,EASYPAY-1356,PaymentPriorityOutChannelCode GRPC API returns RTGS where should be FPO,1/22/26,45.87h,0.23h,0.45h,,,,,70.80h,3.02h,0.80h,75.33h,,,2322.28h,,,,
,EASYPAY-1352,BH-worker: update storing of payment information,2/4/26,0.00h,170.57h,,,,,,0.00h,18.75h,319.95h,0.00h,,,2011.52h,,,,
,EASYPAY-1351,DB: update payment_info table - add new field to it,1/26/26,23.42h,264.25h,,,,,,,,,,,,2233.25h,,,,
,EASYPAY-1517,[ISO Exchange] Change TIPS camt.054 from V06 to V12,,503.85h,1013.62h,859.78h,,,,,21.35h,2.62h,140.63h,,,,,,,,
,EASYPAY-1523,[ISO Exchange] Change TIPS camt.053 from V06 to V12,,644.53h,1013.68h,719.03h,,,,,21.37h,2.60h,140.63h,,,,,,,,
,EASYPAY-1530,[ISO Exchange] Change TIPS camt.004 from V07 to V10,,501.02h,1013.60h,862.65h,,,,,21.37h,2.60h,140.63h,,,,,,,,
,EASYPAY-1514,[ISO Exchange] Change RTGS camt.053 from V08 to V12,,645.35h,984.33h,719.05h,,,,,6.87h,16.77h,170.55h,,,,,,,,
,EASYPAY-1512,[ISO Exchange] Change CLM camt.053 from V08 to V12,,645.27h,1727.22h,,,,,,0.10h,5.23h,165.15h,,,,,,,,
,EASYPAY-1526,[ISO Exchange] Change CoCo head.001 from V01 to V04,,578.83h,1482.03h,,,,,,263.33h,7.08h,211.72h,,,,,,,,
,EASYPAY-1519,[CORE DB] Update message versions in DEBT_CRED_NOTIFICATION_RULES,4/21/26,575.60h,1587.82h,,,,,,0.00h,15.62h,49.15h,125.68h,,,189.48h,,,,
,EASYPAY-1511,[ISO Exchange] Change RTGS camt.054 from V08 to V12,,578.65h,1770.60h,,,,,,6.87h,16.78h,168.22h,2.33h,,,,,,,
,EASYPAY-1349,"Homebank regression testing on Skyvault in EE, LV,LT [26-30.01.2026]",1/30/26,382.47h,0.00h,,,,,,0.00h,,24.00h,0.02h,,,2137.53h,,,,
,EASYPAY-1348,"E-invoices regression testing on Skyvault in EE, LV,LT [26-30.01.2026]",2/2/26,382.47h,0.00h,,,,,,0.00h,,24.05h,76.05h,,,2061.45h,,,,
,EASYPAY-1347,Make adjustments to kafka topic from BpayStream to FLM,2/6/26,23.12h,144.28h,,,,,,148.47h,214.37h,46.53h,1.10h,,,1966.73h,,,,
,EASYPAY-1346,11. Update API storing payment file data - validate channel value,3/23/26,0.63h,1535.87h,,,,,,0.08h,142.82h,1.85h,1.45h,,,886.20h,,,,
Bug Sub-Task,EASYPAY-1345,Mass payment file isn't rejected when one of intrabank payment currency is different than other intrabank payments in file,1/13/26,66.73h,0.00h,,,,,,0.03h,1.10h,0.20h,24.33h,,,2543.82h,,,,
,EASYPAY-1344,[E-Invoice] Penetration Test findings >> FIN0002262,1/8/26,0.03h,0.00h,,,,,,1.03h,18.72h,3.32h,2.08h,,,2661.00h,,,,
,EASYPAY-1354,[DB] Create sysglobal to enable or disable triggers,1/16/26,0.27h,192.03h,,,,,,0.12h,22.62h,1.90h,2.65h,,,2469.25h,,,,
Bug Sub-Task,EASYPAY-1342,Payment file isn't rejected when information in file xml is incorrect,1/6/26,0.17h,,,,,,,,,,,,,,2708.67h,,,
,EASYPAY-1341,Use channel code HGW instead of SGW,1/8/26,0.00h,43.83h,,,,,,,,,,,,2665.45h,,,,
,EASYPAY-1339,[E-Invoice] Penetration Test findings >> FIN0002281,1/8/26,0.03h,0.28h,,,,,,0.48h,4.82h,49.97h,18.67h,,,2661.75h,,,,
Bug Sub-Task,EASYPAY-1338,Kafka requires non-mandatory fields to be filled for payment,2/4/26,0.00h,71.92h,,,,,,0.45h,359.23h,0.53h,367.13h,,,2010.03h,,,,
,EASYPAY-1337,Account not found error handling issue,1/9/26,137.28h,0.00h,,,,,,72.42h,4.50h,1.98h,22.93h,,,2635.48h,,,,
Production bug,EASYPAY-1336,[DB] FPO payment is cancelled too early in LV (after repeater),12/30/25,0.02h,0.00h,,,,,,0.00h,2.48h,0.35h,2.75h,,,2874.20h,,,,
,EASYPAY-1335,Mass payment file header and payment information CtrlSum and Number of transaxtions are not validated,1/9/26,142.77h,0.00h,,,,,,0.18h,52.88h,0.47h,48.78h,,,2635.02h,,,,
,EASYPAY-1334,Update error codes,1/13/26,234.65h,0.00h,,,,,,0.42h,,123.02h,3.60h,,,2538.32h,,,,
Bug Sub-Task,EASYPAY-1333,Payment file is not saved in DB when Kafka message contains more than 1 signature,1/2/26,99.92h,,,,,,,,,,,,,,2804.67h,,,
Bug Sub-Task,EASYPAY-1331,"total_amount, total_number_of_trx, orgnl_msg_id are not stored when payment file status is rejected",12/29/25,164.73h,0.00h,,,,,,0.00h,,0.67h,5.63h,,,2897.78h,,,,
,EASYPAY-1398,DB: Create new error code,3/23/26,0.17h,1964.18h,,,,,,197.95h,117.02h,0.30h,1.80h,,,884.33h,,,,
,EASYPAY-1332,BH-worker: add trace id and logging for easier testing and maintenance,1/5/26,0.00h,282.48h,,,,,,168.02h,,0.00h,0.00h,,,2737.22h,,,,
,EASYPAY-1330,BH-worker: manually set offset after storing payment file information,1/5/26,0.00h,0.10h,,,,,,22.45h,451.60h,0.00h,0.00h,,,2736.97h,,,,
,EASYPAY-1329,Payment-services: clean-up payment-services not to check Sysglobal SEPA_SINGLE_FORM_START,2/9/26,0.00h,18.42h,,,,,,267.98h,403.50h,629.43h,0.00h,,,1892.85h,,,,
Production bug,EASYPAY-1328,[DB] fix crebit.dp_utility.reverse_limits procedure to log only errors,12/16/25,0.02h,0.00h,,,,,,0.00h,17.00h,5.25h,0.00h,,,3214.02h,,,,
,EASYPAY-1327,"[STAR] Add ""Procurement number"" field to ""SWIFT"" agreement page",1/5/26,0.00h,459.07h,43.73h,,,,,,,,,,,,2733.95h,,,
,EASYPAY-1326,10. Update API end point updating data for fraud screening request,3/30/26,0.00h,1656.47h,,,,,,0.12h,123.53h,165.58h,647.53h,,,716.77h,,,,
,EASYPAY-1325,Insert missing error codes to DP_ERROR table,12/23/25,0.00h,18.53h,,,,,,1.12h,263.20h,0.42h,2.77h,,,3045.90h,,,,
,EASYPAY-1323,Update API end point providing data for fraud screening request,12/11/25,0.00h,0.78h,,,,,,0.00h,0.83h,26.65h,20.67h,,,3334.22h,,,,
,EASYPAY-1321,"[DB] Add ""Procurement number"" field to SWIFT related Periodical Fees",1/5/26,0.02h,503.25h,147.47h,,,,,,,,,,,,2733.97h,,,
,EASYPAY-1319,ValidateAndEnrich GRPC endpoint removes necessary values from response,12/11/25,0.35h,21.85h,0.22h,,,,,0.07h,25.58h,22.57h,0.08h,,,3337.15h,,,,
,EASYPAY-1318,"E-invoices regression testing on Skyvault in LV, LT, EE [15.12-17.12]",12/16/25,0.00h,71.37h,,,,,,95.52h,,2.58h,21.80h,,,3217.43h,,,,
,EASYPAY-1317,"Homebank regression testing on Skyvault in LV, LT, EE [15.12-17.12]",12/16/25,0.00h,71.47h,,,,,,95.52h,,2.58h,21.48h,,,3217.75h,,,,
,EASYPAY-1316,[DB] Create new attribute for Procurement Number in crebit.swr_contract table,1/5/26,0.00h,650.83h,96.77h,,,,,,,,,,,,2733.97h,,,
,EASYPAY-1315,[Einvoice-payment-machine] Error while debiting automated e-invoices payment because of SEPA_RB_2025_START syglobal,12/12/25,1.28h,0.00h,,89.45h,,,,0.72h,0.02h,76.98h,19.63h,,,3313.48h,,,,
,EASYPAY-1314,[incoming-swift-msg-processor] Error processing swift orders because of SEPA_RB_2025_START syglobal,12/4/25,0.00h,1.92h,,,,,,0.00h,,0.00h,0.55h,,,3501.20h,,,,
,EASYPAY-1313,[Go-live scope ] Set VABAKONT value for new Ledger Accounts,12/8/25,0.05h,0.00h,,,,,,0.00h,,101.88h,0.12h,,,3403.23h,,,,
Production bug,EASYPAY-1311,[DB] Incorrect beneficiary value date is shown for incoming international payment,12/3/25,0.02h,19.47h,,0.00h,,,,0.00h,22.23h,2.87h,3.37h,,,3524.33h,,,,
,EASYPAY-1310,Enhance GRPC ExecuteSaved for batch processing,12/15/25,0.02h,283.57h,,,,,,0.70h,23.22h,0.00h,145.32h,,,3240.08h,,,,
,EASYPAY-1302,Set XKONT value for new Ledger Accounts,11/24/25,0.00h,0.00h,0.22h,,,,,0.00h,,95.97h,71.97h,,,3741.13h,,,,
,EASYPAY-1301,[DB] Create new queue to store faked file upload from SGW and procedure to enqueue it,11/27/25,0.60h,0.00h,,,,,,0.00h,235.42h,0.00h,0.00h,,,3673.52h,,,,
,EASYPAY-1280,[Go-live scope ] Refresh application cache memory due to changes in op_param,12/10/25,0.00h,0.00h,0.15h,,,,,0.00h,,601.35h,44.88h,,,3358.48h,,,,
,EASYPAY-1282,DB: clean-up iBank not to check Sysglobal SEPA_SINGLE_FORM_START,1/12/26,0.15h,460.45h,,,,,,4.55h,65.33h,3.70h,905.03h,,,2570.05h,,,,
,EASYPAY-1279,Link SWIFT service OP_ID's to SLA number - W715,12/10/25,0.07h,0.00h,0.42h,,,,,0.00h,,647.95h,44.87h,,,3358.48h,,,,
,EASYPAY-1278,[DB] Migrate Instant Payment party ID data to new structure,11/14/25,0.03h,0.05h,,,,,,0.00h,,46.62h,29.92h,,,3980.32h,,,,
,EASYPAY-1365,[iBank] Double Acceptance test case,,,,,,,673.78h,,1368.67h,1007.53h,,,1007.93h,,,,,,
,EASYPAY-1276,[DB] add new input parameters to payments.fpo_payment.ps_validate_payment,11/26/25,0.00h,0.00h,,,,,,0.00h,380.82h,0.00h,0.00h,,,3696.98h,,,,
,EASYPAY-1364,[Sepa-exchange] update existing SEPA payments test cases with rulebook changes,3/27/26,,,,,,694.90h,,534.50h,1007.18h,0.00h,40.30h,1008.02h,,794.22h,,,,
,EASYPAY-1275,Remove automated fee calculation button for OP_ID’s - XSCP/YSCP,11/24/25,0.12h,0.12h,,,,,,0.00h,0.00h,336.12h,71.97h,,,3741.12h,,,,
,EASYPAY-1277,Set BH application timezone to UTC,11/11/25,0.00h,95.00h,,,,,,,,,,,,,4057.27h,,,
,EASYPAY-1406,Status report SID should be added to outgoing.reports kafka message header,2/25/26,1.22h,2158.90h,,,,,,287.43h,52.98h,18.82h,122.87h,,,1511.30h,,,,
,EASYPAY-1274,Create VAT set-up for Custom Booking Fee OP_ID - T3SW,12/10/25,0.08h,0.00h,,,,,,0.00h,457.92h,312.08h,44.72h,,,3358.63h,,,,
,EASYPAY-1273,Create VAT set-up for Return of Custom Booking Fee OP_ID - T4SW,12/10/25,0.03h,0.00h,,,,,,0.00h,457.98h,312.12h,44.83h,,,3358.52h,,,,
,EASYPAY-1272,Recreate Kafka topics to have more partitions,12/8/25,0.00h,313.27h,,,,,,450.52h,5.37h,0.00h,0.00h,,,3404.82h,,,,
,EASYPAY-1363,Automate forms teller part,,139.07h,,,,,,,546.50h,1760.40h,,,1629.15h,,,,,,
,EASYPAY-1271,[Go-live scope ] Create VAT set-up for Return of Custom Booking Fee OP_ID - YSCP,12/10/25,0.03h,0.00h,,,,,,0.00h,486.43h,312.17h,43.52h,,,3359.83h,,,,
,EASYPAY-1270,Create VAT set-up for Return of Custom Booking Fee OP_ID - YSW,12/10/25,0.05h,0.00h,0.00h,,,,,0.00h,484.92h,313.75h,43.47h,,,3359.88h,,,,
,EASYPAY-1269,[Go-live scope ] Create VAT set-up for Custom Booking Fee OP_ID - XSCP,12/10/25,0.05h,0.00h,,,,,,0.00h,484.50h,314.52h,44.67h,,,3358.68h,,,,
,EASYPAY-1268,Create VAT set-up for Custom Booking Fee OP_ID - XSW,12/10/25,0.05h,0.00h,,,,,,0.00h,484.88h,314.63h,43.33h,,,3360.00h,,,,
,EASYPAY-1267,Create VAT set-up for Periodical Fee OP_ID - TN7SW,12/9/25,0.03h,0.00h,,,,,,0.00h,484.93h,314.75h,22.05h,,,3381.30h,,,,
,EASYPAY-1266,Create VAT set-up for Periodical Fee OP_ID - TG7SW,12/9/25,0.05h,0.00h,,,,,,0.00h,484.95h,314.80h,22.05h,,,3381.30h,,,,
,EASYPAY-1265,Create VAT set-up for Periodical Fee OP_ID - TN6SW,12/9/25,0.03h,0.00h,0.00h,,,,,0.00h,484.93h,314.87h,22.05h,,,3381.32h,,,,
,EASYPAY-1264,"Homebank regression testing on Skyvault in LV, LT, EE [24.11-26.11]",11/26/25,18.53h,0.00h,,,,,,453.22h,,4.02h,50.62h,,,3691.18h,,,,
,EASYPAY-1263,"E-invoices regression testing on Skyvault in LV, LT, EE [24.11-26.11]",11/26/25,18.52h,0.00h,,,,,,453.23h,0.00h,4.02h,50.65h,,,3691.13h,,,,
,EASYPAY-1262,Create VAT set-up for Periodical Fee OP_ID - TG6SW,12/9/25,0.05h,0.00h,,,,,,0.00h,501.43h,314.97h,22.03h,,,3381.32h,,,,
,EASYPAY-1483,"DB: create sysglobal for instant payment priority in files (Import of payments, Mass/Salary, List of payments)",3/13/26,0.00h,3066.50h,,,,,,0.23h,1.50h,22.22h,5.48h,,,1124.07h,,,,
,EASYPAY-1261,Create VAT set-up for Periodical Fee OP_ID - 20SW,12/9/25,0.43h,0.00h,0.00h,,,,,0.00h,501.43h,316.22h,22.02h,,,3381.33h,,,,
,EASYPAY-1256,[DB] Enhance executeSaved GRPC API to change valDt to current date for FPO payments,10/31/25,17.15h,0.00h,,,,,,47.15h,6.98h,22.98h,0.13h,,,4316.00h,,,,
,EASYPAY-1400,iBank: change representation of payments with in_channel_code = HGW,3/16/26,169.07h,2925.48h,,,,,,1.98h,2.65h,258.40h,2.88h,,,1052.70h,,,,
,EASYPAY-1255,7. Update API end point updating fraud screening data,11/13/25,0.00h,69.30h,,,,,,287.22h,29.20h,20.33h,3.10h,,,4005.37h,,,,
,EASYPAY-1254,9. Preparation for testing,,0.00h,4417.23h,,,,,,,,,,,,,,,,
Production bug,EASYPAY-1252,Large payment file processing failure,,0.00h,862.17h,3644.10h,,,,,,,,,,,,,,,
Production bug,EASYPAY-1253,[IBank] GIRO Payments cart doesn't allow to make payments,10/27/25,90.47h,0.00h,,,,,,0.18h,1.10h,2.10h,1.85h,,,4412.15h,,,,
Production bug,EASYPAY-1251,[Forms] Electronical payments does not show FPO with priority Express,10/28/25,23.68h,0.03h,,,,,,4.62h,0.00h,69.55h,26.33h,,,4387.38h,,,,
,EASYPAY-1250,Homebank regression testing on Skyvault in LV [27.10-29.10],10/30/25,110.45h,0.00h,,,,,,0.00h,,5.75h,69.53h,,,4341.73h,,,,
,EASYPAY-1249,E-invoices regression testing on Skyvault in LV [27.10-29.10],10/30/25,110.30h,0.00h,,,,,,0.00h,,6.58h,68.88h,,,4341.73h,,,,
,EASYPAY-1397,DB: create DB user for batch handler,3/17/26,0.00h,3332.98h,,,,,,0.20h,170.07h,2.03h,0.20h,,,1028.93h,,,,
,EASYPAY-1396,DB: create procedure for data restoring from exceptional to normal AQ,2/6/26,0.03h,2541.15h,,,,,,1.12h,4.73h,17.90h,1.38h,,,1968.13h,,,,
,EASYPAY-1288,DB: remove sysglobal SEPA_SINGLE_FORM_START,2/17/26,0.02h,1871.17h,,,,,,150.18h,21.58h,433.23h,354.88h,,,1705.28h,,,,
,EASYPAY-1246,EPE: remove check for SEPA rulebook SysGlobal - SEPA_RB_2025_START,11/14/25,0.02h,90.50h,,,,,,504.92h,0.00h,75.67h,0.00h,,,3981.77h,,,,
,EASYPAY-1245,DB: Remove/delete SEPA rulebook SysGlobal - SEPA_RB_2025_START,2/9/26,0.08h,119.20h,,455.35h,,,,842.12h,147.67h,761.35h,463.03h,,,1892.83h,,,,
,EASYPAY-1244,Create possibility to fake file upload from SGW,12/18/25,1.03h,40.87h,,,,,,175.12h,1097.18h,240.70h,0.00h,,,3169.48h,,,,
,EASYPAY-1243,"EINVOICES: if einvoice is paid manually with double acceptance, payment is not linked with einvoice",10/22/25,1.85h,0.00h,17.52h,,,,,0.10h,147.25h,21.95h,23.62h,,,4537.33h,,,,
,EASYPAY-1466,8. Process fraud screening requests which reached timeout,,0.02h,4076.47h,,,,,,363.85h,310.12h,,,,,,,,,
,EASYPAY-1242,7. Create API end point to find fraud screening request which reached timeout,2/25/26,240.13h,2351.60h,,99.38h,,,,98.00h,408.07h,21.27h,21.07h,,,1513.50h,,,,
Production bug,EASYPAY-1239,iBank: successful transaction above Payment Limit,10/13/25,0.42h,1.27h,14.45h,,,,,0.00h,2.77h,68.55h,5.05h,,,4749.75h,,,,
Production bug,EASYPAY-1238,[DB] Standing payment transaction is missing party ID,10/10/25,0.02h,0.18h,,,,,,0.35h,15.77h,1.22h,3.38h,,,4823.10h,,,,
Production bug,EASYPAY-1237,Incoming SIPI Crediting issue. error code = 12899,10/13/25,0.00h,96.42h,,,,,,0.03h,1.02h,0.93h,3.92h,,,4748.53h,,,,
Production bug,EASYPAY-1236,Incoming instant Return error in EPE,10/9/25,0.17h,0.35h,,,,,,0.53h,3.20h,0.03h,2.58h,,,4844.15h,,,,
Production bug,EASYPAY-1235,[DB] Payments with huge amount gets stuck and is not sent out,10/13/25,0.00h,0.33h,,,,,,0.02h,2.93h,18.43h,101.72h,,,4747.80h,,,,
,EASYPAY-1233,Payment Services: remove check for SEPA rulebook SysGlobal - SEPA_RB_2025_START,11/14/25,0.00h,191.67h,,,,,,290.07h,46.83h,363.80h,0.00h,,,3981.72h,,,,
,EASYPAY-1232,Sepa-web: remove check for SEPA rulebook SysGlobal - SEPA_RB_2025_START,11/14/25,0.00h,191.73h,,,,,,289.85h,,410.80h,0.00h,,,3981.73h,,,,
,EASYPAY-1231,Sepatransfer: remove check for SEPA rulebook SysGlobal - SEPA_RB_2025_START,10/16/25,0.02h,191.77h,,,,,,,,,,,,,4682.40h,,,
,EASYPAY-1230,Sepa-exchange: remove check for SEPA rulebook SysGlobal - SEPA_RB_2025_START,11/14/25,0.00h,191.83h,,,,,,267.18h,22.58h,410.80h,0.00h,,,3981.75h,,,,
,EASYPAY-1234,[CORE DB] Update value of sysglobal USTRD_ADDRESS_END,10/8/25,0.00h,0.78h,,,,,,0.00h,2.80h,3.02h,0.08h,,,4867.58h,,,,
,EASYPAY-1228,[DB] Processing of standing orders payments in LT,10/6/25,0.05h,0.00h,,,,,,0.00h,4.05h,0.00h,1.82h,,,4915.68h,,,,
,EASYPAY-1226,DB: remove check for SEPA rulebook SysGlobal - SEPA_RB_2025_START,10/24/25,0.03h,311.02h,,,,,,100.88h,25.23h,18.62h,46.50h,,,4491.02h,,,,
,EASYPAY-1225,Forms Teller: remove check for SEPA rulebook SysGlobal - SEPA_RB_2025_START,10/16/25,0.05h,311.28h,,,,,,,,,,,,,4682.27h,,,
,EASYPAY-1224,STAR: remove check for SEPA rulebook SysGlobal - SEPA_RB_2025_START,10/31/25,0.50h,311.35h,,,,,,100.08h,237.72h,5.40h,22.47h,,,4316.50h,,,,
,EASYPAY-1223,[DB] Change format for RT1_LIMIT and RT1_INCOMING_LIMIT,10/2/25,0.02h,0.00h,,,,,,0.00h,0.32h,0.30h,21.18h,,,5015.02h,,,,
Bug Sub-Task,EASYPAY-1222,iBank Private and Business PB: Update cases when other forms pass payment values to smart form,10/2/25,0.08h,0.27h,,,,,,0.00h,2.43h,41.45h,4.58h,,,5013.38h,,,,
,EASYPAY-1220,Update API checking if payment file is a duplicate,10/14/25,0.00h,89.65h,,,,,,0.00h,98.40h,21.73h,146.30h,,,4728.75h,,,,
,EASYPAY-1218,[DB] FPO archiving,10/1/25,0.00h,0.00h,,,,,,0.00h,3.17h,0.00h,40.58h,,,5044.10h,,,,
Bug Sub-Task,EASYPAY-1217,iBank Private and Business PB: Payment Priority not changing when Value date switched over,10/1/25,0.02h,0.00h,0.00h,,,,,0.00h,,47.65h,6.13h,,,5035.80h,,,,
,EASYPAY-1215,Update Kafka topic and publishing to it - add total sum and message id,10/22/25,0.00h,430.88h,,,,,,1.83h,191.53h,0.00h,0.00h,,,4536.85h,,,,
,EASYPAY-1213,Update payment status after it's sent to FLM,10/2/25,0.00h,0.02h,,,,,,1.98h,166.00h,0.00h,0.00h,,,5017.60h,,,,
,EASYPAY-1212,"SEPA RT1 and STEP2 do not start, after rel282 deployment",9/25/25,0.27h,3.43h,,,,,,0.07h,0.32h,0.00h,0.00h,,,5186.08h,,,,
,EASYPAY-1216,iBank Private and Business PB: Re-factor error and warning messages behavior when Instant Payment Limits are reached,10/2/25,0.72h,24.82h,,,,,,,70.27h,97.50h,0.00h,,,5013.37h,,,,
,EASYPAY-1209,Smart Form: Technical error occurred when calling limit service if another user's account was selected,9/22/25,0.02h,,,,,,,,23.35h,27.85h,2.42h,,,5252.02h,,,,
,EASYPAY-1210,"Foreign payment executed in another currency, limits are used twice",9/23/25,1.43h,,,,,,,,43.08h,26.60h,19.25h,,,5235.18h,,,,
,EASYPAY-1208,[ibank] TPH incoming payment displaying issues,10/14/25,0.07h,0.00h,,,,,,141.90h,262.70h,171.37h,23.27h,,,4726.40h,,,,
,EASYPAY-1206,[iBANK] Error in Payment list due to incorrect limits check from EPE during file import,9/22/25,0.05h,0.02h,,,,,,,1.12h,18.58h,96.17h,,,5258.18h,,,,
,EASYPAY-1247,iBank Private and Business PB: Re-factor error and warning messages UI presentment in SMART payment form,10/31/25,0.58h,696.78h,0.00h,,12.30h,,,4.87h,150.53h,0.13h,218.38h,,,4318.28h,,,,
,EASYPAY-1201,Change sysglobal SEPA_RB_2025_START value for RT1/STEP2 RB go-live date,9/23/25,0.12h,145.25h,0.00h,,,,,136.07h,0.05h,2.70h,0.00h,,,5233.50h,,,,
,EASYPAY-1200,Not possible to re-submit payments via EPE,9/9/25,0.00h,0.58h,,,,,,0.00h,0.22h,0.05h,0.52h,,,5568.03h,,,,
,EASYPAY-1199,[DB] Save error_code in crebit.dp table,10/1/25,0.00h,0.00h,,,,,,0.00h,40.88h,390.15h,116.30h,,,5040.87h,,,,
,EASYPAY-1190,[DB] Create new table in payments schema to save SOA VoP requests,9/29/25,0.17h,426.53h,,,,,,0.00h,53.20h,93.73h,3.47h,,,5085.78h,,,,
,EASYPAY-1189,iBank Private and Business PB: Enable regular and urgent payments in SMART payment form in case customer has disabled or already exceeded instant payments limit,9/8/25,0.03h,,93.13h,,,,,,,,,,,,5589.68h,,,
,EASYPAY-1188,Sysglobal PMNT_LIMIT_SERVICE_START with auto-activation on 05.10.2025 (no need for actions),9/23/25,453.23h,,,,,,,,,,,,,,5230.88h,,,
,EASYPAY-1395,[IBank]: If changes made in payment uploaded via SGW - new payment must be created instead of initial one,4/22/26,1028.23h,3361.05h,,,,,,3.88h,595.37h,504.25h,29.12h,,,163.50h,,,,
,EASYPAY-1186,4. Create API end point to get all payments and their statuses by fraud screening sid,,865.83h,1489.78h,,,,,,769.23h,1202.57h,1359.90h,,,,,,,,
,EASYPAY-1185,3. Update API endpoint providing dp.id of the payment,12/12/25,867.52h,1489.93h,,,,,,0.00h,17.78h,0.55h,1.70h,,,3311.52h,,,,
,EASYPAY-1184,1. Read Kafka topic from OFD broker and store information,,1175.25h,2308.45h,,,,,,1003.83h,244.18h,164.78h,793.03h,,,,,,,
,EASYPAY-1180,[iBank Private and Business PB]: Do not initiate VoP check again in case beneficiary's data is not changed in Standing Order Agreement conclusion,3/27/26,0.07h,3814.85h,214.88h,,,,,1105.03h,,,,,,,788.28h,,,
,EASYPAY-1179,[DB] Archiving of ST_UPDATE message,9/5/25,0.00h,0.02h,,,,,,0.00h,215.87h,0.00h,43.17h,,,5665.68h,,,,
,EASYPAY-1468,12. Implement fraud screening recovery process,,1105.13h,4821.47h,,,,,,,,,,,,,,,,
,EASYPAY-1394,iBank: update signing via list of payments - change payment processing process,,3818.60h,980.25h,1223.00h,,,,,,,,,,,,,,,
,EASYPAY-1175,3. Rename and update API geting data for fraud screening request,11/3/25,0.00h,1031.50h,,,,,,291.52h,145.82h,332.10h,5.33h,,,4243.52h,,,,
,EASYPAY-1402,Implement status report recovery process,,497.08h,5690.60h,,,,,,,,,,,,,,,,
,EASYPAY-1405,Implement payment file recovery process - sending payments for processing,,497.33h,3817.45h,,,,,,0.00h,223.40h,135.72h,1514.02h,,,,,,,
,EASYPAY-1403,Implement payment file recovery process - validating batches,2/10/26,497.60h,3697.07h,,,,,,27.93h,95.60h,0.00h,0.00h,,,1870.00h,,,,
,EASYPAY-1404,Implement payment file recovery process - reading and parsing the file,2/4/26,497.78h,3529.03h,,,,,,0.97h,149.93h,0.00h,0.00h,,,2010.65h,,,,
,EASYPAY-1174,[iBank Private and Business PB]: Introduce VoP Request Control: Attempt Cap in Domestic and European Standing Order Agreements conclusion,3/27/26,0.17h,3672.60h,645.98h,,,,,1105.03h,,,,,,,788.28h,,,
,EASYPAY-1171,[SEPA_EXCHANGE] outgoing SEPA message's original transaction information taken from old/new Party ID structure,9/3/25,0.00h,69.28h,0.15h,,,,,338.92h,68.28h,7.18h,139.32h,,,5712.78h,,,,
,EASYPAY-1170,Change sysglobal RT1_INCOMING_LIMIT value for incoming messages,9/23/25,0.02h,886.85h,,,,,,282.77h,3.45h,23.57h,0.05h,,,5231.60h,,,,
,EASYPAY-1169,Update publishing mass payment header and payment information,9/9/25,0.00h,337.53h,,,,,,0.83h,508.88h,21.48h,0.00h,,,5565.30h,,,,
Production bug,EASYPAY-1167,Incoming International payments: Ultimate beneficiary's ID printing works incorrectly,7/29/25,0.10h,94.22h,,,,,,,,,,,,,6578.90h,,,
,EASYPAY-1166,Add needed select rights for PAYMENTS.PAYMENT_PARTY_IDENTIFIER table,7/29/25,0.12h,0.00h,,,,,,0.00h,0.33h,92.88h,21.67h,,,6578.68h,,,,
,EASYPAY-1164,[payment-services] Implement new endpoint in Payment services client library to expose FlmSupportingService for clients,10/9/25,0.12h,0.03h,,,,,,19.77h,412.13h,1487.28h,0.00h,,,4846.53h,,,,
,EASYPAY-1163,[payment-services] Improve PaymentPriorityOutChannelCode RPC endpoint to set the priority as normal for future dated instant payments,7/18/25,16.93h,95.72h,0.07h,,,,,0.07h,24.68h,47.25h,27.13h,,,6839.32h,,,,
,EASYPAY-1162,"Change SQL monitoring for ""RT1 file not received"" errors",9/19/25,0.08h,1631.50h,0.13h,,,,,169.10h,45.85h,0.00h,0.20h,,,5326.28h,,,,
,EASYPAY-1161,"(RT1, LV) FS027: Receive pacs.008 from TIPS participant to TIPS BIC",9/15/25,0.38h,1704.65h,0.00h,,,,,0.00h,,0.00h,7.45h,,,5419.13h,,,,
,EASYPAY-1160,"(RT1, LV) FS026: Send and receive pacs.008 with TIPS participant",9/15/25,0.35h,1780.35h,,,,,,0.00h,,0.00h,4.33h,,,5418.60h,,,,
,EASYPAY-1159,"(RT1, LV) FS023, FS024: Send pacs.008 and receive reject with timeout - OPTIONAL",9/16/25,0.32h,1711.62h,,,,,,0.00h,,0.00h,94.38h,,,5397.30h,,,,
,EASYPAY-1158,"(RT1, LV) RR001: Receive and process PSR and RSF files",9/16/25,0.30h,1790.38h,,,,,,0.00h,,0.00h,15.75h,,,5397.20h,,,,
,EASYPAY-1157,"(RT1, LV) FS014: Send and receive pacs.028 (ST_UPDATE) on camt.056 (RECALL)",9/11/25,0.27h,1655.93h,,,,,,0.00h,,0.00h,30.43h,,,5516.97h,,,,
,EASYPAY-1156,"(RT1, LV) FS013: Send and receive pacs.028 Payment Inquiry (INQUIRY)",9/15/25,0.25h,1782.58h,,,,,,0.00h,,0.00h,0.00h,,,5420.78h,,,,
,EASYPAY-1155,"(RT1, LV) FS012: Send and receive camt.029 (REC_REFUSE)",9/10/25,0.23h,1655.97h,,,,,,0.00h,,0.00h,3.68h,,,5543.73h,,,,
,EASYPAY-1154,"(RT1, LV) FS011: Send and receive pacs.004 (RETURN)",9/10/25,0.22h,1178.03h,,,,,,0.00h,,0.00h,477.93h,,,5547.43h,,,,
,EASYPAY-1153,"(RT1, LV) FS010: Send and receive camt.056 (RECALL)",9/9/25,0.18h,1178.07h,,,,,,0.00h,,0.00h,462.85h,,,5562.52h,,,,
,EASYPAY-1152,"(RT1, LV) FS002: Send and receive pacs.002 confirmation with valid OrgnlMsgNmId element",9/15/25,0.15h,1160.08h,,,,,,0.00h,,16.57h,602.63h,,,5424.17h,,,,
,EASYPAY-1151,"(RT1, LV) FS008, FS009: Send and receive pacs.008 with hybrid address",9/11/25,0.13h,1152.93h,,,,,,0.00h,,503.28h,34.45h,,,5512.82h,,,,
,EASYPAY-1150,"(RT1, LV) FS007: Send and receive pacs.008 with multiple Org ID",9/12/25,0.12h,1152.75h,,,,,,0.00h,,556.12h,3.38h,,,5491.25h,,,,
,EASYPAY-1149,"(RT1, LV) FS004, FS005, FS006: Send and receive pacs.008 with NEW ""AccptncDtTm"" element",8/20/25,0.10h,1132.13h,,,,,,0.00h,,2.23h,26.28h,,,6042.88h,,,,
,EASYPAY-1148,"(RT1, LV) FS001: Send and receive pacs.008 within new timeframe (7 seconds)",9/12/25,0.08h,1708.90h,,,,,,0.00h,,2.95h,0.00h,,,5491.70h,,,,
,EASYPAY-1147,"(RT1, LV) FS003: Send and receive pacs.008 with amount over EUR 100.000,00",8/19/25,0.05h,773.73h,,,,,,0.00h,,0.00h,357.10h,,,6072.75h,,,,
,EASYPAY-1146,"(RT1, LV) FR001: Receive and processes RT1 RTF",8/19/25,0.03h,1130.92h,,,,,,0.00h,,0.00h,3.48h,,,6069.17h,,,,
,EASYPAY-1145,[LV] Execute mandatory testcases for RT1 Q4 2025,9/16/25,0.42h,768.72h,,,,,,0.12h,,1037.22h,0.00h,,,5397.17h,,,,
,EASYPAY-1144,"(RT1, LT) FS027: Receive pacs.008 from TIPS participant to TIPS BIC",9/15/25,0.73h,1793.38h,,,,,,0.00h,,0.00h,7.42h,,,5418.63h,,,,
,EASYPAY-1143,"(RT1, LT) FS026: Send and receive pacs.008 with TIPS participant",9/15/25,0.68h,1793.43h,,,,,,0.00h,,0.00h,6.92h,,,5419.15h,,,,
,EASYPAY-1142,"(RT1, LT) FS023, FS024: Send pacs.008 and receive reject with timeout - OPTIONAL",9/16/25,0.65h,1728.30h,,,,,,0.00h,,2.43h,91.30h,,,5397.47h,,,,
,EASYPAY-1141,"(RT1, LT) RR001: Receive and process PSR and RSF files",9/16/25,0.63h,1797.68h,,,,,,0.00h,,23.88h,0.00h,,,5397.98h,,,,
,EASYPAY-1140,"(RT1, LT) FS014: Send and receive pacs.028 (ST_UPDATE) on camt.056 (RECALL)",9/11/25,0.62h,1678.78h,,,,,,0.00h,,0.00h,24.03h,,,5516.75h,,,,
,EASYPAY-1139,"(RT1, LT) FS013: Send and receive pacs.028 Payment Inquiry (INQUIRY)",9/15/25,0.58h,1677.07h,,,,,,0.00h,,121.67h,1.72h,,,5419.12h,,,,
,EASYPAY-1138,"(RT1, LT) FS012: Send and receive camt.029 (REC_REFUSE)",9/10/25,0.57h,1673.40h,,,,,,0.00h,,0.00h,2.23h,,,5543.98h,,,,
,EASYPAY-1137,"(RT1, LT) FS011: Send and receive pacs.004 (RETURN)",9/10/25,0.53h,1512.72h,,,,,,0.00h,,0.00h,159.60h,,,5547.33h,,,,
,EASYPAY-1136,"(RT1, LT) FS010: Send and receive camt.056 (RECALL)",9/3/25,0.50h,1194.28h,,,,,,0.00h,,0.00h,318.38h,,,5706.98h,,,,
,EASYPAY-1135,"(RT1, LT) FS002: Send and receive pacs.002 confirmation with valid OrgnlMsgNmId element",9/15/25,0.43h,1176.35h,,,,,,0.00h,,0.00h,619.23h,,,5424.13h,,,,
,EASYPAY-1134,"(RT1, LT) FS008, FS009: Send and receive pacs.008 with hybrid address",9/12/25,0.30h,1673.60h,,,,,,0.00h,,0.00h,49.20h,,,5497.08h,,,,
,EASYPAY-1133,"(RT1, LT) FS007: Send and receive pacs.008 with multiple Org ID",9/12/25,0.15h,1481.95h,,,,,,0.00h,0.00h,0.00h,249.28h,,,5488.80h,,,,
,EASYPAY-1132,"(RT1, LT) FS004, FS005, FS006: Send and receive pacs.008 with NEW ""AccptncDtTm"" element",9/3/25,0.13h,1149.68h,,,,,,0.00h,,0.00h,357.40h,,,5712.95h,,,,
,EASYPAY-1131,"(RT1, LT) FS001: Send and receive pacs.008 within new timeframe (7 seconds)",9/12/25,0.12h,1149.70h,,,,,,0.00h,,578.62h,0.48h,,,5491.25h,,,,
,EASYPAY-1130,"(RT1, LT) FS003: Send and receive pacs.008 with amount over EUR 100.000,00",8/19/25,0.08h,283.08h,,,,,,0.00h,,0.00h,863.63h,,,6073.35h,,,,
,EASYPAY-1129,"(RT1, LT) FR001: Receive and processes RT1 RTF",8/19/25,0.03h,1129.00h,,,,,,0.00h,,0.00h,21.72h,,,6069.43h,,,,
,EASYPAY-1128,[LT] Execute mandatory testcases for RT1 Q4 2025,9/16/25,0.78h,184.68h,,,,,,0.00h,,1637.33h,0.00h,,,5397.38h,,,,
,EASYPAY-1127,Change sysglobal RT1_LAC_COUNT value,9/23/25,0.07h,1685.08h,,,,,,215.27h,2.23h,89.20h,3.37h,,,5231.37h,,,,
,EASYPAY-1126,Update Kafka topic schema - provide signature information differently,7/3/25,28.62h,0.10h,,,,,,0.00h,45.07h,0.00h,0.00h,,,7199.77h,,,,
,EASYPAY-1125,"(RT1, EE) FS027: Receive pacs.008 from TIPS participant to TIPS BIC",9/16/25,0.42h,1829.67h,24.57h,,,,,0.00h,,0.00h,21.18h,,,5397.90h,,,,
,EASYPAY-1124,"(RT1, EE) FS026: Send and receive pacs.008 with TIPS participant",9/16/25,68.70h,1877.65h,,,,,,0.00h,,0.00h,0.00h,,,5395.38h,,,,
,EASYPAY-1123,"(RT1, EE) FS023, FS024: Send pacs.008 and receive reject with timeout - OPTIONAL",9/16/25,0.10h,1944.10h,,,,,,0.00h,,0.00h,0.00h,,,5397.63h,,,,
,EASYPAY-1122,"(RT1, EE) RR001: Receive and process PSR and RSF files",9/16/25,17.27h,1923.68h,,,,,,0.00h,,0.00h,24.05h,,,5397.92h,,,,
,EASYPAY-1121,"(RT1, EE) FS014: Send and receive pacs.028 (ST_UPDATE) on camt.056 (RECALL)",9/15/25,17.57h,1706.13h,119.37h,,,,,0.00h,,0.00h,20.50h,,,5427.65h,,,,
,EASYPAY-1120,"(RT1, EE) FS013: Send and receive pacs.028 Payment Inquiry (INQUIRY)",9/15/25,17.70h,1920.98h,,,,,,0.00h,,0.00h,2.52h,,,5422.18h,,,,
,EASYPAY-1119,"(RT1, EE) FS012: Send and receive camt.029 (REC_REFUSE)",9/15/25,17.87h,1877.35h,,,,,,0.00h,,0.00h,40.73h,,,5427.65h,,,,
,EASYPAY-1118,"(RT1, EE) FS011: Send and receive pacs.004 (RETURN)",9/15/25,17.92h,1876.68h,,,,,,0.00h,,0.00h,41.38h,,,5427.67h,,,,
,EASYPAY-1117,"(RT1, EE) FS010: Send and receive camt.056 (RECALL)",9/11/25,18.02h,1834.58h,,,,,,0.00h,,0.00h,0.00h,,,5511.17h,,,,
,EASYPAY-1116,"(RT1, EE) FS002: Send and receive pacs.002 confirmation with valid OrgnlMsgNmId element",9/16/25,18.08h,1919.12h,,,,,,0.00h,,0.00h,30.98h,,,5395.65h,,,,
,EASYPAY-1115,"(RT1, EE) FS008, FS009: Send and receive pacs.008 with hybrid address",9/12/25,18.35h,430.13h,,,,,,0.00h,,0.00h,1419.50h,,,5496.13h,,,,
,EASYPAY-1114,"(RT1, EE) FS007: Send and receive pacs.008 with multiple Org ID",9/12/25,18.45h,1853.97h,,,,,,0.00h,,0.00h,0.00h,,,5491.82h,,,,
,EASYPAY-1113,"(RT1, EE) FS004, FS005, FS006: Send and receive pacs.008 with NEW ""AccptncDtTm"" element",9/13/25,18.75h,1872.83h,,,,,,0.00h,,0.00h,0.82h,,,5472.13h,,,,
,EASYPAY-1112,"(RT1, EE) FS001: Send and receive pacs.008 within new timeframe (7 seconds)",9/14/25,19.17h,1898.40h,,,,,,0.00h,,0.00h,4.32h,,,5443.07h,,,,
,EASYPAY-1111,Change sysglobal RT1_LIMIT value for outgoing messages,9/23/25,0.00h,1707.77h,116.05h,,,,,305.07h,0.10h,4.72h,0.07h,,,5231.50h,,,,
,EASYPAY-1110,"(RT1, EE) FS003: Send and receive pacs.008 with amount over EUR 100.000,00",8/29/25,19.48h,1510.57h,,,,,,0.00h,,0.00h,0.02h,,,5835.23h,,,,
,EASYPAY-1109,"(RT1, EE) FR001: Receive and processes RT1 RTF",9/11/25,19.90h,1831.30h,,,,,,0.00h,,0.00h,0.02h,,,5514.50h,,,,
,EASYPAY-1108,[EE] Execute mandatory testcases for RT1 Q4 2025,9/17/25,0.00h,185.47h,145.68h,,,,,0.00h,,1655.72h,0.00h,,,5379.02h,,,,
,EASYPAY-1107,"iBank Private and Business PB: Automated switch of Payment priority ""Instant"" to ""Ordinary""/""Economy"" in SMART payment form in case customer has disabled/exceeded instant payments limit",9/23/25,1686.12h,43.88h,92.77h,,,,,2.55h,166.67h,23.88h,118.55h,,,5234.48h,,,,
,EASYPAY-1299,Update Kafka schema - W981.baltic.payments.raw.topic-value Part 2,12/3/25,0.00h,3526.52h,0.98h,,,,,283.43h,27.32h,1.00h,18.23h,,,3530.67h,,,,
,EASYPAY-1297,Update BpayStream application to include new attributes for Kafka message. Part 2,12/4/25,0.02h,3526.53h,0.98h,,,,,312.00h,19.82h,0.03h,23.32h,,,3505.48h,,,,
,EASYPAY-1106,"Forms Teller - SEPA recall outgoing payment (instant DUPL, TECH)",6/26/25,0.77h,,23.07h,,,,,,,,,,,,7367.55h,,,
,EASYPAY-1105,"(STEP2, LT) FR001: Receive and processes STEP2 RTF",9/19/25,192.00h,1871.52h,,,,,,,,,,,,,5329.93h,,,
,EASYPAY-1104,"(STEP2, LT) FS013: Send camt.029 (CL_VD_RJCT) as response to camt.087 (CL_VALUE)",9/16/25,0.35h,1993.37h,,,,,,0.00h,,0.00h,0.00h,,,5399.73h,,,,
,EASYPAY-1103,"(STEP2, LT) FS012: Receive pacs.028 (ST_UPDATE) referred to camt.087 (CL_VALUE)",9/19/25,0.33h,2063.18h,,,,,,,,,,,,,5329.93h,,,
,EASYPAY-1102,"(STEP2, LT) FS010: Receive camt.087 (CL_VALUE)",9/17/25,0.33h,1995.80h,,,,,,0.00h,,0.00h,17.95h,,,5379.37h,,,,
,EASYPAY-1101,"(STEP2, LT) FS013: Send and receive camt.029 (CL_NR_RJCT or CL_NR_ACCP) as response to camt.027 (CL_RECEIPT)",9/19/25,0.32h,2063.18h,,,,,,,,,,,,,5329.95h,,,
,EASYPAY-1100,"(STEP2, LT) FS011: Send and receive pacs.028 (ST_UPDATE) referred to camt.027 (CL_RECEIPT)",9/19/25,0.30h,2063.18h,,,,,,,,,,,,,5329.95h,,,
,EASYPAY-1099,"(STEP2, LT) FS009: Send and receive camt.027 (CL_RECEIPT)",9/16/25,0.30h,1994.92h,,,,,,0.00h,,0.00h,0.00h,,,5398.23h,,,,
,EASYPAY-1098,"(STEP2, LT) FS007: Send and receive camt.029 (REC_REFUSE)",9/17/25,0.28h,2019.30h,,,,,,0.00h,,0.00h,0.00h,,,5373.87h,,,,
,EASYPAY-1097,"(STEP2, LT) FS006: Send and receive pacs.004  (RETURN)",9/17/25,0.22h,2019.22h,,,,,,0.00h,,0.00h,0.00h,,,5374.02h,,,,
,EASYPAY-1096,"(STEP2, LT) FS008: Send and receive pacs.028 (ST_UPDATE) referred to camt.056 (RECALL)",9/19/25,0.20h,2063.30h,,,,,,,,,,,,,5329.95h,,,
,EASYPAY-1095,"(STEP2, LT) FS005: Send and receive camt.056 (RECALL)",9/17/25,0.18h,2019.22h,,,,,,0.00h,,0.00h,0.00h,,,5374.05h,,,,
,EASYPAY-1094,"(STEP2, LT) FS003, FS004: Send and receive pacs.008 with hybrid address",8/27/25,0.17h,1513.05h,,,,,,0.00h,,0.00h,0.00h,,,5880.22h,,,,
,EASYPAY-1093,"(STEP2, LT) FS001, FS002: Send and receive pacs.008 with multiple Org ID",8/27/25,0.17h,1513.10h,,,,,,0.00h,,0.00h,0.00h,,,5880.18h,,,,
,EASYPAY-1092,[LT] Execute mandatory testcases for STEP2 Q4 2025,9/19/25,0.37h,2063.17h,,,,,,,,,,,,5329.92h,,,,
,EASYPAY-1091,"(STEP2, LV) FR001: Receive and processes STEP2 RTF",9/19/25,192.47h,1871.43h,,,,,,,,,,,,,5330.00h,,,
,EASYPAY-1090,"(STEP2, LV) FS013: Send camt.029 (CL_VD_RJCT) as response to camt.087 (CL_VALUE)",9/16/25,0.42h,1993.70h,,,,,,0.00h,,0.00h,0.00h,,,5399.78h,,,,
,EASYPAY-1089,"(STEP2, LV) FS012: Receive pacs.028 (ST_UPDATE) referred to camt.087 (CL_VALUE)",9/19/25,0.40h,2063.48h,,,,,,,,,,,,,5330.02h,,,
,EASYPAY-1088,"(STEP2, LV) FS010: Receive camt.087 (CL_VALUE)",9/17/25,0.40h,1996.18h,,,,,,0.00h,,0.00h,17.90h,,,5379.42h,,,,
,EASYPAY-1087,"(STEP2, LV) FS013: Send and receive camt.029 (CL_NR_RJCT or CL_NR_ACCP) as response to camt.027 (CL_RECEIPT)",9/19/25,0.37h,2063.52h,,,,,,,,,,,,,5330.02h,,,
,EASYPAY-1086,"(STEP2, LV) FS011: Send and receive pacs.028 (ST_UPDATE) referred to camt.027 (CL_RECEIPT)",9/19/25,0.27h,2063.62h,,,,,,,,,,,,,5330.03h,,,
,EASYPAY-1085,"(STEP2, LV) FS009: Send and receive camt.027 (CL_RECEIPT)",9/16/25,0.25h,1995.48h,,,,,,0.00h,,0.00h,0.00h,,,5398.17h,,,,
,EASYPAY-1084,"(STEP2, LV) FS007: Send and receive camt.029 (REC_REFUSE)",9/17/25,0.23h,2019.48h,,,,,,0.00h,,0.00h,0.00h,,,5374.20h,,,,
,EASYPAY-1083,"(STEP2, LV) FS006: Send and receive pacs.004  (RETURN)",9/17/25,0.22h,2019.53h,,,,,,0.00h,,0.00h,0.00h,,,5374.17h,,,,
,EASYPAY-1082,"(STEP2, LV) FS008: Send and receive pacs.028 (ST_UPDATE) referred to camt.056 (RECALL)",9/19/25,0.15h,2063.73h,,,,,,,,,,,,,5330.03h,,,
,EASYPAY-1081,"(STEP2, LV) FS005: Send and receive camt.056 (RECALL)",9/17/25,0.13h,2019.50h,,,,,,0.00h,,0.00h,0.03h,,,5374.23h,,,,
,EASYPAY-1080,"(STEP2, LV) FS003, FS004: Send and receive pacs.008 with hybrid address",8/28/25,0.12h,1534.40h,,,,,,0.00h,,0.00h,0.00h,,,5859.38h,,,,
,EASYPAY-1079,"(STEP2, LV) FS001, FS002: Send and receive pacs.008 with multiple Org ID",8/28/25,0.10h,1534.55h,,,,,,0.00h,,0.00h,0.00h,,,5859.27h,,,,
,EASYPAY-1078,[LV] Execute mandatory testcases for STEP2 Q4 2025,9/19/25,0.45h,2063.47h,,,,,,,,,,,,5330.00h,,,,
,EASYPAY-1077,"(STEP2, EE) FR001: Receive and processes STEP2 RTF",9/19/25,305.50h,1871.38h,,,,,,,,,,,,,5330.05h,,,
,EASYPAY-1076,"(STEP2, EE) FS013: Send camt.029 (CL_VD_RJCT) as response to camt.087 (CL_VALUE)",9/16/25,112.87h,1994.20h,,,,,,0.00h,,0.00h,0.00h,,,5399.92h,,,,
,EASYPAY-1075,"(STEP2, EE) FS012: Receive pacs.028 (ST_UPDATE) referred to camt.087 (CL_VALUE)",9/19/25,112.88h,2064.10h,,,,,,,,,,,,,5330.07h,,,
,EASYPAY-1074,"(STEP2, EE) FS010: Receive camt.087 (CL_VALUE)",9/17/25,112.87h,1996.87h,,,,,,0.00h,,0.00h,17.83h,,,5379.50h,,,,
,EASYPAY-1073,"(STEP2, EE) FS013: Send and receive camt.029 (CL_NR_RJCT or CL_NR_ACCP) as response to camt.027 (CL_RECEIPT)",9/19/25,112.87h,2064.17h,,,,,,,,,,,,,5330.07h,,,
,EASYPAY-1072,"(STEP2, EE) FS011: Send and receive pacs.028 (ST_UPDATE) referred to camt.027 (CL_RECEIPT)",9/19/25,112.87h,2064.23h,,,,,,,,,,,,,5330.08h,,,
,EASYPAY-1071,"(STEP2, EE) FS009: Send and receive camt.027 (CL_RECEIPT)",9/16/25,112.83h,1996.05h,,,,,,0.00h,,0.00h,0.00h,,,5398.32h,,,,
,EASYPAY-1070,"(STEP2, EE) FS007: Send and receive camt.029 (REC_REFUSE)",9/17/25,112.80h,2020.73h,,,,,,0.00h,,0.00h,0.00h,,,5373.70h,,,,
,EASYPAY-1069,"(STEP2, EE) FS006: Send and receive pacs.004  (RETURN)",9/17/25,112.78h,2021.00h,,,,,,0.00h,,0.00h,0.00h,,,5373.47h,,,,
,EASYPAY-1068,"(STEP2, EE) FS008: Send and receive pacs.028 (ST_UPDATE) referred to camt.056 (RECALL)",9/19/25,112.77h,2064.43h,,,,,,,,,,,,,5330.12h,,,
,EASYPAY-1067,"(STEP2, EE) FS005: Send and receive camt.056 (RECALL)",9/17/25,112.77h,2020.88h,,,,,,0.00h,,0.00h,0.00h,,,5373.73h,,,,
,EASYPAY-1066,LT STAR Giro payment (ID) // testing,7/28/25,0.00h,764.40h,0.03h,,,,,0.00h,,143.95h,0.75h,,,6600.33h,,,,
,EASYPAY-1065,"(STEP2, EE) FS003, FS004: Send and receive pacs.008 with hybrid address",8/27/25,115.30h,1512.67h,,,,,,0.00h,,0.00h,0.00h,,,5881.97h,,,,
,EASYPAY-1064,"(STEP2, EE) FS001, FS002: Send and receive pacs.008 with multiple Org ID",8/27/25,115.40h,1513.62h,,,,,,0.00h,,0.00h,0.00h,,,5881.03h,,,,
,EASYPAY-1063,Update API which updates batch and file status,10/13/25,0.00h,2419.08h,,,,,,0.00h,80.87h,138.47h,118.65h,,,4753.35h,,,,
,EASYPAY-1062,[EE] Execute mandatory testcases for STEP2 Q4 2025,9/19/25,0.00h,2063.88h,116.58h,,,,,,,,,,,5330.05h,,,,
,EASYPAY-1257,[iBank] Remove check for SEPA RB 2025 sysglobal,11/13/25,2806.22h,46.32h,,,,,,336.63h,316.93h,0.12h,25.55h,,,4002.92h,,,,
,EASYPAY-1059,[DB] Create return payment (ID),8/14/25,0.18h,956.67h,,,,,,23.80h,140.48h,71.40h,170.90h,,,6192.32h,,,,
,EASYPAY-1050,Change time for sending 1st. status request inquiry message pacs.028,9/16/25,0.00h,1271.03h,218.05h,,,,,1.00h,75.10h,506.65h,113.47h,,,5402.32h,,,,
,EASYPAY-1049,[SEPA_EXCHANGE] Incoming SEPA message's original transaction information storing in new Party ID structure,7/28/25,0.05h,26.95h,,,,,,334.78h,214.93h,151.97h,258.83h,,,6600.37h,,,,
,EASYPAY-1048,Forms Teller - SEPA credit to ledger (ID),8/8/25,0.02h,979.83h,,,,,,0.00h,30.28h,285.33h,51.33h,,,6331.45h,,,,
,EASYPAY-1047,Forms Teller EE - Annulation (ID),8/6/25,0.00h,1004.33h,75.85h,,,,,1.53h,92.93h,97.10h,24.12h,,,6384.75h,,,,
,EASYPAY-1046,Forms Teller - SEPA message details (ID),8/12/25,0.17h,1004.32h,118.95h,,,,,164.63h,48.00h,1.13h,148.07h,,,6237.07h,,,,
,EASYPAY-1045,Forms Teller - SEPA recall refuse (ID),8/7/25,0.00h,909.70h,117.60h,,,,,91.37h,5.53h,163.45h,74.65h,,,6360.18h,,,,
,EASYPAY-1044,Forms Teller - SEPA incoming payments which require manual name check (ID),8/6/25,0.00h,909.53h,117.93h,,,,,26.13h,0.98h,261.17h,21.15h,,,6385.75h,,,,
,EASYPAY-1043,Forms Teller - SEPA return incoming payment (ID),8/6/25,0.00h,909.73h,117.82h,,,,,94.38h,2.52h,191.63h,26.17h,,,6380.48h,,,,
,EASYPAY-1042,Forms Teller - SEPA repeal outgoing payment (ID),8/7/25,0.08h,909.25h,118.38h,,,,,94.22h,2.68h,217.20h,22.72h,,,6358.37h,,,,
,EASYPAY-1041,Forms Teller - SEPA recall outgoing payment (ID),8/6/25,0.02h,1007.38h,44.62h,,,,,92.52h,4.38h,163.45h,53.35h,,,6381.47h,,,,
,EASYPAY-1040,Forms Teller - SEPA claim non-receipt outgoing payment (ID),8/7/25,0.03h,1007.88h,44.15h,,,,,94.73h,2.15h,239.67h,3.17h,,,6355.45h,,,,
,EASYPAY-1039,Forms Teller - Incoming payment (ID),8/6/25,0.08h,1028.28h,,,,,,0.02h,27.05h,161.40h,126.60h,,,6380.10h,,,,
,EASYPAY-1038,Forms Teller - Outgoing payment (ID),8/6/25,0.00h,1028.38h,0.45h,,,,,0.02h,92.47h,167.85h,53.35h,,,6381.47h,,,,
,EASYPAY-1037,[SEPA_EXCHANGE] Incoming pacs.004 message (orig tx for Return) storing in new Party ID structure,8/22/25,0.00h,1203.50h,162.23h,,,,,0.00h,170.35h,117.35h,99.57h,,,5997.18h,,,,
,EASYPAY-1036,[SEPA_EXCHANGE] Incoming/outgoing pacs.008 message storing in new Party ID structure,9/12/25,0.00h,986.48h,162.28h,88.67h,,,,0.00h,292.52h,431.40h,296.45h,,,5492.58h,,,,
Production bug,EASYPAY-1035,there is filled einvoices.einvoice.seller_agreement_id with operator agreement id in case abstract einvoice,6/10/25,2.43h,,,,,,,,,,,,,7751.13h,,,,
,EASYPAY-1032,SIPCI returns can't be processed,6/6/25,0.03h,1.40h,,,,,,0.02h,2.70h,0.10h,0.00h,,,7844.48h,,,,
,EASYPAY-1027,[DB] Migrate party ID data to new structure,9/25/25,0.00h,1631.87h,695.00h,,,,,41.78h,123.07h,145.13h,49.80h,,,5181.67h,,,,
,EASYPAY-1026,OpenBanking. Payment party ID,8/26/25,0.03h,1505.77h,,,,,,150.15h,,210.62h,101.12h,,,5900.77h,,,,
,EASYPAY-1025,BankLink. Payment party ID,9/1/25,0.13h,1457.85h,0.00h,,,,,150.13h,,215.23h,240.18h,,,5757.07h,,,,
,EASYPAY-1029,[ibank] TPH incoming payment displaying issues,9/19/25,0.25h,20.68h,,910.15h,,,,742.40h,72.12h,646.48h,152.10h,,,5325.58h,,,,
,EASYPAY-1024,Update status codes used when calling APIs to store or update data,10/9/25,265.20h,2591.43h,,,,,,0.00h,173.87h,0.00h,0.00h,,,4843.72h,,,,
,EASYPAY-1023,LT STAR Domestic/European payment PDF (ID),7/31/25,0.00h,1144.80h,0.67h,,,,,3.00h,,48.07h,164.18h,,,6530.85h,,,,
,EASYPAY-1022,LV STAR Domestic/European payment PDF (ID),7/31/25,0.00h,1144.78h,0.72h,,,,,3.00h,,47.97h,164.25h,,,6530.87h,,,,
,EASYPAY-1021,EE STAR Domestic/European payment PDF (ID),7/31/25,0.37h,1144.78h,0.78h,,,,,3.02h,,48.05h,164.22h,,,6530.83h,,,,
,EASYPAY-1018,Update payment file (pain.001) validation,10/14/25,0.00h,3018.32h,,,,,,0.00h,165.88h,0.47h,0.00h,,,4730.45h,,,,
,EASYPAY-1014,STAR Repeal (ID),8/7/25,0.00h,1174.63h,0.50h,,,,,0.00h,47.25h,145.53h,194.67h,,,6355.15h,,,,
,EASYPAY-1012,BH-data-manager: update API end point storing payment information,1/29/26,3743.67h,1776.00h,,,,,,0.60h,51.07h,191.75h,2.85h,,,2155.10h,,,,
,EASYPAY-1031,[SO] Add new 12:00 Standing orders processing time in LV,7/9/25,0.00h,407.58h,,,,,,409.08h,,,,,50.52h,7054.93h,,,,
,EASYPAY-1011,EKS pacs.004 changes,6/9/25,0.00h,17.28h,0.15h,,,,,25.07h,,27.15h,98.32h,,,7771.82h,,,,
,EASYPAY-1010,EKS pacs.002 changes,6/5/25,0.00h,17.52h,1.37h,,,,,25.08h,,5.95h,17.83h,,,7873.50h,,,,
,EASYPAY-1009,EKS pacs.008 changes,6/6/25,0.00h,18.92h,0.18h,,,,,0.10h,24.97h,3.77h,49.38h,,,7844.13h,,,,
,EASYPAY-1393,iBank: when payments are signed via list of payments - write session information to AQ,,3622.12h,4339.27h,0.00h,,,,,,,,,,,,,,,
,EASYPAY-1392,DB: create sysglobal for sending batch information to batch handler,2/3/26,3717.23h,2039.42h,,,,,,142.42h,0.77h,1.40h,19.48h,,,2040.72h,,,,
,EASYPAY-1391,iBank: update signing via list of payments - store session information,,5758.07h,1174.32h,,21.55h,,,,0.00h,815.50h,192.17h,0.00h,,,,,,,
Production bug,EASYPAY-1229,EPE validation issues while processing VGTU payments,10/8/25,0.00h,3240.95h,,,,,,,,,,,,,4869.22h,,,
,EASYPAY-1467,6. Request a fraud screening response from OFD broker and publish it to FLM,,5518.48h,1988.38h,,,,,,166.32h,145.37h,362.27h,,,,,,,,
,EASYPAY-1002,Create API to find fraud screening request not having a response,8/11/25,1918.65h,,,,,,,,,,,,,,6262.32h,,,
,EASYPAY-1001,BpayStream application for sending payment events to Kafka,7/29/25,0.12h,1078.32h,,,,,,3.38h,433.73h,68.90h,28.53h,,,6571.82h,,,,
,EASYPAY-1000,E-invoice payment engine (automated payments),9/4/25,0.00h,1822.17h,0.05h,174.00h,,,,2.92h,149.47h,286.23h,64.97h,,,5685.15h,,,,
,EASYPAY-1522,[ISO Exchange] Change CLM head.001 from V01 to V04 (all message types),,1938.73h,5183.02h,600.97h,,,,,267.27h,3.15h,210.30h,1.43h,,,,,,,
,EASYPAY-1515,[ISO Exchange] Change RTGS head.001 from V01 to V04 (all message types) ***,,1938.73h,4971.42h,600.67h,,,,,211.05h,264.22h,30.23h,188.57h,,,,,,,
,EASYPAY-1527,[ISO Exchange] Change CLM camt.054 from V08 to V12,,1873.42h,5561.77h,599.32h,,,,,0.10h,5.23h,165.15h,,,,,,,,
,EASYPAY-1524,[ISO Exchange] Change CLM camt.025 from V05 to V07,,1873.87h,5564.53h,596.08h,,,,,0.10h,5.23h,165.15h,,,,,,,,
,EASYPAY-1528,[ISO Exchange] Change CLM camt.050 from V05 to V07,,1873.87h,5565.53h,595.15h,,,,,0.10h,5.23h,165.15h,,,,,,,,
,EASYPAY-1518,[ISO Exchange] Change CLM camt.004 from V08 to V10,,1873.82h,5563.43h,597.32h,,,,,0.12h,5.23h,165.15h,,,,,,,,
,EASYPAY-1531,[ISO Exchange] Change RTGS camt.004 from V08 to V10,,1873.92h,5539.80h,597.35h,,,,,6.88h,16.77h,170.55h,,,,,,,,
,EASYPAY-1533,[ISO Exchange] Change RTGS camt.025 from V05 to V07,,1873.70h,5541.52h,595.98h,,,,,6.88h,16.77h,52.83h,117.72h,,,,,,,
,EASYPAY-1516,[ISO Exchange] Change RTGS camt.050 from V05 to V07,,1873.67h,5542.45h,595.12h,,,,,3.28h,2.02h,70.57h,118.33h,,,,,,,
,EASYPAY-1004,RT1-Uploader not working,5/29/25,95.18h,0.00h,,,,,,0.03h,0.13h,71.77h,2.65h,,,8039.97h,,,,
,EASYPAY-1390,[IBank]: Warning message because of changes in payment uploaded via SGW,4/21/26,886.92h,6043.98h,,,,,,3.92h,595.37h,337.88h,170.15h,,,188.80h,,,,
,EASYPAY-997,Change Hard Timeout for Instant Payment Processing,9/16/25,0.00h,1680.28h,0.15h,,,,,0.00h,141.70h,891.02h,116.87h,,,5398.92h,,,,
,EASYPAY-996,STAR Authorise FPO (ID),7/23/25,0.00h,1193.88h,123.85h,,,,,0.00h,149.78h,0.00h,48.83h,,,6715.73h,,,,
,EASYPAY-1389,DB: create queue for sending payment batches to Batch handler,2/17/26,6028.85h,0.00h,,,,,,140.47h,1.95h,22.38h,334.88h,,,1705.15h,,,,
,EASYPAY-1298,create new Kafka topic to stream data from Bpay stream app to Flow manager entrypoint,12/10/25,720.17h,4003.67h,0.67h,,,,,0.00h,167.90h,5.30h,0.25h,,,3355.10h,,,,
,EASYPAY-1296,Create Ksql STREAM for selecting data to Flow Manager dedicated topic,12/15/25,46.53h,3881.75h,819.35h,,,,,144.68h,27.32h,21.28h,70.63h,,,3241.48h,,,,
,EASYPAY-995,STAR Incoming international payment (ID) // testing,7/31/25,0.00h,1487.42h,43.33h,,,,,0.00h,,190.50h,32.35h,,,6521.92h,,,,
,EASYPAY-994,[DB] create FK's for PAYMENTS.PAYMENT_PARTY_IDENTIFIER in STAR double acceptance tables,6/27/25,0.05h,882.82h,,,,,,0.00h,28.25h,0.28h,18.98h,,,7346.23h,,,,
,EASYPAY-993,STAR Foreign payment (ID),7/24/25,0.03h,1193.65h,147.68h,,,,,2.00h,19.08h,147.93h,71.25h,,,6695.18h,,,,
,EASYPAY-992,[DB] Outgoing return is shown incorrectly in Forms-teller,5/29/25,0.00h,0.00h,,,,,,19.80h,26.80h,122.37h,71.87h,,,8036.17h,,,,
,EASYPAY-990,STAR Print transactions (ID),7/23/25,0.00h,1457.82h,72.10h,,,,,0.00h,25.25h,23.32h,0.00h,,,6721.17h,,,,
,EASYPAY-989,STAR Domestic payment (ID),7/24/25,0.00h,1339.73h,70.88h,,,,,0.00h,3.73h,191.07h,50.53h,,,6691.88h,,,,
,EASYPAY-988,Update BpayStream application to include new attributes for Kafka message,6/12/25,0.00h,305.62h,0.77h,2.67h,,,,4.73h,115.45h,23.33h,194.42h,,,7702.02h,,,,
,EASYPAY-987,Not possible to sent out ST2 ST_UPDATE messages,5/16/25,1.07h,,,,,,,,,,,,,8348.22h,,,,
,EASYPAY-986,Update Kafka schema - W981.baltic.payments.raw.topic-value,6/4/25,0.03h,237.33h,72.50h,,,,,120.07h,0.18h,23.33h,0.27h,,,7898.83h,,,,
,EASYPAY-984,4. Update fraud screening request update API endpoint,10/30/25,773.07h,647.20h,1915.65h,,,,,437.32h,72.98h,22.07h,145.15h,,,4340.75h,,,,
,EASYPAY-983,Update calling of APIs - provide application name in header,10/14/25,1482.25h,1870.08h,,,,,,286.73h,4.85h,0.00h,0.00h,,,4726.80h,,,,
,EASYPAY-981,[DB] Update Standing Order execution due to changes in payment party ID,6/26/25,0.00h,934.57h,0.23h,,,,,0.00h,48.05h,0.78h,29.97h,,,7363.13h,,,,
,EASYPAY-1388,DB: create table to store session information,2/5/26,4397.42h,1822.60h,,,,,,26.08h,113.82h,24.67h,46.02h,,,1994.32h,,,,
,EASYPAY-980,Update API creating payment file information,6/4/25,144.97h,0.00h,,,,,,0.00h,,339.90h,47.15h,,,7893.88h,,,,
,EASYPAY-979,Update API for storing batch information,6/3/25,145.30h,0.00h,,,,,,0.00h,,341.22h,23.33h,,,7916.40h,,,,
,EASYPAY-978,Update API storing payment information,6/4/25,145.60h,0.00h,,,,,,0.00h,,358.55h,28.72h,,,7893.65h,,,,
,EASYPAY-977,Enable additional logging on applications for performance test needs,5/16/25,0.00h,63.27h,,,,,,1.32h,2.33h,92.00h,0.00h,,,8354.75h,,,,
,EASYPAY-976,Create API to get dp.id of the payment,6/3/25,0.00h,90.92h,,,,,,0.00h,80.30h,430.75h,16.98h,,,7923.15h,,,,
,EASYPAY-972,Change RT1-uploader,6/13/25,22.83h,908.55h,0.25h,,,,,,,,,,,,7680.50h,,,
,EASYPAY-971,Stop sending status request inquiries after hard deadline,6/13/25,0.00h,907.43h,24.25h,,,,,,,,,,,,7680.50h,,,
,EASYPAY-970,Create Instant Payment cancelation and money refund after hard dead-line,6/13/25,0.00h,,931.77h,,,,,,,,,,,,7680.48h,,,
,EASYPAY-968,[DB] Create new db procedure for account locking,5/14/25,0.05h,0.00h,,,,,,13.68h,54.43h,235.35h,53.67h,,,8396.65h,,,,
,EASYPAY-1005,[IBank] Add new e-invoice operator,6/3/25,,,,,,645.10h,2.50h,71.07h,,115.20h,0.37h,1.22h,,7922.33h,,,,
,EASYPAY-967,[DB] Create DB table VM.SEPA_PAYMENT_PARTY_IDENTIFIER in ARCH DB,6/26/25,0.03h,863.02h,,,,,,385.47h,93.75h,0.00h,71.18h,,,7370.92h,,,,
,EASYPAY-966,[DB] Create SEQ for SID and GROUP_SID for table VM.SEPA_PAYMENT_PARTY_IDENTIFIER,6/13/25,0.00h,1078.95h,,,,,,6.57h,17.15h,0.33h,4.60h,,,7677.98h,,,,
,EASYPAY-964,[DB] Testing >> Add rights to new VM.SEPA_PAYMENT_PARTY_IDENTIFIER,6/23/25,0.17h,1079.83h,,0.17h,,,,0.00h,67.45h,7.68h,189.20h,,,7442.20h,,,,
,EASYPAY-963,[core-payment-order-data-manager] store/update single payment order (party ID),9/23/25,598.08h,362.88h,955.02h,,,,,0.00h,94.00h,1443.43h,166.33h,,,5230.98h,,,,
,EASYPAY-958,[DB] Change GDW payment data loading interface,8/27/25,70.88h,1056.03h,383.05h,288.37h,,,,313.62h,120.85h,503.92h,236.20h,,,5882.35h,,,,
,EASYPAY-957,[DB] Create archiving processes for VM.SEPA_PAYMENT_PARTY_IDENTIFIER,6/20/25,69.53h,864.35h,,,,,,238.53h,145.80h,0.00h,28.52h,,,7508.58h,,,,
,EASYPAY-956,[DB] create FK's for VM.SEPA_PAYMENT_PARTY_IDENTIFIER in surrounding tables,6/13/25,69.33h,864.52h,,,,,,189.03h,32.23h,17.45h,5.77h,,,7677.02h,,,,
,EASYPAY-955,[DB] Create DB table VM.SEPA_PAYMENT_PARTY_IDENTIFIER,6/12/25,69.60h,864.27h,,,,,,2.48h,186.62h,1.92h,28.80h,,,7701.78h,,,,
,EASYPAY-954,PDF generation E-invoice page Manual payment - PDF throws error on Conlcude agreement,4/29/25,0.03h,89.77h,,,,,,3.53h,,0.02h,21.92h,,,8761.00h,,,,
,EASYPAY-1176,New SEPA countries as of October 5th 2025,9/24/25,0.02h,3360.77h,,,,,,143.70h,21.50h,97.08h,47.70h,,,5210.28h,,,,
,EASYPAY-950,Send payments for processing,7/1/25,0.05h,22.58h,,,,,,1110.75h,527.02h,0.00h,0.00h,,,7244.98h,,,,
,EASYPAY-947,RT1 pacs.008 changes (IDs),6/16/25,0.00h,,1442.27h,,,,,,,,,,,,7603.20h,,,
Production bug,EASYPAY-945,[DB] Change comment for E-invoice table EINVOICES.SELLER_DESTINATION.DESTINATION_STATUS,4/17/25,0.10h,0.78h,,,,,,0.02h,1.03h,0.12h,5.10h,,,9043.97h,,,,
,EASYPAY-942,Store information about batch being a mass payment,4/17/25,0.00h,23.52h,,,,,,0.00h,0.10h,0.00h,0.00h,,,9050.20h,,,,
,EASYPAY-941,STEP2 camt.087 changes,6/2/25,0.05h,15.97h,23.95h,,,,,311.93h,193.45h,167.33h,437.68h,,,7939.88h,,,,
,EASYPAY-940,STEP2 camt.027 changes,6/2/25,0.07h,16.22h,26.10h,,,,,454.05h,51.37h,167.30h,437.70h,,,7939.88h,,,,
,EASYPAY-939,Implement possibility for BpayStream app to use Account API,4/23/25,1.07h,0.58h,,,,,,0.97h,,16.17h,194.50h,,,8904.72h,,,,
,EASYPAY-938,Update batch and payment statuses after validation and payment initiation,9/24/25,236.60h,0.00h,,,,,,3532.67h,145.52h,0.00h,0.00h,,,5204.53h,,,,
,EASYPAY-937,allow access to db table for bpay_stream_app user,4/14/25,0.02h,0.00h,,,,,,0.00h,0.97h,0.07h,66.75h,,,9123.58h,,,,
,EASYPAY-935,STEP2 pacs.028 changes,6/2/25,0.00h,16.40h,143.87h,,,,,459.88h,45.55h,167.30h,437.70h,,,7939.88h,,,,
,EASYPAY-934,STEP2 pacs.004 changes,6/2/25,0.05h,18.13h,142.13h,,,,,505.47h,,167.28h,437.72h,,,7939.88h,,,,
,EASYPAY-933,STEP2 camt.029 changes,6/2/25,0.00h,16.57h,143.85h,,,,,456.15h,49.30h,167.30h,437.72h,,,7939.87h,,,,
,EASYPAY-932,STEP2 camt.056 changes,6/2/25,0.00h,17.80h,144.45h,,,,,459.78h,45.67h,167.30h,437.73h,,,7939.87h,,,,
,EASYPAY-931,Change debtorAccountNumber value for BpayStream event,4/14/25,0.32h,17.92h,,,,,,0.02h,,0.02h,70.95h,,,9123.58h,,,,
,EASYPAY-930,STEP2 pacs.002 changes,6/2/25,0.00h,157.62h,5.27h,,,,,505.50h,,167.27h,437.73h,,,7939.87h,,,,
,EASYPAY-928,[payment-services] Increase Persistent Volume Claim (PVC) sizes on payment services,7/14/25,2304.13h,,,,,,,,,,,,,,6938.48h,,,
,EASYPAY-901,Ibank [Einvoice]: tech error if importing einvoice file,4/7/25,0.00h,70.55h,,,,,,0.00h,,1.73h,0.28h,,,9287.55h,,,,
,EASYPAY-899,Validate batch,4/16/25,0.12h,120.53h,,,,,,137.92h,48.40h,0.00h,0.00h,,,9074.82h,,,,
,EASYPAY-916,STEP2 pacs.008 changes,6/2/25,0.27h,21.00h,359.30h,,,,,505.52h,,167.25h,437.75h,,,7939.87h,,,,
,EASYPAY-915,[DB] Create new DB procedure to execute saved non-SEPA Cross Border payments,6/4/25,748.88h,163.15h,,,,,,339.57h,261.85h,23.68h,0.60h,,,7896.83h,,,,
,EASYPAY-909,[DB] Create new DB procedure to validate non-SEPA Cross Border payments,6/4/25,748.97h,163.10h,,,,,,71.67h,267.93h,288.72h,0.00h,,,7894.28h,,,,
,EASYPAY-894,Create API to update payment status,4/29/25,0.07h,568.28h,,,,,,1.22h,119.08h,0.00h,0.00h,,,8762.50h,,,,
,EASYPAY-904,5. Publish fraud screening update to FLM for fully accepted batches,,4629.75h,3932.45h,,,,,,0.00h,363.82h,525.20h,,,,,,,,
,EASYPAY-906,6. Send payment order data to fraud screening,12/9/25,3786.00h,647.22h,,,,,,1134.82h,501.93h,0.00h,0.00h,,,3381.32h,,,,
,EASYPAY-907,5. Collect payment order data for fraud screening,12/1/25,2562.90h,1870.27h,,,,,,1082.23h,358.67h,0.00h,0.00h,,,3577.27h,,,,
,EASYPAY-903,1. Create API to provide list of payments belonging to batch,6/11/25,189.12h,164.77h,,121.00h,,,,0.88h,534.20h,668.23h,43.97h,,,7730.18h,,,,
,EASYPAY-905,2. Create API to update fraud screening request,6/10/25,910.45h,90.80h,47.92h,,,,,,0.00h,48.68h,594.17h,10.37h,,,,7750.13h,,
,EASYPAY-902,2. Create Kafka topic for payment action update,12/18/25,4632.07h,1440.83h,,,,,,,18.25h,173.82h,1.68h,18.83h,,,,3168.13h,,
,EASYPAY-895,[CORE DB] fixes to OP_ID configuration,4/7/25,0.20h,20.53h,,23.53h,,,,,0.00h,4.38h,114.93h,0.08h,,,,9290.48h,,
,EASYPAY-1283,iBank: remove not used pages,2/9/26,4873.25h,1052.47h,268.13h,,,,,,0.10h,367.52h,391.33h,270.30h,,,,2161.32h,,
,EASYPAY-892,[ibank] Issue in PDF printout of outgoing return,4/1/25,0.22h,0.00h,,,,,,,18.10h,75.68h,0.10h,20.03h,,,,9433.55h,,
,EASYPAY-922,Create sysglobal SEPA_RB_2025_START,4/10/25,0.00h,286.70h,,,,,,,41.35h,1.40h,0.10h,3.38h,,,,9215.12h,,
,EASYPAY-891,[CORE DB] update crebit.op_param.teenuse_kood where op_id = 6LV,3/28/25,0.00h,19.43h,,,,,,,0.00h,0.38h,19.23h,0.00h,,,,9530.45h,,
,EASYPAY-890,Investigation for: Instant payments got cancelled with 'Account locked',3/31/25,0.00h,0.00h,,,,,,,0.00h,0.93h,49.00h,69.92h,,,,9457.27h,,
,EASYPAY-889,Instant payments got cancelled with 'Account locked',5/14/25,0.00h,19.15h,,819.75h,,,,,21.53h,194.58h,91.20h,53.67h,,,,8396.75h,,
,EASYPAY-920,RT1 pacs.028 changes,5/15/25,0.00h,14.90h,,551.62h,,,,,290.85h,1.13h,213.27h,174.05h,,,,8371.20h,,
,EASYPAY-918,RT1 pacs.004 changes,5/14/25,0.02h,14.88h,,551.62h,,,,,288.40h,2.47h,142.03h,222.60h,,,,8395.03h,,
,EASYPAY-917,RT1 camt.029 changes,5/14/25,0.05h,14.87h,,551.62h,,,,,293.72h,,211.80h,149.90h,,,,8395.13h,,
,EASYPAY-924,RT1 camt.056 changes,5/16/25,0.03h,14.82h,,551.70h,,,,,292.08h,1.57h,139.45h,266.18h,,,,8351.30h,,
,EASYPAY-919,RT1 pacs.002 changes,5/15/25,0.00h,299.72h,,267.93h,,,,,264.30h,22.88h,6.22h,379.22h,,,,8378.02h,,
,EASYPAY-921,RT1 pacs.008 changes,5/12/25,0.00h,14.65h,136.63h,555.70h,,,,,287.32h,31.08h,6.53h,139.15h,,,,8450.02h,,
,EASYPAY-910,[payment-services] Create API endpoint to execute saved non-SEPA Cross Border payments,4/28/25,405.85h,,,504.75h,,,,,,,,,,,,,8783.97h,
,EASYPAY-913,"[payment-services] Create RPC endpoint to execute saved instant/normal SEPA, Intrabanks and Cross border payments",10/1/25,405.85h,256.95h,,509.33h,,,,,1467.98h,25.28h,1319.77h,668.40h,,,,5040.95h,,
,EASYPAY-914,[payment-services] Create API endpoint to validate non-SEPA Cross Border payments,4/28/25,405.75h,,,504.82h,,,,,,,,,,,,,8784.02h,
,EASYPAY-911,"[payment-services] Create RPC endpoint to validate and enrich instant/normal SEPA, Intrabanks and Cross border payments",11/26/25,405.75h,256.88h,,509.45h,,,,,1.35h,1268.15h,2473.17h,1034.77h,,,,3697.03h,,
,EASYPAY-912,[payment-services] Create RPC endpoint to decide on priority and out channel code,9/29/25,405.77h,616.90h,,245.72h,,,,,1154.37h,217.40h,1816.68h,83.17h,,,,5082.57h,,
Production bug,EASYPAY-887,[DB] SOP created with wrong conditions (LV only),3/26/25,0.30h,89.18h,,,,,,,3.40h,0.28h,44.40h,0.78h,,,,9576.73h,,
,EASYPAY-886,[DB] Fix StsId formation in payment_load_simulation for performance testing,3/20/25,0.00h,0.00h,,,,,,,0.00h,44.62h,0.00h,0.28h,,,,9720.78h,,
,EASYPAY-885,DB: Create new file types in Filebarn,4/16/25,386.77h,2.27h,,,,,,,0.00h,161.72h,0.75h,146.35h,,,,9071.43h,,
,EASYPAY-908,create a wrapper for currency conversion using ECB rates,8/28/25,507.62h,1749.97h,,,,,,,482.68h,23.25h,1129.72h,19.77h,,,,5856.37h,,
,EASYPAY-923,(Test) RT1 admi.004 - Unavailability impact on related Addressable PSPs is stored,4/10/25,0.22h,531.70h,,,,,,,0.00h,,42.72h,0.45h,,,,9218.18h,,
,EASYPAY-883,Batch handler: test file parsing and sending payments to FLM,2/13/26,5154.02h,1392.92h,,,,,,,268.70h,,0.00h,1272.85h,,,,1795.83h,,
,EASYPAY-882,Batch handler: test file receiving and validating,1/26/26,0.02h,6547.07h,,,,,,,167.83h,,0.00h,941.33h,,,,2228.22h,,
,EASYPAY-877,[TESTING] VAT rate change for E-Invoice // Estonia,4/25/25,4.30h,838.83h,,,,,,,0.00h,,138.70h,267.60h,,,,8854.97h,,
,EASYPAY-876,[DB] Change VAT rate for E-Invoice in crebit.vat_rules // Estonia,4/25/25,0.82h,842.42h,,1.17h,,,,,42.73h,28.08h,67.87h,266.60h,,,,8855.98h,,
,EASYPAY-874,Create API to update batch status,4/14/25,665.93h,0.00h,,,,,,,0.00h,406.17h,0.00h,0.00h,,,,9123.33h,,
,EASYPAY-1028,Create API to update batch and file status,6/16/25,2350.53h,0.00h,,,,,,,0.00h,125.18h,41.87h,78.72h,,,,7604.25h,,
,EASYPAY-873,[ISO Exchange] Transaction for correspondent account balance fails,3/13/25,14.78h,1.48h,,,,,,,0.15h,73.78h,73.85h,165.88h,,,,9888.15h,,
Production bug,EASYPAY-872,Client cannot make payment between own accounts due to name error,2/26/25,0.00h,17.43h,,,,,,,4.88h,,0.00h,0.00h,,,,10244.50h,,
Production bug,EASYPAY-870,[ISO Exchange] Transaction for correspondent account balance fails,2/28/25,0.02h,0.17h,,,,,,,66.55h,2.77h,27.18h,65.33h,,,,10202.12h,,
Production bug,EASYPAY-871,[IBANK] Business clients are unable to make payment more that 10 000 'between my accounts' option,2/25/25,67.02h,25.00h,,,,,,,1.03h,0.85h,0.87h,2.50h,,,,10267.48h,,
,EASYPAY-868,access to DB role to monitor changes made in sys_global parameter,2/25/25,0.00h,0.67h,,,,,,,0.00h,35.85h,22.18h,0.55h,,,,10376.72h,,
Production bug,EASYPAY-867,[EPE] Payment file read timeout SocketTimeoutException: Read timed out,2/13/25,0.00h,19.32h,,,,,,,0.28h,0.47h,23.78h,4.23h,,,,10557.52h,,
,PAYME-1024,"[Waits E-2-E testing, currently on hold] Save API data to database",3/14/25,215.08h,0.00h,214.27h,,,,,,0.00h,284.07h,27.25h,0.35h,,,,9865.13h,,
,EASYPAY-865,[IBANK] View TPH incoming payment details - TEST,3/26/25,0.05h,360.20h,,,,,,,190.63h,,151.33h,330.68h,,,,9575.77h,,
,EASYPAY-864,Create API for checking if payment file is not duplicate,3/14/25,24.48h,546.28h,,,,,,,0.37h,27.85h,164.33h,0.00h,,,,9865.13h,,
,EASYPAY-860,[DB] Select grants for iso/party tables,2/12/25,0.00h,2.22h,,,,,,,0.00h,1.10h,66.45h,53.62h,,,,10579.22h,,
,EASYPAY-869,"[CORE DB] add to DP archiving process tables PAYMENTS.PAYMENT_REFERENCE, PAYMENTS.PAYMENT_PARTY_IDENTIFIER AND PAYMENTS.ISO_AGENT",3/11/25,338.62h,0.00h,,,,,,,0.05h,191.58h,88.95h,174.78h,,,,9931.10h,,
,EASYPAY-859,[DB]: Change trigger of crebit.ko_ema to shorten user name of LAST_MODIFIED_BY,3/12/25,0.17h,0.00h,,,,,,,838.43h,,,,,,,,9909.22h,
,EASYPAY-858,[DB] include TPH payments into DB procedure,2/12/25,0.00h,0.73h,,,,,,,0.00h,5.93h,43.13h,127.15h,,,,10579.22h,,
,EASYPAY-851,"[DB] include TPH payments into DB view, procedure",2/27/25,160.25h,6.30h,,,,,,,48.35h,256.02h,7.92h,233.43h,,,,10225.85h,,
,EASYPAY-850,"[DB] include TPH payments into DB view, procedure",2/27/25,160.27h,6.30h,,,,,,,49.60h,254.77h,7.92h,233.43h,,,,10225.85h,,
,EASYPAY-822,Create core-payment-batch-handler-data-manager application,2/6/25,93.97h,21.42h,,,,,,,21.97h,167.72h,0.00h,0.00h,,,,10729.95h,,
,EASYPAY-856,[CORE DB] Add uniqueness constraint to PAYMENTS.PAYMENT_REFERENCE: combination of 'code' + 'ref number',2/10/25,102.83h,14.83h,,,,,,,4.75h,22.93h,258.33h,0.55h,,,,10632.97h,,
,EASYPAY-857,[CORE DB] Changes in DB. Add new fields to DP table,2/13/25,124.22h,14.82h,,,,,,,22.53h,125.35h,141.05h,69.68h,,,,10560.92h,,
,EASYPAY-1196,Remove 15 000 EUR limit for SEPA SCT Inst,8/21/25,2.97h,5035.10h,,0.00h,,,,,,,,,,,,,6025.38h,
,EASYPAY-900,Create API to store payment information,4/23/25,1554.75h,289.87h,,,,,,,186.40h,169.65h,0.00h,0.00h,,,,8905.20h,,
,EASYPAY-888,Create API to store batch information,3/27/25,1126.87h,4.05h,,,,,,,20.32h,216.87h,0.00h,0.00h,,,,9550.98h,258.78h,
,EASYPAY-826,Create API to pass information to store payment file,3/14/25,165.10h,211.38h,,,,,,,0.10h,292.85h,571.55h,0.00h,,,,9865.15h,,
,EASYPAY-893,[IPR-report final statuses] 3. Create Kafka topic for providing information to SGW,4/15/25,1678.22h,0.00h,,,,,,,4.52h,338.45h,16.78h,0.00h,,,,9098.18h,,
,EASYPAY-845,Publish payment information to Kafka topic,1/28/25,196.62h,,,,,,,,,,,,,,,,10939.65h,
,EASYPAY-842,Create Kafka topic and publish mass payment header information to it,6/4/25,2231.12h,22.28h,,,,,,,336.80h,653.55h,0.00h,0.00h,,,,7892.50h,,
,EASYPAY-843,Split batch to payments (store info),4/23/25,1585.17h,289.87h,,,,,,,335.02h,24.88h,0.00h,0.00h,,,,8901.35h,,
,EASYPAY-847,Split pain.001 to batches (store info),3/28/25,1414.67h,0.00h,,,,,,,0.07h,192.15h,0.00h,0.00h,,,,9529.48h,,
,EASYPAY-846,Validate pain.001 file content,3/19/25,552.05h,526.65h,,,,,,,145.72h,173.12h,0.08h,0.00h,,,,9738.77h,,
,EASYPAY-844,Read pain.001 file from filebarn,3/14/25,574.82h,125.38h,,,,,,,0.00h,378.98h,192.20h,0.00h,,,,9865.13h,,
,EASYPAY-824,Send request to data manager API to store file data,3/26/25,195.60h,835.82h,,,,,,,214.72h,316.12h,0.00h,0.00h,,,,9574.42h,,
,EASYPAY-825,Consume Kafka topic,1/28/25,195.63h,1.03h,,,,,,,,,,,,,,,10940.05h,
,EASYPAY-827,Create Kafka topic for getting file information from SGW,3/3/25,195.67h,715.33h,,,,,,,5.77h,22.32h,68.33h,0.58h,,,,10128.73h,,
,EASYPAY-823,Onboard Batch handler to Kafka,3/21/25,195.70h,21.48h,,,,,,,526.95h,502.08h,197.73h,0.00h,,,,9692.80h,,
,EASYPAY-848,[CORE DB] Funds Update service is able to SELECT data from DB tables,2/20/25,0.38h,606.10h,,,,,,,63.17h,1.33h,49.50h,22.03h,,,,10394.28h,,
Production bug,EASYPAY-821,[ISO Exchange] Incorrect value date for some TIPS camt.054,1/24/25,0.12h,24.98h,,,,,,,4.67h,0.00h,20.15h,45.88h,,,,11041.90h,,
,EASYPAY-820,"[DB] Core reports (payments BO) - Adjust ""Payments in Proscan"" (SIPCI)",1/15/25,0.00h,0.23h,,,,,,,20.37h,3.92h,0.02h,20.77h,,,,11256.15h,,
,EASYPAY-849,[CORE DB] Update TRANSIT_PAYMENT data in TPH_FUNDS_UPDATE_OP_TYPE,2/20/25,0.13h,788.02h,,,,,,,64.52h,0.80h,48.70h,22.03h,,,,10394.28h,,
,EASYPAY-819,[Maintenance] Change RETURN_DB_TRNS_NEW value to Y after REL268,1/23/25,331.43h,,,,,,,,,,,,,,,11065.62h,,
,EASYPAY-818,Einvoce [DB]: Update existing 38 algorithm (Hansa lizingas),1/16/25,173.97h,,,,,,,,,,,,,,,,11226.25h,
,EASYPAY-816,Einvoices: create new algorithm for service id,1/10/25,0.03h,0.38h,,,,,,,0.00h,94.37h,0.00h,97.77h,,,,11374.07h,,
,EASYPAY-1197,iBank Private and Business PB: Showing permanent warning message how customer can increase instant payment limit,9/8/25,308.38h,,,5976.58h,,,,,,,,,,,,,5589.80h,
,EASYPAY-1198,iBank Private and Business PB: Showing warning message in case customer tries to make instant payment and instant payment daily/ transaction limit is exceeded,9/8/25,0.13h,,,6285.02h,,,,,,,,,,,,,5589.78h,
,EASYPAY-1195,"iBank Private and Business PB: Showing warning messages in case customer disabled instant payments or exceeded instant payment, daily and/or monthly limits in SMART payment form",10/1/25,1.72h,43.52h,,6310.92h,,,,,4.20h,143.57h,20.08h,336.25h,,,,5042.18h,,
,EASYPAY-965,[IBank] Payment cart additional sentence,5/29/25,980.52h,1699.10h,,,501.60h,2.48h,,,487.10h,,237.32h,1.60h,0.67h,,,8037.08h,,
Production bug,EASYPAY-813,[REGR][payment-monitor] Tech error: tnsldap.int.hansa.ee:389 [Root exception is java.net.ConnectException: Operation timed out],1/17/25,0.00h,71.75h,,,,,,,0.03h,0.77h,676.38h,0.00h,,,,11204.62h,,
,EASYPAY-815,Improve payments automated regression tests with group accounts payments functionality,4/14/25,0.00h,412.32h,,0.00h,,,,,552.32h,1967.43h,0.00h,0.00h,,,,9115.50h,,
,EASYPAY-1284,DB: remove shortcuts to Bank defined payments menu in LV,12/8/25,7490.08h,1102.50h,,,,,,,0.32h,70.57h,,,,,,,3407.95h,
,EASYPAY-811,[DB] Enabler for '15H transaction is with wrong date',12/23/24,0.00h,0.00h,,,,,,,0.00h,4.03h,0.52h,261.12h,,,,11807.90h,,
Production bug,EASYPAY-817,[DB] issue regarding a namecheck menu in Forms Teller,1/10/25,647.28h,16.22h,,,,,,,0.00h,30.45h,0.10h,25.08h,,,,11371.38h,,
,EASYPAY-810,Adjustments for outgoing Returns,1/8/25,26.07h,16.83h,,,,,,,0.17h,2.93h,94.50h,532.22h,,,,11419.98h,,
Production bug,EASYPAY-809,[FORMS] Data on risk screening forms is not updated,1/2/25,0.00h,283.40h,,,,,,,0.00h,96.87h,6.50h,142.57h,,,,11564.80h,,
Production bug,EASYPAY-812,[REGR][Ibank] Failed to send instant payment {id = '*********'},1/15/25,0.02h,233.75h,,,,,,,0.00h,1.17h,624.58h,5.50h,,,,11250.52h,,
,EASYPAY-808,[DB] Grant execute on CREBIT.SETUP_CHANGED to SEPA_APP_ROLE,12/13/24,2.72h,0.03h,,,,,,,186.30h,0.92h,30.48h,25.78h,,,,12042.90h,,
,EASYPAY-807,[DB] AGREEMENTORCH_API_USER does not fit to field,12/5/24,3.68h,0.00h,,,,,,,46.65h,2.50h,0.10h,20.30h,,,,12239.33h,,
,EASYPAY-806,create/setup prod namespace,12/10/24,0.00h,0.00h,,,,,,,0.00h,287.97h,0.00h,0.00h,,,,12122.08h,,
Production bug,EASYPAY-805,[DB] E-invoices: Abstract invoice automated payment creation works incorrect way,1/16/25,578.12h,22.17h,,22.48h,,,,,0.05h,92.87h,0.18h,193.68h,,,,11547.02h,,
,EASYPAY-804,Do not send real customer data with payments to the TEST clearing systems,11/28/24,0.05h,0.00h,,,,,,,0.07h,19.33h,5.30h,47.12h,,,,12404.63h,,
,EASYPAY-855,[217][Forms] Adjust faulty electronical payments management,3/31/25,1156.77h,569.82h,,235.22h,,,,,461.57h,317.60h,27.55h,395.53h,,,,9461.00h,,
,EASYPAY-786,[DB] Create procedure for Data restoring from dead letter queue to main AQ,12/19/24,0.05h,335.30h,,,,,,,237.97h,95.90h,0.03h,49.32h,,,,11900.80h,,
,EASYPAY-785,[Enabler] Define the process for payment orders from the files,3/31/25,0.00h,3169.20h,,,,,,,,,,,,,,,9451.23h,
,EASYPAY-784,Send data from integration application to raw topic,2/6/25,0.00h,1147.13h,,,,,,,7.42h,546.88h,147.35h,47.35h,,,,10724.67h,,
,EASYPAY-1289,SEPA echange: clean-up code not to check Sysglobal SEPA_SINGLE_FORM_START,1/26/26,8160.68h,1916.05h,,,,,,,0.03h,143.22h,25.28h,267.87h,,,,2228.85h,,
,EASYPAY-772,[E-invoice] configuring dedicated data source in Core from Payments side with specific timeout settings,12/13/24,142.40h,42.77h,,,,,,,27.72h,239.70h,2.78h,264.48h,,,,12043.95h,,
,EASYPAY-770,[DB] Please add these grants to PAYMENT_SUP role,11/12/24,18.43h,0.00h,,,,,,,0.00h,0.57h,5.70h,0.10h,,,,12787.12h,,
,EASYPAY-788,[CORE DB] Create rules for value date correction functionality in pacs.004,12/4/24,194.93h,209.52h,,,,,,,3.52h,118.00h,0.37h,26.82h,,,,12260.98h,,
,EASYPAY-778,[On hold - for testing when all tasks ready] Create a Jenkins jobs for Kafka Pipelines,2/6/25,0.08h,308.25h,,,,,,,0.00h,605.05h,1245.85h,0.00h,,,,10724.63h,,
,EASYPAY-769,[DB] Insert 0 delay for Open Banking payments execution,11/11/24,23.45h,0.00h,,,,,,,0.00h,90.08h,1.63h,4.55h,,,,12812.23h,,
,EASYPAY-790,Cache update is not triggered after restricting IP flow in SEPA-Web,12/17/24,173.28h,522.72h,,,,,,,0.00h,192.18h,119.30h,25.60h,,,,11952.60h,,
,EASYPAY-1287,iBank: remove menu items after transition period,1/26/26,8522.37h,1915.98h,,,,,,,126.93h,305.17h,,,,,,,2233.15h,
Production bug,EASYPAY-765,cannot display payment list in ibank,11/8/24,2.03h,5.12h,,41.60h,,,,,0.00h,95.88h,0.27h,96.10h,,,,12888.32h,,
,EASYPAY-835,[IBANK EE] Get PDF printout for TPH outgoing return payment,3/10/25,0.22h,2854.02h,,,,,,,43.07h,123.47h,19.67h,150.30h,,,,9955.88h,,
,EASYPAY-830,[IBANK LT] Get PDF printout for TPH outgoing return payment,3/10/25,0.18h,2752.77h,,,,,,,93.55h,7.83h,163.82h,171.08h,,,,9957.40h,,
,EASYPAY-791,[REGR] java.lang.NumberFormatException: multiple points,1/16/25,0.15h,858.08h,,,,,,,3.25h,22.47h,1011.47h,21.42h,,,,11231.12h,,
,EASYPAY-762,Upgrade JAVA version for e-PAY batches component,11/14/24,233.70h,0.02h,,,,,,,169.68h,1.62h,0.60h,2.30h,,,,,12745.87h,
,EASYPAY-782,Kafka firewall opening,2/12/25,0.52h,936.92h,,,,,,,1704.35h,,0.00h,0.00h,,,,10583.30h,,
,EASYPAY-834,[IBANK LV] Get PDF printout for TPH outgoing return payment,3/28/25,79.23h,2806.15h,,,,,,,40.87h,2.15h,166.57h,548.10h,,,,9534.68h,,
,EASYPAY-831,[IBANK] View TPH outgoing return payment details,3/14/25,75.40h,2902.08h,,,,,,,122.57h,0.02h,21.32h,240.13h,,,,9864.37h,,
,EASYPAY-761,[batch-rt1-uploader] RSF file import fails after rel. 253,10/29/24,2.95h,0.00h,,,,,,,0.00h,,69.35h,31.17h,,,,13122.92h,,
,EASYPAY-801,Forms Teller - Adjust Comparision report for Cross-border Instant payments (SIPCI/SIPCO),1/14/25,0.00h,1529.08h,,,,,,,0.00h,5.25h,67.97h,359.93h,,,,11280.32h,,
,EASYPAY-764,[Maintenance task] DB: prepare script for pricing product update,11/14/24,0.00h,44.17h,,143.17h,,,,,169.82h,2.73h,1.45h,165.42h,,,,12741.95h,,
,EASYPAY-763,DB: update/insert new special prices for customer's,11/14/24,25.10h,44.08h,,143.25h,,,,,0.67h,285.87h,5.52h,47.45h,,,,12741.97h,,
Production bug,EASYPAY-792,[DB]15H transaction is with wrong date,1/10/25,501.75h,245.83h,68.32h,,,,,,119.97h,382.70h,307.78h,297.48h,,,,11370.78h,,
Production bug,EASYPAY-758,"payment-form-service-lv issue ""remittance-information-type"":""DETAIL""",10/23/24,0.05h,67.97h,,,,,,,1.47h,26.65h,3.80h,23.25h,,,,13267.65h,,
,EASYPAY-781,Create STREAM bpay_fraud_monitoring_stream,2/21/25,0.13h,1294.83h,,168.78h,,,,,0.00h,1296.45h,94.80h,170.43h,,,,10368.05h,,
,EASYPAY-757,[TEST] pdf in STAR,10/21/24,0.05h,0.00h,,,,,,,0.00h,,5.57h,68.22h,,,,13320.92h,,
,EASYPAY-751,add rights to db user,10/21/24,0.03h,0.00h,,,,,,,0.00h,0.85h,115.78h,0.00h,,,,13320.97h,,
,EASYPAY-749,Create monitoring dashboard in Grafana for BpayStream app,1/6/25,0.00h,905.65h,,,,,,,0.50h,1104.40h,5.30h,0.15h,,,,11468.17h,,
,EASYPAY-747,increase size of available connections for bpay_stream_user to 40,10/22/24,0.00h,0.00h,,,,,,,0.08h,1.88h,138.40h,145.13h,,,,13296.97h,,
,EASYPAY-750,Create general PL/SQL interface to close Standing Order Agreements in case it is closed payer account,10/25/24,0.00h,115.15h,0.13h,4.55h,,,,,0.02h,24.02h,142.07h,71.83h,,,,13227.18h,,
,EASYPAY-783,Create Kafka Topic for Fraud Monitoring - W981.baltic.payments.fraud.monitoring.topic,2/27/25,45.33h,1590.90h,,,,,,,0.00h,40.68h,1391.28h,316.40h,,,,10222.08h,,
,EASYPAY-779,[On hold - for testing when all tasks ready] Create Kafka Raw Topic - W981.baltic.payments.raw.topic,2/6/25,44.88h,1468.57h,,,,,,,0.00h,122.80h,1245.82h,0.00h,,,,10724.65h,,
,EASYPAY-780,Create Kafka schema - W981.baltic.payments.raw.topic-value,2/3/25,0.17h,1516.52h,,,,,,,524.80h,502.38h,267.67h,0.13h,,,,10798.27h,,
,EASYPAY-795,[DB] Log changes of CREBIT.DP.RISK_SCREENING_STATUS into CREBIT.DP_LOG_ST,11/28/24,0.00h,1086.75h,,,,,,,90.43h,26.87h,1.12h,21.48h,,,,12407.15h,,
,EASYPAY-745,[DB] update PAYMENTS_ISO.DEBT_CRED_NOTIFICATION.VALUE_DATE comment,10/9/24,0.27h,0.00h,,,,,,,3.43h,2.65h,23.60h,0.08h,,,,13604.65h,,
Production bug,EASYPAY-743,STAR teller daily report SEPA cross-border payment is not visible.,10/8/24,0.43h,0.32h,,,,,,,0.00h,1.53h,15.67h,7.87h,,,,13627.12h,,
Production bug,EASYPAY-793,[FORMS] Error given on risk forms when sorting columns,11/22/24,0.20h,1078.33h,,,,,,,28.95h,1.18h,0.23h,0.37h,,,,12547.68h,,
Production bug,EASYPAY-740,[FlowMerge] part of incoming intragroup payments are not credited,10/8/24,0.00h,0.13h,,0.05h,,,,,3.43h,2.28h,0.73h,23.15h,,,,13628.47h,,
,EASYPAY-768,Extra - iBank: bank defined and my defined should be showed in one tab in LV iBank,11/15/24,0.20h,114.52h,,,,,,,34.88h,39.05h,646.35h,27.25h,,164.57h,,12722.28h,,
,EASYPAY-767,Extra - iBank: update defined payment menu interface,11/15/24,0.00h,114.80h,54.85h,,,,,,26.12h,18.22h,700.18h,112.87h,,,,12722.28h,,
,EASYPAY-1286,iBank: remove code for Incoming international payments,1/12/26,9171.27h,840.60h,,,,,,,90.88h,146.73h,932.90h,0.00h,,,,2570.20h,,
,EASYPAY-1285,STAR: clean-up STAR not to check Sysglobal SEPA_SINGLE_FORM_START,1/8/26,9172.03h,720.63h,,,,,,,115.08h,74.15h,1.20h,1005.60h,,,,2664.65h,,
,EASYPAY-1281,iBank: clean-up iBank not to check Sysglobal SEPA_SINGLE_FORM_START,1/26/26,9172.07h,1867.72h,,,,,,,0.00h,196.82h,192.08h,95.87h,,,,2228.85h,,
,EASYPAY-739,[TEST] RT1: Private Identification tag in pacs.028 message to TIPS,10/11/24,0.00h,116.10h,,,,,,,0.23h,0.00h,5.68h,89.52h,,,,13562.90h,,
,EASYPAY-774,Create error/action logging functionality,12/13/24,0.03h,1199.40h,,0.22h,,,,,0.53h,459.02h,1.27h,73.95h,,,,12043.75h,,
,EASYPAY-832,[STAR LV] Get PDF printout for incoming TPH payment,2/25/25,744.37h,2379.92h,,,,,,,306.98h,98.00h,68.13h,30.07h,,,,10268.38h,,
,EASYPAY-836,"[FORMS, DB] Hide TPH payments in Forms/Domestic payments",2/28/25,0.00h,3164.37h,,338.27h,,,,,0.95h,5.10h,113.03h,71.18h,,,,10203.42h,,
,EASYPAY-737,[TEST] E-invoice testing to validate shorter IB timeout possibility,10/2/24,0.35h,0.00h,,,,,,,0.00h,,95.50h,26.27h,,,,13775.42h,,
,EASYPAY-736,Create an initial launchable application in repository,10/1/24,0.00h,0.00h,,,,,,,0.00h,143.22h,0.00h,0.00h,,,,13799.82h,,
,EASYPAY-794,[DB] Add new predefined case search,11/26/24,0.37h,1388.45h,,,,,,,96.63h,5.42h,0.03h,24.47h,,,,12451.88h,,
,EASYPAY-796,[FORMS] Improvements to manual handling of payments stopped by Risk Screening,11/27/24,0.00h,1365.67h,,23.63h,,,,,0.47h,29.67h,0.27h,116.03h,,,,12432.00h,,
,EASYPAY-773,Request CyberArk Web Access User,11/8/24,214.63h,893.57h,,,,,,,,,,,,,,,12884.63h,
,EASYPAY-775,Create alert in Swedbank Alerts system,1/13/25,0.58h,1414.88h,,,,,,,0.53h,1277.93h,0.00h,0.00h,,,,11300.10h,,
,EASYPAY-776,Kafka connection failed - EHI for W981 service,2/27/25,51.05h,1505.27h,,,,,,,1855.52h,88.98h,95.57h,317.03h,,,,10221.43h,,
,EASYPAY-732,E-invoice sellers can't import e-invoices via IBANK BUSINESS if the buyer exist in destinations which don't use IBAN ACCOUNT as channelAddress,9/11/24,3.57h,0.00h,,,,,,,1.70h,,0.58h,0.00h,,,,14274.15h,,
,EASYPAY-719,[STAR PB] Show error code in detailed e-invoice in search of E-invoices sent to other banks,10/25/24,260.55h,0.00h,,,,,,,616.85h,292.33h,0.12h,1.62h,,,,13225.73h,,
,EASYPAY-730,[DB] Create DB user for a new BpayStream application,9/18/24,0.35h,143.90h,,,,,,,5.47h,116.83h,0.40h,25.68h,,,,14108.53h,,
,EASYPAY-717,iBank: payment list should have same validation as payment form,9/17/24,20.13h,0.00h,,,,,,,0.18h,5.87h,0.15h,257.63h,,,,14138.75h,,
,EASYPAY-715,[DB] to create new algorithm for service id,9/25/24,0.02h,451.00h,,,,,,,0.00h,22.98h,0.18h,26.83h,,,,13944.63h,,
,EASYPAY-722,RT1: Emergency liquidity adjustments in PSR message,10/23/24,0.00h,835.23h,,1.02h,,,,,23.88h,6.15h,25.27h,330.13h,,,,13272.73h,,
,EASYPAY-712,Banklink instant payments over open-bank get wrong status after execution,9/4/24,214.37h,,,,,,,,,,,,,,,14446.02h,,
,EASYPAY-731,Collect Payment Data for Kafka streaming,10/30/24,25.52h,164.17h,,315.35h,,,,,652.87h,357.38h,0.05h,141.02h,,,,13105.63h,,
,EASYPAY-777,"[TESTING] Check ""Dead Letter Queue"" functionality for BpayStream app",1/6/25,6.47h,2158.55h,,18.48h,,,,,1106.08h,,4.32h,0.30h,,,,11467.85h,,
,EASYPAY-789,[DB] cutoff data manipulation rule for pacs.004,11/28/24,0.00h,,,2369.43h,,,,,,,,,,,,,12409.53h,
,EASYPAY-707,[TEST] EURO1 end-to-end testing,10/11/24,2.23h,809.30h,,,,,,,0.00h,,143.02h,263.43h,,,,13563.45h,,
,EASYPAY-706,[TEST] RTGS end-to-end testing,10/7/24,20.80h,790.72h,,,,,,,0.00h,,4.40h,306.93h,,,,13658.63h,,
,EASYPAY-787,[ISOX] Enable value date correction functionality for pacs.004,2/28/25,0.02h,333.07h,5.17h,2039.67h,,,,,0.15h,4.32h,625.95h,1602.98h,,,,10195.02h,,
,EASYPAY-802,"Core reports (payments maint) - Adjust ""Wrong payment status EE/LV/LT"" (SIPCO)",1/7/25,0.07h,3141.10h,,169.27h,,,,,0.00h,3.70h,140.25h,27.02h,,,,11444.68h,,
,EASYPAY-800,"Core reports (payments maint) - Adjust ""Instant payments in ProScan >15sec EE/LV/LT"" (SIPCO/SIPCI)",1/14/25,0.00h,3140.08h,,169.40h,,,,,0.00h,1.00h,196.10h,144.08h,,,,11275.52h,,
,EASYPAY-799,"Core reports (payments BO) - Adjust ""IP benchmark EE/LV/LT"" (SIPCO/SIPCI)",1/10/25,0.00h,3116.53h,,193.30h,,,,,0.00h,2.15h,172.35h,70.67h,,,,11373.70h,,
,EASYPAY-798,"Core reports (payments BO) - Adjust ""Local benchmark EE/LV/LT"" (SIPCO/SIPCI)",1/8/25,0.00h,3121.12h,,172.47h,,,,,0.00h,0.18h,18.43h,198.10h,,,,11418.55h,,
,EASYPAY-803,"Core reports (risk) - Adjust ""PROD EE/LV/LT cust pmts inc out"" (SIPCO/SIPCI)",1/15/25,0.03h,1679.32h,,1512.92h,,,,,0.00h,72.00h,217.67h,165.97h,,,,11252.57h,,
,EASYPAY-704,[DB] Create SysGlobal for data streaming to Kafka platform,8/27/24,0.00h,3.70h,,,,,,,425.55h,0.68h,7.33h,0.00h,,,,14636.38h,,
,EASYPAY-711,IB Testing: in Ibank  Corp Customers can not import e-invoice files due to following error: Error putting e-invoice into filebarn,9/2/24,356.45h,0.00h,,,,,,,0.00h,,68.13h,167.95h,,,,14498.82h,,
,EASYPAY-701,[REGR][ISO Exchange] Update XSD for CLM messages,10/22/24,0.05h,22.65h,22.28h,,,,,,194.05h,1.10h,1464.35h,116.87h,,,,13299.10h,,
,EASYPAY-687,"STAR EE: hide old portlets >> ""Baltic statement"" & ""Baltic balance""",8/8/24,0.15h,40.52h,,,,,,,95.25h,30.12h,0.60h,44.40h,,0.80h,,15095.17h,,
,EASYPAY-685,PB Implement automated E-invoice Seller Agreement and Operator Service agreement closure if agreement was not activated during 6 months,10/16/24,0.42h,737.80h,,963.67h,,,,,0.00h,49.43h,77.92h,42.12h,,,,13442.53h,,
,EASYPAY-684,PB Implement automated Standing Order Agreement closure if agreement was not activated during 7 calendar days,10/22/24,0.58h,702.13h,,983.47h,,,,,0.00h,0.95h,306.48h,25.72h,,,,13295.17h,,
,EASYPAY-683,[DB] Grant rights for monitoring user,7/26/24,0.00h,0.10h,,,,,,,0.02h,0.98h,0.38h,2.35h,,,,15407.03h,,
,EASYPAY-681,[DB] drop tables used for queues recreation,8/12/24,0.05h,313.77h,,,,,,,46.48h,0.78h,94.72h,4.35h,,,,14998.77h,,
,EASYPAY-1379,[DB] 14. Payload messages generation on DAY0 load for Bank Defined Payments agreements,3/17/26,2638.85h,11617.50h,,,,,,,0.00h,99.05h,1.72h,185.60h,,,,1033.13h,,
,EASYPAY-1380,[DB] 3. Payload messages generation for Bank Defined Payments agreements,2/18/26,2617.68h,10965.05h,,,,,,,169.55h,1.08h,25.95h,114.48h,,,,1682.22h,,
,EASYPAY-682,IBank: adjust E-invoice manual payment form // Value date,8/6/24,76.63h,65.05h,,,,,,,94.88h,98.08h,0.53h,97.97h,,,,15143.02h,,
,EASYPAY-1378,[DB] 9. Payload messages generation on MDM requests for Bank Defined Payments,3/16/26,2619.72h,11279.25h,15.17h,,,,,,143.68h,24.18h,434.90h,4.95h,,,,1055.32h,,
,EASYPAY-1376,[DB] 6. Track changes in agreements for Bank Defined Payments,2/23/26,2618.83h,11255.48h,,,,,,,22.15h,2.55h,44.17h,73.70h,,,,1560.35h,,
,EASYPAY-671,Star: javascript error after pressing Control Swift button,7/10/24,0.00h,0.00h,,,,,,,0.05h,0.50h,0.13h,5.40h,,,,15787.82h,,
,EASYPAY-668,Testing STAR on Openshift,1/6/25,0.00h,0.00h,,,,,,,0.00h,,1436.60h,2910.25h,,,,11467.73h,,
Production bug,EASYPAY-754,DB: recall originators name length issue for SEPA,10/29/24,0.45h,2683.35h,,,,,,,118.08h,53.20h,99.65h,25.07h,,,,13122.08h,,
,EASYPAY-651,[DB] Fix sql monitoring 'SEPA intragroup messages are not received last hour',6/27/24,0.27h,16.73h,,,,,,,0.45h,4.08h,0.00h,0.00h,,,,16102.23h,,
,EASYPAY-650,[DB] monitoring s,7/15/24,454.03h,,,,,,,,,,,,,,,,15669.87h,
,EASYPAY-649,[DB] Recreate existing queues adding priority to sort list,7/24/24,0.00h,503.70h,,,,,,,0.08h,168.67h,0.03h,25.52h,,,,15456.40h,,
,EASYPAY-636,[DB] Archiving of VM.SEPA_SYSTEM_EVENT_NOTE,8/6/24,0.02h,985.87h,,,,,,,0.00h,45.43h,99.57h,0.07h,,,,15139.52h,,
,EASYPAY-652,"STAR (EE, LT. LV): Add ''Print Agreement'' button for Standing Order Agreement in status ''Awaiting for confirmation''",7/3/24,165.12h,0.00h,,,,,,,0.30h,119.07h,24.57h,0.62h,,,,15962.03h,,
,EASYPAY-621,DB: create a new channel code for round-up Investments,7/26/24,0.00h,39.48h,,,,,,,1.27h,3.80h,789.47h,100.50h,,,,15403.48h,,
Production bug,EASYPAY-620,Details field is empty in return payment via account statement,6/20/24,0.00h,17.50h,,,,,,,21.72h,3.22h,0.20h,2.33h,,,,16271.15h,,
,EASYPAY-619,[REGR] Split sepa-exchange into 2 applications,10/31/24,0.00h,161.63h,,,,,,,0.55h,47.53h,2741.43h,241.47h,,,,13075.57h,,
,EASYPAY-602,DB: create new OP ID for round-up Investments,7/26/24,2.13h,40.88h,,,,,,,22.72h,3.80h,769.50h,99.07h,,,,15403.43h,,
,EASYPAY-599,[REGR][ISO Exchange] Update XSD for other E1S1 messages,10/28/24,0.38h,1177.15h,,,,,,,191.55h,3.60h,1701.58h,101.75h,,,,13147.27h,,
,EASYPAY-600,[ISO Exchange] Update XSD for camt.077.001.01 (CoCo),8/23/24,0.02h,1177.83h,,,,,,,23.08h,286.72h,79.32h,21.67h,,,,14735.03h,,
Production bug,EASYPAY-580,"During DC the error appears, when started archiving by DP: ORA-02292",6/20/24,0.02h,71.40h,,,,,,,0.62h,0.50h,0.20h,5.25h,,,,16268.20h,,
,EASYPAY-724,RT1: RT1/TIPS camt.054 XSD update,10/17/24,0.00h,976.37h,,1783.72h,,,,,50.98h,20.27h,2.12h,172.57h,,,,13412.32h,,
,EASYPAY-579,Remove usage of crebit.tyyp_mk_penalty and crebit.tyyp_mk_deny from applications,6/25/24,0.00h,0.00h,,,,,,,93.78h,97.65h,3.95h,96.23h,,,,16149.22h,,
,EASYPAY-720,RT1: TIPS camt.053 XSD update,10/25/24,0.00h,2159.85h,,639.93h,,,,,45.10h,26.15h,23.63h,336.85h,,,,13226.52h,,
,EASYPAY-723,RT1: Business date in TIPS camt.054 message,10/17/24,0.00h,976.00h,,1825.23h,,,,,53.47h,17.83h,1.85h,172.62h,,,,13412.52h,,
,EASYPAY-721,[TEST] RT1: Opening Balance in TIPS camt.053 statement -> MT950,10/25/24,0.00h,2429.47h,,641.40h,,,,,0.00h,,161.55h,4.35h,,,,13222.77h,,
,EASYPAY-576,[DB] Fix existing LV Bank defined payment templates data,8/5/24,0.17h,1227.20h,,,,,,,0.57h,0.62h,0.10h,65.53h,,,,15170.18h,,
,EASYPAY-577,SEPA flow merge - creditor reference issue in incoming payments,6/27/24,0.00h,0.67h,,0.85h,,,,,20.95h,28.95h,0.05h,311.73h,,,,16102.45h,,
,EASYPAY-597,[REGR][ISO Exchange] Update XSD for other RTGS messages,10/7/24,25.68h,53.10h,,1290.63h,,,,,149.85h,41.77h,1131.67h,163.93h,,,,13658.62h,,
,EASYPAY-601,"[ISO Exchange] Update XSD for pacs.004.001.09 (RTGS, E1S1)",8/22/24,6.35h,1363.08h,,,,,,,48.67h,98.18h,0.50h,241.78h,,,,14756.72h,,
,EASYPAY-596,"[ISO Exchange] Update XSD for pacs.009.001.08 CORE and COV (RTGS, E1S1)",8/21/24,5.68h,1363.73h,,,,,,,47.28h,5.47h,20.47h,289.82h,,,,14782.83h,,
,EASYPAY-598,"[ISO Exchange] Update XSD for pacs.008.001.08 (RTGS, E1S1)",8/22/24,5.37h,1363.92h,,,,,,,147.08h,3.00h,213.17h,26.13h,,,,14756.68h,,
Production bug,EASYPAY-635,Ignore Interbank settlement date if provided in future for Incoming instant payments.,6/27/24,69.43h,235.23h,,,,,,,0.98h,123.32h,1.75h,42.83h,,,,16105.77h,,
,EASYPAY-578,Teleagreement closing is failing,6/14/24,0.00h,,,,,,,,1.22h,1.23h,0.18h,21.47h,138.00h,,25.18h,16417.00h,,
,EASYPAY-755,[REGR][DB] Cleanup task – decommission old offline payment queue.,10/31/24,3190.90h,0.00h,,,,,,,0.00h,5.32h,166.07h,171.15h,,,,13075.52h,,
,EASYPAY-622,(TEST) Verify that Baltic intragroup payments are screened only on sending side,6/25/24,0.27h,353.10h,,,,,,,0.47h,,125.12h,1.37h,,,,16147.62h,,
,EASYPAY-623,(TEST) Verify intragroup flow with SWEDSESS,7/16/24,1.63h,352.92h,,,,,,,0.47h,,6.72h,617.82h,,,,15649.57h,,
,EASYPAY-617,Keep Nostro account balance update only on SEPA “Normal” instance,10/30/24,140.68h,426.53h,,,,,,,0.00h,,2695.32h,240.17h,,,,13100.70h,,
Production bug,EASYPAY-572,[iBank] Business user signed payment twice from payment list,6/6/24,0.15h,46.82h,,,,,,,,,,,,,,,16609.42h,
,EASYPAY-1360,[DB] Create log table for payload messages that were send to MDM,2/2/26,860.73h,13347.42h,,,,,,,74.77h,93.45h,140.92h,97.63h,,,,2063.40h,,
,EASYPAY-1485,Rights and roles order for Accounts Kafka environment,3/27/26,0.00h,15929.93h,,,,,,,2.08h,24.42h,1.35h,0.00h,,,,789.18h,,
,EASYPAY-1481,Rights and roles order for MDM Kafka environment,3/26/26,1.25h,15526.82h,,,,,,,212.15h,191.15h,0.00h,0.00h,,,,818.10h,,
,EASYPAY-1375,[DB] 11. Payload messages generation on CLIENT_ID merges on Accounts side for GIRO Beneficiary Agreement,3/6/26,1.70h,15214.43h,,,,,,,24.45h,19.37h,169.55h,28.93h,,,,1291.68h,,
,EASYPAY-1383,[DB] 10. Payload messages generation on CLIENT_ID merges on Accounts side for Standing Order,3/9/26,2.77h,15214.43h,,,,,,,23.43h,20.38h,198.55h,71.05h,,,,1220.58h,,
,EASYPAY-1377,[DB] 13. Payload messages generation on DAY0 load for GIRO Beneficiary Agreement,3/16/26,3.73h,15428.92h,,,,,,,0.00h,98.97h,1.72h,167.10h,,,,1051.73h,,
,EASYPAY-1374,[DB] 12. Payload messages generation on DAY0 load for Standing Orders,3/17/26,3.98h,15287.12h,,,,,,,0.00h,242.32h,185.15h,4.63h,,,,1029.22h,,
,EASYPAY-569,[SEPA-EXCHANGE] Outgoing cross-border returns handeled incorrectly,6/5/24,0.15h,0.00h,,,,,,,0.12h,18.35h,5.32h,121.25h,,,,16628.30h,,
,EASYPAY-1359,[DB] Create new table to store copy of incoming MDM requests,2/2/26,26.52h,14278.25h,,,,,,,121.78h,46.42h,140.95h,99.83h,,,,2061.20h,,
,EASYPAY-605,Read all messages from same queue part 2,8/9/24,265.87h,908.43h,,,,,,,144.52h,0.45h,340.38h,50.12h,,,,15066.85h,,
,EASYPAY-568,[bank-components] SEPA flow merge start is checked incorrectly,6/4/24,0.00h,0.02h,,,,,,,0.00h,3.10h,19.90h,102.87h,,,,16651.02h,,
,EASYPAY-567,(SEPA-exchange) Start receiving intragroup messages after SEPA FLM start,6/7/24,0.00h,2.58h,,,,,,,0.02h,6.15h,167.55h,18.75h,,,,16586.27h,,
,EASYPAY-566,[DB] Grant rights for ipank.payment_bookmark table,5/30/24,0.03h,0.00h,,,,,,,1.35h,0.25h,46.17h,0.08h,,,,16773.42h,,
,EASYPAY-565,Wrong <BICFI></BICFI> value in recall message camt.056.001.08,5/29/24,0.00h,0.00h,,,,,,,21.85h,3.45h,3.15h,0.42h,,,,16795.95h,,
Production bug,EASYPAY-571,Failed to process message. Retry attempts exhausted. Message discardedjava.lang.IllegalArgumentException,6/6/24,0.00h,187.87h,,,,,,,6.38h,0.03h,17.45h,31.63h,,,,16603.20h,,
,EASYPAY-608,Provide application performance metrics to monitoring tool,11/29/24,3768.55h,93.22h,,,,,,,0.60h,212.85h,387.67h,0.00h,,,,12384.68h,,
Production bug,EASYPAY-669,Technical error when closing an e-invoice seller agreement in STAR,7/24/24,0.20h,1030.87h,146.40h,,,,,,4.32h,73.05h,103.88h,33.97h,,,,15454.92h,,
,EASYPAY-586,(Core reports) Report about regulatory returns of outgoing SEPA cross-border payments,8/8/24,430.08h,333.07h,,650.82h,,,,,0.00h,268.03h,0.68h,74.23h,,,,15091.73h,,
,EASYPAY-588,(Core reports) Adjust 'waiting pensions' report (EE),9/5/24,0.15h,93.22h,,2088.95h,,,,,0.00h,24.55h,145.18h,69.48h,,,,14427.27h,,
,EASYPAY-610,Reallocate resources from AQ user pool to MQ pool,10/14/24,338.18h,3020.40h,,,,,,,,,,,,,,,13490.37h,
,EASYPAY-1322,[DB] Implement improvements for Account alias consents,1/26/26,10759.38h,0.00h,,2658.48h,,,,,408.67h,264.83h,19.97h,464.00h,,,,2226.35h,,
,EASYPAY-611,Split application code/configuration for each SEPA instance,10/14/24,339.17h,3020.43h,,,,,,,,,,,,,,,13490.35h,
,EASYPAY-604,[REGR]DB: decommission not anymore used queue after change,8/27/24,404.65h,1365.65h,,,,,,,47.28h,3.65h,451.80h,7.53h,,,,14634.83h,,
,EASYPAY-603,[REGR] Read all messages from same queue Part 1,7/3/24,404.67h,236.35h,,,,,,,167.23h,4.43h,91.75h,54.00h,,,,15957.00h,,
,EASYPAY-606,DB: put all messages to common queue,8/9/24,404.67h,908.42h,,,,,,,120.43h,31.62h,333.33h,50.12h,,,,15066.85h,,
,EASYPAY-583,(Core reports LV) Adjust 'Pmts inc out special BIC list',7/23/24,0.70h,1338.32h,,,,,,,0.00h,72.33h,6.55h,22.55h,,,,15478.60h,,
,EASYPAY-587,(Core reports) Adjust 'PROD LV big INCOMING dom pmts' report (LV),7/22/24,0.55h,1316.20h,,,,,,,0.00h,22.27h,1.12h,79.40h,,,,15499.50h,,
,EASYPAY-591,(Core reports) Adjust 'PROD EE/LV/LT cust pmts inc out' reports,7/29/24,2.22h,1341.72h,,67.55h,,,,,0.00h,23.00h,1.40h,144.42h,,,,15338.82h,,
,EASYPAY-677,(Core reports) Adjust 'PROD EE/LV/LT big dom pmts' reports,7/22/24,0.78h,1200.20h,,69.15h,,,,,0.00h,46.77h,1.12h,99.92h,,,,15501.32h,,
,EASYPAY-1353,[DB] Create Oracle package to store procedures used for payload message generation,1/16/26,195.07h,14251.80h,,,,,,,2.17h,20.58h,1.88h,2.62h,,,,2469.38h,,
,EASYPAY-626,Create NameSpace,9/25/24,116.67h,2592.05h,,,,,,,167.65h,145.72h,0.00h,0.00h,,,,13943.48h,,
,EASYPAY-629,[DB] Create data reading procedure for Q_DP_FOR_KAFKA queue,6/19/24,43.37h,625.38h,,,,,,,,,,,,,,,16297.13h,
,EASYPAY-630,[DB] Create data writing procedure for Q_DP_FOR_KAFKA queue,9/3/24,42.67h,1851.67h,,,,,,,0.00h,3.12h,569.00h,26.77h,,,,14472.70h,,
,EASYPAY-627,[DB] Create trigger for CREBIT.DB table,9/3/24,43.28h,2278.78h,,,,,,,0.15h,7.75h,136.52h,26.75h,,,,14472.70h,,
,EASYPAY-632,[DB] Create Q_DP_FOR_KAFKA queue for Kafka integration application,9/3/24,43.07h,1828.85h,,,,,,,0.00h,22.55h,572.12h,26.78h,,,,14472.68h,,
,EASYPAY-829,[IBANK LT] Get PDF printout for TPH incoming payment,3/4/25,3141.45h,2926.93h,,,,,549.45h,,27.13h,66.40h,73.73h,121.57h,,,,10104.85h,,
,EASYPAY-852,[CORE DB] Provide TPH payment information in MT900/910,4/7/25,4392.47h,1414.87h,,597.50h,,,550.77h,,170.27h,267.42h,41.72h,287.43h,,,,9290.65h,,
,EASYPAY-853,[CORE DB] Provide TPH payment information in MT950,4/3/25,4392.42h,1679.15h,,597.53h,,,550.77h,,0.00h,198.27h,16.95h,192.00h,,,,9386.03h,,
,EASYPAY-854,"[CORE DB] Provide TPH payment information in MT940, 942",4/15/25,4392.38h,1893.85h,,597.52h,,,550.80h,,0.00h,147.25h,2.23h,335.65h,,,,9093.48h,,
,EASYPAY-828,[IBANK] View TPH incoming payment details,2/12/25,3138.93h,2403.60h,0.00h,,,,551.18h,,43.17h,221.30h,17.13h,58.98h,,,,10578.93h,,
,EASYPAY-556,[DB] processing flow code 'GF' in respond to intragroup claim,6/6/24,0.02h,0.00h,,,,,,,0.32h,18.93h,151.48h,233.35h,,,,16610.07h,,
Production bug,EASYPAY-573,Ibank: customer can't execute international payment if defined payment is used,6/20/24,20.35h,383.82h,,168.30h,,,,,26.22h,,0.68h,142.97h,,,,16272.47h,,
,EASYPAY-1372,[DB] 2. Payload messages generation for GIRO Beneficiary Agreement,2/18/26,267.28h,14755.15h,,,,,,,168.97h,1.68h,25.37h,114.98h,,,,1682.30h,,
,EASYPAY-1385,[DB] 1. Payload messages generation for Standing Orders,2/18/26,267.32h,14755.17h,,,,,,,24.45h,146.18h,2.00h,138.23h,,,,1682.43h,,
,EASYPAY-555,Sepa-exchange: Risk screening fails for incoming return,5/22/24,0.12h,0.03h,,,,,,,1.07h,0.32h,27.75h,17.38h,,,,16969.88h,,
,EASYPAY-634,Create BpayStream integration Application,10/22/24,172.03h,2588.43h,,,,,,,457.18h,213.50h,144.45h,149.08h,,,,13293.02h,,
,EASYPAY-624,Onboarding to Andromeda,9/26/24,170.03h,2590.85h,,,,,,,169.68h,174.73h,0.00h,0.00h,,,,13912.45h,,
,EASYPAY-633,Monitoring set up,9/12/24,170.83h,2591.50h,,,,,,,,,,,,,,,14255.45h,
,EASYPAY-631,Onboarding to CI/CD,9/27/24,168.85h,2592.07h,,,,,,,344.42h,13.35h,0.00h,0.00h,,,,13899.10h,,
,EASYPAY-625,Create BitBucket repository,9/25/24,170.42h,2590.52h,,,,,,,169.67h,145.30h,0.00h,0.00h,,,,13941.90h,,
,EASYPAY-628,Order firewall openings,10/9/24,170.42h,3213.97h,,,,,,,0.02h,29.33h,0.00h,0.00h,,,,13604.10h,,
,EASYPAY-554,[DB] Reference for outgoing claims and status updates,6/7/24,0.00h,0.00h,,,,,,,0.00h,23.70h,401.87h,168.18h,,,,16586.58h,,
,EASYPAY-553,Sepa-Exchange: Change op_tyyp to SG for incoming intragroup payments,5/14/24,0.00h,0.00h,,,,,,,21.67h,,1.88h,1.63h,,,,17155.78h,,
,EASYPAY-552,Sepa-exchange: Risk screening fails for incoming payments to ledger account,5/31/24,0.00h,0.00h,,,,,,,120.68h,18.78h,270.25h,91.32h,,,,16752.07h,,
,EASYPAY-1373,[DB] 8. Payload messages generation on MDM requests for GIRO Beneficiary Agreement,2/26/26,578.53h,15070.35h,,,,,,,139.23h,4.82h,3.87h,43.35h,,,,1486.90h,,
,EASYPAY-1386,[DB] 7. Payload messages generation on MDM requests for Standing Orders,3/9/26,578.55h,15070.35h,,,,,,,101.72h,37.52h,315.08h,4.27h,,,,1219.60h,,
,EASYPAY-550,[SEPA-WEB] Upload instragroup manual message,5/9/24,21.15h,0.00h,,,,,,,0.00h,6.38h,1.17h,23.85h,,,,17278.02h,,
,EASYPAY-549,[SEPA-EXCHANGE] Implement configuration for enabling/disabling MQs for test environments,5/8/24,0.03h,0.00h,,,,,,,0.00h,21.08h,7.50h,0.00h,,,,17301.98h,,
,EASYPAY-1355,[DB] Create Oracle AQ storage for payload messages containing changes in agreements,1/19/26,676.90h,14255.00h,,,,,,,0.10h,92.17h,5.40h,0.00h,,,,2395.88h,,
,EASYPAY-548,[DB] Do not route large amount cross-border and intragroup SEPA to RTGS,5/7/24,0.00h,0.00h,,,,,,,0.00h,3.08h,160.35h,0.00h,,,,17331.15h,,
,EASYPAY-547,Change priority of intragroup payments,5/15/24,0.20h,45.73h,,,,,,,2.82h,173.60h,92.85h,44.33h,,,,17138.27h,,
,EASYPAY-546,[DB] introduce new flow code GF in vm.sepa_processing_flow,5/6/24,0.02h,0.00h,,,,,,,0.00h,4.27h,48.63h,97.33h,,,,17349.23h,,
,EASYPAY-1384,[DB] 5. Track changes in agreements for GIRO Beneficiary Agreement,2/23/26,772.53h,15045.63h,,,,,,,20.73h,1.42h,3.80h,119.23h,,,,1557.75h,,
,EASYPAY-545,[SEPATRANSFER] Do not receive messages when flow merge is enabled,4/30/24,0.00h,0.00h,,,,,,,19.43h,77.87h,2.23h,0.00h,,,,17494.87h,,
,EASYPAY-544,[DB] part,5/15/24,0.00h,0.00h,,,,,,,49.03h,359.47h,29.73h,22.75h,,,,17134.47h,,
,EASYPAY-1382,[DB] 4. Track changes in agreements for Standing Orders,2/24/26,866.23h,15042.53h,,,,,,,0.00h,23.78h,5.53h,144.52h,,,,1532.20h,,
,EASYPAY-1358,[DB] Create new Oracle tables for DAY0 loading,1/20/26,866.98h,14278.37h,,,,,,,0.75h,74.03h,17.30h,0.87h,,,,2377.25h,,
,EASYPAY-1343,[DB] Create user for a new Java-Based application,1/15/26,867.32h,14061.18h,,,,,,,119.93h,70.68h,2.90h,2.85h,,,,2490.98h,,
,EASYPAY-1340,"[DB] New schema ""PAYMENTS_AGREEMENTS_MDM"" for Oracle procedure, AQ and tables",1/15/26,913.13h,14040.80h,,,,,,,0.00h,192.68h,16.78h,7.45h,,,,2490.85h,,
,EASYPAY-590,(DB) Add incoming SEPA payment data to crebit.toim_cb (NAMP)- LV ONLY,8/7/24,0.00h,2326.40h,,3.67h,,,,,0.00h,51.12h,0.05h,167.57h,,,,15117.57h,,
,EASYPAY-543,Set message straight to final status after processing the response from ProSwitch,5/17/24,0.27h,0.00h,,,,,,,364.02h,0.00h,146.95h,64.57h,,,,17090.63h,,
,EASYPAY-542,Creditor reference validation is not done for cross-border and intragroup payment; only done for domestic,5/13/24,0.40h,0.00h,,,,,,,3.62h,68.22h,292.45h,117.60h,,,,17184.27h,,
,EASYPAY-541,"Check also service_limitation -> we should check cross-border and intragroup with 'FPI', not 'LPC'",4/24/24,0.42h,0.00h,,,,,,,3.33h,23.37h,0.00h,0.00h,,,,17639.45h,,
,EASYPAY-539,placeholder,4/19/24,1.07h,,,,,,,,,,,,,,,,17760.58h,
,EASYPAY-538,(SEPA-Exchange) Receive proprietary status report from ProSwitch,5/15/24,1.13h,93.78h,,,,,,,241.07h,95.17h,173.80h,24.28h,,,,17132.47h,,
,EASYPAY-537,[DB] Grant rights for vm.lukk table,4/19/24,0.18h,0.00h,,,,,,,0.12h,0.35h,19.03h,0.83h,,,,17763.07h,,
,EASYPAY-536,"[DB] priority, cut off time, reachability of intragroup payments",5/8/24,17.83h,0.00h,,,,,,,0.03h,100.20h,67.62h,314.90h,,,,17302.90h,,
,EASYPAY-534,Do not check beneficiary bank's reachability against SEPA routing table,5/8/24,0.03h,0.00h,,,,,,,0.27h,146.60h,44.73h,314.90h,,,,17302.92h,,
,EASYPAY-533,All intragroup payments should be stored in CREBIT.DP,5/15/24,0.00h,0.00h,,,,,,,23.95h,102.63h,65.07h,479.48h,,,,17138.35h,,
,EASYPAY-526,"(Core DB, bank-components) Changes to initiation of intragroup payments",5/15/24,0.60h,40.10h,69.82h,,,,,,46.30h,100.80h,26.97h,427.48h,,,,17138.27h,,
,EASYPAY-524,(TEST) Enable searching legacy messages,6/5/24,0.73h,239.60h,,,,,,,0.00h,,980.27h,0.00h,,,,16631.35h,,
,EASYPAY-558,[DB] One time data cleaning (party which ended Business relationship before/or on the 31.12.2006),9/20/24,0.58h,3595.03h,,,,,,,94.18h,102.67h,0.20h,0.05h,,,,14059.58h,,
,EASYPAY-504,Incoming-swift-msg-converter: remove check for SEPA rulebook SysGlobal,4/18/24,0.05h,0.00h,,,,,,,0.12h,0.62h,0.00h,146.23h,,,,17779.93h,,
,EASYPAY-503,Incoming Swift message processor: remove check for SEPA rulebook SysGlobal,4/18/24,0.00h,0.00h,,,,,,,69.65h,1.32h,72.82h,1.53h,,,,17781.73h,,
,EASYPAY-531,FP: remove check for SEPA rulebook SysGlobal,4/19/24,0.00h,1.12h,,,,,,,76.43h,22.02h,2.82h,69.95h,,,,17757.00h,,
,EASYPAY-674,(Core reports) Adjust 'pension payments in EE' report (EE),7/18/24,0.33h,2280.27h,,,,,,,0.00h,20.02h,4.02h,43.28h,,,,15601.88h,,
,EASYPAY-559,[DB] Fill in agreement termination dates in all closed Giro Beneficiary agreements,5/31/24,88.70h,1075.70h,,77.18h,,,,,0.00h,5.00h,19.02h,1.75h,,,,16753.18h,,
,EASYPAY-527,(Core DB) Create new sysglobal for intragroup cut-off,4/19/24,0.05h,213.50h,,,,,,,22.83h,1.38h,24.38h,3.97h,,,,17757.28h,,
,EASYPAY-512,(TEST) Receive pacs.028 (ST_UPDATE) for intragroup camt.056 or camt.027 or camt.087,6/4/24,18.62h,1077.28h,,,,,,,95.25h,0.00h,76.07h,123.37h,,,,16651.10h,,
,EASYPAY-529,(Core DB) Use sysglobal.HG_SWIFT_LIST to determine intragroup banks,6/6/24,19.13h,1172.32h,,,,,,,51.22h,20.55h,172.37h,0.00h,,,,16606.60h,,
,EASYPAY-523,(SEPA-Exchange) Send pacs.028 (ST_UPDATE) for intragroup camt.056 or camt.027,5/30/24,19.32h,1172.30h,,,,,,,0.30h,2.18h,3.97h,68.07h,,,,16776.27h,,
,EASYPAY-511,(TEST) Send camt.029 (CL_VD_RJCT) for intragroup camt.087,5/30/24,19.55h,572.45h,,,,,,,462.80h,0.63h,160.55h,53.57h,,,,16773.08h,,
,EASYPAY-513,(SEPA-Exchange) Receive camt.087 (CL_VALUE) for intragroup pacs.008,5/28/24,19.75h,572.45h,,,,,,,148.67h,0.13h,283.03h,192.13h,,,,16826.65h,,
,EASYPAY-509,(TEST) Receive pacs.008 fee payment (CT with FCOL/INTE/FCIN) for intragroup camt.029 accept,6/4/24,20.17h,1172.38h,,,,,,,0.15h,0.00h,0.02h,191.48h,,,,16659.03h,,
,EASYPAY-530,"(Core DB, SEPA-Exchange) Send camt.029 (CL_NR_ACCP, CL_NR_RJCT) for intragroup camt.027",6/4/24,22.00h,908.88h,,,,,,,93.68h,26.65h,27.68h,314.90h,,,,16651.30h,,
,EASYPAY-516,(SEPA-Exchange) Receive camt.027 (CL_RECEIPT) for intragroup pacs.008,5/24/24,22.53h,572.60h,,,,,,,148.77h,,290.35h,95.45h,,,,16915.97h,,
,EASYPAY-506,(Core DB) Send pacs.008 fee payment (CT with FCOL/INTE/FCIN) for intragroup camt.029 accept,6/4/24,41.18h,356.82h,,,,,,,0.27h,69.83h,631.75h,306.80h,,,,16657.43h,,
,EASYPAY-497,Currency exchange label linking to List of Payments is missing localized translations,4/5/24,46.13h,0.00h,,,,,,,0.00h,,,,,,,,18099.22h,
,EASYPAY-564,[DB] Fill in agreement termination dates in all closed E-invoice related agreements,6/5/24,142.45h,1177.45h,,168.93h,,,,,18.88h,3.80h,17.83h,1.20h,,,,16633.40h,,
,EASYPAY-528,"(TEST) Receive camt.029 (CL_NR_ACCP, CL_NR_RJCT) for intragroup camt.027",5/27/24,164.75h,908.98h,,,,,,,126.98h,0.00h,47.45h,94.80h,,,,16844.93h,,
,EASYPAY-525,(SEPA-Exchange) Send camt.027 (CL_RECEIPT) for intragroup pacs.008,5/23/24,165.03h,572.60h,,,,,,,148.88h,187.02h,103.23h,68.92h,,,,16942.52h,,
,EASYPAY-592,(DB) Adjust Teller daily reports about payments,7/29/24,0.00h,2369.92h,,385.23h,,,,,0.00h,22.15h,0.23h,77.60h,,,,15333.75h,,
,EASYPAY-593,(Forms) Include new processing flow codes to domestic payment reports,7/29/24,0.20h,2777.92h,,,,,,,0.00h,72.25h,0.00h,7.68h,,,,15331.12h,,
,EASYPAY-514,(TEST) Debit repeal fee for intragroup payment,5/23/24,168.33h,356.75h,,,,,,,679.22h,0.02h,17.95h,29.78h,,,,16939.45h,,
,EASYPAY-508,"(Core DB, SEPA-Exchange) Send camt.029 (REC_REFUSE) for intragroup recall",5/20/24,256.97h,572.50h,,,,,,,264.48h,4.95h,93.67h,75.48h,,,,17012.08h,,
,EASYPAY-517,(SEPA-Exchange) Receive camt.056 (RECALL) for intragroup payment,5/13/24,257.20h,572.45h,,,,,,,148.70h,,25.27h,94.05h,,,,17182.72h,,
,EASYPAY-510,(SEPA-Exchange) Receive pacs.004.001.09 (RETURN) for intragroup payment (FOCR + ordinary return),5/27/24,261.92h,356.73h,,,,,,,364.42h,,282.73h,175.87h,,,,16843.45h,,
,EASYPAY-518,(SEPA-Exchange) Receive camt.029 (REC_REFUSE) for intragroup recall,5/20/24,264.47h,356.67h,,,,,,,364.53h,,187.72h,102.57h,,,,17011.73h,,
,EASYPAY-562,[DB] Fill agreement termination dates in all closed Standing Order agreements,5/29/24,268.53h,1099.47h,,,,,,,0.00h,119.02h,5.83h,2.08h,,,,16795.12h,,
,EASYPAY-507,"(Core DB, SEPA-Exchange) Send camt.056 (RECALL) for intragroup payment",5/17/24,283.63h,356.77h,,,,,,,479.48h,0.75h,31.00h,67.53h,,,,17087.65h,,
,EASYPAY-561,[DB] Clean up of not used tables with LV Bank defined payments service,6/25/24,285.90h,1199.67h,,169.42h,,,,,25.55h,379.65h,1.78h,96.28h,,,,16149.17h,,
Production bug,EASYPAY-493,iBank: user gets technical error or account balance isn't showed when user has balance in currency which doesn't have exchange rate anymore,4/19/24,1.00h,,,551.75h,,,,,,,,,,,,,17757.47h,
,EASYPAY-492,STAR - Duplicate department fields under structured addresses,3/29/24,0.00h,0.70h,,0.10h,,,,,0.00h,1.80h,42.55h,0.77h,,,,18265.28h,,
,EASYPAY-563,[DB] Implement new fields for LV Bank defined payment agreements/ templates,6/4/24,290.02h,1077.37h,,169.28h,,,,,0.97h,25.48h,65.50h,25.40h,,,,16657.50h,,
,EASYPAY-560,[DB] Fill data in existing records in LV Bank defined payment agreements and templates/ LT typical payment templates,6/10/24,290.55h,1103.60h,,169.40h,,,,,0.08h,90.73h,3.98h,140.82h,,,,16512.92h,,
,EASYPAY-589,(Core reports) Adjust 'Sepa returns' report (LT),6/28/24,20.57h,2162.80h,,0.93h,,,,,0.38h,0.12h,44.78h,23.52h,,,,16079.45h,,
,EASYPAY-594,(Core reports) Adjust 'Payments in Proscan' reports (PB),8/12/24,20.17h,2833.13h,,0.25h,,,,,0.00h,312.33h,1.88h,165.98h,,,,14998.83h,,
,EASYPAY-584,(Core reports) Adjust local_benchmark reports (PB),7/3/24,19.60h,2182.85h,,,,,,,0.00h,5.22h,113.62h,52.30h,,,,15959.03h,,
,EASYPAY-491,iBank: inform customer that there are EUR missing,4/15/24,6.08h,214.95h,,262.85h,,,,,,,,,,,,,17852.08h,
,EASYPAY-490,Payment Services: remove check for SEPA rulebook SysGlobal,4/5/24,0.00h,0.48h,,,,,,,0.05h,3.82h,240.52h,0.00h,,,,18093.45h,,
,EASYPAY-521,(TEST) Return incorrect incoming intragroup payment,6/5/24,336.23h,1172.62h,,,,,,,0.08h,0.00h,101.75h,117.65h,,,,16631.13h,,
Production bug,EASYPAY-496,[RT1-Uploader] Do not throw warning for RSF file when InstgAgt is missing,4/3/24,0.00h,194.50h,,,,,,,0.00h,15.17h,3.68h,5.58h,,,,18140.88h,,
,EASYPAY-519,"(Core DB, SEPA-Exchange) Return credited incoming intragroup payment",5/21/24,401.32h,356.67h,,,,,,,392.02h,0.00h,113.65h,173.63h,,,,16987.28h,,
,EASYPAY-488,ibank: Domestic payment additional info block expanding,3/22/24,0.37h,0.00h,,,,,,,0.17h,7.13h,17.22h,3.22h,,,,18430.10h,,
Production bug,EASYPAY-487,ibank: not possible to make payment,3/20/24,0.03h,1.42h,,0.77h,,,,,1.75h,1.47h,0.45h,0.62h,,,,18472.92h,,
,EASYPAY-486,[Java] Change which date columns are used for reachability check,4/3/24,0.00h,0.00h,,,,,,,0.52h,,190.18h,196.60h,,,,18141.95h,,
,EASYPAY-485,[batch-target2-uploader] Remove SRUploader,3/25/24,1.83h,0.00h,,,,,,,0.00h,1.25h,34.13h,211.07h,,,,18355.42h,,
,EASYPAY-499,Performance test REL251,4/3/24,480.18h,,,,,,,,,,,,,,,18142.40h,,
,EASYPAY-520,(SEPA-Exchange) Receive intragroup payment message pacs.008 (CT),5/14/24,663.88h,356.63h,,,,,,,48.03h,192.90h,123.83h,146.67h,,,,17155.22h,,
,EASYPAY-515,(SEPA-Exchange) Send intragroup payment message pacs.008 (CT),5/16/24,667.77h,213.73h,,,,,,,0.18h,190.73h,167.75h,337.72h,,,,17113.18h,,
,EASYPAY-483,EBA RTF upload - Change in file pattern check,3/25/24,0.75h,138.32h,,,,,,,4.40h,0.37h,54.47h,210.10h,,,,18356.43h,,
,EASYPAY-480,iBank: currency and balance should be shown even balance<=0,3/21/24,0.00h,164.78h,,,,,,,142.63h,10.70h,16.33h,3.05h,,,,18452.68h,,
,EASYPAY-479,iBank: update currency dropdown for defined foreign payments,4/3/24,0.05h,42.53h,93.72h,,,,,,267.08h,34.68h,158.67h,93.62h,,,,18145.82h,,
,EASYPAY-478,iBank: on payment initation inform customer if payment currency was changed,3/29/24,0.75h,45.78h,,,,,,,149.27h,188.32h,0.17h,189.67h,,,,18266.08h,,
,EASYPAY-477,For testing: International payment execution(currency conversion) in Gateway,3/15/24,0.00h,0.00h,,,,,,,0.00h,,25.38h,241.47h,,,,18598.75h,,
,EASYPAY-475,For testing: International payment execution(currency conversion) in Ibank,3/15/24,0.00h,0.00h,,,,,,,0.00h,,97.08h,241.50h,,,,18598.73h,,
,EASYPAY-474,STAR (star-products) LT: Add text to label_id=15 and Label_id=17 in einvoice creation,3/12/24,0.83h,22.12h,18.87h,,,,,,120.30h,0.70h,51.38h,0.07h,,102.07h,,18668.40h,,
,EASYPAY-471,Ibank: tech error on initiating FP,2/27/24,16.97h,66.90h,,,,,,,0.00h,4.80h,4.93h,23.48h,,,,19005.25h,,
,EASYPAY-470,Close BBAN account support for payment service in Estonia,2/28/24,0.02h,16.83h,,,,,,,23.93h,3.65h,93.27h,28.12h,,,,18980.83h,,
,EASYPAY-465,STAR: remove explorer menu in LV,4/11/24,715.58h,364.03h,,,,,,,0.00h,114.97h,0.22h,25.57h,,,,17952.62h,,
,EASYPAY-464,"iBank: change label ""balance"" to ""avalailable balance""",3/1/24,0.00h,46.52h,,,,,,,167.38h,6.68h,1.18h,21.13h,,,,18933.33h,,
,EASYPAY-461,"STAR EE: enhancements to portlet ""Baltic balance"" and ""Baltic statement""",2/20/24,0.05h,19.75h,2.55h,,,,,,4.40h,3.35h,90.20h,22.48h,,,,19174.80h,,
,EASYPAY-459,After release installation there is missing Card BO menu item,2/12/24,0.08h,0.00h,,,,,,,2.72h,0.90h,64.78h,0.00h,,,,19370.15h,,
,EASYPAY-458,[DB] STAR LV: there is needed to update some labels related Transaction and daily customer double identification and transaction double authorization limits,2/19/24,0.27h,23.73h,,,,,,,74.85h,2.40h,163.03h,0.00h,,,,19201.47h,,
,EASYPAY-653,PDF blank change for SO in STAR Latvia,7/22/24,3375.23h,0.03h,65.37h,,,,,,263.58h,75.92h,0.08h,100.17h,,93.97h,,15507.38h,,
Production bug,EASYPAY-756,[DB] SOA limit check,10/23/24,2709.07h,0.00h,,3338.32h,,,,,1.38h,95.83h,23.92h,25.10h,,,,13267.87h,,
,EASYPAY-456,Incoming pacs.004 from Revolut are processed as cross-border SEPA,2/8/24,0.15h,92.48h,,,,,,,1.60h,0.58h,17.83h,31.72h,,,,19457.98h,,
Production bug,EASYPAY-760,"[DB] ORA-12899: value too large for column ""VM"".""SEPA_INQUIRY"".""CATEGORY_PURPOSE_PROPRIETARY"" (actual: 8, maximum: 4)",11/12/24,0.00h,6402.12h,,,,,,,2.58h,19.75h,122.58h,311.37h,,,,12793.05h,,
Production bug,EASYPAY-654,iBank: Phone number field should be done according common ibank rules,7/5/24,3573.28h,0.00h,,28.35h,,,,,6.05h,161.97h,,,,,,,15909.97h,
Production bug,EASYPAY-412,[STAR]: incorrect type is showing in foreign payment order,2/9/24,0.00h,218.20h,,,,,,,141.28h,3.18h,2.12h,45.97h,,,,19440.33h,,
,EASYPAY-438,iBank: show link to List of payments in Currency exchange,4/3/24,0.00h,1408.15h,,,,,,,24.50h,10.73h,60.55h,216.40h,,,,18145.53h,,
,EASYPAY-411,iBank EE: Standing order agreements PDF update,2/13/24,65.92h,168.70h,,,,,,,20.98h,170.65h,0.02h,99.52h,,,,19341.80h,,
,EASYPAY-432,iBank: inform customer that there are funds missing,3/20/24,3.32h,904.60h,,,,,,,120.05h,314.90h,0.58h,51.13h,,,,18474.90h,,
,EASYPAY-448,Batch-rt1-uploader: remove check for SEPA rulebook SysGlobal,4/3/24,0.03h,1412.37h,,,,,,,96.80h,3.32h,211.53h,4.90h,,,,18140.90h,,
,EASYPAY-447,Sepa-web: remove check for SEPA rulebook SysGlobal,4/5/24,0.05h,1412.35h,,,,,,,96.63h,0.18h,264.92h,2.18h,,,,18093.55h,,
,EASYPAY-453,Sepatransfer: remove check for SEPA rulebook SysGlobal,4/18/24,0.07h,1412.33h,,,,,,,0.13h,2.68h,361.23h,312.82h,,,,17780.62h,,
,EASYPAY-451,Sepa-exchange: remove check for SEPA rulebook SysGlobal,4/5/24,0.08h,1412.32h,,,,,,,1.77h,94.90h,265.08h,2.20h,,,,18093.55h,,
,EASYPAY-457,iBank LV: PDF blank change for SO in Ibank LV,3/4/24,53.47h,17.83h,0.00h,,479.72h,,,,22.10h,340.20h,72.32h,164.77h,,,,18866.28h,,
,EASYPAY-409,iBank LT: update PDFs and ASICE for standing orders,1/22/24,16.90h,0.00h,0.17h,,,,,,4.80h,1.60h,65.50h,73.25h,,,,19872.43h,,
,EASYPAY-410,iBank: send list of e-invoice payments to Nice Actimize,2/14/24,0.00h,71.27h,92.48h,,,,,,2.65h,201.08h,279.75h,75.22h,,,,19318.33h,,
,EASYPAY-427,(Electronical) Enable searching foreign payments that are prepared or waiting acceptance in channel,2/22/24,0.35h,646.75h,17.42h,,,,,,0.00h,150.77h,188.40h,34.30h,,,,19122.05h,,
,EASYPAY-408,TESTING: Ensure incoming/outgoing EKS SEPA payment message screening in ProScan,1/15/24,0.00h,0.00h,,,,,,,0.00h,,0.68h,123.52h,,,,20036.68h,,
,EASYPAY-407,TESTING: Ensure incoming/outgoing instant SEPA payment message screening in ProScan,1/22/24,0.02h,0.00h,0.10h,,,,,,0.00h,23.72h,120.03h,145.67h,,,,19871.38h,,
,EASYPAY-406,TESTING: Ensure incoming/outgoing domestic SEPA payment message screening in ProScan,1/19/24,0.15h,0.00h,,,,,,,0.00h,,143.63h,79.40h,,,,19937.88h,,
,EASYPAY-425,(Electronical) Enable searching domestic payments that are prepared or waiting acceptance in channel,2/26/24,1.68h,694.13h,16.08h,,,,,,147.87h,163.05h,13.43h,98.60h,,,,19026.55h,,
,EASYPAY-421,[DB] Add new out_channel_codes to credit delay rules,2/14/24,0.37h,575.68h,,,,,,,96.28h,22.23h,174.57h,24.68h,,,,19315.55h,,
,EASYPAY-405,DB: create new business function for group accounts functionality,1/12/24,0.02h,0.00h,,,,,,,95.55h,46.50h,5.92h,20.80h,,,,20111.40h,,
,EASYPAY-403,"STAR EE: rewrite portlet ""Baltic statement"" to not use Teller component anymore",2/15/24,0.17h,0.00h,49.05h,,,,,,71.40h,724.32h,69.37h,28.95h,,46.65h,,19291.47h,,
,EASYPAY-404,"STAR EE: rewrite portlet ""Baltic balance"" to not use Teller component anymore",2/14/24,0.18h,0.00h,,,,,,,2.52h,483.25h,94.78h,338.12h,,45.07h,,19317.47h,,
,EASYPAY-400,[LV ACT] Validate and save incoming EKS cross-border SEPA payment into a single data store,1/9/24,0.20h,353.82h,,,,,,,3.07h,75.15h,19.45h,5.57h,,,,20178.48h,,
,EASYPAY-402,Add transaction label for payments sent to Nice Actimize,2/14/24,474.48h,338.78h,,,,,,,21.57h,6.77h,376.95h,125.73h,,0.00h,,19459.40h,,
,EASYPAY-439,SGW: test international payment import,4/8/24,936.30h,1366.43h,,,,,,,0.00h,,0.00h,479.62h,,,,18026.10h,,
,EASYPAY-399,[DB] create table for screening rules storing,1/5/24,1.90h,187.25h,,,,,,,51.77h,331.45h,28.20h,0.50h,,,,20275.90h,,
,EASYPAY-422,(Domestic) Adjust SEPA payment details to show cross-border/intragroup,3/16/24,1.80h,1581.25h,,,,,,,504.38h,31.00h,87.97h,107.35h,,,,18566.78h,,
,EASYPAY-429,(Domestic) Register all manual case events in case comments,3/20/24,0.85h,2154.68h,,,,,,,144.62h,29.05h,24.62h,121.08h,,,,18474.43h,,
,EASYPAY-423,(Domestic) Adjust payment and message searches to include cross-border/intragroup,3/15/24,3.65h,2154.63h,,,,,,,30.45h,90.77h,2.63h,73.88h,,,,18596.08h,,
,EASYPAY-445,iBank: update International payment handling through telehansa payment import,3/7/24,1097.78h,574.68h,,,,,,,4.07h,168.42h,116.63h,220.25h,,,,18788.07h,,
,EASYPAY-446,iBank: update International payment handling through fidavista payment import,3/5/24,1097.82h,574.73h,,,,,,,145.07h,27.42h,116.62h,173.53h,,,,18834.78h,,
,EASYPAY-398,[iso-exchange] File processing request duplicates on both nodes,12/28/23,0.00h,1.32h,,,,,,,0.08h,92.63h,30.40h,382.55h,,,,20467.72h,,
,EASYPAY-397,RT1-uploader ERROR on RSF file load,12/13/23,0.82h,0.02h,,,,,,,0.52h,0.68h,1.38h,140.62h,,,,20832.00h,,
,EASYPAY-396,STAR domestic payments/standing orders - STEP2 reachability check on last day of validity,12/11/23,0.00h,0.62h,,0.97h,,,,,15.67h,5.23h,46.83h,71.32h,,,,20879.93h,,
,EASYPAY-433,iBank: update document download view for concluded payment,3/13/24,1170.77h,910.48h,,,,,,,150.05h,48.70h,89.75h,24.10h,,,,18649.05h,,
,EASYPAY-442,iBank: update view of beneficiary's address for international payments,3/12/24,1171.80h,406.68h,49.02h,,,,,,119.72h,207.22h,134.32h,286.82h,,,,18668.33h,,
,EASYPAY-430,iBank: update International payment handling through ISO payment import,3/5/24,1243.33h,574.72h,,,,,,,269.40h,69.28h,4.27h,113.97h,,,,18840.50h,,
,EASYPAY-395,[EPE] Slowness during payments crediting,1/5/24,69.13h,0.13h,,,,,,,0.03h,1.45h,555.78h,208.42h,,,,20280.62h,,
,EASYPAY-434,iBank: on payment initation do not copy cover currency from old payment,3/18/24,1243.53h,910.50h,,,,,,,311.62h,5.77h,45.62h,72.90h,,,,18525.73h,,
,EASYPAY-443,[DB] update International payment execution,3/15/24,1248.55h,406.65h,,,,,,,341.98h,285.85h,24.12h,214.82h,,,,18598.72h,,
,EASYPAY-394,"iBank: allow to create standing order with period ""working days only""",1/19/24,96.10h,287.50h,,,,,,,52.83h,216.07h,69.02h,49.85h,,,,20373.25h,,
,EASYPAY-393,"STAR: allow to create standing order with period ""working days only""",1/19/24,95.30h,287.50h,16.05h,,,,,,48.58h,191.32h,103.87h,56.10h,,,,20345.90h,,
,EASYPAY-392,DB: create one more option for agreement frequency,12/21/23,95.60h,0.00h,,,,,,,0.13h,188.15h,122.52h,29.27h,,,,20685.05h,,
,EASYPAY-391,[ISOExchange] No response from API was logged for outgoing pacs.008,12/1/23,0.00h,0.40h,,,,,,,0.22h,0.52h,48.45h,0.00h,,,,21116.12h,,
,EASYPAY-424,(Domestic) Show Ultimate Creditor name on manual namecheck form,3/8/24,0.08h,1892.48h,,,,,,,480.37h,22.27h,0.78h,27.50h,,,,18766.77h,,
,EASYPAY-426,(Domestic) Require double accept when beneficiary's account in incoming payment is changed manually,2/15/24,0.13h,1529.67h,,,,,,,189.00h,4.42h,75.12h,68.68h,,,,19296.12h,,
,EASYPAY-428,(Domestic) Add possibility to search incoming payments by ‘Originator bank reference’,3/15/24,0.07h,1914.92h,,,,,,,624.88h,23.10h,0.43h,47.65h,,,,18601.40h,,
,EASYPAY-441,iBank: update International payment validation,4/5/24,1417.60h,400.33h,,,,,,,797.35h,408.33h,88.48h,79.57h,,,,18091.78h,,
,EASYPAY-444,iBank: remove Cover currency for international non EUR payments and update allowed payment currencies,3/5/24,1414.90h,527.50h,,,,,,,1.82h,380.35h,6.18h,120.65h,,,,18835.62h,,
,EASYPAY-435,DB: create sysglobal for Cover currency removal from payments,2/5/24,1415.03h,238.82h,,,,,,,23.17h,73.07h,4.37h,1.47h,,,,19531.22h,,
,EASYPAY-437,iBank: remove Cover currency for international EUR payments,2/19/24,1434.30h,334.82h,87.65h,,,,,,74.67h,21.48h,146.52h,7.02h,,,,19199.97h,,
Production bug,EASYPAY-370,Sepa payments with big amount failed if benef.bank is not TARGET member,12/1/23,0.12h,6.22h,,,,,,,0.62h,24.55h,64.52h,102.18h,,,,21116.22h,,
,EASYPAY-367,SEPA exchange: need to separate Instant payments RuleBook sysglobal,11/30/23,0.00h,20.13h,,,,,,,0.25h,3.27h,8.08h,184.08h,,,,21141.87h,,
,EASYPAY-361,Update XSD for camt.056.001.08 in STEP2 for Incoming/Outgoing Foreign Flow,12/7/23,0.00h,310.42h,,,,,,,0.32h,0.45h,54.48h,24.60h,,,,20969.67h,,
,EASYPAY-360,RT1 testing: send and receive pacs.028.001.03,1/24/24,0.08h,1541.13h,,,,,,,,,,,,,,,19819.03h,
,EASYPAY-359,RT1 testing: send and receive camt.029.001.09,1/24/24,0.15h,1541.12h,,,,,,,,,,,,,,,19819.03h,
,EASYPAY-358,RT1 testing: send and receive camt.056.001.08,1/24/24,0.25h,1541.12h,,,,,,,,,,,,,,,19819.03h,
,EASYPAY-357,TIPS testing: send and receive pacs.008.001.08,1/24/24,0.28h,1541.13h,,,,,,,,,,,,,,,19819.03h,
,EASYPAY-356,RT1 testing: send and receive pacs.008.001.08,1/24/24,0.32h,1541.12h,,,,,,,,,,,,,,,19819.03h,
,EASYPAY-342,Update XSD for camt.029.001.09 in STEP2 for Incoming/Outgoing Foreign Flow,12/8/23,0.00h,329.10h,,,,,,,0.03h,0.27h,54.97h,42.87h,,,,20951.38h,,
,EASYPAY-341,Update XSD for pacs.004.001.09 in STEP2 for Incoming/Outgoing Foreign Flow,1/29/24,0.05h,761.48h,,,,,,,267.97h,0.43h,361.35h,288.00h,,,,19699.53h,,
,EASYPAY-339,Add E-invoice service offering ID to listed op_id's in EE,11/21/23,0.00h,0.17h,,,,,,,0.03h,17.50h,1.18h,1.98h,,,,21359.95h,,
,EASYPAY-338,Update XSD for pacs.002.001.10 in STEP2 for Incoming Foreighn Flow,1/30/24,0.00h,764.42h,,,,,,,267.90h,0.52h,458.50h,209.10h,,,,19681.28h,,
,EASYPAY-337,Update XSD for pacs.008.001.08 in STEP2 for Incoming/Outgoing Foreign Flow,1/3/24,0.00h,764.63h,,,,,,,267.77h,0.65h,2.47h,20.18h,,,,20326.23h,,
,EASYPAY-336,Update XSD for camt.087.001.06 in STEP2 for Incoming/Outgoing Domestic Flow,12/7/23,2.42h,332.53h,,,,,,,0.20h,0.57h,52.40h,20.52h,,,,20975.82h,,
,EASYPAY-335,Update XSD for camt.052.001.10 in RT1,11/20/23,2.10h,,,,,,,,,,,,,,,,21382.43h,
,EASYPAY-334,Update XSD for camt.056.001.08 in RT1/STEP2 for Incoming/Outgoing Domestic Flow,12/12/23,0.27h,407.48h,,,,,,,93.42h,2.97h,0.80h,29.57h,,,,20850.32h,,
,EASYPAY-333,Update XSD for camt.029.001.09 in RT1/STEP2 for Incoming/Outgoing Domestic Flow,12/6/23,0.15h,216.15h,,,,,,,23.73h,0.18h,145.92h,4.50h,,,,20994.40h,,
,EASYPAY-332,Update XSD for camt.027.001.07 in STEP2 for Incoming/Outgoing Domestic Flow,1/23/24,0.15h,767.77h,,,,,,,267.62h,0.20h,362.07h,143.67h,,,,19843.73h,,
,EASYPAY-481,DB: create script to remove cover currency value for existing defined foreign payments,3/21/24,2668.12h,160.82h,,,,,,,100.63h,20.55h,26.30h,22.10h,,,,18455.75h,,
,EASYPAY-431,iBank: remove possibility to select Cover currency for defined foreign payments,2/20/24,1535.30h,238.88h,1.85h,,,,,,143.87h,143.43h,30.83h,136.40h,,,,19176.87h,,
,EASYPAY-436,STAR: store Foreign predefined payment with cover currency = null,2/9/24,1583.38h,238.87h,,,,,,,125.83h,15.30h,32.87h,19.47h,,,,19439.80h,,
,EASYPAY-331,Update XSD for pacs.028.001.03 in RT1/STEP2 for Incoming/Outgoing Domestic Flow,12/6/23,0.22h,308.23h,,,,,,,21.37h,1.80h,99.40h,49.70h,,,,20996.47h,,
,EASYPAY-330,Update XSD for pacs.004.001.09 in RT1/STEP2 for Incoming/Outgoing Domestic Flow,12/22/23,0.25h,308.55h,,,,,,,20.72h,0.65h,98.10h,436.63h,,,,20612.65h,,
,EASYPAY-420,[CORE DB] SQL fragments from table VMK_FRAGMENTS are incorrect after ISO start,2/26/24,0.00h,621.40h,,,,,,,1491.97h,46.32h,119.17h,170.18h,,,,19028.82h,,
,EASYPAY-329,Update XSD for pacs.002.001.10 in RT1/STEP2 for Incoming Domestic Flow,12/6/23,0.28h,308.88h,,,,,,,0.45h,1.62h,119.35h,53.07h,,,,20994.28h,,
,EASYPAY-328,Update XSD for pacs.008.001.08 in RT1/STEP2 for Incoming/Outgoing Domestic Flow,12/4/23,0.27h,309.20h,,,,,,,22.62h,0.88h,24.62h,72.83h,,,,21047.88h,,
,EASYPAY-325,[ISO Exchange] Some messages remain in status SENT_OUT,11/17/23,0.02h,0.52h,,,,,,,0.42h,0.32h,1.40h,73.75h,,,,21453.87h,,
,EASYPAY-319,Incoming International Payment clean up,4/19/24,1437.97h,1434.52h,,,,,,,747.07h,146.70h,94.02h,0.02h,,,,17762.95h,,
,EASYPAY-314,Einvoices: A default account must be selected during application and SOA creation,1/17/24,0.00h,1515.03h,,,,,,,20.53h,101.98h,16.75h,30.22h,,,,19987.42h,,
,EASYPAY-313,[DB] Change E-invoice service closing procedures,11/13/23,0.25h,41.30h,,,,,,,24.30h,4.88h,66.62h,5.60h,,,,21548.17h,,
,EASYPAY-371,iBank: BICorBEI labels disappear,11/23/23,245.68h,0.00h,,,,,,,0.00h,143.68h,22.25h,2.37h,,,,21307.15h,,
,EASYPAY-522,(TEST) Ensure only outgoing intra-group SEPA payment message screening in ProScan,5/31/24,3760.38h,1173.98h,,,,,,,0.03h,0.00h,78.77h,22.97h,,,,16748.82h,,
,EASYPAY-378,[DB] Credit incoming cross-border SEPA payments,1/12/24,0.02h,1095.85h,67.28h,,,,,,1.62h,75.02h,342.32h,96.45h,,,,20106.72h,,
,EASYPAY-380,Testing: debit correspondent account for incoming cross-border SEPA payment,12/29/23,0.05h,1095.60h,,,,,,,4.37h,,215.15h,25.03h,,,,20445.12h,,
,EASYPAY-377,Validate and save incoming cross-border SEPA payment into a single data store,1/17/24,0.08h,1095.80h,134.30h,,,,,,340.62h,29.38h,59.10h,139.57h,,,,19986.48h,,
,EASYPAY-381,Ensure incoming cross-border SEPA payment message screening in ProScan,1/12/24,0.13h,1095.57h,,,,,,,365.87h,22.70h,91.68h,98.00h,,,,20111.45h,,
,EASYPAY-379,Testing: receive and save incoming cross-border SEPA payment message,1/11/24,0.00h,1095.70h,,,,,,,4.48h,,480.08h,75.50h,,,,20129.72h,,
,EASYPAY-373,Create and send outgoing cross-border SEPA payment message,1/3/24,0.37h,813.28h,,,,,,,119.35h,76.65h,95.85h,358.60h,,,,20326.70h,,
,EASYPAY-372,Ensure outgoing cross-border SEPA payment message screening in ProScan,1/24/24,1.48h,1124.63h,13.22h,0.00h,,,,,366.02h,22.70h,370.53h,67.68h,,,,19848.53h,,
,EASYPAY-374,Testing: credit correspondent account for outgoing cross-border SEPA payment,12/28/23,0.78h,813.30h,,,,,,,288.02h,,3.83h,215.13h,,,,20470.15h,,
,EASYPAY-375,Enrich outgoing cross-border SEPA payment with customer data,1/17/24,0.97h,934.27h,,,,,,,142.63h,527.88h,1.13h,196.88h,,,,19987.65h,,
,EASYPAY-376,Read and validate outgoing cross-border SEPA payment from a single data store,1/8/24,1.00h,812.88h,,,,,,,96.18h,25.18h,501.80h,151.70h,,,,20202.72h,,
Production bug,EASYPAY-307,IBANK: Error displayed in incoming international payment screen if language is changed,11/7/23,187.70h,6.37h,,,,,,,0.00h,73.02h,14.87h,4.75h,,,,21693.23h,,
,EASYPAY-306,Update Rulebook sysglobal default value,10/30/23,0.00h,0.02h,,,,,,,0.03h,1.77h,25.22h,67.87h,,,,21889.98h,,
,EASYPAY-303,Ibank: address fields are shown as mandotary before sepa RB,11/15/23,0.42h,311.58h,,,,,,,52.37h,96.68h,42.02h,6.98h,,,,21498.82h,,
,EASYPAY-302,IBank: Wrong town area value is taken from defined payment to smart form,10/26/23,16.30h,0.00h,,,,,,,0.00h,8.47h,18.85h,0.50h,,,,21984.80h,,
,EASYPAY-308,"Old payments status ""In process"" in account statement",2/13/24,0.00h,2396.40h,,,,,,,99.02h,25.90h,0.80h,166.93h,,,,19340.40h,,
,EASYPAY-301,iBank: BICOrBEI is not updated to AnyBIC when editing mass payment with errors,11/10/23,0.00h,0.68h,,,,,,,19.88h,31.22h,261.08h,98.60h,,,,21619.68h,,
,EASYPAY-300,iBank: provided AnyBIC value is removed for domestic payment if payment is edited,11/3/23,0.00h,0.12h,,,,,,,19.47h,126.80h,22.17h,76.50h,,,,21787.15h,,
,EASYPAY-305,iBank LT: update PDFs for standing orders,10/30/23,66.43h,0.00h,,,,,,,27.18h,1.42h,68.03h,7.15h,,,,21882.55h,,
,EASYPAY-304,iBank LT: update PDFs for international payments,11/10/23,66.42h,0.00h,,,,,,,26.67h,245.35h,16.97h,75.57h,,,,21621.82h,,
,EASYPAY-298,Defined international form: : update BICorBEI to AnyBIC on payment initation,10/24/23,0.12h,0.00h,,,,,,,5.05h,89.48h,24.35h,6.73h,,,,22027.77h,,
,EASYPAY-297,Address field’s content doesn't fit inside element box,12/11/23,481.88h,318.23h,,,,,,,0.00h,352.22h,52.38h,98.62h,,,,20875.15h,,
,EASYPAY-296,SWIFT Standards changes 2023 in Trafis (Tunnel changes),10/30/23,0.13h,0.07h,,27.08h,,,,,16.97h,,151.20h,115.45h,,,,21888.05h,,
,EASYPAY-295,Structured address from original message not included in claim messages,10/27/23,5.63h,66.25h,,,,,,,0.30h,3.48h,117.67h,75.17h,,,,21957.90h,,
Production bug,EASYPAY-293,DB: procedure crebit.kontsern_toim.intress has to be same in all countries,10/19/23,18.00h,0.00h,,,,,,,0.18h,23.37h,124.10h,22.20h,,,,22151.98h,,
,EASYPAY-290,Stop SEPA payment messages in Sepa-exchange based on SysGlobal value,10/30/23,0.23h,41.07h,,,,,,,117.95h,4.73h,242.75h,70.82h,,,,21885.90h,,
,EASYPAY-289,[DB] create new error code for domestic payment import,10/10/23,1.88h,,,,,,,,,,,,,,,,22364.95h,
,EASYPAY-288,Defined domestic payment: update BICorBEI to AnyBIC on payment initation,10/13/23,0.02h,0.00h,,,,,,,0.00h,20.93h,25.28h,29.43h,,,,22292.10h,,
Production bug,EASYPAY-284,GIRO: customer can't execute giro payment to III pension pillar,10/9/23,0.05h,0.00h,,,,,,,65.47h,1.40h,0.98h,0.72h,,,,22390.88h,,
,EASYPAY-285,Use correct original message version in outgoing messages,10/31/23,18.50h,141.62h,,1.10h,,,,,21.48h,96.73h,52.58h,287.62h,,,,21864.03h,,
,EASYPAY-283,Additional mapping for incoming/outgoing domestic/cross border pacs.004.001.09 (Payment Return) message,10/23/23,0.15h,19.70h,89.20h,,,,,,190.68h,5.77h,25.30h,125.05h,,,,22054.27h,,
,EASYPAY-282,[DB] New DB field CLEARING_SYSTEM_PROPRIETARY in VM.SEPA_RETURN_ORIG table,10/6/23,0.05h,19.88h,,,,,,,27.58h,0.78h,,,,,,,22462.02h,
,EASYPAY-281,[DB] New DB field CLEARING_SYSTEM_PROPRIETARY in VM.SEPA_RETURN table,10/9/23,0.00h,19.87h,,0.63h,,,,,0.58h,26.98h,71.57h,0.25h,,,,22391.00h,,
,EASYPAY-280,[DB] Add attribute comments for table VM.SEPA_SYSTEM_EVENT_NOTE,10/9/23,0.03h,23.17h,,,,,,,28.60h,67.35h,3.10h,0.05h,,,,22391.35h,,
,EASYPAY-278,Mass payment: update BICorBEI to AnyBIC on payment initation,10/16/23,0.00h,0.00h,,,,,,,2.10h,74.87h,236.27h,1.48h,,,,22220.03h,,
,EASYPAY-277,E-Invoice: close “Amphora“ channel in Operator Service Agreements // EE,11/16/23,0.28h,382.82h,,,,,,,672.00h,,,,,1.23h,,21480.88h,,
,EASYPAY-276,International form: update BICorBEI to AnyBIC on payment initation,10/19/23,0.00h,0.00h,16.80h,,,,,,20.07h,149.52h,213.63h,1.67h,,,,22154.58h,,
,EASYPAY-275,Smart form: update BICorBEI to AnyBIC on payment initation,10/13/23,0.02h,0.00h,,,,,,,23.13h,22.50h,189.13h,29.43h,,,,22292.10h,,
,EASYPAY-274,Update XSDs for RT1 up-loader,11/20/23,0.00h,139.75h,527.27h,0.10h,,,,,96.25h,212.57h,154.15h,120.48h,,,,21379.80h,,
Production bug,EASYPAY-273,"GIRO: customer can't execute giro payment, if there is comma in data",10/5/23,0.02h,0.00h,18.32h,,,,,,26.18h,118.67h,0.73h,4.23h,,,,22484.57h,,
,EASYPAY-272,[DB] grants on vm.sepa_post_address to mw_core user,9/28/23,0.00h,0.00h,,,,,,,0.00h,0.55h,4.82h,0.00h,,,,22652.20h,,
,EASYPAY-271,[DB]: add attributes to vm.vw_sepa_msg_copy_50,9/26/23,1.47h,0.00h,,,,,,,1.02h,19.60h,2.93h,3.40h,,,,22700.62h,,
,EASYPAY-252,Einvoices: incorrect result label is shown in xls and csv files in Invoice statement report,10/27/23,0.00h,835.13h,,,,,,,2.68h,69.28h,2.43h,23.90h,,,,21959.58h,,
,EASYPAY-251,[DB] Add abstract e-invoice attribute to GDW data loading interface einvoices.dw_einvoice,10/9/23,0.00h,0.10h,,235.17h,,,,,95.98h,23.63h,129.32h,18.15h,,,,22391.17h,,
,EASYPAY-250,[DB] Grant rights for monitoring user (TGT2 Uploader),9/29/23,0.00h,238.68h,,,,,,,1.45h,2.65h,1.77h,18.07h,,,,22634.55h,,
,EASYPAY-249,"P3P LT: In IB not working button ""Execute payment""",9/18/23,0.10h,0.00h,,,,,,0.05h,65.57h,2.22h,0.38h,0.00h,22.70h,,,22895.93h,,
,EASYPAY-253,iBank: update BICorBEI to AnyBIC on payment initation,10/24/23,0.00h,165.20h,,,,,,,286.02h,192.92h,319.17h,0.00h,,,,22027.77h,,
,EASYPAY-255,iBank: update address storing for creditor's structured address for old payment import file (v3),10/20/23,22.88h,168.22h,,,,,,,357.45h,239.82h,28.85h,72.55h,,,,22127.10h,,
,EASYPAY-268,DB: migrate structured address data to unstructured for foreign and domestic standing orders,10/20/23,0.00h,740.02h,,,,,,,148.47h,19.67h,24.08h,0.00h,,,,22129.70h,,
,EASYPAY-243,Update XSD for camt.052.001.10 in RT1,9/15/23,0.00h,16.35h,,0.02h,,,,,32.35h,137.47h,22.72h,1.05h,,,,22968.98h,,
,EASYPAY-384,iBank: send bank defined payments to Nice Actimize (LV),2/9/24,2114.13h,1197.30h,,,,,,,21.50h,196.33h,66.80h,268.60h,,,,19437.72h,,
,EASYPAY-383,iBank: navigate to SMART form from bank defined payments (LV),12/1/23,0.12h,2180.62h,,,,,,,0.38h,,,,,0.00h,,21121.42h,,
,EASYPAY-385,iBank: send GIRO payments to Nice Actimize (LT),1/15/24,3.18h,2252.83h,19.62h,,,,,,4.92h,742.67h,166.80h,80.13h,,,,20035.40h,,
,EASYPAY-386,iBank: navigate to SMART form from Giro and cart of payments (LT),1/8/24,3.47h,2180.58h,,,,,,,292.17h,218.50h,113.10h,289.12h,,,,20208.93h,,
,EASYPAY-382,iBank: send cart payments to Nice Actimize (LT),1/12/24,3.65h,2252.85h,3.38h,,,,,,3.98h,355.87h,569.23h,4.30h,,,,20112.78h,,
,EASYPAY-450,iBank: remove check for SEPA rulebook SysGlobal,4/5/24,3436.27h,1412.27h,,,,,,,118.72h,190.38h,54.97h,0.00h,,,,18093.48h,,
,EASYPAY-449,STAR: remove check for SEPA rulebook SysGlobal,4/5/24,3436.30h,1412.18h,,,,,,,1.93h,21.25h,340.92h,0.07h,,,,18093.48h,,
,EASYPAY-240,Update XSD for camt.087.001.06 in STEP2,9/7/23,0.00h,0.70h,,0.03h,,,,,171.48h,0.70h,0.00h,0.07h,,,,23156.30h,,
,EASYPAY-238,Update XSD for camt.056.001.08 in STEP2/RT1,9/6/23,0.02h,0.70h,,0.05h,,,,,97.45h,45.17h,0.00h,0.00h,,,,23185.93h,,
,EASYPAY-236,Update XSD for camt.029.001.09 in STEP2/RT1,9/7/23,0.02h,0.70h,,0.08h,,,,,100.60h,67.92h,0.00h,0.00h,,,,23160.03h,,
,EASYPAY-241,Update XSD for camt.027.001.07 in STEP2,9/7/23,0.02h,0.70h,,0.12h,,,,,166.83h,5.35h,0.00h,0.07h,,,,23156.30h,,
,EASYPAY-237,Update XSD for pacs.028.001.03 in RT1/STEP2,9/7/23,0.02h,0.70h,,0.15h,,,,,145.28h,26.58h,0.00h,0.00h,,,,23156.67h,,
,EASYPAY-239,Update XSD for pacs.004.001.09 in RT1,9/4/23,0.03h,0.72h,,0.17h,,,,,,,,,,,,,,
,,,,,,,,,,,,,,,,,,,,,
,,,,,,,,,,,,,,,,,,,,,
,,,,,,,,,,,,,,,,,,,,,
,,,,,,,,,,,,,,,,,,,,,
,,,,,,,,,,,,,,,,,,,,,
,,,,,,,,,,,,,,,,,,,,,
,,,,,,,,,,,,,,,,,,,,,
,,,,,,,,,,,,,,,,,,,,,
,,,,,,,,,,,,,,,,,,,,,
,,,,,,,,,,,,,,,,,,,,,
,,,,,,,,,,,,,,,,,,,,,
,,,,,,,,,,,,,,,,,,,,,
,,,,,,,,,,,,,,,,,,,,,
,,,,,,,,,,,,,,,,,,,,,
,,,,,,,,,,,,,,,,,,,,,
,,,,,,,,,,,,,,,,,,,,,
,,,,,,,,,,,,,,,,,,,,,
,,,,,,,,,,,,,,,,,,,,,
,,,,,,,,,,,,,,,,,,,,,
,,,,,,,,,,,,,,,,,,,,,
,,,,,,,,,,,,,,,,,,,,,
,,,,,,,,,,,,,,,,,,,,,
,,,,,,,,,,,,,,,,,,,,,
,,,,,,,,,,,,,,,,,,,,,
,,,,,,,,,,,,,,,,,,,,,
,,,,,,,,,,,,,,,,,,,,,
,,,,,,,,,,,,,,,,,,,,,
,,,,,,,,,,,,,,,,,,,,,
,,,,,,,,,,,,,,,,,,,,,
,,,,,,,,,,,,,,,,,,,,,
,,,,,,,,,,,,,,,,,,,,,
,,,,,,,,,,,,,,,,,,,,,
,,,,,,,,,,,,,,,,,,,,,
,,,,,,,,,,,,,,,,,,,,,
,,,,,,,,,,,,,,,,,,,,,
,,,,,,,,,,,,,,,,,,,,,
,,,,,,,,,,,,,,,,,,,,,
,,,,,,,,,,,,,,,,,,,,,
,,,,,,,,,,,,,,,,,,,,,
,,,,,,,,,,,,,,,,,,,,,
,,,,,,,,,,,,,,,,,,,,,
,,,,,,,,,,,,,,,,,,,,,
,,,,,,,,,,,,,,,,,,,,,
,,,,,,,,,,,,,,,,,,,,,
,,,,,,,,,,,,,,,,,,,,,
,,,,,,,,,,,,,,,,,,,,,
,,,,,,,,,,,,,,,,,,,,,
,,,,,,,,,,,,,,,,,,,,,
,,,,,,,,,,,,,,,,,,,,,
,,,,,,,,,,,,,,,,,,,,,
,,,,,,,,,,,,,,,,,,,,,
,,,,,,,,,,,,,,,,,,,,,
,,,,,,,,,,,,,,,,,,,,,
,,,,,,,,,,,,,,,,,,,,,
,,,,,,,,,,,,,,,,,,,,,
,,,,,,,,,,,,,,,,,,,,,
,,,,,,,,,,,,,,,,,,,,,
,,,,,,,,,,,,,,,,,,,,,
,,,,,,,,,,,,,,,,,,,,,
,,,,,,,,,,,,,,,,,,,,,
,,,,,,,,,,,,,,,,,,,,,
,,,,,,,,,,,,,,,,,,,,,
,,,,,,,,,,,,,,,,,,,,,
,,,,,,,,,,,,,,,,,,,,,
,,,,,,,,,,,,,,,,,,,,,
,,,,,,,,,,,,,,,,,,,,,
,,,,,,,,,,,,,,,,,,,,,
,,,,,,,,,,,,,,,,,,,,,
,,,,,,,,,,,,,,,,,,,,,
,,,,,,,,,,,,,,,,,,,,,
,,,,,,,,,,,,,,,,,,,,,
,,,,,,,,,,,,,,,,,,,,,
,,,,,,,,,,,,,,,,,,,,,
,,,,,,,,,,,,,,,,,,,,,
,,,,,,,,,,,,,,,,,,,,,
,,,,,,,,,,,,,,,,,,,,,
,,,,,,,,,,,,,,,,,,,,,
,,,,,,,,,,,,,,,,,,,,,
,,,,,,,,,,,,,,,,,,,,,
,,,,,,,,,,,,,,,,,,,,,
,,,,,,,,,,,,,,,,,,,,,
,,,,,,,,,,,,,,,,,,,,,
,,,,,,,,,,,,,,,,,,,,,
,,,,,,,,,,,,,,,,,,,,,
,,,,,,,,,,,,,,,,,,,,,
,,,,,,,,,,,,,,,,,,,,,
,,,,,,,,,,,,,,,,,,,,,
,,,,,,,,,,,,,,,,,,,,,
,,,,,,,,,,,,,,,,,,,,,
,,,,,,,,,,,,,,,,,,,,,
,,,,,,,,,,,,,,,,,,,,,
,,,,,,,,,,,,,,,,,,,,,
,,,,,,,,,,,,,,,,,,,,,
,,,,,,,,,,,,,,,,,,,,,
,,,,,,,,,,,,,,,,,,,,,
,,,,,,,,,,,,,,,,,,,,,
,,,,,,,,,,,,,,,,,,,,,
,,,,,,,,,,,,,,,,,,,,,
,,,,,,,,,,,,,,,,,,,,,
,,,,,,,,,,,,,,,,,,,,,
,,,,,,,,,,,,,,,,,,,,,
,,,,,,,,,,,,,,,,,,,,,
,,,,,,,,,,,,,,,,,,,,,
,,,,,,,,,,,,,,,,,,,,,
,,,,,,,,,,,,,,,,,,,,,
,,,,,,,,,,,,,,,,,,,,,
,,,,,,,,,,,,,,,,,,,,,
,,,,,,,,,,,,,,,,,,,,,
,,,,,,,,,,,,,,,,,,,,,
,,,,,,,,,,,,,,,,,,,,,
,,,,,,,,,,,,,,,,,,,,,
,,,,,,,,,,,,,,,,,,,,,
,,,,,,,,,,,,,,,,,,,,,
,,,,,,,,,,,,,,,,,,,,,
,,,,,,,,,,,,,,,,,,,,,
,,,,,,,,,,,,,,,,,,,,,
,,,,,,,,,,,,,,,,,,,,,
,,,,,,,,,,,,,,,,,,,,,
,,,,,,,,,,,,,,,,,,,,,
,,,,,,,,,,,,,,,,,,,,,
,,,,,,,,,,,,,,,,,,,,,
,,,,,,,,,,,,,,,,,,,,,
,,,,,,,,,,,,,,,,,,,,,
,,,,,,,,,,,,,,,,,,,,,
,,,,,,,,,,,,,,,,,,,,,
,,,,,,,,,,,,,,,,,,,,,
,,,,,,,,,,,,,,,,,,,,,
,,,,,,,,,,,,,,,,,,,,,
,,,,,,,,,,,,,,,,,,,,,
,,,,,,,,,,,,,,,,,,,,,
,,,,,,,,,,,,,,,,,,,,,
,,,,,,,,,,,,,,,,,,,,,
,,,,,,,,,,,,,,,,,,,,,
,,,,,,,,,,,,,,,,,,,,,
,,,,,,,,,,,,,,,,,,,,,
,,,,,,,,,,,,,,,,,,,,,
,,,,,,,,,,,,,,,,,,,,,
,,,,,,,,,,,,,,,,,,,,,
,,,,,,,,,,,,,,,,,,,,,
,,,,,,,,,,,,,,,,,,,,,
,,,,,,,,,,,,,,,,,,,,,
,,,,,,,,,,,,,,,,,,,,,
,,,,,,,,,,,,,,,,,,,,,
,,,,,,,,,,,,,,,,,,,,,
,,,,,,,,,,,,,,,,,,,,,
,,,,,,,,,,,,,,,,,,,,,
,,,,,,,,,,,,,,,,,,,,,
,,,,,,,,,,,,,,,,,,,,,
,,,,,,,,,,,,,,,,,,,,,
,,,,,,,,,,,,,,,,,,,,,
,,,,,,,,,,,,,,,,,,,,,
,,,,,,,,,,,,,,,,,,,,,
,,,,,,,,,,,,,,,,,,,,,
,,,,,,,,,,,,,,,,,,,,,
,,,,,,,,,,,,,,,,,,,,,
,,,,,,,,,,,,,,,,,,,,,
,,,,,,,,,,,,,,,,,,,,,
,,,,,,,,,,,,,,,,,,,,,
,,,,,,,,,,,,,,,,,,,,,
,,,,,,,,,,,,,,,,,,,,,
,,,,,,,,,,,,,,,,,,,,,
,,,,,,,,,,,,,,,,,,,,,
,,,,,,,,,,,,,,,,,,,,,
,,,,,,,,,,,,,,,,,,,,,
,,,,,,,,,,,,,,,,,,,,,
,,,,,,,,,,,,,,,,,,,,,
,,,,,,,,,,,,,,,,,,,,,
,,,,,,,,,,,,,,,,,,,,,
,,,,,,,,,,,,,,,,,,,,,
,,,,,,,,,,,,,,,,,,,,,
,,,,,,,,,,,,,,,,,,,,,
,,,,,,,,,,,,,,,,,,,,,
,,,,,,,,,,,,,,,,,,,,,
,,,,,,,,,,,,,,,,,,,,,
,,,,,,,,,,,,,,,,,,,,,
,,,,,,,,,,,,,,,,,,,,,
,,,,,,,,,,,,,,,,,,,,,
,,,,,,,,,,,,,,,,,,,,,
,,,,,,,,,,,,,,,,,,,,,
,,,,,,,,,,,,,,,,,,,,,
,,,,,,,,,,,,,,,,,,,,,
,,,,,,,,,,,,,,,,,,,,,
,,,,,,,,,,,,,,,,,,,,,
,,,,,,,,,,,,,,,,,,,,,
,,,,,,,,,,,,,,,,,,,,,
,,,,,,,,,,,,,,,,,,,,,
,,,,,,,,,,,,,,,,,,,,,
,,,,,,,,,,,,,,,,,,,,,
,,,,,,,,,,,,,,,,,,,,,
,,,,,,,,,,,,,,,,,,,,,
,,,,,,,,,,,,,,,,,,,,,
,,,,,,,,,,,,,,,,,,,,,
,,,,,,,,,,,,,,,,,,,,,
,,,,,,,,,,,,,,,,,,,,,
,,,,,,,,,,,,,,,,,,,,,
,,,,,,,,,,,,,,,,,,,,,
,,,,,,,,,,,,,,,,,,,,,
,,,,,,,,,,,,,,,,,,,,,
,,,,,,,,,,,,,,,,,,,,,
,,,,,,,,,,,,,,,,,,,,,
,,,,,,,,,,,,,,,,,,,,,
,,,,,,,,,,,,,,,,,,,,,
,,,,,,,,,,,,,,,,,,,,,
,,,,,,,,,,,,,,,,,,,,,
,,,,,,,,,,,,,,,,,,,,,
,,,,,,,,,,,,,,,,,,,,,
,,,,,,,,,,,,,,,,,,,,,
,,,,,,,,,,,,,,,,,,,,,
,,,,,,,,,,,,,,,,,,,,,
,,,,,,,,,,,,,,,,,,,,,
,,,,,,,,,,,,,,,,,,,,,
,,,,,,,,,,,,,,,,,,,,,
,,,,,,,,,,,,,,,,,,,,,
,,,,,,,,,,,,,,,,,,,,,
,,,,,,,,,,,,,,,,,,,,,
,,,,,,,,,,,,,,,,,,,,,
,,,,,,,,,,,,,,,,,,,,,
,,,,,,,,,,,,,,,,,,,,,
,,,,,,,,,,,,,,,,,,,,,
,,,,,,,,,,,,,,,,,,,,,
,,,,,,,,,,,,,,,,,,,,,
,,,,,,,,,,,,,,,,,,,,,
,,,,,,,,,,,,,,,,,,,,,
,,,,,,,,,,,,,,,,,,,,,
,,,,,,,,,,,,,,,,,,,,,
,,,,,,,,,,,,,,,,,,,,,
,,,,,,,,,,,,,,,,,,,,,
,,,,,,,,,,,,,,,,,,,,,
,,,,,,,,,,,,,,,,,,,,,
,,,,,,,,,,,,,,,,,,,,,
,,,,,,,,,,,,,,,,,,,,,
,,,,,,,,,,,,,,,,,,,,,
,,,,,,,,,,,,,,,,,,,,,
,,,,,,,,,,,,,,,,,,,,,
,,,,,,,,,,,,,,,,,,,,,
,,,,,,,,,,,,,,,,,,,,,
,,,,,,,,,,,,,,,,,,,,,
,,,,,,,,,,,,,,,,,,,,,
,,,,,,,,,,,,,,,,,,,,,
,,,,,,,,,,,,,,,,,,,,,
,,,,,,,,,,,,,,,,,,,,,
,,,,,,,,,,,,,,,,,,,,,
,,,,,,,,,,,,,,,,,,,,,
,,,,,,,,,,,,,,,,,,,,,
,,,,,,,,,,,,,,,,,,,,,
,,,,,,,,,,,,,,,,,,,,,
,,,,,,,,,,,,,,,,,,,,,
,,,,,,,,,,,,,,,,,,,,,
,,,,,,,,,,,,,,,,,,,,,
,,,,,,,,,,,,,,,,,,,,,
,,,,,,,,,,,,,,,,,,,,,
,,,,,,,,,,,,,,,,,,,,,
,,,,,,,,,,,,,,,,,,,,,
,,,,,,,,,,,,,,,,,,,,,
,,,,,,,,,,,,,,,,,,,,,
,,,,,,,,,,,,,,,,,,,,,
,,,,,,,,,,,,,,,,,,,,,
,,,,,,,,,,,,,,,,,,,,,
,,,,,,,,,,,,,,,,,,,,,
,,,,,,,,,,,,,,,,,,,,,
,,,,,,,,,,,,,,,,,,,,,
,,,,,,,,,,,,,,,,,,,,,
,,,,,,,,,,,,,,,,,,,,,
,,,,,,,,,,,,,,,,,,,,,
,,,,,,,,,,,,,,,,,,,,,
,,,,,,,,,,,,,,,,,,,,,
,,,,,,,,,,,,,,,,,,,,,
,,,,,,,,,,,,,,,,,,,,,
,,,,,,,,,,,,,,,,,,,,,
,,,,,,,,,,,,,,,,,,,,,
,,,,,,,,,,,,,,,,,,,,,
,,,,,,,,,,,,,,,,,,,,,
,,,,,,,,,,,,,,,,,,,,,
,,,,,,,,,,,,,,,,,,,,,
,,,,,,,,,,,,,,,,,,,,,
,,,,,,,,,,,,,,,,,,,,,
,,,,,,,,,,,,,,,,,,,,,
,,,,,,,,,,,,,,,,,,,,,
,,,,,,,,,,,,,,,,,,,,,
,,,,,,,,,,,,,,,,,,,,,
,,,,,,,,,,,,,,,,,,,,,
,,,,,,,,,,,,,,,,,,,,,
,,,,,,,,,,,,,,,,,,,,,
,,,,,,,,,,,,,,,,,,,,,
,,,,,,,,,,,,,,,,,,,,,
,,,,,,,,,,,,,,,,,,,,,
,,,,,,,,,,,,,,,,,,,,,
,,,,,,,,,,,,,,,,,,,,,
,,,,,,,,,,,,,,,,,,,,,
,,,,,,,,,,,,,,,,,,,,,
,,,,,,,,,,,,,,,,,,,,,
,,,,,,,,,,,,,,,,,,,,,
,,,,,,,,,,,,,,,,,,,,,
,,,,,,,,,,,,,,,,,,,,,
,,,,,,,,,,,,,,,,,,,,,
,,,,,,,,,,,,,,,,,,,,,
,,,,,,,,,,,,,,,,,,,,,
,,,,,,,,,,,,,,,,,,,,,
,,,,,,,,,,,,,,,,,,,,,
,,,,,,,,,,,,,,,,,,,,,
,,,,,,,,,,,,,,,,,,,,,
,,,,,,,,,,,,,,,,,,,,,
,,,,,,,,,,,,,,,,,,,,,
,,,,,,,,,,,,,,,,,,,,,
,,,,,,,,,,,,,,,,,,,,,
,,,,,,,,,,,,,,,,,,,,,
,,,,,,,,,,,,,,,,,,,,,
,,,,,,,,,,,,,,,,,,,,,
,,,,,,,,,,,,,,,,,,,,,
,,,,,,,,,,,,,,,,,,,,,
,,,,,,,,,,,,,,,,,,,,,
,,,,,,,,,,,,,,,,,,,,,
,,,,,,,,,,,,,,,,,,,,,
,,,,,,,,,,,,,,,,,,,,,
,,,,,,,,,,,,,,,,,,,,,
,,,,,,,,,,,,,,,,,,,,,
,,,,,,,,,,,,,,,,,,,,,
,,,,,,,,,,,,,,,,,,,,,
,,,,,,,,,,,,,,,,,,,,,
,,,,,,,,,,,,,,,,,,,,,
,,,,,,,,,,,,,,,,,,,,,
,,,,,,,,,,,,,,,,,,,,,
,,,,,,,,,,,,,,,,,,,,,
,,,,,,,,,,,,,,,,,,,,,
,,,,,,,,,,,,,,,,,,,,,
,,,,,,,,,,,,,,,,,,,,,
,,,,,,,,,,,,,,,,,,,,,
,,,,,,,,,,,,,,,,,,,,,
,,,,,,,,,,,,,,,,,,,,,
,,,,,,,,,,,,,,,,,,,,,
,,,,,,,,,,,,,,,,,,,,,
,,,,,,,,,,,,,,,,,,,,,
,,,,,,,,,,,,,,,,,,,,,
,,,,,,,,,,,,,,,,,,,,,
,,,,,,,,,,,,,,,,,,,,,
,,,,,,,,,,,,,,,,,,,,,
,,,,,,,,,,,,,,,,,,,,,
,,,,,,,,,,,,,,,,,,,,,
,,,,,,,,,,,,,,,,,,,,,
,,,,,,,,,,,,,,,,,,,,,
,,,,,,,,,,,,,,,,,,,,,
,,,,,,,,,,,,,,,,,,,,,
,,,,,,,,,,,,,,,,,,,,,
,,,,,,,,,,,,,,,,,,,,,
,,,,,,,,,,,,,,,,,,,,,
,,,,,,,,,,,,,,,,,,,,,
,,,,,,,,,,,,,,,,,,,,,
,,,,,,,,,,,,,,,,,,,,,
,,,,,,,,,,,,,,,,,,,,,
,,,,,,,,,,,,,,,,,,,,,
,,,,,,,,,,,,,,,,,,,,,
,,,,,,,,,,,,,,,,,,,,,
,,,,,,,,,,,,,,,,,,,,,
,,,,,,,,,,,,,,,,,,,,,
,,,,,,,,,,,,,,,,,,,,,
,,,,,,,,,,,,,,,,,,,,,
,,,,,,,,,,,,,,,,,,,,,
,,,,,,,,,,,,,,,,,,,,,
,,,,,,,,,,,,,,,,,,,,,
,,,,,,,,,,,,,,,,,,,,,
,,,,,,,,,,,,,,,,,,,,,
,,,,,,,,,,,,,,,,,,,,,
,,,,,,,,,,,,,,,,,,,,,
,,,,,,,,,,,,,,,,,,,,,
,,,,,,,,,,,,,,,,,,,,,
,,,,,,,,,,,,,,,,,,,,,
,,,,,,,,,,,,,,,,,,,,,
,,,,,,,,,,,,,,,,,,,,,
,,,,,,,,,,,,,,,,,,,,,
,,,,,,,,,,,,,,,,,,,,,
,,,,,,,,,,,,,,,,,,,,,
,,,,,,,,,,,,,,,,,,,,,
,,,,,,,,,,,,,,,,,,,,,
,,,,,,,,,,,,,,,,,,,,,
,,,,,,,,,,,,,,,,,,,,,
,,,,,,,,,,,,,,,,,,,,,
,,,,,,,,,,,,,,,,,,,,,
,,,,,,,,,,,,,,,,,,,,,
,,,,,,,,,,,,,,,,,,,,,
,,,,,,,,,,,,,,,,,,,,,
,,,,,,,,,,,,,,,,,,,,,
,,,,,,,,,,,,,,,,,,,,,
,,,,,,,,,,,,,,,,,,,,,
,,,,,,,,,,,,,,,,,,,,,
,,,,,,,,,,,,,,,,,,,,,
,,,,,,,,,,,,,,,,,,,,,
,,,,,,,,,,,,,,,,,,,,,
,,,,,,,,,,,,,,,,,,,,,
,,,,,,,,,,,,,,,,,,,,,
,,,,,,,,,,,,,,,,,,,,,
,,,,,,,,,,,,,,,,,,,,,
,,,,,,,,,,,,,,,,,,,,,
,,,,,,,,,,,,,,,,,,,,,
,,,,,,,,,,,,,,,,,,,,,
,,,,,,,,,,,,,,,,,,,,,
,,,,,,,,,,,,,,,,,,,,,
,,,,,,,,,,,,,,,,,,,,,
,,,,,,,,,,,,,,,,,,,,,
,,,,,,,,,,,,,,,,,,,,,
,,,,,,,,,,,,,,,,,,,,,
,,,,,,,,,,,,,,,,,,,,,
,,,,,,,,,,,,,,,,,,,,,
,,,,,,,,,,,,,,,,,,,,,
,,,,,,,,,,,,,,,,,,,,,
,,,,,,,,,,,,,,,,,,,,,
,,,,,,,,,,,,,,,,,,,,,
,,,,,,,,,,,,,,,,,,,,,